source_id,series_part,chapter,baker_note_number,source_type,evidence_level,acquisition_priority,author_or_creator,title_or_description,publication_or_archive,date,document_identifier,archive_collection_box_folder,pages_cited,baker_claim_or_use,underlying_source_to_find,entities,citation_count,unique_claim_count,primary_document_needed,original_interview_needed,archive_request_may_be_needed,possible_online_document,needs_independent_corroboration,citation_incomplete,citation_ambiguous,reason_for_priority,raw_citation
BKR-0001,PART_1,2,2:BODY,PRIMARY_GOVERNMENT,A,1,Central Intelligence Agency,CIA memorandum concerning George Bush's prior knowledge of WUBRINY/LPDICTUM,,"November 29, 1975",,,,Baker cites this in support of the surrounding discussion: Baker quotes this memorandum when arguing that Bush knew of the proprietary commercial project through Thomas J. Devine before becoming CIA director.,,Central Intelligence Agency; George H. W. Bush; LPDICTUM; Thomas J. Devine; WUBRINY,1,1,TRUE,FALSE,FALSE,FALSE,TRUE,FALSE,FALSE,Original or near-original evidence central to a major allegation in the planned series.,"Ch. 2, note BODY: Body-text source reconstruction: CIA memorandum concerning George Bush's prior knowledge of WUBRINY/LPDICTUM"
BKR-0002,PART_1,2,2:BODY,PRIMARY_GOVERNMENT,A,1,J. Edgar Hoover / Federal Bureau of Investigation,"FBI memorandum, subject “Assassination of President John F. Kennedy”",,"November 29, 1963",,,,Baker cites this in support of the surrounding discussion: Baker quotes the memorandum's reference to “Mr. George Bush of the Central Intelligence Agency” and the anti-Castro briefing after the assassination.,,Central Intelligence Agency; Cuba; Federal Bureau of Investigation; George H. W. Bush; J. Edgar Hoover; John F. Kennedy,1,1,TRUE,FALSE,FALSE,FALSE,TRUE,FALSE,FALSE,Original or near-original evidence central to a major allegation in the planned series.,"Ch. 2, note BODY: Body-text source reconstruction: FBI memorandum, subject “Assassination of President John F. Kennedy”"
BKR-0003,PART_1,3,3:36,PRIMARY_CORPORATE,A,1,,"Zapata Petroleum filed its certificate of incorporation in Delaware on March 27, 1953, and registeredto do business in Texas on April 30, 1953.",,"March 27, 1953",,,,"Baker cites this source in chapter 3 in connection with Zapata Petroleum filed its certificate of incorporation in Delaware on March 27, 1953, and registeredto do business in Texas on April 30, 1953.; the OCR text does not preserve a reliable body-note marker for a more precise claim mapping.",,Zapata Petroleum,1,1,TRUE,FALSE,FALSE,FALSE,FALSE,FALSE,FALSE,Original or near-original evidence central to a major allegation in the planned series.,"Ch. 3, note 36: Zapata Petroleum filed its certificate of incorporation in Delaware on March 27, 1953, and registeredto do business in Texas on April 30, 1953."
BKR-0004,PART_1,4,4:10,PRIMARY_GOVERNMENT,A,1,,"George Bush Presidential Library and Museum, College Station, Texas: “Zapata— Business Alpha File, Box 3, World Trip, 1963.”",George Bush Presidential Library,1963,,George Bush Presidential Library,,"Baker cites this source in chapter 4 in connection with George Bush Presidential Library and Museum, College Station, Texas: “Zapata— Business Alpha File, Box 3, World Trip, 1963.”; the OCR text does not preserve a reliable body-note marker for a more precise claim mapping.",,Business Alpha File; College Station; George Bush Presidential Library and Museum; World Trip,1,1,TRUE,FALSE,TRUE,FALSE,FALSE,FALSE,FALSE,Original or near-original evidence central to a major allegation in the planned series.,"Ch. 4, note 10: George Bush Presidential Library and Museum, College Station, Texas: “Zapata— Business Alpha File, Box 3, World Trip, 1963.”"
BKR-0005,PART_1,4,4:12,PRIMARY_GOVERNMENT,A,1,,FBI report is available through the Mary Ferrell Foundation Web site (): Graham Kitchel report in Warren Commission document 14,Mary Ferrell Foundation; FBI,1964,FBI report is available through the Mary,Mary Ferrell Foundation; FBI,,Baker cites this source in chapter 4 in connection with FBI report is available through the Mary Ferrell Foundation Web site (): Graham Kitchel report in Warren Commission document 14; the OCR text does not preserve a reliable body-note marker for a more precise claim mapping.,,FBI; George Bush; Graham Kitchel; Mary Ferrell Foundation Web; Warren Commission,1,1,TRUE,FALSE,TRUE,TRUE,TRUE,FALSE,FALSE,Original or near-original evidence central to a major allegation in the planned series.,"Ch. 4, note 12: The FBI report is available through the Mary Ferrell Foundation Web site (): Graham Kitchel report in Warren Commission document 14. This brief report, but not one that described George Bush in more detail and contained other additional information, was apparently received by Warren Commission staff. There is no reason to think that in 1964, staffers would have paid particular attention to this as one of many such tips."
BKR-0006,PART_1,4,4:28,PRIMARY_INTERVIEW,A,1,Kearney Reynolds,Interview with Kearney Reynolds,Nation,"March 4, 2007",FBI document is available at the Assassination,The FBI document is available at the Assassination Archives; FBI,,Baker cites this source in chapter 4 in connection with Interview with Kearney Reynolds; the OCR text does not preserve a reliable body-note marker for a more precise claim mapping.,,Assassination Archives Research Center; FBI; George William Bush; Kearney Reynolds,1,1,FALSE,TRUE,TRUE,TRUE,TRUE,FALSE,FALSE,Original or near-original evidence central to a major allegation in the planned series.,"Ch. 4, note 28: The FBI document is available at the Assassination Archives Research Center on page 14 of this longer file: www.aarclibrary.org/notices/Affidavit_of George William Bush 880921 .pdf 29. Author interview with Kearney Reynolds, March 4, 2007."
BKR-0007,PART_1,4,4:31,PRIMARY_INTERVIEW,A,1,James Parrott conducted by independent researcher Bruce Campbell Adamson,Interview with James Parrott conducted by independent researcher Bruce Campbell Adamson,Independent,"May 31, 1993",,,,Baker cites this source in chapter 4 in connection with Interview with James Parrott conducted by independent researcher Bruce Campbell Adamson; the OCR text does not preserve a reliable body-note marker for a more precise claim mapping.,,Bruce Campbell Adamson; James Parrott,1,1,FALSE,TRUE,FALSE,FALSE,FALSE,FALSE,FALSE,Original or near-original evidence central to a major allegation in the planned series.,"Ch. 4, note 31: Telephone interview with James Parrott conducted by independent researcher Bruce Campbell Adamson, May 31, 1993."
BKR-0008,PART_1,4,4:BODY,PRIMARY_GOVERNMENT,A,1,Federal Bureau of Investigation,FBI interviews with Mrs. Parrott and Kearney Reynolds,,"November 22–23, 1963",,,,Baker cites this in support of the surrounding discussion: Baker quotes these interviews regarding Parrott's whereabouts and Reynolds's visit around the time of Bush's FBI call.,,Federal Bureau of Investigation; Harris County Republican Party; James Parrott; Kearney Reynolds,1,1,TRUE,FALSE,FALSE,FALSE,TRUE,FALSE,FALSE,Original or near-original evidence central to a major allegation in the planned series.,"Ch. 4, note BODY: Body-text source reconstruction: FBI interviews with Mrs. Parrott and Kearney Reynolds"
BKR-0009,PART_1,4,4:BODY,PRIMARY_GOVERNMENT,A,1,Federal Bureau of Investigation,FBI record of George H. W. Bush's telephone call identifying James Parrott,,"November 22, 1963",,,,"Baker cites this in support of the surrounding discussion: Baker uses this record to reconstruct Bush's call, stated location, and allegation concerning James Parrott on the day of Kennedy's assassination.",,Federal Bureau of Investigation; George H. W. Bush; James Parrott; John F. Kennedy,1,1,TRUE,FALSE,FALSE,FALSE,TRUE,FALSE,FALSE,Original or near-original evidence central to a major allegation in the planned series.,"Ch. 4, note BODY: Body-text source reconstruction: FBI record of George H. W. Bush's telephone call identifying James Parrott"
BKR-0010,PART_1,6,6:45,PRIMARY_GOVERNMENT,A,1,,CIA document: “Memorandum: MESSRS,Mary Ferrell Foundation; CIA,"January 30, 1968",CIA document; NARA record number 104-10310-10271; CIA memo noting that Devine joined WUBRINY; record number; document identifies; 104-10310-10271,Mary Ferrell Foundation; CIA,,Baker cites this source in chapter 6 in connection with CIA document: “Memorandum: MESSRS; the OCR text does not preserve a reliable body-note marker for a more precise claim mapping.,,BRINY and; CIA; Devine and WUBRINY; J. Devine; June. No; MESSRS. George Bush and Thomas; Mary Ferrell Foundation. That; Thomas J. Devine; Though Devine; WUBRINY; WUBRINY. Indeed,1,1,TRUE,FALSE,TRUE,FALSE,TRUE,FALSE,FALSE,Original or near-original evidence central to a major allegation in the planned series.,"Ch. 6, note 45: Though Devine is not identified by name in this document, he is in another CIA document: “Memorandum: MESSRS. George Bush and Thomas J. Devine,” January 30, 1968 (NARA record number 104-10310-10271). Available through Mary Ferrell Foundation. That document identifies Devine specifically as working in operation BRINY and claims that he began working in this capacity that June. No documents have surfaced showing anyone else being part of the very small operation WUBRINY. Indeed, all the available evidence indicates that Devine was the main or even only member of WUBRINY, and therefore the person code-named WUBRINY/1, the designated top dog of the operation. If, in fact, Devine and WUBRINY/I were synonymous, then the CIA memo noting that Devine joined WUBRINY in June was in itself an attempt to hide the involvement of Poppy’s business associate in the April meetings with de Mohrenschildt."
BKR-0011,PART_1,7,7:31,PRIMARY_GOVERNMENT,A,1,,"CIA document, January 30,1968",Mary Ferrell Foundation; CIA,1968,CIA document; NARA record number 104-10310; record number,Mary Ferrell Foundation; CIA,,"Baker cites this source in chapter 7 in connection with CIA document, January 30,1968; the OCR text does not preserve a reliable body-note marker for a more precise claim mapping.",,CIA; J. Devine; MESSRS. George Bush and Thomas; Mary Ferrell Foundation; Thomas J. Devine,1,1,TRUE,FALSE,TRUE,FALSE,TRUE,FALSE,FALSE,Original or near-original evidence central to a major allegation in the planned series.,"Ch. 7, note 31: “Memorandum: MESSRS. George Bush and Thomas J. Devine,” CIA document, January 30,1968. Available through the Mary Ferrell Foundation (NARA record number 104-10310- 10271)."
BKR-0012,PART_1,7,7:33,PRIMARY_GOVERNMENT,A,1,,nscript available through Mary Ferrell Foundation,Mary Ferrell Foundation,1963,,Mary Ferrell Foundation,,Baker cites this source in chapter 7 in connection with nscript available through Mary Ferrell Foundation; the OCR text does not preserve a reliable body-note marker for a more precise claim mapping.,,J. Edgar Hoover; Mary Ferrell Foundation; Telephone Conversation Between the President and,1,1,TRUE,FALSE,TRUE,FALSE,FALSE,FALSE,FALSE,Original or near-original evidence central to a major allegation in the planned series.,"Ch. 7, note 33: “Telephone Conversation Between the President and J. Edgar Hoover, 23 Nov 1963.” Transcript available through Mary Ferrell Foundation."
BKR-0013,PART_2,9,9:9,PRIMARY_PERSONAL_RECORD,A,1,Richard Nixon,Letter from Richard Nixon to Norman Chandler,,"December 28, 1960, Richard Nixon PresidentialLibrary, Yorba Linda, California",,,,Baker cites this source in chapter 9 in connection with Letter from Richard Nixon to Norman Chandler; the OCR text does not preserve a reliable body-note marker for a more precise claim mapping.,,California. No In In; Norman Chandler; Richard Nixon; Richard Nixon PresidentialLibrary; Yorba Linda,1,1,TRUE,FALSE,FALSE,FALSE,FALSE,FALSE,FALSE,Original or near-original evidence central to a major allegation in the planned series.,"Ch. 9, note 9: Letter from Richard Nixon to Norman Chandler, December 28, 1960, Richard Nixon PresidentialLibrary, Yorba Linda, California. No In In"
BKR-0014,PART_2,9,9:23,PRIMARY_PERSONAL_RECORD,A,1,William C. Liedtke Jr.,Letter from William C. Liedtke Jr. to Richard Nixon,,"July 16, 1968, Richard Nixon presidential library",,,,"Baker cites this in support of the surrounding discussion: He’s got plenty of energy. Lastly, Dick, he’s a loyal kind of guy and would support you to the hilt.”",,Richard Nixon; William C. Liedtke Jr,1,1,TRUE,FALSE,FALSE,FALSE,FALSE,FALSE,FALSE,Original or near-original evidence central to a major allegation in the planned series.,"Ch. 9, note 23: Letter from William C. Liedtke Jr. to Richard Nixon, July 16, 1968, Richard Nixon presidential library."
BKR-0015,PART_2,9;10,9:35;10:22;10:26;10:34;10:66,PRIMARY_INTERVIEW,A,1,Jack Gleason,Interview with Jack Gleason,,April 2008,,,,Baker cites this source in chapter 9 in connection with Interview with Jack Gleason; the OCR text does not preserve a reliable body-note marker for a more precise claim mapping. | Baker cites this source in chapter 10 in connection with Interview with Jack Gleason; the OCR text does not preserve a reliable body-note marker for a more precise claim mapping.,,Greenwich and; Jack Gleason; Nixon. One; Round Hill; Senate Watergate Committee; Townhouse Operation. Author; Watergate,5,2,FALSE,TRUE,FALSE,TRUE,TRUE,FALSE,FALSE,Original or near-original evidence central to a major allegation in the planned series.,"Ch. 9, note 35: Author interview with Jack Gleason, April 2008. || Ch. 10, note 22: Author interview with Jack Gleason, April 6, 2008. || Ch. 10, note 26: Author interview with Jack Gleason, April 21, 2008. || Ch. 10, note 34: Dean would later turn over some of those notebooks and documents to the Senate Watergate Committee as evidence against Nixon. One document that apparently was not contained in the prosecutors’ files was the letter Gleason requested assuring him of no illegalities in the Townhouse Operation. Author interview with Jack Gleason, April 6, 2008. || Ch. 10, note 66: Author interview with Jack Gleason, April 6, 2008. Round Hill is both an exclusive part of Greenwich and a golf club there."
BKR-0016,PART_2,10,10:10,PRIMARY_INTERVIEW,A,1,Donald Kendall,Interview with Donald Kendall,,"September 12, 2008",,,61,Baker cites this source in chapter 10 in connection with Interview with Donald Kendall; the OCR text does not preserve a reliable body-note marker for a more precise claim mapping.,,Donald Kendall; Jules Witcover; Richard Nixon,1,1,FALSE,TRUE,FALSE,FALSE,FALSE,FALSE,FALSE,Original or near-original evidence central to a major allegation in the planned series.,"Ch. 10, note 10: Jules Witcover, The Resurrection of Richard Nixon (New York: Putnam, 1970), p. 61. i. Author interview with Donald Kendall, September 12, 2008."
BKR-0017,PART_2,10,10:47,PRIMARY_INTERVIEW,A,1,Bob Woodward,Interview with Bob Woodward,,"September 5, 2008",,,,Baker cites this source in chapter 10 in connection with Interview with Bob Woodward; the OCR text does not preserve a reliable body-note marker for a more precise claim mapping.,,Admiral Thomas H. Moorer; Al Woodward; Bob Woodward; Jerry Friedheim; Melvin Laird; Robert Gettlin; Watergate,1,1,FALSE,TRUE,FALSE,TRUE,TRUE,FALSE,FALSE,Original or near-original evidence central to a major allegation in the planned series.,"Ch. 10, note 47: Author interview with Bob Woodward, September 5, 2008. To listen to Colodny’s tapes, go to www.watergate.com. Interview with Admiral Thomas H. Moorer, by Robert Gettlin, October 4, 1989; interview of Al Woodward, by Robert Gettlin, August 29, 1989; interview of Melvin Laird, by Robert Gettlin, September 6, 1990; interview with Jerry Friedheim, by Robert Gettlin, September 25, 1990."
BKR-0018,PART_2,10,10:78,PRIMARY_GOVERNMENT,A,1,,"Senate Watergate Committee, book six",,,,,,"Baker cites this source in chapter 10 in connection with Senate Watergate Committee, book six; the OCR text does not preserve a reliable body-note marker for a more precise claim mapping.",,Gordon Strachan; Senate Watergate Committee; Watergate,1,1,TRUE,FALSE,FALSE,FALSE,TRUE,FALSE,FALSE,Original or near-original evidence central to a major allegation in the planned series.,"Ch. 10, note 78: Gordon Strachan, testimony to Senate Watergate Committee, book six."
BKR-0019,PART_2,11,11:75;11:76,ORAL_HISTORY,A,1,Gerald S. Strober and Deborah Hart Strober,Nixon: An Oral History of His Presidency,"New York: HarperCollins, 1994",1994,,,528,Baker cites this source in chapter 11 in connection with Nixon: An Oral History of His Presidency; the OCR text does not preserve a reliable body-note marker for a more precise claim mapping.,,An Oral History of His Presidency; Gerald S. Strober and Deborah Hart,2,1,TRUE,TRUE,FALSE,FALSE,FALSE,FALSE,FALSE,Original or near-original evidence central to a major allegation in the planned series.,"Ch. 11, note 75: Gerald S. Strober and Deborah Hart Strober, Nixon: An Oral History of His Presidency (New York: HarperCollins, 1994), p. 528. || Ch. 11, note 76: Ibid., 519."
BKR-0020,PART_2,11,11:82,PRIMARY_GOVERNMENT,A,1,,Verbatim from a memorandum of conversation between Gerald Ford and George H.,Gerald R. Ford Presidential Library,1992,,Gerald R. Ford Presidential Library,,Baker cites this source in chapter 11 in connection with Verbatim from a memorandum of conversation between Gerald Ford and George H.; the OCR text does not preserve a reliable body-note marker for a more precise claim mapping.,,Ann Arbor; George H. W. Bush; Gerald Ford; Gerald Ford and George; Gerald R. Ford Presidential Library; H. W. Bush,1,1,TRUE,FALSE,TRUE,TRUE,FALSE,FALSE,FALSE,Original or near-original evidence central to a major allegation in the planned series.,"Ch. 11, note 82: Verbatim from a memorandum of conversation between Gerald Ford and George H. W. Bush,declassified in 1992. Gerald R. Ford Presidential Library, Ann Arbor, Michigan."
BKR-0021,PART_2,12,12:27,PRIMARY_PERSONAL_RECORD,A,1,Richard M. Nixon,Letter from Richard M. Nixon to George Bush,,"November 12, 1975, Richard Nixon presidential library, Yorba Linda, California",,,,Baker cites this source in chapter 12 in connection with Letter from Richard M. Nixon to George Bush; the OCR text does not preserve a reliable body-note marker for a more precise claim mapping.,,George Bush; Richard M. Nixon; Richard Nixon; Yorba Linda,1,1,TRUE,FALSE,FALSE,FALSE,FALSE,FALSE,FALSE,Original or near-original evidence central to a major allegation in the planned series.,"Ch. 12, note 27: Letter from Richard M. Nixon to George Bush, November 12, 1975, Richard Nixon presidential library, Yorba Linda, California."
BKR-0022,PART_2,12,12:28,PRIMARY_PERSONAL_RECORD,A,1,George Bush,Letter from George Bush to Richard M. Nixon,,"December 4, 1975, Richard Nixon presidential library",,,,Baker cites this source in chapter 12 in connection with Letter from George Bush to Richard M. Nixon; the OCR text does not preserve a reliable body-note marker for a more precise claim mapping.,,George Bush; Richard M. Nixon; Richard Nixon,1,1,TRUE,FALSE,FALSE,FALSE,FALSE,FALSE,FALSE,Original or near-original evidence central to a major allegation in the planned series.,"Ch. 12, note 28: Letter from George Bush to Richard M. Nixon, December 4, 1975, Richard Nixon presidential library."
BKR-0023,PART_2,13,13:36,PRIMARY_LEGAL,A,1,,"cial in Trinidad and Tobago and was fined $530,000",SEC,1983,No. 83-0034,SEC,,"Baker cites this source in chapter 13 in connection with cial in Trinidad and Tobago and was fined $530,000; the OCR text does not preserve a reliable body-note marker for a more precise claim mapping.",,Annual Report of the Security and; Arabian Services Corporation; Exchange Commission; Pharaon’s Houston-based; SEC; Sam P. Wallace Company; Trinidad and Tobago and,1,1,TRUE,FALSE,TRUE,TRUE,TRUE,FALSE,FALSE,Original or near-original evidence central to a major allegation in the planned series.,"Ch. 13, note 36: Pharaon’s Houston-based mini-conglomerate, Arabian Services Corporation, had a majority stake in the Sam P. Wallace Company, a Dallas-based mechanical contracting concern that in 1983 pleaded guilty to paying bribes of nearly $1.4 million to a government official in Trinidad and Tobago and was fined $530,000. See : U.S. v. Sam P. Wallace Company, Inc. (Cr. No. 83-0034) (PG), D.P.R., 1983; also see the Annual Report of the Security and Exchange Commission, 1981, SEC, available at www.sec.gov/about/annual_report/1981.pdf."
BKR-0024,PART_2,13,13:BODY,PRIMARY_PERSONAL_RECORD,A,1,"Salem bin Laden / Harris County, Texas",Notarized trust agreement appointing James Bath as Salem bin Laden's U.S. business representative,,"July 8, 1976",,,,Baker cites this in support of the surrounding discussion: Baker cites the agreement for Bath's formal role representing Salem bin Laden in the United States.,,Harris County; James Bath; Salem bin Laden; Saudi Arabia,1,1,TRUE,FALSE,FALSE,FALSE,FALSE,FALSE,FALSE,Original or near-original evidence central to a major allegation in the planned series.,"Ch. 13, note BODY: Body-text source reconstruction: Notarized trust agreement appointing James Bath as Salem bin Laden's U.S. business representative"
BKR-0025,PART_2,14,14:4,PRIMARY_GOVERNMENT,A,1,,"Senate “Kerry” Committee report states in its introduction: Outside the documentary record provided to the Subcommittee by the CIA, there is additional material, consisting of BCCI docum",CIA,1988,CIA director William Casey and BCCI; report states; documentary; record provided,CIA,,"Baker cites this in support of the surrounding discussion: This absence of oversight could prove handy in many an instance. Another property Bath bought as front man for the Saudis was the Express Auto Park garage at Houston’s Hobby Airport, which fetched a price of $8.",,Agha Hasan Abedi; BCCI; BCCI and; BCCI and the; CIA; Outside the; United States; William Casey and BCCI’s,1,1,TRUE,FALSE,TRUE,TRUE,TRUE,FALSE,FALSE,Original or near-original evidence central to a major allegation in the planned series.,"Ch. 14, note 4: Casey died two years before the initial raid on BCCI, which occurred in 1988. The 1992 Senate “Kerry” Committee report states in its introduction: Outside the documentary record provided to the Subcommittee by the CIA, there is additional material, consisting of BCCI documents, testimony from BCCI officials and insiders, and extrinsic, circumstantial and historic information describing other substantial contacts between BCCI and the intelligence community. These include contacts between BCCI and: former U.S. intelligence officials, including a former head of the CIA; former and current foreign intelligence officials; and individuals engaged in covert operations on behalf of the United States government, including in the Iran/Contra affair. In addition, the Subcommittee has received allegations of meetings between former CIA director William Casey and BCCI’s head, Agha Hasan Abedi."
BKR-0026,PART_2,14,14:23,PRIMARY_LEGAL,A,1,,"Per court documents, after Salem bin Laden died in a plane crash in 1988, Mahfouz took over his airport interests.",,1988,,,,"Baker cites this source in chapter 14 in connection with Per court documents, after Salem bin Laden died in a plane crash in 1988, Mahfouz took over his airport interests.; the OCR text does not preserve a reliable body-note marker for a more precise claim mapping.",,Salem bin Laden,1,1,TRUE,FALSE,FALSE,FALSE,FALSE,FALSE,FALSE,Original or near-original evidence central to a major allegation in the planned series.,"Ch. 14, note 23: Per court documents, after Salem bin Laden died in a plane crash in 1988, Mahfouz took over his airport interests."
BKR-0027,PART_2,14,14:BODY,PRIMARY_PERSONAL_RECORD,A,1,James Bath,James Bath deposition concerning ownership of Skyway Aircraft Leasing Ltd.,,Not specified,,,,Baker cites this in support of the surrounding discussion: Baker cites the deposition for the claim that Salem bin Laden was the real owner of the Bath-directed Cayman Islands company.,,Cayman Islands; Central Intelligence Agency; James Bath; Salem bin Laden; Skyway Aircraft Leasing Ltd.,1,1,TRUE,FALSE,FALSE,FALSE,FALSE,FALSE,FALSE,Original or near-original evidence central to a major allegation in the planned series.,"Ch. 14, note BODY: Body-text source reconstruction: James Bath deposition concerning ownership of Skyway Aircraft Leasing Ltd."
BKR-0028,PART_2;PART_3,15,15:24,PRIMARY_INTERVIEW,A,1,Marion Gilliam,Interview with Marion Gilliam,Time,"May 18, 2007",mid-1600s,,,"Baker cites this in support of the surrounding discussion: The funding was arranged through Marion Gilliam, a pedigreed New York investment banker. In a telephone interview, Gilliam told me he vaguely recalled being approached by Klausmeyer to get involved with Lucky Chance. “It may very well have been that he once came on a totally unrelated matter, he mentioned that he had a client or a person interested in gold mining, and asked, did we have any people interested in investing in mining?”",,Kentucky Mortons; Kim Philby; Marie-Antoinette Ladd; Marion Gilliam; Morton Sr; Poppy Bush; Prescott Bush; Prescott Bush and Richard Nixon. His; Queen Elizabeth and; RNC; Richard Nixon; Rogers C. B. Morton; Senator Thruston B. Morton; Skull and Bones; Soviet Union. His; Thruston Jr; William C. Ladd,1,1,FALSE,TRUE,FALSE,TRUE,TRUE,FALSE,FALSE,Original or near-original evidence central to a major allegation in the planned series.,"Ch. 15, note 24: Author interview with Marion Gilliam, May 18, 2007. Gilliam was well connected to the British royal family. His mother-in-law, Marie-Antoinette Ladd, had been tutor to Queen Elizabeth and her sister when they were young, and her son had become the queen’s art curator. Gilliam’s father-in-law, William C. Ladd, had been a major figure in the intelligence community—and had for a time been the principal American contact with the British intelligence official Kim Philby, who would later and sensationally be unmasked as a double agent when he defected to the Soviet Union. His family’s history in America went back to the mid-1600s; they were good friends of the Kentucky Mortons—Senator Thruston B. Morton, Yale ’29 (whose son Thruston Jr. is Skull and Bones 54). Morton Sr. was chairman of the RNC from 1959 to ’61 and close to both Prescott Bush and Richard Nixon. His brother, Mary land representative Rogers C. B. Morton (Yale, RNC chairman under Nixon from 1969 to °71, and secretary of the interior and commerce), was close with Poppy Bush."
BKR-0029,PART_2;PART_3,16,16:6,PRIMARY_CORPORATE,A,1,,"SEC filing “Nar Group Ltd, et al",SEC,"January 30, 1995",,SEC,,"Baker cites this source in chapter 16 in connection with SEC filing “Nar Group Ltd, et al; the OCR text does not preserve a reliable body-note marker for a more precise claim mapping.",,Harken Energy; Harken Energy Corp; Nar Group Ltd; SEC,1,1,TRUE,FALSE,TRUE,TRUE,TRUE,FALSE,FALSE,Original or near-original evidence central to a major allegation in the planned series.,"Ch. 16, note 6: According to the SEC filing “Nar Group Ltd, et al. » SC 13D/A * Harken Energy Corp,” SECFile 5-31404, January 30, 1995. Available online at www.secinfo.com/dsvr4.a44.c.htm."
BKR-0030,PART_2;PART_3,16,16:50,PRIMARY_CORPORATE,A,1,,"SEC filing “Axp Selected Series Inc N-30D,” SEC File 811-04132, March",SEC,,File 811-04132,SEC,,"Baker cites this source in chapter 16 in connection with SEC filing “Axp Selected Series Inc N-30D,” SEC File 811-04132, March; the OCR text does not preserve a reliable body-note marker for a more precise claim mapping.",,Axp Selected Series Inc N-; SEC; SEC File,1,1,TRUE,FALSE,TRUE,TRUE,FALSE,FALSE,FALSE,Original or near-original evidence central to a major allegation in the planned series.,"Ch. 16, note 50: According to SEC filing “Axp Selected Series Inc N-30D,” SEC File 811-04132, March"
BKR-0031,PART_3,20,20:BODY,PRIMARY_GOVERNMENT,A,1,Texas Air National Guard / Texas Adjutant General,Texas Air National Guard personnel records for George W. Bush and Daniel O. Shelley,,1998,,,,Baker cites this in support of the surrounding discussion: Baker uses the personnel-record transfer to discuss handling and possible alteration or removal of Guard records.,,Daniel O. Shelley; George W. Bush; Texas Air National Guard; Texas Governor's Office,1,1,TRUE,FALSE,FALSE,FALSE,FALSE,FALSE,FALSE,Original or near-original evidence central to a major allegation in the planned series.,"Ch. 20, note BODY: Body-text source reconstruction: Texas Air National Guard personnel records for George W. Bush and Daniel O. Shelley"
BKR-0032,PART_3,21,21:33,PRIMARY_PERSONAL_RECORD,A,1,,cial exemption to the Nuclear Nonproliferation Treaty,,1998,,,,Baker cites this source in chapter 21 in connection with cial exemption to the Nuclear Nonproliferation Treaty; the OCR text does not preserve a reliable body-note marker for a more precise claim mapping.,,Bangladesh and; Bombay Stock Exchange and; Bombay. President George W. Bush; Brown and Root; Dick Cheney; Dick Cheney-run Halliburton; Gammell’s Cairn Energy; George W. Bush; Gulf of Cambay; India and; India and Bangladesh; New Zealand Herald; Nuclear Nonproliferation Treaty. By; Oil and Natural Gas Corporation. But; Paran Balakrishnan; Proving the Critics Wrong,1,1,TRUE,FALSE,FALSE,TRUE,TRUE,FALSE,FALSE,Original or near-original evidence central to a major allegation in the planned series.,"Ch. 21, note 33: In 1998, Gammell’s Cairn Energy, together with Brown and Root (then part of the Dick Cheney-run Halliburton), signed a deal to build a gas pipeline from Burma to the Indian state of Orissa with the Indian government’s Oil and Natural Gas Corporation. But when India exploded its first nuclear bomb the following month, the Clinton administration imposed sanctions, which nixed the deal (and the enormous income promised by Halliburton to the brutal Burmese military regime). Still, Cairn persevered, despite conventional wisdom about India’s lack of oil. A report in the New Zealand Herald (Paran Balakrishnan, “Proving the Critics Wrong,” July 17, 2007) highlighted the improbability of Cairn’s making a profit: “Ask any oilman and he will probably tell you that India is rated fairly low in the oil industry.” In 1999, Cairn ended up striking oil off the west coast of India in the Gulf of Cambay—a lucrative addition to the company’s already sizable natural gas interests in Bangladesh and oil wells on the Indian mainland. Enron began expanding its operations to India and was already running a privatized electrical-distribution system in Bombay. President George W. Bush took a different tack to India than Clinton, granting it a special exemption to the Nuclear Nonproliferation Treaty. By 2006, Cairn was so focused on India that Gammell became chairman of the firm’s Indian subsidiary, which was listed on the Mumbai/Bombay Stock Exchange and made $1.4 billion on the market. Now, Cairn has almost 90 percent of its assets in India and Bangladesh."
BKR-0033,PART_3,21,21:BODY,PRIMARY_GOVERNMENT,A,1,National Energy Policy Development Group / Executive Office of the President,Cheney Energy Task Force maps of Iraqi oil fields and lists of potential oil-company interests,,March 2001,,,,Baker cites this in support of the surrounding discussion: Baker cites documents obtained in Judicial Watch litigation to discuss pre-invasion attention to Iraqi oil fields and contracts.,,Dick Cheney; Iraq; Judicial Watch; National Energy Policy Development Group; oil companies,1,1,TRUE,FALSE,FALSE,FALSE,TRUE,FALSE,FALSE,Original or near-original evidence central to a major allegation in the planned series.,"Ch. 21, note BODY: Body-text source reconstruction: Cheney Energy Task Force maps of Iraqi oil fields and lists of potential oil-company interests"
BKR-0034,PART_3,23,23:BODY,PRIMARY_LEGAL,A,1,President George W. Bush,"Executive Order 13233, Further Implementation of the Presidential Records Act",,"November 1, 2001",Executive Order 13233,,,Baker cites this in support of the surrounding discussion: Baker uses the order in discussing restrictions on access to presidential records and Bush-family secrecy.,,George W. Bush; National Archives; Presidential Records Act,1,1,TRUE,FALSE,FALSE,FALSE,FALSE,FALSE,FALSE,Original or near-original evidence central to a major allegation in the planned series.,"Ch. 23, note BODY: Body-text source reconstruction: Executive Order 13233, Further Implementation of the Presidential Records Act"
BKR-0035,PART_1,2,2:2,PRIMARY_CONTEMPORARY_NEWS,B,2,,"Joseph McBride, “The Man Who Wasn’t There, ‘George Bush,’ C.I.A. Operative, Nation, July 16, 1988.",Nation,"July 16, 1988",,,,Baker cites this in support of the surrounding discussion: One was “Captain William Edwards of the Defense Intelligence Agency.” The other: “Mr. George Bush of the Central Intelligence Agency.”,,C.I.A. Operative; Central Intelligence Agency; George Bush; Joseph McBride,1,1,TRUE,FALSE,FALSE,FALSE,FALSE,TRUE,TRUE,Important primary evidence or strongly relevant secondary/archival material worth early acquisition.,"Ch. 2, note 2: Joseph McBride, “The Man Who Wasn’t There, ‘George Bush,’ C.I.A. Operative, Nation, July 16, 1988."
BKR-0036,PART_1,2,2:6,PRIMARY_CONTEMPORARY_NEWS,B,2,,CIA continued its refusal to confirm or deny a relationship with George Herbert Walker Bush,Nation,1988,CIA continued its refusal to confirm or,George William Bush’s affidavit had been filed as evidence in a suit brought by the nonprofit Assassination Archives; CIA,,Baker cites this source in chapter 2 in connection with CIA continued its refusal to confirm or deny a relationship with George Herbert Walker Bush; the OCR text does not preserve a reliable body-note marker for a more precise claim mapping.,"Original CIA/Court/affidavit/records referenced or described by this secondary source, with complete provenance",Assassination Archives and Research Center; CIA; District Court for the District of; George Herbert Walker Bush; George William Bush’s; Judge Charles Revercomb of the U.S,1,1,TRUE,FALSE,TRUE,FALSE,TRUE,FALSE,FALSE,Important primary evidence or strongly relevant secondary/archival material worth early acquisition.,"Ch. 2, note 6: George William Bush’s affidavit had been filed as evidence in a suit brought by the nonprofit Assassination Archives and Research Center that sought an emergency injunction compelling, before the 1988 election, release of records on Bush’s past (AARC v. CIA). Judge Charles Revercomb of the U.S. District Court for the District of Columbia declined the request, and the CIA continued its refusal to confirm or deny a relationship with George Herbert Walker Bush."
BKR-0037,PART_1,2,2:7,PRIMARY_CONTEMPORARY_NEWS,B,2,,"The Mary Ferrell Foundation, founded in the name of JFK researcher Mary Ferrell, has for the past few years been scanning and making available online documents from her collection and that of the Assassination Archives a",Nation,1997,JFK researcher Mary Ferrell,Assassination Archives; Mary Ferrell Foundation,,"Baker cites this source in chapter 2 in connection with The Mary Ferrell Foundation, founded in the name of JFK researcher Mary Ferrell, has for the past few years been scanning and making available online documents from her collection and that of the Assassination Archives a; the OCR text does not preserve a reliable body-note marker for a more precise claim mapping.","Original declassified/memo referenced or described by this secondary source, with complete provenance",Assassination Archives and Research Center; Freedom of Information Act. They; George H. W. Bush; George W. Bush; History Matters; Mary Ferrell,1,1,TRUE,FALSE,TRUE,TRUE,TRUE,FALSE,FALSE,Important primary evidence or strongly relevant secondary/archival material worth early acquisition.,"Ch. 2, note 7: The Mary Ferrell Foundation, founded in the name of JFK researcher Mary Ferrell, has for the past few years been scanning and making available online documents from her collection and that of the Assassination Archives and Research Center, History Matters, and others, most of them obtained over the years under the Freedom of Information Act. They can be accessed online at www.maryferrell.org. Not insignificantly, the documents regarding the Bush memo were declassified under the Clinton administration in 1997. Few, if any, documents that shed light on these activities were declassified under either George H. W. Bush or George W. Bush."
BKR-0038,PART_1;PART_2,2;10;11,2:8;10:36;11:21,SECONDARY_BOOK,B,2,Jim Hougan,"Secret Agenda: Watergate, Deep Throat, and the CIA","New York: Random House, 1984",1984,,CIA,106-7,"Baker cites this source in chapter 2 in connection with Secret Agenda: Watergate, Deep Throat, and the CIA; the OCR text does not preserve a reliable body-note marker for a more precise claim mapping. | Baker cites this source in chapter 10 in connection with Secret Agenda: Watergate, Deep Throat, and the CIA; the OCR text does not preserve a reliable body-note marker for a more precise claim mapping. | Baker cites this source in chapter 11 in connection with Secret Agenda: Watergate, Deep Throat, and the CIA; the OCR text does not preserve a reliable body-note marker for a more precise claim mapping.","Original CIA referenced or described by this secondary source, with complete provenance",CIA; Deep Throat; Deep Throat and the CIA; Jim Hougan; Random House; Secret Agenda; Watergate,3,3,FALSE,FALSE,TRUE,TRUE,TRUE,FALSE,FALSE,Important primary evidence or strongly relevant secondary/archival material worth early acquisition.,"Ch. 2, note 8: Jim Hougan, Secret Agenda: Watergate, Deep Throat, and the CIA (New York: Random House, 1984). || Ch. 10, note 36: Jim Hougan, Secret Agenda: Watergate, Deep Throat and the CIA (New York: Random House, 1984) || Ch. 11, note 21: Jim Hougan, Secret Agenda: Watergate, Deep Throat and the CIA (New York: Random House, 1984), pp. 106-7."
BKR-0039,PART_1,2,2:16,SECONDARY_BOOK,B,2,Robert B. Stinnett,George Bush: His World War IT Years,"New York: Brassey’s, 1992",1992,,,,Baker cites this source in chapter 2 in connection with George Bush: His World War IT Years; the OCR text does not preserve a reliable body-note marker for a more precise claim mapping.,,George Bush; His World War IT Years; Robert B. Stinnett,1,1,FALSE,FALSE,FALSE,FALSE,FALSE,FALSE,FALSE,Important primary evidence or strongly relevant secondary/archival material worth early acquisition.,"Ch. 2, note 16: Robert B. Stinnett, George Bush: His World War IT Years (New York: Brassey’s, 1992), p."
BKR-0040,PART_1,2,2:19,SECONDARY_BOOK,B,2,George Bush with Doug Wead,George Bush: Man of Integrity,"Eugene, OR: Harvest House, 1988",1988,,,4-5,Baker cites this source in chapter 2 in connection with George Bush: Man of Integrity; the OCR text does not preserve a reliable body-note marker for a more precise claim mapping.,,Doug Wead; George Bush; Harvest House; Man of Integrity,1,1,FALSE,FALSE,FALSE,FALSE,FALSE,FALSE,FALSE,Important primary evidence or strongly relevant secondary/archival material worth early acquisition.,"Ch. 2, note 19: George Bush with Doug Wead, George Bush: Man of Integrity (Eugene, OR: Harvest House, 1988), pp. 4-5."
BKR-0041,PART_1;PART_2;PART_3,3;4;8;9;15,3:1;4:1;4:17;8:4;8:23;8:24;9:4;9:15;9:40;15:14,SECONDARY_BOOK,B,2,Kitty Kelley,The Family: The Real Story of the Bush Dynasty,"New York: Doubleday, 2004",2004,,,162; 212; 213; 245; 262; 284; 300; 342-43; 424; 575,"Baker cites this source in chapter 3 in connection with The Family: The Real Story of the Bush Dynasty; the OCR text does not preserve a reliable body-note marker for a more precise claim mapping. | Baker cites this source in chapter 4 in connection with The Family: The Real Story of the Bush Dynasty; the OCR text does not preserve a reliable body-note marker for a more precise claim mapping. | Baker cites this source in chapter 8 in connection with The Family: The Real Story of the Bush Dynasty; the OCR text does not preserve a reliable body-note marker for a more precise claim mapping. | Baker cites this in support of the surrounding discussion: According to several campaign staffers with whom I spoke, Bush worked irregularly, showing up late much of the time, often well into the afternoon. His specific duties ranged from affixing bumper stickers to transporting boxes of literature for a campaign known from the start to be a losing cause. | Baker cites this in support of the surrounding discussion: In one version, brother Marvin seeks to inject calm at a tense moment by giving his father the good news of George’s acceptance at Harvard. In another version, it is Jeb who announces the surprising development. | Baker cites this in support of the surrounding discussion: Stevens and Co., and on and on. Not surprisingly, executives of Pennzoil and Brown Brothers Harriman were among the petitioners. | Baker cites this source in chapter 9 in connection with The Family: The Real Story of the Bush Dynasty; the OCR text does not preserve a reliable body-note marker for a more precise claim mapping. | Baker cites this in support of the surrounding discussion: A Texas Tech student or ganized a “Bush bash” to recruit new voters, promising free beer to all attendees. Though the event was essentially harmless, a Hance surrogate drafted a public letter condemning Bush’s campaign, and sent four thousand copies to the Church of Christ in Lubbock. “Maybe it’s a cool thing to do at Harvard or Yale,” Hance told local newspapers.",,Brown Brothers Harriman; Congress Years; Free Press; Irwin F. Gellman; Kitty Kelley; Richard Nixon,10,8,FALSE,FALSE,FALSE,FALSE,FALSE,FALSE,FALSE,Important primary evidence or strongly relevant secondary/archival material worth early acquisition.,"Ch. 3, note 1: Kitty Kelley, The Family: The Real Story of the Bush Dynasty (New York: Doubleday, 2004), pp. 342-43. || Ch. 4, note 1: Kitty Kelley, The Family: The Real Story of the Bush Dynasty (New York: Doubleday, 2004), p. 213. || Ch. 4, note 17: Kelley, The Family, p. 212. || Ch. 8, note 4: Kitty Kelley, The Family: The Real Story of the Bush Dynasty (New York: Doubleday, 2004), p. 262. || Ch. 8, note 23: Kelley, The Family, p. 575. || Ch. 8, note 24: Ibid., p. 300. || Ch. 9, note 4: Kitty Kelley, The Family: The Real Story of the Bush Dynasty (New York: Doubleday, 2004), p. 245. _Ibid., p. 246. -Ibid., p. 47. . Irwin F. Gellman, The Contender: Richard Nixon, the Congress Years, 1946-1952 (New York: Free Press, 1999), pp. 25-26, 31-32. || Ch. 9, note 15: Kelley, The Family, p. 162. || Ch. 9, note 40: Kelley, The Family, p. 284. i ner || Ch. 15, note 14: Kelley, The Family, p. 424."
BKR-0042,PART_1,3,3:2,SECONDARY_BOOK,B,2,Robin Winks,"Cloak and Gown: Scholars in the Secret War, 1939-1961","New York: William Morrow, 1987",1939,CIA for his efforts to direct team,CIA,247,"Baker cites this in support of the surrounding discussion: W. “Poppy” Bush entered Yale University. The CIA recruited heavily at all of the Ivy League schools in those days, with the New Haven campus the standout. “Yale has always been the agency’s biggest feeder,” recalled CIA officer Osborne Day (class of ’43). “In my Yale class alone there were thirty-five guys in the agency.” Bush’s father, Prescott, was on the university’s board, and the school was crawling with faculty serving as recruiters for the intelligence services.","Original CIA referenced or described by this secondary source, with complete provenance",CIA; Cloak and Gown; Office of Strategic Services and; Oh So Social; Robin Winks; Secret War; William Morrow,1,1,FALSE,FALSE,TRUE,TRUE,TRUE,FALSE,FALSE,Important primary evidence or strongly relevant secondary/archival material worth early acquisition.,"Ch. 3, note 2: Robin Winks, Cloak and Gown: Scholars in the Secret War, 1939-1961 (New York: William Morrow, 1987), p. 247. According to Winks, both the war time Office of Strategic Services and its successor, the CIA, wanted “young men with high grades, a sense of grace, with previous knowledge of Europe . . . and ease with themselves, a certain healthy selfrespect and independent means... Oh yes, and good social connections.” That was one reason that the “OSS” was said to stand for “Oh So Social.” Winks, himself a former Yale professor, says the university’s crew coach even received ten thousand dollars annually from the CIA for his efforts to direct team members to the agency, though by all indications, many recruiters were unpaid."
BKR-0043,PART_1,3,3:4;3:5,SECONDARY_BOOK,B,2,Alexandra Robbins,"Secrets of the Tomb: Skull and Bones, the Ivy League, and the Hidden Paths of Power","New York: Back Bay, 2002",2002,,,187; 53,"Baker cites this source in chapter 3 in connection with Secrets of the Tomb: Skull and Bones, the Ivy League, and the Hidden Paths of Power; the OCR text does not preserve a reliable body-note marker for a more precise claim mapping.",,Alexandra Robbins; Back Bay; Hidden Paths of Power; Ivy League; Secrets of the Tomb; Skull and Bones,2,1,FALSE,FALSE,FALSE,TRUE,FALSE,FALSE,FALSE,Important primary evidence or strongly relevant secondary/archival material worth early acquisition.,"Ch. 3, note 4: Alexandra Robbins, Secrets of the Tomb: Skull and Bones, the Ivy League, and the Hidden Paths of Power (New York: Back Bay, 2002), p. 53. || Ch. 3, note 5: Ibid., p. 187."
BKR-0044,PART_1,3,3:8,PRIMARY_CONTEMPORARY_NEWS,B,2,,"CIA as a deep cover agent, the procedures for disguising my affiliation and my work were unsmilingly comprehensive",Time,"November 1, 2005",CIA as a deep cover agent; CIA attempt to foment an uprising,CIA,,"Baker cites this source in chapter 3 in connection with CIA as a deep cover agent, the procedures for disguising my affiliation and my work were unsmilingly comprehensive; the OCR text does not preserve a reliable body-note marker for a more precise claim mapping.","Original CIA referenced or described by this secondary source, with complete provenance",CIA; E. Howard Hunt; Jack Downey; Mexico City; Mr. President; National Review,1,1,TRUE,FALSE,TRUE,TRUE,TRUE,FALSE,FALSE,Important primary evidence or strongly relevant secondary/archival material worth early acquisition.,"Ch. 3, note 8: In a November 1, 2005, editorial for the National Review, Buckley recounted: “When in 1951 I was inducted into the CIA as a deep cover agent, the procedures for disguising my affiliation and my work were unsmilingly comprehensive. It was three months before I was formally permitted to inform my wife what the real reason was for going to Mexico City to live. If, a year later, I had been apprehended, dosed with sodium pentothal, and forced to give out the names of everyone I knew in the CIA, I could have come up with exactly one name, that of my immediate boss (E. Howard Hunt, as it happened). In the passage of time one can indulge in idle talk on spook life. In 1980 I found myself seated next to the former president of Mexico at a ski-area restaurant. What, he asked amiably, had I done when I lived in Mexico? ‘I tried to undermine your regime, Mr. President.’ ” Another graduate, Jack Downey, Yale 51, was convicted of espionage in China a year after graduation, charged with secretly air-dropping supplies and agents in a CIA attempt to foment an uprising."
BKR-0045,PART_1,3,3:11,PRIMARY_CONTEMPORARY_NEWS,B,2,Randall Rothenberg,"In Search of George Bush,",New York Times,"March 6, 1988",,,,"Baker cites this source in chapter 3 in connection with In Search of George Bush,; the OCR text does not preserve a reliable body-note marker for a more precise claim mapping.",,In Search of George Bush; Randall Rothenberg,1,1,TRUE,FALSE,FALSE,FALSE,FALSE,FALSE,FALSE,Important primary evidence or strongly relevant secondary/archival material worth early acquisition.,"Ch. 3, note 11: Randall Rothenberg, “In Search of George Bush,”New York Times, March 6, 1988."
BKR-0046,PART_1,3,3:12,PRIMARY_CONTEMPORARY_NEWS,B,2,,"secure the national defense” (National Science Foundation Web site, www",Nation,1950,,,,"Baker cites this in support of the surrounding discussion: He was what Prescott’s grandson George W. Bush would come to euphemistically refer to in his letters of introduction for friends and colleagues as “a good man.” And, as Poppy’s brother William Henry Trotter “Bucky” Bush put it, Mallon “could charm the fangs off a snake.” LL Under Mallon, the company underwent an astonishing transformation.",,Alan Tower Waterman; George W. Bush; Later Waterman; National Science Foundation; National Science Foundation Web; U.S. Constitution,1,1,TRUE,FALSE,FALSE,TRUE,FALSE,FALSE,FALSE,Important primary evidence or strongly relevant secondary/archival material worth early acquisition.,"Ch. 3, note 12: Mallon’s brother-in-law Alan Tower Waterman served as the Navy’s technology purchasing liaison. Later Waterman became the first head of the National Science Foundation, created by Congress in 1950 to fund basic research with a statutory mandate “to promote the progress of science; to advance the national health, prosperity, and welfare; to secure the national defense” (National Science Foundation Web site, www.nsf.gov/about). Such a mission, paralleling as it does the lofty language of the preamble to the U.S. Constitution, captures the sense of importance that men like Mallon brought to their government service, and which they carried with them into their private business endeavors."
BKR-0047,PART_1,3,3:13,PRIMARY_CONTEMPORARY_NEWS,B,2,,"cial of the Massachusetts Institute of Technology, an executive of the predecessor to Citibank, and President Eisenhower’s treasury secretary",Los Angeles Times,,,,,"Baker cites this source in chapter 3 in connection with cial of the Massachusetts Institute of Technology, an executive of the predecessor to Citibank, and President Eisenhower’s treasury secretary; the OCR text does not preserve a reliable body-note marker for a more precise claim mapping.",,Angeles Times; Massachusetts Institute of Technology; Over the; President Eisenhower’s,1,1,TRUE,FALSE,FALSE,TRUE,TRUE,FALSE,FALSE,Important primary evidence or strongly relevant secondary/archival material worth early acquisition.,"Ch. 3, note 13: Over the years, board members would include the publisher of theLos Angeles Times, a former Texas governor, an official of the Massachusetts Institute of Technology, an executive of the predecessor to Citibank, and President Eisenhower’s treasury secretary. Several were Bonesmen."
BKR-0048,PART_1,3,3:14;3:25,ORAL_HISTORY,A,2,Prescott Bush,Interview/oral history with Prescott Bush,Columbia University Oral History Research Project,1966,,Columbia University Oral History Research Project,83,"Baker cites this in support of the surrounding discussion: litary-industrial sector as a defense contractor and subcontractor. It also assembled a board that would epitomize the cozy relationships between titans of industry, finance, media, government, military, and intelligence—and the revolving door between those sectors.42 Prescott Bush himself remained on the board for two decades, but he was more than a mere director. “I was Neil Mallon’s chief adviser and consultant in connection with every move that he made,” Prescott asserted in an oral history. | Baker cites this source in chapter 3 in connection with Interview/oral history with Prescott Bush; the OCR text does not preserve a reliable body-note marker for a more precise claim mapping.",,Columbia University Oral History Research Project; Neil Mallon; Prescott Bush,2,2,TRUE,TRUE,TRUE,FALSE,FALSE,FALSE,FALSE,Important primary evidence or strongly relevant secondary/archival material worth early acquisition.,"Ch. 3, note 14: Prescott Bush, interview for the Columbia University Oral History Research Project, 1966. || Ch. 3, note 25: Prescott Bush, interview for the Columbia University Oral History Research Project, 1966, p. 83."
BKR-0049,PART_1,3,3:16,PRIMARY_INTERVIEW,A,2,Valta Ree Casselman,Interview with Valta Ree Casselman,,"August 14, 2006",,,,Baker cites this source in chapter 3 in connection with Interview with Valta Ree Casselman; the OCR text does not preserve a reliable body-note marker for a more precise claim mapping.,,Valta Ree Casselman,1,1,FALSE,TRUE,FALSE,FALSE,FALSE,FALSE,FALSE,Important primary evidence or strongly relevant secondary/archival material worth early acquisition.,"Ch. 3, note 16: Author interview with Valta Ree Casselman, August 14, 2006."
BKR-0050,PART_1,3,3:18,SECONDARY_BOOK,B,2,National Security Council policy papers,"NSC 18/2, published February 17, 1949; and NSC18/4, published November 17, 1949","both declassified October 1, 1987","February 17, 1949",NSC 18/2; NSC18/4,,,"Baker cites this in support of the surrounding discussion: Coincidentally or not, however, around that same time, the National Security Council was preparing papers on Yugoslavia titled “Economic Relations Between the U.S. and Yugoslavia” and “U.S. Policy Toward the Conflict Between the USSR and Yugoslavia.”","Original National Security Council/declassified/papers referenced or described by this secondary source, with complete provenance",National Security Council,1,1,FALSE,FALSE,FALSE,TRUE,FALSE,FALSE,FALSE,Important primary evidence or strongly relevant secondary/archival material worth early acquisition.,"Ch. 3, note 18: National Security Council policy papers, NSC 18/2, published February 17, 1949; and NSC18/4, published November 17, 1949 (both declassified October 1, 1987)."
BKR-0051,PART_1,3,3:23,PRIMARY_CONTEMPORARY_NEWS,B,2,Bob Woodward and Walter Pincus,"Bush Opened Up to Secret Yale Society; Turning Points in a Life Built on Alliances,",Washington Post,"August 7, 1988",,,,"Baker cites this source in chapter 3 in connection with Bush Opened Up to Secret Yale Society; Turning Points in a Life Built on Alliances,; the OCR text does not preserve a reliable body-note marker for a more precise claim mapping.",,Bob Woodward and Walter Pincus; Bush Opened Up; Life Built; Secret Yale Society; Turning Points; Washington Post,1,1,TRUE,FALSE,FALSE,TRUE,FALSE,FALSE,FALSE,Important primary evidence or strongly relevant secondary/archival material worth early acquisition.,"Ch. 3, note 23: Bob Woodward and Walter Pincus, “Bush Opened Up to Secret Yale Society; Turning Points in a Life Built on Alliances,” Washington Post, August 7, 1988."
BKR-0052,PART_1,3,3:24,PRIMARY_CONTEMPORARY_NEWS,B,2,,"Security Act of 1947 by President Truman with significant input from his key advisers, Prescott Bush’s business partners Averell Harriman and Robert A",Time,1947,,,,Baker cites this in support of the surrounding discussion: I had only taken one accounting course at Yale .. . I really did not know what a financial vice president of a company was supposed to do.”,,Averell Harriman and Robert A. Lovett; National Security Act of; Prescott Bush; Prescott Bush’s; President Truman,1,1,TRUE,FALSE,FALSE,TRUE,FALSE,FALSE,FALSE,Important primary evidence or strongly relevant secondary/archival material worth early acquisition.,"Ch. 3, note 24: This had been created under the National Security Act of 1947 by President Truman with significant input from his key advisers, Prescott Bush’s business partners Averell Harriman and Robert A. Lovett. Its mandate was to help prepare the country for industrial and civilian mobilization in time of war."
BKR-0053,PART_1;PART_2,3;4;9,3:31;4:9;9:32;9:42;9:46;9:47,SECONDARY_BOOK,B,2,Herbert S. Parmet,George Bush: The Life of a Lone Star Yankee,"New Brunswick, NJ: Transaction, 2000",2000,,,126; 146; 147; 148; 68; 94,"Baker cites this source in chapter 3 in connection with George Bush: The Life of a Lone Star Yankee; the OCR text does not preserve a reliable body-note marker for a more precise claim mapping. | Baker cites this source in chapter 4 in connection with George Bush: The Life of a Lone Star Yankee; the OCR text does not preserve a reliable body-note marker for a more precise claim mapping. | Baker cites this in support of the surrounding discussion: Bush was the industry’s Horatio at the bridge —or perhaps its George Wallace. “In an era when civil rights became the great moral issue that galvanized liberals,” observed Bush biographer Herbert S. Parmet, “the targeted oil depletion allowance was not far behind.” | Baker cites this in support of the surrounding discussion: The case he made shows a keen grasp of Nixon’s neurosis and class envy, and a willingness to exploit it. There was a “dirth [sic] of Nixon advocacy in New York City,” where the U.N. was based, Bush wrote the president, noting that he was well suited to “fill that need in New York social circles.” | Baker cites this source in chapter 9 in connection with George Bush: The Life of a Lone Star Yankee; the OCR text does not preserve a reliable body-note marker for a more precise claim mapping.",,George Bush; Herbert S. Parmet; Lone Star Yankee; New Brunswick,6,5,FALSE,FALSE,FALSE,FALSE,FALSE,FALSE,FALSE,Important primary evidence or strongly relevant secondary/archival material worth early acquisition.,"Ch. 3, note 31: Herbert S. Parmet, George Bush: The Life of a Lone Star Yankee (New Brunswick, NJ: Transaction, 2000), p. 68. || Ch. 4, note 9: Herbert S. Parmet, George Bush: The Life of a Lone Star Yankee (New Brunswick, NJ: Transaction, reprint 2000), p. 94. || Ch. 9, note 32: Herbert S. Parmet, George Bush: The Life of a Lone Star Yankee (New Brunswick, NJ: Transaction, 2000), p. 126. || Ch. 9, note 42: Parmet, George Bush, p. 146. || Ch. 9, note 46: Parmet, George Bush, p. 147. || Ch. 9, note 47: Ibid., p. 148."
BKR-0054,PART_1,3,3:45,PRIMARY_CONTEMPORARY_NEWS,B,2,,Conventional historical accounts restrict the causes of the split to disputes between the strong-willed Hugh Liedtke and the equally bullheaded Herbie Walker. But there may have been more to it. If in fact Zapata Offshor,Independent,,,,,Baker cites this source in chapter 3 in connection with Conventional historical accounts restrict the causes of the split to disputes between the strong-willed Hugh Liedtke and the equally bullheaded Herbie Walker. But there may have been more to it. If in fact Zapata Offshor; the OCR text does not preserve a reliable body-note marker for a more precise claim mapping.,,Dresser Industries; Herbie Walker. But; Hugh Liedtke and the; Mallon’s Dresser Industries; Zapata Offshore,1,1,TRUE,FALSE,FALSE,FALSE,FALSE,TRUE,TRUE,Important primary evidence or strongly relevant secondary/archival material worth early acquisition.,"Ch. 3, note 45: Conventional historical accounts restrict the causes of the split to disputes between the strong-willed Hugh Liedtke and the equally bullheaded Herbie Walker. But there may have been more to it. If in fact Zapata Offshore, like Mallon’s Dresser Industries, was allowing itself to be used as a chess piece in global intrigues, the Liedtkes, who went on to great wealth independent of Bush, may not have been that enthusiastic about sacrificing profits for a “greater cause.”"
BKR-0055,PART_1,3,3:47,PRIMARY_CONTEMPORARY_NEWS,B,2,Jonathan Kwitny,"The Mexican Connection: A Look at an Old George Bush Business Venture,",Barron's,"September 19, 1988",reporting,SEC,,"Baker cites this source in chapter 3 in connection with The Mexican Connection: A Look at an Old George Bush Business Venture,; the OCR text does not preserve a reliable body-note marker for a more precise claim mapping.","Original SEC referenced or described by this secondary source, with complete provenance",After Kwitny; Diaz Serrano; Jonathan Kwitny; Jorge Diaz Serrano; Old George Bush Business Venture; SEC; Yet Kwitny; Zapata SEC,1,1,TRUE,FALSE,TRUE,TRUE,FALSE,FALSE,FALSE,Important primary evidence or strongly relevant secondary/archival material worth early acquisition.,"Ch. 3, note 47: Jonathan Kwitny, “The Mexican Connection: A Look at an Old George Bush Business Venture,” Barron's, September 19, 1988. After Kwitny unearthed duplicate copies elsewhere, Bush admitted through a spokesman a brief business relationship with Jorge Diaz Serrano, claiming it lasted just seven months. Yet Kwitny was able to in dependently locate Zapata SEC filings that made clear that Bush’s dealings with the Mexican lasted four years. They also established that the relationship involved both breaking Mexican law and keeping Zapata’s own shareholders in the dark about the deal, a violation of U.S. securities law. The principal method of moving funds to Diaz Serrano was to drastically undercharge him for an oil rig. “It was mighty generous of Bush to sell us the rig,” Diaz Serrano said. (Kwitny’s reporting, which was published less than two months before Bush was elected president in 1988, received little attention or follow-through from other media outlets.)"
BKR-0056,PART_1;PART_2,3;9,3:52;9:39,SECONDARY_BOOK,B,2,Fitzhugh Green,George Bush: An Intimate Portrait,"New York: Hippocrene, 1989",1989,,,113; 73-74,Baker cites this source in chapter 3 in connection with George Bush: An Intimate Portrait; the OCR text does not preserve a reliable body-note marker for a more precise claim mapping. | Baker cites this source in chapter 9 in connection with George Bush: An Intimate Portrait; the OCR text does not preserve a reliable body-note marker for a more precise claim mapping.,,An Intimate Portrait; Fitzhugh Green; George Bush; Hippocrene Books,2,2,FALSE,FALSE,FALSE,FALSE,FALSE,FALSE,FALSE,Important primary evidence or strongly relevant secondary/archival material worth early acquisition.,"Ch. 3, note 52: Fitzhugh Green, George Bush: An Intimate Portrait (New York: Hippocrene, 1989), pp. 73-74. || Ch. 9, note 39: Fitzhugh Green, George Bush: An Intimate Portrait (New York: Hippocrene Books, 1989), p. 113."
BKR-0057,PART_1,4,4:2,SECONDARY_BOOK,B,2,Warren Hinckle and William Turner,Deadly Secrets: The CIA-MAFIA War Against Castro and the Assassination of J.F-K,"New York: Thunder’s Mouth Press, 1992",1992,CIA-MAFIA War Against Castro and the; CIA Report on the Invasion of Cuba,National Security Archive; CIA,103,"Baker cites this in support of the surrounding discussion: At a Washington political gathering, Prescott pulled aside the Harris County (Houston) GOP chairman, James Bertron, and demanded that Bertron find a place in his organization for Poppy. “Senator,” replied Bertron, “I’m trying. We’re all trying.”","Original CIA/Declassified/Report referenced or described by this secondary source, with complete provenance",Assassination of J.F-K; Bay of Pigs; CIA; CIA’s Richard Bissell; Castro. Bay of Pigs Declassified; Cuba; Deadly Secrets; Invasion of Cuba; Maker of Policy; National Security Archive; New Press; Peter Kornbluh of the; Robert F. Kennedy; Thunder’s Mouth Press; Warren Hinckle and William Turner,1,1,FALSE,FALSE,TRUE,TRUE,TRUE,FALSE,FALSE,Important primary evidence or strongly relevant secondary/archival material worth early acquisition.,"Ch. 4, note 2: Warren Hinckle and William Turner, Deadly Secrets: The CIA-MAFIA War Against Castro and the Assassination of J.F-K. (New York: Thunder’s Mouth Press, 1992), p. 103. The “something” looks more and more like the assassination of Castro. Bay of Pigs Declassified: The Secret CIA Report on the Invasion of Cuba (New York: New Press, 1998), edited by Peter Kornbluh of the nonprofit National Security Archive, reports that the CIA’s Richard Bissell told Robert F. Kennedy that “the CIA’s ‘associated planning’ for the Bay of Pigs invasion included ‘the use of the underworld against Castro’ ” (p. 10). This suggests that knocking off the leader was an integral part of the original plan. “C.I.A.: Maker of Policy, or Tool,” New York Times, April 25, 1966. a"
BKR-0058,PART_1,4,4:8,ARCHIVAL_COLLECTION,A,2,,"Prescott Bush to Allen Dulles, 1969.",Allen W. Dulles Papers; Seeley G. Mudd Manuscript Library; Mudd Manuscript Library; Princeton University,1969,,Allen W. Dulles Papers; Seeley G. Mudd Manuscript Library; Mudd Manuscript Library; Princeton University,,"Baker cites this source in chapter 4 in connection with Prescott Bush to Allen Dulles, 1969.; the OCR text does not preserve a reliable body-note marker for a more precise claim mapping.",,Allen Dulles; Allen W. Dulles Papers; Prescott Bush; Princeton University; Seeley G. Mudd Manuscript Library,1,1,TRUE,FALSE,TRUE,FALSE,FALSE,FALSE,FALSE,Important primary evidence or strongly relevant secondary/archival material worth early acquisition.,"Ch. 4, note 8: Prescott Bush to Allen Dulles, 1969. Allen W. Dulles Papers, 1845-1971. Seeley G. Mudd Manuscript Library, Princeton University, box 10, folder 11."
BKR-0059,PART_1,4,4:13,PRIMARY_INTERVIEW,A,2,Leslie Acoca,Interview with Leslie Acoca,,"January 26, 2007",,,,Baker cites this source in chapter 4 in connection with Interview with Leslie Acoca; the OCR text does not preserve a reliable body-note marker for a more precise claim mapping.,,Leslie Acoca,1,1,FALSE,TRUE,FALSE,FALSE,FALSE,FALSE,FALSE,Important primary evidence or strongly relevant secondary/archival material worth early acquisition.,"Ch. 4, note 13: Author interview with Leslie Acoca, January 26, 2007."
BKR-0060,PART_1,4,4:18,PRIMARY_INTERVIEW,A,2,Aubrey Irby,Interview with Aubrey Irby,,"February 1, 2007",,,,Baker cites this in support of the surrounding discussion: W. Bush at the time of the news as matter-of-fact and supremely well composed.,,Aubrey Irby,1,1,FALSE,TRUE,FALSE,FALSE,FALSE,FALSE,FALSE,Important primary evidence or strongly relevant secondary/archival material worth early acquisition.,"Ch. 4, note 18: Author interview with Aubrey Irby, February 1, 2007."
BKR-0061,PART_1,4;7,4:24;7:25,SECONDARY_BOOK,B,2,Peter Evans,Nemesis,"New York: HarperCollins, 2004",2004,,,137; 140,"Baker cites this in support of the surrounding discussion: He went to work for the Greek shipping magnate Stavros Niarchos. That Ulmer had not fully left the espionage racket is suggested in part by Niarchos’s own long history with the CIA, which he assisted with many covert operations.23 In fact, the company Ulmer ran, Niarchos London, Ltd., was itself a CIA proprietary according to author Peter Evans, who knew Niarchos personally. | Baker cites this source in chapter 7 in connection with Nemesis; the OCR text does not preserve a reliable body-note marker for a more precise claim mapping.",,Aristotle Onassis and the Kennedys; CIA; Harper Collins; Peter Evans,2,2,FALSE,FALSE,FALSE,FALSE,TRUE,FALSE,FALSE,Important primary evidence or strongly relevant secondary/archival material worth early acquisition.,"Ch. 4, note 24: Peter Evans, Nemesis (New York: HarperCollins, 2004), p. 140. || Ch. 7, note 25: Peter Evans, Nemesis (New York: Harper Collins, 2004), p. 137. This book, which focuses on the relationship between Aristotle Onassis and the Kennedys, features cameos by many characters from the assassination saga."
BKR-0062,PART_1,4,4:27,PRIMARY_INTERVIEW,A,2,Keating Zeppa,Interview with Keating Zeppa,,"February 3, 2007",,,,Baker cites this source in chapter 4 in connection with Interview with Keating Zeppa; the OCR text does not preserve a reliable body-note marker for a more precise claim mapping.,,Keating Zeppa,1,1,FALSE,TRUE,FALSE,FALSE,FALSE,FALSE,FALSE,Important primary evidence or strongly relevant secondary/archival material worth early acquisition.,"Ch. 4, note 27: Author interview with Keating Zeppa, February 3, 2007."
BKR-0063,PART_1,5,5:1,PRIMARY_PERSONAL_RECORD,A,2,de Mohrenschildt,Letter from de Mohrenschildt to Bush,Mary Ferrell Foundation; CIA,available through the Mary Ferrell Foundation Web site(www,CIA files on de Mohrenschildt; 104-10414-10013; 104-10414-10378,Mary Ferrell Foundation; CIA,,Baker cites this source in chapter 5 in connection with Letter from de Mohrenschildt to Bush; the OCR text does not preserve a reliable body-note marker for a more precise claim mapping.,,CIA; Inspector General John Waller; Mary Ferrell Foundation Web,1,1,TRUE,FALSE,TRUE,TRUE,TRUE,FALSE,FALSE,Important primary evidence or strongly relevant secondary/archival material worth early acquisition.,"Ch. 5, note 1: Letter from de Mohrenschildt to Bush, available through the Mary Ferrell Foundation Web site(www.maryferrell.org). It includes the official routing slip where Bush checks “yes” after “do you know this individual?” (104-10414-10013). Also available is a memorandum from Inspector General John Waller to Bush summarizing what is in the CIA files on de Mohrenschildt (104-10414-10378); and a letter from Bush to de Mohrenschildt (104-1041 4- 10134)."
BKR-0064,PART_1,5,5:3,SECONDARY_BOOK,B,2,Norman Mailer,Oswald Tale,"New York: Random House, 1995",1995,,,458,Baker cites this source in chapter 5 in connection with Oswald Tale; the OCR text does not preserve a reliable body-note marker for a more precise claim mapping.,,Norman Mailer; Oswald Tale; Random House,1,1,FALSE,FALSE,FALSE,FALSE,FALSE,FALSE,FALSE,Important primary evidence or strongly relevant secondary/archival material worth early acquisition.,"Ch. 5, note 3: Norman Mailer, Oswald Tale (New York: Random House, 1995), p. 458."
BKR-0065,PART_1,5,5:12,PRIMARY_CONTEMPORARY_NEWS,B,2,,"CIA, Dulles had revealed his consummate skill in government service, which included a stint at the U",Time,,,CIA,,"Baker cites this source in chapter 5 in connection with CIA, Dulles had revealed his consummate skill in government service, which included a stint at the U; the OCR text does not preserve a reliable body-note marker for a more precise claim mapping.","Original CIA referenced or described by this secondary source, with complete provenance",CIA; Iraq; Near East; Ottoman Empire; State Department. He; United States; World War,1,1,TRUE,FALSE,TRUE,TRUE,TRUE,FALSE,FALSE,Important primary evidence or strongly relevant secondary/archival material worth early acquisition.,"Ch. 5, note 12: Long before he headed up the CIA, Dulles had revealed his consummate skill in government service, which included a stint at the U.S. embassy in Istanbul at the time the United States was trying to wedge its way into the now-defeated Ottoman Empire—whose former oil properties in Mesopotamia (Iraq) were the subject of intense international competition following World War I—and in Washington as chief of the Near East desk at the State Department. He would also serve as an adviser on German war reparations. During his trips to Europe as a lawyer, Dulles gathered intelligence on political conditions. Switching between public and private service seemed to come naturally to him, particularly when it involved carry ing out intelligence work."
BKR-0066,PART_1,5,5:18,PRIMARY_CONTEMPORARY_NEWS,B,2,,nschildt and friend of J,Nation,,CIA-controlled Republic National Bank; JFK assassination investigation in Texas,CIA,,Baker cites this source in chapter 5 in connection with nschildt and friend of J; the OCR text does not preserve a reliable body-note marker for a more precise claim mapping.,"Original CIA referenced or described by this secondary source, with complete provenance",Abraham Zapruder and Mrs. George; Bernard L. Gold; CIA; CIA-controlled Republic National Bank; Clint Murchison; Fred Florence; George de Mohrenschildt; H. L. Hunt; J. Edgar Hoover; Mohrenschildt and; Murchison and; Nardis Sportswear; R. Gerald Storey,1,1,TRUE,FALSE,TRUE,FALSE,TRUE,FALSE,FALSE,Important primary evidence or strongly relevant secondary/archival material worth early acquisition.,"Ch. 5, note 18: Other members included Clint Murchison (employer of George de Mohrenschildt and friend of J. Edgar Hoover), Fred Florence (executive of the CIA-controlled Republic National Bank), oilman H. L. Hunt (business associate and friend of Murchison and a staunch anti-Communist), Bernard L. Gold (owner of Nardis Sportswear, which employed both Abraham Zapruder and Mrs. George de Mohrenschildt), and R. Gerald Storey (later, chief of the JFK assassination investigation in Texas)."
BKR-0067,PART_1,5,5:19,PRIMARY_CONTEMPORARY_NEWS,B,2,Senator Prescott Bush,Letter from Senator Prescott Bush to Eisenhower national security aide and cold war propaganda expert C. D. Jackson,Nation,"dated March 26, 1953",,,,Baker cites this source in chapter 5 in connection with Letter from Senator Prescott Bush to Eisenhower national security aide and cold war propaganda expert C. D. Jackson; the OCR text does not preserve a reliable body-note marker for a more precise claim mapping.,"Original Letter referenced or described by this secondary source, with complete provenance",Against Castro; C. D. Jackson; Harper Collins; Prescott Bush; Senator Prescott Bush; Warren Hinckle and William W. Turner,1,1,TRUE,FALSE,FALSE,TRUE,FALSE,FALSE,FALSE,Important primary evidence or strongly relevant secondary/archival material worth early acquisition.,"Ch. 5, note 19: Letter from Senator Prescott Bush to Eisenhower national security aide and cold war propaganda expert C. D. Jackson, dated March 26, 1953. Found in a footnote to Warren Hinckle and William W. Turner, The Fish Is Red: The Story of the Secret War Against Castro (New York: Harper Collins, 1981)."
BKR-0068,PART_1,5,5:29,ARCHIVAL_COLLECTION,A,2,,John A.,Oral History Collection; Sixth Floor Museum,"July 6, 2001",,Oral History Collection; Sixth Floor Museum,,Baker cites this source in chapter 5 in connection with John A.; the OCR text does not preserve a reliable body-note marker for a more precise claim mapping.,,Oral History Collection; Sixth Floor Museum,1,1,TRUE,FALSE,TRUE,FALSE,FALSE,FALSE,FALSE,Important primary evidence or strongly relevant secondary/archival material worth early acquisition.,"Ch. 5, note 29: John A. “Jack” Crichton interview, July 6, 2001, Oral History Collection, Sixth Floor Museum,Dallas."
BKR-0069,PART_1;PART_2;PART_3,5;16,5:36;16:21,SECONDARY_BOOK,B,2,John Newman,Oswald and the CIA,"New York: Carroll & Graf, 1995",1995,,CIA,115; 123-24,Baker cites this source in chapter 5 in connection with Oswald and the CIA; the OCR text does not preserve a reliable body-note marker for a more precise claim mapping. | Baker cites this source in chapter 16 in connection with Oswald and the CIA; the OCR text does not preserve a reliable body-note marker for a more precise claim mapping.,"Original CIA referenced or described by this secondary source, with complete provenance",CIA; Carroll & Graf; John Newman; Oswald and the CIA,2,2,FALSE,FALSE,TRUE,FALSE,TRUE,FALSE,FALSE,Important primary evidence or strongly relevant secondary/archival material worth early acquisition.,"Ch. 5, note 36: See also John Newman, Oswald and the CIA (New York: Carroll & Graf, 1995), p. 115. || Ch. 16, note 21: John Newman, Oswald and the CIA (New York: Carroll & Graf, 1995), pp. 123-24."
BKR-0070,PART_1,5,5:36,SECONDARY_BOOK,B,2,Fabian Escalante,"The Cuba Project: CIA Covert Operations, 1959-62","Melbourne and New York: Ocean Press, 2004",1959,CIA Covert Operations,CIA,44,"Baker cites this source in chapter 5 in connection with The Cuba Project: CIA Covert Operations, 1959-62; the OCR text does not preserve a reliable body-note marker for a more precise claim mapping.","Original CIA referenced or described by this secondary source, with complete provenance",CIA; CIA Covert Operations; Cuba; Eisenhower and Nixon; Fabian Escalante; Melbourne and New York; Ocean Press; Prescott Bush; Prescott Bush and,1,1,FALSE,FALSE,TRUE,FALSE,TRUE,FALSE,FALSE,Important primary evidence or strongly relevant secondary/archival material worth early acquisition.,"Ch. 5, note 36: Fabian Escalante, The Cuba Project: CIA Covert Operations, 1959-62 (Melbourne and New York: Ocean Press, 2004), p. 44. The book was originally published in Spanish in 1993; the first English-language version was published in 1995. It should be noted that the book does contain mistakes and exaggerations—for example, Prescott Bush is referred to as “Preston,” and he is given almost singular credit for the rise of Eisenhower and Nixon to the presidency. While that was certainly an oversimplification, as we shall see, in fact Prescott Bush and his friends did play a crucial if little-known role in the rise of both men."
BKR-0071,PART_1,5,5:37,PRIMARY_CONTEMPORARY_NEWS,B,2,,"Warren Commission, Mrs",Time,,,,,"Baker cites this source in chapter 5 in connection with Warren Commission, Mrs; the OCR text does not preserve a reliable body-note marker for a more precise claim mapping.","Original Commission referenced or described by this secondary source, with complete provenance",United States; Warren Commission,1,1,TRUE,FALSE,FALSE,TRUE,TRUE,FALSE,FALSE,Important primary evidence or strongly relevant secondary/archival material worth early acquisition.,"Ch. 5, note 37: As her husband told the Warren Commission, Mrs. de Mohrenschildt managed to clear Mikoyan's extensive security and exchange pleasantries with the Communist official on board his plane before takeoff; she claimed to have told him he would be welcome in the United States at any time."
BKR-0072,PART_1,6,6:2,SECONDARY_BOOK,B,2,George Bush,Looking Forward,"New York: Doubleday, 1987",1987,,,87,"Baker cites this in support of the surrounding discussion: Remarkably for a Texan, and an aspiring Texas politician of that era, Bush has apparently never written anything about the assassination. This applies even to his anemic memoir, Looking Forward, in which he mentions Kennedy’s visit to Dallas but not what happened to him there.",,George Bush; Looking Forward; Vice President and the Democratic; When President Kennedy,1,1,FALSE,FALSE,FALSE,FALSE,FALSE,FALSE,FALSE,Important primary evidence or strongly relevant secondary/archival material worth early acquisition.,"Ch. 6, note 2: George Bush, Looking Forward (New York: Doubleday, 1987), p. 87. All he says is, “When President Kennedy came to Dallas on November 22, 1963, it took all his powers of persuasion just to get his Vice President and the Democratic senator from Texas to shake hands.”"
BKR-0073,PART_1,6,6:9,PRIMARY_GOVERNMENT,A,2,,"nscript, Presidential Recordings, John F",John F. Kennedy Presidential Library,"September 12, 1963",JFK to Walter Heller; Recordings,John F. Kennedy Presidential Library,,"Baker cites this source in chapter 6 in connection with nscript, Presidential Recordings, John F; the OCR text does not preserve a reliable body-note marker for a more precise claim mapping.",,John F. Kennedy; John F. Kennedy Presidential Library and; Presidential Recordings; Walter Heller,1,1,TRUE,FALSE,TRUE,FALSE,FALSE,FALSE,FALSE,Important primary evidence or strongly relevant secondary/archival material worth early acquisition.,"Ch. 6, note 9: JFK to Walter Heller, September 12, 1963, audiotape 110.3 transcript, Presidential Recordings, John F. Kennedy Presidential Library and Museum, Boston, Massachusetts."
BKR-0074,PART_1,6,6:13,SECONDARY_BOOK,B,2,Burton Hersh,Bobby and J. Edgar: The Historic Face-Off Between the Kennedys and J. Edgar Hoover That Transformed America,"New York: Carroll & Graf, 2007",2007,,,162—64,Baker cites this source in chapter 6 in connection with Bobby and J. Edgar: The Historic Face-Off Between the Kennedys and J. Edgar Hoover That Transformed America; the OCR text does not preserve a reliable body-note marker for a more precise claim mapping.,,Bobby and J. Edgar; Burton Hersh; Carroll & Graf; J. Edgar Hoover; J. Edgar Hoover That Transformed America,1,1,FALSE,FALSE,FALSE,FALSE,FALSE,FALSE,FALSE,Important primary evidence or strongly relevant secondary/archival material worth early acquisition.,"Ch. 6, note 13: Burton Hersh, Bobby and J. Edgar: The Historic Face-Off Between the Kennedys and J. Edgar Hoover That Transformed America (New York: Carroll & Graf, 2007), pp. 162—64."
BKR-0075,PART_1,6,6:25,SECONDARY_BOOK,B,2,Bruce Campbell Adamson,Oswald's Closest Friend: The George de Mohrenschildt Story,"Santa Cruz, CA: privately printed, 1996",1996,,,6,Baker cites this source in chapter 6 in connection with Oswald's Closest Friend: The George de Mohrenschildt Story; the OCR text does not preserve a reliable body-note marker for a more precise claim mapping.,,Bruce Campbell Adamson; George de Mohrenschildt; Mohrenschildt Story; Oswald's Closest Friend; Santa Cruz,1,1,FALSE,FALSE,FALSE,FALSE,FALSE,FALSE,FALSE,Important primary evidence or strongly relevant secondary/archival material worth early acquisition.,"Ch. 6, note 25: Bruce Campbell Adamson, Oswald's Closest Friend: The George de Mohrenschildt Story (Santa Cruz, CA: privately printed, 1996), vol. 2, p. 6."
BKR-0076,PART_1,6,6:27,PRIMARY_CONTEMPORARY_NEWS,B,2,,"House Select Committee on Assassinations, vol",Nation,,,,103-115,"Baker cites this source in chapter 6 in connection with House Select Committee on Assassinations, vol; the OCR text does not preserve a reliable body-note marker for a more precise claim mapping.",,House Select Committee; House Select Committee on Assassinations; MaryFerrell Foundation,1,1,TRUE,FALSE,FALSE,TRUE,TRUE,FALSE,FALSE,Important primary evidence or strongly relevant secondary/archival material worth early acquisition.,"Ch. 6, note 27: House Select Committee on Assassinations, vol. 9, pp. 103-115. Available through the MaryFerrell Foundation."
BKR-0077,PART_1,6,6:32,ARCHIVAL_COLLECTION,A,2,,Allen W.,Allen W. Dulles Papers; Seeley G. Mudd Manuscript Library; Mudd Manuscript Library; Princeton University,1939,File Series,Allen W. Dulles Papers; Seeley G. Mudd Manuscript Library; Mudd Manuscript Library; Princeton University,,Baker cites this source in chapter 6 in connection with Allen W.; the OCR text does not preserve a reliable body-note marker for a more precise claim mapping.,,Allen W. Dulles Papers; Digital File Series; Princeton University; Seeley G. Mudd Manuscript Library,1,1,TRUE,FALSE,TRUE,FALSE,FALSE,FALSE,FALSE,Important primary evidence or strongly relevant secondary/archival material worth early acquisition.,"Ch. 6, note 32: Allen W. Dulles Papers: Digital File Series, 1939-77. Seeley G. Mudd Manuscript Library, Princeton University, NJ."
BKR-0078,PART_1,6,6:36;6:51,SECONDARY_BOOK,B,2,Dick Russell,The Man Who Knew Too Much: Hired to Kill Oswald and Prevent the Assassination of JFK,"New York: Carroll & Graf, 2003",2003,,,168; 305,Baker cites this source in chapter 6 in connection with The Man Who Knew Too Much: Hired to Kill Oswald and Prevent the Assassination of JFK; the OCR text does not preserve a reliable body-note marker for a more precise claim mapping.,,Carroll & Graf; Dick Russell; Kill Oswald and Prevent the Assassination,2,1,FALSE,FALSE,FALSE,FALSE,TRUE,FALSE,FALSE,Important primary evidence or strongly relevant secondary/archival material worth early acquisition.,"Ch. 6, note 36: Dick Russell, The Man Who Knew Too Much: Hired to Kill Oswald and Prevent the Assassination of JFK (New York: Carroll & Graf, 2003), p. 168. || Ch. 6, note 51: Russell, The Man Who Knew Too Much, p. 305."
BKR-0079,PART_1,6,6:37,SECONDARY_BOOK,B,2,Edward Jay Epstein,"The Assassination Chronicles: Inquest, Counterplot, and Legend","New York: Carroll & Graf, 1992",1992,,,558,"Baker cites this source in chapter 6 in connection with The Assassination Chronicles: Inquest, Counterplot, and Legend; the OCR text does not preserve a reliable body-note marker for a more precise claim mapping.",,Carroll & Graf; Edward Jay Epstein,1,1,FALSE,FALSE,FALSE,FALSE,TRUE,FALSE,FALSE,Important primary evidence or strongly relevant secondary/archival material worth early acquisition.,"Ch. 6, note 37: Edward Jay Epstein, The Assassination Chronicles: Inquest, Counterplot, and Legend (New York: Carroll & Graf, 1992), p. 558."
BKR-0080,PART_1,6,6:38,SECONDARY_BOOK,B,2,,"CIA to Chief/Research Branch/SRS/OS, December30, 1963, based on Stevens’s review of files, including State Department cables (NARA record number: 1993",In the HSCA Segregated CIA Collection; Mary Ferrell Foundation; CIA,1963,CIA to Chief; NARA record number; CIA Collection; record number,In the HSCA Segregated CIA Collection; Mary Ferrell Foundation; CIA,,"Baker cites this source in chapter 6 in connection with CIA to Chief/Research Branch/SRS/OS, December30, 1963, based on Stevens’s review of files, including State Department cables (NARA record number: 1993; the OCR text does not preserve a reliable body-note marker for a more precise claim mapping.","Original CIA/Memo/files/record referenced or described by this secondary source, with complete provenance",CIA; HSCA; In the HSCA Segregated CIA Collection; M. D. Stevens of the CIA; Marina Oswald; Mary Ferrell Foundation. The State Department; Oswald Case; Research Branch; State Department,1,1,FALSE,FALSE,TRUE,FALSE,TRUE,FALSE,FALSE,Important primary evidence or strongly relevant secondary/archival material worth early acquisition.,"Ch. 6, note 38: “Memo on the Oswald Case,” M. D. Stevens of the CIA to Chief/Research Branch/SRS/OS, December30, 1963, based on Stevens’s review of files, including State Department cables (NARA record number: 1993.08.17.09:41:50:590064). In the HSCA Segregated CIA Collection, available through the Mary Ferrell Foundation. The State Department maintained an interest in Marina Oswald, who was a Soviet alien seeking U.S. citizenship."
BKR-0081,PART_1,6,6:40,PRIMARY_CONTEMPORARY_NEWS,B,2,,"House Select Committee on Assassinations, FBI file on George de Mohrenschildt, document,section 8, 100-32965-251, pp",Nation,,FBI file on George de Mohrenschildt,FBI,23-25,"Baker cites this source in chapter 6 in connection with House Select Committee on Assassinations, FBI file on George de Mohrenschildt, document,section 8, 100-32965-251, pp; the OCR text does not preserve a reliable body-note marker for a more precise claim mapping.","Original FBI/file referenced or described by this secondary source, with complete provenance",Bruce Campbell Adamson; FBI; George de Mohrenschildt; House Select Committee; House Select Committee on Assassinations,1,1,TRUE,FALSE,TRUE,TRUE,TRUE,FALSE,FALSE,Important primary evidence or strongly relevant secondary/archival material worth early acquisition.,"Ch. 6, note 40: House Select Committee on Assassinations, FBI file on George de Mohrenschildt, document,section 8, 100-32965-251, pp. 23-25. Found by researcher Bruce Campbell Adamson."
BKR-0082,PART_1,6,6:41,PRIMARY_PERSONAL_RECORD,A,2,George de Mohrenschildt,Letter from George de Mohrenschildt to John F. Kennedy,Found by researcher Bruce Campbell Adamson at John F. Kennedy Presidential Library,"February 16, 1963",,Found by researcher Bruce Campbell Adamson at John F. Kennedy Presidential Library,,Baker cites this source in chapter 6 in connection with Letter from George de Mohrenschildt to John F. Kennedy; the OCR text does not preserve a reliable body-note marker for a more precise claim mapping.,,Bruce Campbell Adamson; George de Mohrenschildt; John F. Kennedy; John F. Kennedy Presidential Library and,1,1,TRUE,FALSE,TRUE,FALSE,FALSE,FALSE,FALSE,Important primary evidence or strongly relevant secondary/archival material worth early acquisition.,"Ch. 6, note 41: Letter from George de Mohrenschildt to John F. Kennedy, February 16, 1963. Found by researcher Bruce Campbell Adamson at John F. Kennedy Presidential Library and Museum, Boston, Massachusetts."
BKR-0083,PART_1,6,6:44,ARCHIVAL_COLLECTION,A,2,,"HSCA Segregated CIA Collection, box 14, “Contact Report WUBRINY Haitian Operations” (NARA record number 104-10070-10076)","HSCA Segregated CIA Collection, box 14, “Contact Report WUBRINY Haitian Operations” (NARA record number 104-10070-1; Mary Ferrell Foundation; CIA",,CIA Collection; NARA record number 104-10070-10076; Report WUBRINY; record number; 104-10070-10076,"HSCA Segregated CIA Collection, box 14, “Contact Report WUBRINY Haitian Operations” (NARA record number 104-10070-1; Mary Ferrell Foundation; CIA",,"Baker cites this source in chapter 6 in connection with HSCA Segregated CIA Collection, box 14, “Contact Report WUBRINY Haitian Operations” (NARA record number 104-10070-10076); the OCR text does not preserve a reliable body-note marker for a more precise claim mapping.",,CIA; Contact Report WUBRINY Haitian Operations; HSCA; HSCA Segregated CIA Collection; Mary Ferrell Foundation; WUBRINY,1,1,TRUE,FALSE,TRUE,TRUE,TRUE,FALSE,FALSE,Important primary evidence or strongly relevant secondary/archival material worth early acquisition.,"Ch. 6, note 44: HSCA Segregated CIA Collection, box 14, “Contact Report WUBRINY Haitian Operations” (NARA record number 104-10070-10076). Available through the Mary Ferrell Foundation."
BKR-0084,PART_1,6,6:46,PRIMARY_INTERVIEW,A,2,Thomas Devine,Interview with Thomas Devine,,"September 4, 2008",,,,Baker cites this source in chapter 6 in connection with Interview with Thomas Devine; the OCR text does not preserve a reliable body-note marker for a more precise claim mapping.,,Gale Allen; Thomas Devine,1,1,FALSE,TRUE,FALSE,FALSE,FALSE,FALSE,FALSE,Important primary evidence or strongly relevant secondary/archival material worth early acquisition.,"Ch. 6, note 46: Author interview with Thomas Devine, September 4, 2008; author interview with Gale Allen,September 15, 2008."
BKR-0085,PART_1,6,6:47,PRIMARY_CONTEMPORARY_NEWS,B,2,,"nschildt came to Washington, he was accompanied by his wife Jeanne",Time,1962,,Lyndon Baines Johnson Library; CIA,39,"Baker cites this source in chapter 6 in connection with nschildt came to Washington, he was accompanied by his wife Jeanne; the OCR text does not preserve a reliable body-note marker for a more precise claim mapping.","Original CIA/interview/oral history referenced or described by this secondary source, with complete provenance",CIA; Chief of Staff; D. Harold Byrd’s; George de Mohrenschildt; Jeanne. LBJ’s; LTV. And; Lyndon Baines Johnson Library and Museum; Lyndon Johnson and His Presidency; Marie Fehmer; Marie Fehmer. According; Marie Fehmer’s; Mohrenschildt and Abraham Zapruder. After; Nardis Sportswear; Sherwin Markman; Vice President Johnson’s; When George; William Marvin Watson,1,1,TRUE,FALSE,TRUE,TRUE,TRUE,FALSE,FALSE,Important primary evidence or strongly relevant secondary/archival material worth early acquisition.,"Ch. 6, note 47: When George de Mohrenschildt came to Washington, he was accompanied by his wife Jeanne. LBJ’s private secretary at the time of their visit was Marie Fehmer. According to Marie Fehmer’s oral history, she was recruited to be Vice President Johnson’s secretary in 1962, directly from her college sorority. She claimed not to have known him, to be surprised by the offer, and to be somewhat reluctant to accept it (see Marie Fehmer oral history interview, August 16, 1972, Lyndon Baines Johnson Library and Museum, Austin, Texas). But she was not unconnected herself. Her father, Ray, worked for D. Harold Byrd’s military contracting firm LTV. And her mother, Olga, worked at Nardis Sportswear with Jeanne de Mohrenschildt and Abraham Zapruder. After working for LBJ, Marie Fehmer joined the CIA, where she became one of the top female supervisors; see William Marvin Watson with Sherwin Markman, Chief of Staff? Lyndon Johnson and His Presidency (New York: Macmillan, 2004), p. 39."
BKR-0086,PART_1,6,6:48,PRIMARY_GOVERNMENT,A,2,,"nschildt, April 18, 1963, De Mohrenschildt file, Lyndon Baines Johnson Library and Museum, Austin, Texas",Lyndon Baines Johnson Library,"April 18, 1963",,Lyndon Baines Johnson Library,,"Baker cites this source in chapter 6 in connection with nschildt, April 18, 1963, De Mohrenschildt file, Lyndon Baines Johnson Library and Museum, Austin, Texas; the OCR text does not preserve a reliable body-note marker for a more precise claim mapping.",,De Mohrenschildt; George de Mohrenschildt; Lyndon Baines Johnson Library and Museum; Walter Jenkins,1,1,TRUE,FALSE,TRUE,FALSE,FALSE,FALSE,FALSE,Important primary evidence or strongly relevant secondary/archival material worth early acquisition.,"Ch. 6, note 48: Correspondence from Walter Jenkins to George de Mohrenschildt, April 18, 1963, De Mohrenschildt file, Lyndon Baines Johnson Library and Museum, Austin, Texas."
BKR-0087,PART_1,6,6:49,SECONDARY_BOOK,B,2,Pete Brewton,"The Mafia, CIA & George Bush","New York: S.P.I., 1992",1992,,CIA,I,"Baker cites this source in chapter 6 in connection with The Mafia, CIA & George Bush; the OCR text does not preserve a reliable body-note marker for a more precise claim mapping.","Original CIA referenced or described by this secondary source, with complete provenance",CIA; CIA & George Bush; Pete Brewton,1,1,FALSE,FALSE,TRUE,FALSE,TRUE,FALSE,FALSE,Important primary evidence or strongly relevant secondary/archival material worth early acquisition.,"Ch. 6, note 49: Pete Brewton, The Mafia, CIA & George Bush (New York: S.P.I., 1992), p. 194."
BKR-0088,PART_1,6,6:54,PRIMARY_CONTEMPORARY_NEWS,B,2,,Secret Service agents Winston G,Dallas Morning News,"November 22, 1963",reporting,,,Baker cites this source in chapter 6 in connection with Secret Service agents Winston G; the OCR text does not preserve a reliable body-note marker for a more precise claim mapping.,,Dallas Morning News; President Kennedy and; Secret Service; V. Sorrels. On November; Winston G. Lawson and Forrest,1,1,TRUE,FALSE,FALSE,TRUE,FALSE,FALSE,FALSE,Important primary evidence or strongly relevant secondary/archival material worth early acquisition.,"Ch. 6, note 54: The motorcade route was designed by Secret Service agents Winston G. Lawson and Forrest V. Sorrels. On November 22, 1963, the Dallas Morning News detailed the president’s route on its front page, reporting that “the motorcade will move slowly so that crowds can “get a good view’ of President Kennedy and his wife.”"
BKR-0089,PART_1,6,6:74,PRIMARY_CONTEMPORARY_NEWS,B,2,,"housed the Office of Immigration and Naturalization, with which Oswald communicated about his wife’s citizenship status, as well as the offices of the Secret Service",Nation,,,,,"Baker cites this source in chapter 6 in connection with housed the Office of Immigration and Naturalization, with which Oswald communicated about his wife’s citizenship status, as well as the offices of the Secret Service; the OCR text does not preserve a reliable body-note marker for a more precise claim mapping.",,Dallas. This; Elm and Field Streets; Office of Immigration and Naturalization; Rio Grande National Life Insurance; Secret Service. Rio Grande,1,1,TRUE,FALSE,FALSE,TRUE,FALSE,FALSE,FALSE,Important primary evidence or strongly relevant secondary/archival material worth early acquisition.,"Ch. 6, note 74: Witt worked as an insurance salesman for Rio Grande National Life Insurance in its seventeen-story building on the corner of Elm and Field Streets in downtown Dallas. This building housed the Office of Immigration and Naturalization, with which Oswald communicated about his wife’s citizenship status, as well as the offices of the Secret Service. Rio Grande did significant business with the U.S. government, writing insurance policies for the military."
BKR-0090,PART_1,6,6:75;6:77,PRIMARY_CONTEMPORARY_NEWS,B,2,,"House of Representatives, vol",Nation,,,,431; 453,"Baker cites this source in chapter 6 in connection with House of Representatives, vol; the OCR text does not preserve a reliable body-note marker for a more precise claim mapping.",,Assassination of John F. Kennedy of; House of Representatives; John F. Kennedy; Select Committeeon Assassinations,2,1,TRUE,FALSE,FALSE,FALSE,TRUE,FALSE,FALSE,Important primary evidence or strongly relevant secondary/archival material worth early acquisition.,"Ch. 6, note 75: Hearings before the Subcommittee on the Assassination of John F. Kennedy of the Select Committeeon Assassinations, House of Representatives, vol. 4, p. 431. || Ch. 6, note 77: Hearings before the Subcommittee on the Assassination of John F. Kennedy of the Select Committeeon Assassinations, House of Representatives, vol. 4, p. 453."
BKR-0091,PART_1,6,6:76,PRIMARY_CONTEMPORARY_NEWS,B,2,,See Robert J.,Nation,1993,JFK Assassination,,,Baker cites this source in chapter 6 in connection with See Robert J.; the OCR text does not preserve a reliable body-note marker for a more precise claim mapping.,"Original Record referenced or described by this secondary source, with complete provenance",Conspiracy and the Cover-up; JFK Assassination; Viking Studio,1,1,TRUE,FALSE,FALSE,FALSE,TRUE,FALSE,FALSE,Important primary evidence or strongly relevant secondary/archival material worth early acquisition.,"Ch. 6, note 76: See Robert J. Groden’s The Killing of a President: The Complete Photographic Record of the JFK Assassination, the Conspiracy and the Cover-up (New York: Viking Studio, 1993), for more information on the matter."
BKR-0092,PART_1,7,7:6,PRIMARY_CONTEMPORARY_NEWS,B,2,Larry Hancock,"Mysteries of the 112th Intelligence Corps,",Nation,2001,,,,"Baker cites this source in chapter 7 in connection with Mysteries of the 112th Intelligence Corps,; the OCR text does not preserve a reliable body-note marker for a more precise claim mapping.",,Intelligence Corps; Kennedy Assassination Chronicles; Larry Hancock; Mysteries of the,1,1,TRUE,FALSE,FALSE,FALSE,TRUE,FALSE,FALSE,Important primary evidence or strongly relevant secondary/archival material worth early acquisition.,"Ch. 7, note 6: Larry Hancock, “Mysteries of the 112th Intelligence Corps,” Kennedy Assassination Chronicles (Winter 2001): 20-27."
BKR-0093,PART_1,7,7:7,ORAL_HISTORY,A,2,,"Jack Crichton interview, July 6, 2001, Oral History Collection, Sixth Floor Museum, Dallas.",Oral History Collection; Sixth Floor Museum,"July 6, 2001",,Oral History Collection; Sixth Floor Museum,,"Baker cites this source in chapter 7 in connection with Jack Crichton interview, July 6, 2001, Oral History Collection, Sixth Floor Museum, Dallas.; the OCR text does not preserve a reliable body-note marker for a more precise claim mapping.",,Jack Crichton; Oral History Collection; Sixth Floor Museum,1,1,TRUE,TRUE,TRUE,FALSE,FALSE,FALSE,FALSE,Important primary evidence or strongly relevant secondary/archival material worth early acquisition.,"Ch. 7, note 7: Jack Crichton interview, July 6, 2001, Oral History Collection, Sixth Floor Museum, Dallas."
BKR-0094,PART_1,7,7:15,PRIMARY_GOVERNMENT,A,2,,"nschildt reading his memoirs to Willem Oltmans, 1969",,1969,recording,,,"Baker cites this source in chapter 7 in connection with nschildt reading his memoirs to Willem Oltmans, 1969; the OCR text does not preserve a reliable body-note marker for a more precise claim mapping.",,Willem Oltmans,1,1,TRUE,FALSE,FALSE,FALSE,FALSE,FALSE,FALSE,Important primary evidence or strongly relevant secondary/archival material worth early acquisition.,"Ch. 7, note 15: Tape recording of de Mohrenschildt reading his memoirs to Willem Oltmans, 1969."
BKR-0095,PART_1,7,7:21,PRIMARY_CONTEMPORARY_NEWS,B,2,,Peter Paul Gregory was a consulting petroleum engineer who taught Russian part-time. Oswald had purportedly been referred to Gregory as someone who could certify his Russianlanguage skills.,Time,,,,,Baker cites this source in chapter 7 in connection with Peter Paul Gregory was a consulting petroleum engineer who taught Russian part-time. Oswald had purportedly been referred to Gregory as someone who could certify his Russianlanguage skills.; the OCR text does not preserve a reliable body-note marker for a more precise claim mapping.,,Peter Paul Gregory,1,1,TRUE,FALSE,FALSE,FALSE,FALSE,TRUE,TRUE,Important primary evidence or strongly relevant secondary/archival material worth early acquisition.,"Ch. 7, note 21: Peter Paul Gregory was a consulting petroleum engineer who taught Russian part-time. Oswald had purportedly been referred to Gregory as someone who could certify his Russianlanguage skills."
BKR-0096,PART_1,7,7:24,PRIMARY_CONTEMPORARY_NEWS,B,2,,"nschildt, J Am a Patsy! I Am a Patsy! (unpublished), p",Time,,,,226,"Baker cites this in support of the surrounding discussion: In his own testimony, Bouhe told Jenner that he had been wary of Oswald at first. He said he had even worried about attending an initial welcome dinner for the Oswalds thrown by Peter Paul Gregory, Oswald’s first White Russian contact on returning from the USSR.",,De Mohrenschildt; George de Mohrenschildt; House Select Committee; House Select Committee on Assassinations,1,1,TRUE,FALSE,FALSE,FALSE,TRUE,FALSE,FALSE,Important primary evidence or strongly relevant secondary/archival material worth early acquisition.,"Ch. 7, note 24: George de Mohrenschildt, J Am a Patsy! I Am a Patsy! (unpublished), p. 226; House Select Committee on Assassinations, vol. I] appendix. De Mohrenschildt was in discussions with a Dutch publisher about a possible book deal at the time of his death."
BKR-0097,PART_1,7,7:27,PRIMARY_CONTEMPORARY_NEWS,B,2,,nschildt’s,Nation,1972,,,,Baker cites this source in chapter 7 in connection with nschildt’s; the OCR text does not preserve a reliable body-note marker for a more precise claim mapping.,,George W. Bush; George de Mohrenschildt; Jimmy Allison. She and Jimmy; Mohrenschildt’s. Holloway’s; Patrick Holloway; Republic National Bank Building,1,1,TRUE,FALSE,FALSE,FALSE,FALSE,FALSE,FALSE,Important primary evidence or strongly relevant secondary/archival material worth early acquisition.,"Ch. 7, note 27: Bush’s original lawyer was Patrick Holloway, member of a law firm in the Republic National Bank Building with its offices on the same floor as George de Mohrenschildt’s. Holloway’s wife Linda would later divorce him and end up marrying Bush’s friend and political lieutenant Jimmy Allison. She and Jimmy would end up effectively babysitting George W. Bush in Alabama in 1972 when he got in trouble with his Guard unit."
BKR-0098,PART_1,7,7:32,PRIMARY_INTERVIEW,A,2,Pat Holloway,Interview with Pat Holloway,,"March 11, 2008",,,,"Baker cites this in support of the surrounding discussion: immediate. For instance, on the evening of November 25, LBJ and Martin Luther King talked, and LBJ said, “It’s just an impossible period—we’ve got a budget coming up.” That morning, he told Joe Alsop that “the President must not inject himself into, uh, local killings,” to which Alsop immediately replied, “I agree with that, but in this case it does happen to be the killing of the President.” Also on the same day LBJ told Hoover, “We can’t be checking up on every shooting scrape in the country.”",,Brown and Root; Pat Holloway,1,1,FALSE,TRUE,FALSE,FALSE,FALSE,FALSE,FALSE,Important primary evidence or strongly relevant secondary/archival material worth early acquisition.,"Ch. 7, note 32: Author interview with Pat Holloway, March 11, 2008. Halliburton had merged with Brown and Root in 1962."
BKR-0099,PART_1,7,7:35,SECONDARY_BOOK,B,2,J. Gilberto Quezada,Border Boss: Manuel B. Bravo and Zapata County,"College Station: Texas A&M University Press, 1999",1999,,,,Baker cites this source in chapter 7 in connection with Border Boss: Manuel B. Bravo and Zapata County; the OCR text does not preserve a reliable body-note marker for a more precise claim mapping.,,Border Boss; College Station; J. Gilberto Quezada; Manuel B. Bravo and Zapata County; University Press,1,1,FALSE,FALSE,FALSE,FALSE,FALSE,FALSE,FALSE,Important primary evidence or strongly relevant secondary/archival material worth early acquisition.,"Ch. 7, note 35: J. Gilberto Quezada, Border Boss: Manuel B. Bravo and Zapata County (College Station: Texas A&M University Press, 1999)."
BKR-0100,PART_1,8,8:6,PRIMARY_INTERVIEW,A,2,Cathryn Wolfman,Interview with Cathryn Wolfman,,"November 21, 2006",,,,Baker cites this source in chapter 8 in connection with Interview with Cathryn Wolfman; the OCR text does not preserve a reliable body-note marker for a more precise claim mapping.,,Cathryn Wolfman; John Kerry’s; Vietnam War,1,1,FALSE,TRUE,FALSE,FALSE,FALSE,FALSE,FALSE,Important primary evidence or strongly relevant secondary/archival material worth early acquisition.,"Ch. 8, note 6: Author interview with Cathryn Wolfman, November 21, 2006. Wolfman recalled that W. rarely displayed any interest in politics. “I thought he’d be a stockbroker,” she said. Had the two discussed politics, they might have broken up sooner: Wolfman says she was against the Vietnam War; in 2004 she donated to John Kerry’s bid to unseat W."
BKR-0101,PART_1,8,8:7,PRIMARY_CONTEMPORARY_NEWS,B,2,,secuted in this period on tax charges by the crusading attorney general Bobby Kennedy a few months before the JFK assassination—one of numerous Bush family friends to face investigati,Nation,,JFK assassination,,,Baker cites this source in chapter 8 in connection with secuted in this period on tax charges by the crusading attorney general Bobby Kennedy a few months before the JFK assassination—one of numerous Bush family friends to face investigati; the OCR text does not preserve a reliable body-note marker for a more precise claim mapping.,,Bobby Kennedy; Kennedy White House,1,1,TRUE,FALSE,FALSE,TRUE,TRUE,FALSE,FALSE,Important primary evidence or strongly relevant secondary/archival material worth early acquisition.,"Ch. 8, note 7: Tina’s uncle Igor was prosecuted in this period on tax charges by the crusading attorney general Bobby Kennedy a few months before the JFK assassination—one of numerous Bush family friends to face investigation by the Kennedy White House—and would later write in a book how he planned to “tear the robe of respectability” off RFK."
BKR-0102,PART_1;PART_2;PART_3,8;15;20,8:8;8:29;8:33;8:42;8:4;15:11;20:25,SECONDARY_BOOK,B,2,Bill Minutaglio,First Son: George W. Bush and the Bush Family Dynasty,"New York: Three Rivers Press, 1999",1999,,,124-125; 139; 143; 148; 175-76; 184,Baker cites this source in chapter 8 in connection with First Son: George W. Bush and the Bush Family Dynasty; the OCR text does not preserve a reliable body-note marker for a more precise claim mapping. | Baker cites this source in chapter 15 in connection with First Son: George W. Bush and the Bush Family Dynasty; the OCR text does not preserve a reliable body-note marker for a more precise claim mapping. | Baker cites this source in chapter 20 in connection with First Son: George W. Bush and the Bush Family Dynasty; the OCR text does not preserve a reliable body-note marker for a more precise claim mapping.,,Bill Minutaglio; Family Dynasty; First Son; George W. Bush; George W. Bush and the Bush; Three Rivers Press,7,3,FALSE,FALSE,FALSE,FALSE,FALSE,FALSE,FALSE,Important primary evidence or strongly relevant secondary/archival material worth early acquisition.,"Ch. 8, note 8: Bill Minutaglio, First Son: George W. Bush and the Bush Family Dynasty (New York: Three Rivers Press, 1999), pp. 124-125. This book, published before the 2000 election, provides the most comprehensive study of W.’s rise to power in Texas. || Ch. 8, note 29: Minutaglio, First Son, p. 139. || Ch. 8, note 33: Minutaglio, First Son, p. 143 || Ch. 8, note 42: Minutaglio, First Son, p. 148. || Ch. 8, note 4: Minutaglio, First Son, p. 148. || Ch. 15, note 11: Bill Minutaglio, First Son: George W. Bush and the Bush Family Dynasty (New York: Three Rivers Press, 1999). p. 184. || Ch. 20, note 25: Bill Minutaglio, First Son: George W. Bush and the Bush Family Dynasty (New York: Three Rivers Press, 1999), pp. 175-76."
BKR-0103,PART_1;PART_2;PART_3,8;13;14;15,8:12;13:50;14:26;14:29;14:32;15:4;15:8;15:18,PRIMARY_INTERVIEW,A,2,Bill White,Interview with Bill White,,"July 18, 2004",,,,"Baker cites this source in chapter 8 in connection with Interview with Bill White; the OCR text does not preserve a reliable body-note marker for a more precise claim mapping. | Baker cites this source in chapter 13 in connection with Interview with Bill White; the OCR text does not preserve a reliable body-note marker for a more precise claim mapping. | Baker cites this source in chapter 14 in connection with Interview with Bill White; the OCR text does not preserve a reliable body-note marker for a more precise claim mapping. | Baker cites this in support of the surrounding discussion: Bush is the only Harvard Business School graduate that I know of who ever left there without a goddamned job?” asked Bill White, former business partner of W.’s friend Jim Bath and himself a Harvard Business School graduate. “He had fifty-three job interviews with Fortune 500 companies, McKinsey and Company, Booz Allen, everybody wants Harvard people. But Bush came back to [Texas] with no job!” | Baker cites this source in chapter 15 in connection with Interview with Bill White; the OCR text does not preserve a reliable body-note marker for a more precise claim mapping.",,Bill White,8,5,FALSE,TRUE,FALSE,FALSE,FALSE,FALSE,FALSE,Important primary evidence or strongly relevant secondary/archival material worth early acquisition.,"Ch. 8, note 12: Author interview with Bill White, July 18, 2004. || Ch. 13, note 50: CBC interview with Bill White. || Ch. 14, note 26: CBC interview with Bill White. || Ch. 14, note 29: CBC interview with Bill White. || Ch. 14, note 32: Author interview with Bill White, November 14, 2006. || Ch. 15, note 4: Author interview with Bill White, November 14, 2006. || Ch. 15, note 8: CBC interview with Bill White. || Ch. 15, note 18: CBC interview with Bill White."
BKR-0104,PART_1,8,8:17,PRIMARY_INTERVIEW,A,2,Inge Honneus,Interview with Inge Honneus,,"April 11, 2006",,,,Baker cites this source in chapter 8 in connection with Interview with Inge Honneus; the OCR text does not preserve a reliable body-note marker for a more precise claim mapping.,,Inge Honneus,1,1,FALSE,TRUE,FALSE,FALSE,FALSE,FALSE,FALSE,Important primary evidence or strongly relevant secondary/archival material worth early acquisition.,"Ch. 8, note 17: Author interview with Inge Honneus, April 11, 2006."
BKR-0105,PART_1,8,8:27,PRIMARY_INTERVIEW,A,2,Jo Thomas,Interview with Jo Thomas,,"Syracuse, New York, August 28, 2004",,,,Baker cites this source in chapter 8 in connection with Interview with Jo Thomas; the OCR text does not preserve a reliable body-note marker for a more precise claim mapping.,,Jo Thomas,1,1,FALSE,TRUE,FALSE,FALSE,FALSE,FALSE,FALSE,Important primary evidence or strongly relevant secondary/archival material worth early acquisition.,"Ch. 8, note 27: Author interview with Jo Thomas, Syracuse, New York, August 28, 2004."
BKR-0106,PART_1,8,8:28,PRIMARY_INTERVIEW,A,2,David Klausmeyer,Interview with David Klausmeyer,,"November 14, 2006",,,,Baker cites this source in chapter 8 in connection with Interview with David Klausmeyer; the OCR text does not preserve a reliable body-note marker for a more precise claim mapping.,,David Klausmeyer,1,1,FALSE,TRUE,FALSE,FALSE,FALSE,FALSE,FALSE,Important primary evidence or strongly relevant secondary/archival material worth early acquisition.,"Ch. 8, note 28: Author interview with David Klausmeyer, November 14, 2006."
BKR-0107,PART_1,8,8:31,PRIMARY_CONTEMPORARY_NEWS,B,2,,"Senate campaign, with which W",Time,1968,,,,"Baker cites this source in chapter 8 in connection with Senate campaign, with which W; the OCR text does not preserve a reliable body-note marker for a more precise claim mapping.",,Edward Gurey’s; Florida Senate; Jimmy Allison; Midland. He; Richard Nixon; Richard Nixon’s,1,1,TRUE,FALSE,FALSE,FALSE,FALSE,FALSE,FALSE,Important primary evidence or strongly relevant secondary/archival material worth early acquisition.,"Ch. 8, note 31: Jimmy Allison had been a newspaper publisher in Midland. He left that to run Poppy’s congressional campaigns and D.C. congressional office, as well as Edward Gurey’s 1968 Florida Senate campaign, with which W. had been involved. The wealthy Blount was seeking political office for the first time, and Allison’s job was to get him elected—and importantly to add Alabama’s electoral votes to Richard Nixon’s landslide."
BKR-0108,PART_1,8,8:34;8:43,PRIMARY_INTERVIEW,A,2,Linda Allison,Interview with Linda Allison,,"July 20, 2004",,,,Baker cites this source in chapter 8 in connection with Interview with Linda Allison; the OCR text does not preserve a reliable body-note marker for a more precise claim mapping.,,Linda Allison,2,1,FALSE,TRUE,FALSE,FALSE,FALSE,FALSE,FALSE,Important primary evidence or strongly relevant secondary/archival material worth early acquisition.,"Ch. 8, note 34: Author interview with Linda Allison, July 20, 2004. || Ch. 8, note 43: Author interview with Linda Allison, July 20, 2004."
BKR-0109,PART_1;PART_3,8;20,8:35;8:51;20:4,SECONDARY_BOOK,B,2,James Moore,"Bush's War for Reelection: Iraq, the White House, and the People","Hoboken, NJ: Wiley, 2004",2004,,,150; 171; 222,"Baker cites this source in chapter 8 in connection with Bush's War for Reelection: Iraq, the White House, and the People; the OCR text does not preserve a reliable body-note marker for a more precise claim mapping. | Baker cites this source in chapter 20 in connection with Bush's War for Reelection: Iraq, the White House, and the People; the OCR text does not preserve a reliable body-note marker for a more precise claim mapping.",,Bush's War for Reelection; Bush’s War for Reelection; Iraq; James Moore; John Wiley & Sons; White House; White House and the People,3,2,FALSE,FALSE,FALSE,FALSE,TRUE,FALSE,FALSE,Important primary evidence or strongly relevant secondary/archival material worth early acquisition.,"Ch. 8, note 35: James Moore, Bush's War for Reelection: Iraq, the White House, and the People (Hoboken, NJ: Wiley, 2004), p. 150. || Ch. 8, note 51: Moore, Bush’s War for Reelection, p. 171. || Ch. 20, note 4: James Moore, Bush's War for Reelection: Iraq, the White House and the People (New York: John Wiley & Sons, 2004), p. 222."
BKR-0110,PART_1,8,8:40,PRIMARY_INTERVIEW,A,2,Janet Linke,Interview with Janet Linke,,"September 29, 2004",,,,Baker cites this source in chapter 8 in connection with Interview with Janet Linke; the OCR text does not preserve a reliable body-note marker for a more precise claim mapping.,,Janet Linke,1,1,FALSE,TRUE,FALSE,FALSE,FALSE,FALSE,FALSE,Important primary evidence or strongly relevant secondary/archival material worth early acquisition.,"Ch. 8, note 40: Author interview with Janet Linke, September 29, 2004."
BKR-0111,PART_1;PART_2,8;13,8:41;8:44;13:9,PRIMARY_INTERVIEW,A,2,Dr,Interview with Dr,,"July 23, 2004",,,,Baker cites this source in chapter 8 in connection with Interview with Dr; the OCR text does not preserve a reliable body-note marker for a more precise claim mapping. | Baker cites this source in chapter 13 in connection with Interview with Dr; the OCR text does not preserve a reliable body-note marker for a more precise claim mapping.,,Bush White House; Dr. John Andrew Harris; Dr. Richard Mayo,3,2,FALSE,TRUE,FALSE,FALSE,FALSE,FALSE,FALSE,Important primary evidence or strongly relevant secondary/archival material worth early acquisition.,"Ch. 8, note 41: Author interview with Dr. Richard Mayo, July 23, 2004. || Ch. 8, note 44: Author interview with Dr. John Andrew Harris, the dentist who examined Bush, August 23,2004, and dental record released by the Bush White House. || Ch. 13, note 9: Author interview with Dr. Richard Mayo, July 23, 2004."
BKR-0112,PART_1,8,8:49,PRIMARY_INTERVIEW,A,2,Jack Gazelle,Interview with Jack Gazelle,,"August 2, 2004",,,,Baker cites this source in chapter 8 in connection with Interview with Jack Gazelle; the OCR text does not preserve a reliable body-note marker for a more precise claim mapping.,,Jack Gazelle,1,1,FALSE,TRUE,FALSE,FALSE,FALSE,FALSE,FALSE,Important primary evidence or strongly relevant secondary/archival material worth early acquisition.,"Ch. 8, note 49: Author interview with Jack Gazelle, August 2, 2004."
BKR-0113,PART_1,8,8:50,PRIMARY_INTERVIEW,A,2,Jimmy Wynn,Interview with Jimmy Wynn,,"July 24, 2004",,,,Baker cites this source in chapter 8 in connection with Interview with Jimmy Wynn; the OCR text does not preserve a reliable body-note marker for a more precise claim mapping.,,Jimmy Wynn,1,1,FALSE,TRUE,FALSE,FALSE,FALSE,FALSE,FALSE,Important primary evidence or strongly relevant secondary/archival material worth early acquisition.,"Ch. 8, note 50: Author interview with Jimmy Wynn, July 24, 2004."
BKR-0114,PART_2,9,9:10,SECONDARY_BOOK,B,2,Anthony Summers,The Arrogance of Power: The Secret World of Richard Nixon,"New York: Penguin Books, 2000",2000,,,46-47,Baker cites this source in chapter 9 in connection with The Arrogance of Power: The Secret World of Richard Nixon; the OCR text does not preserve a reliable body-note marker for a more precise claim mapping.,,Anthony Summers; Penguin Books; Richard Nixon,1,1,FALSE,FALSE,FALSE,TRUE,FALSE,FALSE,FALSE,Important primary evidence or strongly relevant secondary/archival material worth early acquisition.,"Ch. 9, note 10: Anthony Summers, The Arrogance of Power: The Secret World of Richard Nixon (New York: Penguin Books, 2000), pp. 46-47."
BKR-0115,PART_2,9,9:11,SECONDARY_BOOK,B,2,Roger Morris,Richard Milhous Nixon,"New York: Henry Holt, 1990",1990,,,257,Baker cites this source in chapter 9 in connection with Richard Milhous Nixon; the OCR text does not preserve a reliable body-note marker for a more precise claim mapping.,,Henry Holt; Richard Milhous Nixon; Roger Morris,1,1,FALSE,FALSE,FALSE,FALSE,FALSE,FALSE,FALSE,Important primary evidence or strongly relevant secondary/archival material worth early acquisition.,"Ch. 9, note 11: Roger Morris, Richard Milhous Nixon (New York: Henry Holt, 1990), pp. 257, 261."
BKR-0116,PART_2,9;13,9:20;13:28,PRIMARY_CONTEMPORARY_NEWS,B,2,,security,Nation,,,,,Baker cites this source in chapter 9 in connection with security; the OCR text does not preserve a reliable body-note marker for a more precise claim mapping. | Baker cites this source in chapter 13 in connection with security; the OCR text does not preserve a reliable body-note marker for a more precise claim mapping.,,Department of Defenseto; In March; Robert B. Anderson; Saudi National Guard; Texas Mid-Continent Oil and Gas Association; Vinnell Corporation,2,2,TRUE,FALSE,FALSE,TRUE,TRUE,FALSE,FALSE,Important primary evidence or strongly relevant secondary/archival material worth early acquisition.,"Ch. 9, note 20: As president, Eisenhower stopped a grand jury investigation into the “International petroleum cartel” on the basis of “national security.” Eisenhower chose Robert B. Anderson, president of the Texas Mid-Continent Oil and Gas Association, as his secretary of the Navy, deputy secretary of defense, and secretary of the treasury. || Ch. 13, note 28: In March 1973, an American firm, Vinnell Corporation, was hired by the Department of Defenseto “modernize” the Saudi National Guard, and has ever since played a major role in the kingdom’s internal security. Vinnell had a long history of association with U.S. intelligence and had been involved in arming and supplying Chinese anti-Communist forces in the 1940s."
BKR-0117,PART_2,9,9:24,PRIMARY_CONTEMPORARY_NEWS,B,2,,Senate bid,New York Times,1964,,,,"Baker cites this in support of the surrounding discussion: Outside the small circle of longtime Nixon loyalists, the Bush group seems to have fared better than any other party faction in Nixon’s first administration. Bill Clements, Poppy’s friend and sometime oil drilling partner, became deputy secretary of defense, a position that involved securing oil for the U.S. military.","Original interview referenced or described by this secondary source, with complete provenance",Bill Clements; Donald Rums-feld; Dresser Industries; Dresser. In; During the; Gulf of Mexico; Juan Peron; Nixon and Ford; Persian Gulf. Like; U.S. Senate; When Bush,1,1,TRUE,FALSE,FALSE,TRUE,TRUE,FALSE,FALSE,Important primary evidence or strongly relevant secondary/archival material worth early acquisition.,"Ch. 9, note 24: Bill Clements, who would serve under both Nixon and Ford (where his boss was Donald Rums-feld),owned the giant offshore drilling equipment and drilling contractor SEDCO, which was deeply wired into the Bush political machine. During the 1950s, Dresser Industries had recommended SEDCO to the government of Argentine strongman Juan Peron, who was trying to develop Argentina’s oil reserves. SEDCO drilled about one thousand wells for Peron, and bought ten million dollars’ worth of supplies from Dresser. In 1964, Clements served as statewide campaign finance chair for Poppy’s 1964 U.S. Senate bid. When Bush decided to get out of the oil business, as noted in chapter 3, there was discussion about Clements taking over Zapata; instead, the two firms went into a joint venture in the Persian Gulf. Like many of the entities associated with the rise of the Bushes, SEDCO had its share of international crises requiring a friendly ear in Washington: the company was involved in the world’s largest oil spill (in the Gulf of Mexico) and later filed suit against the revolutionary Iranian government over the seizure of its rigs. When a New York Times reporter tried to interview Clements’s son, the company’s president, he declined, explaining, “We like to keep a low profile.”"
BKR-0118,PART_2,9,9:27,PRIMARY_CONTEMPORARY_NEWS,B,2,,sector largely identified with liberal values and criticism of the establishment,Nation,1969,,,,Baker cites this source in chapter 9 in connection with sector largely identified with liberal values and criticism of the establishment; the OCR text does not preserve a reliable body-note marker for a more precise claim mapping.,,In April; Republican National Committee,1,1,TRUE,FALSE,FALSE,TRUE,FALSE,FALSE,FALSE,Important primary evidence or strongly relevant secondary/archival material worth early acquisition.,"Ch. 9, note 27: In April 1969, shortly after Morton was named Republican National Committee chair, he and Bush called for the IRS to create a division to begin examining nonprofit groups—then a quickly growing sector largely identified with liberal values and criticism of the establishment."
BKR-0119,PART_2,9,9:28,SECONDARY_BOOK,B,2,Iwan W. Morgan,Nixon,"London: Hodder Arnold, 2002",2002,,,125,"Baker cites this in support of the surrounding discussion: But especially in his first term, he worked to accommodate both sides, while he and Kissinger fashioned foreign policy themselves, in a way that bypassed the Pentagon, the CIA, and even the State Department. He wasn’t about to let the “the striped-pants faggots on Foggy Bottom” tell him what to do, he said, and that included the Yalies at the CIA.",,CIA; Hodder Arnold; Iwan W. Morgan,1,1,FALSE,FALSE,FALSE,FALSE,FALSE,FALSE,FALSE,Important primary evidence or strongly relevant secondary/archival material worth early acquisition.,"Ch. 9, note 28: Iwan W. Morgan, Nixon (London: Hodder Arnold, 2002), p. 125."
BKR-0120,PART_2,9,9:29,SECONDARY_BOOK,B,2,Stephen E. Ambrose,"Nixon: The Triumph of a Politician, 1962-1972","New York: Simon & Schuster, 1989",1962,,,234,"Baker cites this source in chapter 9 in connection with Nixon: The Triumph of a Politician, 1962-1972; the OCR text does not preserve a reliable body-note marker for a more precise claim mapping.",,Simon & Schuster; Stephen E. Ambrose,1,1,FALSE,FALSE,FALSE,FALSE,TRUE,FALSE,FALSE,Important primary evidence or strongly relevant secondary/archival material worth early acquisition.,"Ch. 9, note 29: Stephen E. Ambrose, Nixon: The Triumph of a Politician, 1962-1972 (New York: Simon & Schuster, 1989), p. 234."
BKR-0121,PART_2,9,9:30,SECONDARY_BOOK,B,2,For the best account of this,"see Robert Dallek, Nixon and Kissinger: Partners in Power","New York: Harper Collins, 2007",2007,,,,"Baker cites this source in chapter 9 in connection with see Robert Dallek, Nixon and Kissinger: Partners in Power; the OCR text does not preserve a reliable body-note marker for a more precise claim mapping.",,Harper Collins; Nixon and Kissinger; Robert Dallek,1,1,FALSE,FALSE,FALSE,FALSE,FALSE,FALSE,FALSE,Important primary evidence or strongly relevant secondary/archival material worth early acquisition.,"Ch. 9, note 30: For the best account of this, see Robert Dallek, Nixon and Kissinger: Partners in Power (New York: Harper Collins, 2007)."
BKR-0122,PART_2,9,9:36,PRIMARY_CONTEMPORARY_NEWS,B,2,Robert Baskin,"Liberals Conclude Nixon Lost to Right,",Dallas Morning News,"July 9, 1969",,,,"Baker cites this source in chapter 9 in connection with Liberals Conclude Nixon Lost to Right,; the OCR text does not preserve a reliable body-note marker for a more precise claim mapping.",,Dallas Morning News; Liberals Conclude Nixon Lost; Robert Baskin,1,1,TRUE,FALSE,FALSE,FALSE,FALSE,FALSE,FALSE,Important primary evidence or strongly relevant secondary/archival material worth early acquisition.,"Ch. 9, note 36: Robert Baskin, “Liberals Conclude Nixon Lost to Right,” Dallas Morning News, July 9, 1969."
BKR-0123,PART_2,9,9:44,SECONDARY_BOOK,B,2,William Safire,Before the Fall: An Inside Look at the Pre-Watergate White House,"Garden City, NY: Doubleday, 1975",1975,,,646,Baker cites this source in chapter 9 in connection with Before the Fall: An Inside Look at the Pre-Watergate White House; the OCR text does not preserve a reliable body-note marker for a more precise claim mapping.,,An Inside Look; Before the Fall; Garden City; Pre-Watergate White House; Watergate; William Safire,1,1,FALSE,FALSE,FALSE,FALSE,TRUE,FALSE,FALSE,Important primary evidence or strongly relevant secondary/archival material worth early acquisition.,"Ch. 9, note 44: William Safire, Before the Fall: An Inside Look at the Pre-Watergate White House (Garden City, NY: Doubleday, 1975), p. 646."
BKR-0124,PART_2,10;11,10:2;11:77,SECONDARY_BOOK,B,2,H. R. Haldeman,The Haldeman Diaries: Inside the Nixon White House,"New York: G. P. Putnam’s Sons, 1994",1994,,,31; 472,"Baker cites this in support of the surrounding discussion: Ordered me to assemble a political group and really hit them to start defending us, including Buchanan .. . [and political specialist Harry] Dent. | Baker cites this source in chapter 11 in connection with The Haldeman Diaries: Inside the Nixon White House; the OCR text does not preserve a reliable body-note marker for a more precise claim mapping.",,Arlington House; G. P. Putnam’s Sons; Give Us This Day; H. R. Haldeman; H.R. Haldeman; Howard Hunt; Inside the Nixon White House; New Rochelle,2,2,FALSE,FALSE,FALSE,FALSE,FALSE,FALSE,FALSE,Important primary evidence or strongly relevant secondary/archival material worth early acquisition.,"Ch. 10, note 2: H. R. Haldeman, The Haldeman Diaries: Inside the Nixon White House (New York: G. P. Putnam’s Sons, 1994), p. 31. Howard Hunt, Give Us This Day (New Rochelle, NY: Arlington House, 1973), p. 40. es || Ch. 11, note 77: H.R. Haldeman, The Haldeman Diaries: Inside the Nixon White House (New York: G. P. Putnam’s Sons, 1994), p. 472."
BKR-0125,PART_2,10,10:6,PRIMARY_LEGAL,A,2,,"Deposition of Richard Helms, in Hunt v. Weberman.",,,,,,"Baker cites this source in chapter 10 in connection with Deposition of Richard Helms, in Hunt v. Weberman.; the OCR text does not preserve a reliable body-note marker for a more precise claim mapping.",,Deposition of Richard Helms,1,1,TRUE,FALSE,FALSE,FALSE,FALSE,TRUE,TRUE,Important primary evidence or strongly relevant secondary/archival material worth early acquisition.,"Ch. 10, note 6: Deposition of Richard Helms, in Hunt v. Weberman."
BKR-0126,PART_2,10,10:8,PRIMARY_CONTEMPORARY_NEWS,B,2,Carl Freund,"Nixon Predicts JFK May Drop Johnson,",Dallas Morning News,"November 22, 1963",JFK May Drop Johnson,,,"Baker cites this source in chapter 10 in connection with Nixon Predicts JFK May Drop Johnson,; the OCR text does not preserve a reliable body-note marker for a more precise claim mapping.",,Carl Freund; Dallas Morning News; Nixon Predicts JFK May Drop Johnson,1,1,TRUE,FALSE,FALSE,FALSE,FALSE,FALSE,FALSE,Important primary evidence or strongly relevant secondary/archival material worth early acquisition.,"Ch. 10, note 8: Carl Freund, “Nixon Predicts JFK May Drop Johnson,” Dallas Morning News (early edition), November 22, 1963."
BKR-0127,PART_2,10,10:9,SECONDARY_BOOK,B,2,Stephen Ambrose,"Nixon: The Triumph of a Politician, 1962-1972","New York: Simon & Schuster, 1989",1962,,,32,"Baker cites this source in chapter 10 in connection with Nixon: The Triumph of a Politician, 1962-1972; the OCR text does not preserve a reliable body-note marker for a more precise claim mapping.",,Simon & Schuster; Stephen Ambrose,1,1,FALSE,FALSE,FALSE,FALSE,TRUE,FALSE,FALSE,Important primary evidence or strongly relevant secondary/archival material worth early acquisition.,"Ch. 10, note 9: Stephen Ambrose, Nixon: The Triumph of a Politician, 1962-1972 (New York: Simon & Schuster, 1989), p. 32."
BKR-0128,PART_2,10,10:12,ARCHIVAL_COLLECTION,A,2,,"“Nixon to Robert Humphreys, 11/7/63,” Nixon vice presidential papers (Laguna Niguel, California),quoted in Ambrose, Nixon, 1962—72, p.",,1962,,,31,"Baker cites this source in chapter 10 in connection with “Nixon to Robert Humphreys, 11/7/63,” Nixon vice presidential papers (Laguna Niguel, California),quoted in Ambrose, Nixon, 1962—72, p.; the OCR text does not preserve a reliable body-note marker for a more precise claim mapping.",,Laguna Niguel; Robert Humphreys,1,1,TRUE,FALSE,TRUE,FALSE,FALSE,FALSE,FALSE,Important primary evidence or strongly relevant secondary/archival material worth early acquisition.,"Ch. 10, note 12: “Nixon to Robert Humphreys, 11/7/63,” Nixon vice presidential papers (Laguna Niguel, California),quoted in Ambrose, Nixon, 1962—72, p. 31."
BKR-0129,PART_2,10,10:17,PRIMARY_CONTEMPORARY_NEWS,B,2,,FBI JFK Assassination File 62-109060,Nation,,FBI JFK Assassination File 62-109060; File 62-109060,Mary Ferrell Foundation; FBI,,Baker cites this source in chapter 10 in connection with FBI JFK Assassination File 62-109060; the OCR text does not preserve a reliable body-note marker for a more precise claim mapping.,"Original FBI/File referenced or described by this secondary source, with complete provenance",FBI; FBI JFK Assassination File; Mary Ferrell Foundation,1,1,TRUE,FALSE,TRUE,FALSE,TRUE,FALSE,FALSE,Important primary evidence or strongly relevant secondary/archival material worth early acquisition.,"Ch. 10, note 17: FBI JFK Assassination File 62-109060. Available through the Mary Ferrell Foundation."
BKR-0130,PART_2,10,10:19,SECONDARY_BOOK,B,2,Robert Dallek,Partners in Power: Nixon and Kissinger,"New York: HarperCollins, 2007",2007,,,434,Baker cites this source in chapter 10 in connection with Partners in Power: Nixon and Kissinger; the OCR text does not preserve a reliable body-note marker for a more precise claim mapping.,,Nixon and Kissinger; Robert Dallek,1,1,FALSE,FALSE,FALSE,FALSE,FALSE,FALSE,FALSE,Important primary evidence or strongly relevant secondary/archival material worth early acquisition.,"Ch. 10, note 19: Robert Dallek, Partners in Power: Nixon and Kissinger (New York: HarperCollins, 2007), p. 434."
BKR-0131,PART_2,10,10:25,PRIMARY_LEGAL,A,2,,secrecy were ultimately defeated,,1972,,,viii,Baker cites this source in chapter 10 in connection with secrecy were ultimately defeated; the OCR text does not preserve a reliable body-note marker for a more precise claim mapping.,,Among the; Campaign Money; Common Cause’s; Herbert Alexander; Re-elect the President; Watergate,1,1,TRUE,FALSE,FALSE,TRUE,TRUE,FALSE,FALSE,Important primary evidence or strongly relevant secondary/archival material worth early acquisition.,"Ch. 10, note 25: Such efforts in secrecy were ultimately defeated. By 1972, Common Cause’s lawsuit against the Committee to Re-elect the President (CREEP) bore substantial results: through the discovery pro cess, its lawyers were able to identify the major donors to townhouse. “Among the gifts disclosed,” wrote Herbert Alexander in Campaign Money, “were funds that financed some of the most unsavory episodes of Watergate.” Ibid., p. viii."
BKR-0132,PART_2,10;11,10:27;11:32,PRIMARY_CONTEMPORARY_NEWS,B,2,Jeff Gerth with Robert Pear,"Files Detail Aid to Bush by Nixon White House,",New York Times,"June 11, 1992",,,,"Baker cites this source in chapter 10 in connection with Files Detail Aid to Bush by Nixon White House,; the OCR text does not preserve a reliable body-note marker for a more precise claim mapping. | Baker cites this source in chapter 11 in connection with Files Detail Aid to Bush by Nixon White House,; the OCR text does not preserve a reliable body-note marker for a more precise claim mapping.","Original Files referenced or described by this secondary source, with complete provenance",Files Detail Aid; Jeff Gerth; Nixon White House; Robert Pear,2,2,TRUE,FALSE,FALSE,FALSE,FALSE,FALSE,FALSE,Important primary evidence or strongly relevant secondary/archival material worth early acquisition.,"Ch. 10, note 27: Jeff Gerth with Robert Pear, “Files Detail Aid to Bush by Nixon White House,” New York Times, June 11, 1992. || Ch. 11, note 32: Jeff Gerth with Robert Pear, “Files Detail Aid to Bush by Nixon White House,” New York Times, June 11, 1992."
BKR-0133,PART_2,10;11,10:28;11:63,PRIMARY_CONTEMPORARY_NEWS,B,2,,"cial Prosecutor, to Leon Jaworski, Special Prosecutor,August 19, 1974",Nation,"August 19, 1974",,National Archives,,"Baker cites this source in chapter 10 in connection with cial Prosecutor, to Leon Jaworski, Special Prosecutor,August 19, 1974; the OCR text does not preserve a reliable body-note marker for a more precise claim mapping. | Baker cites this source in chapter 11 in connection with cial Prosecutor, to Leon Jaworski, Special Prosecutor,August 19, 1974; the OCR text does not preserve a reliable body-note marker for a more precise claim mapping.","Original Memorandum referenced or described by this secondary source, with complete provenance",Assistant Special Prosecutor; Charles Ruff; Leon Jaworski; National Archives; National Archives and Rec; Special Prosecutor,2,2,TRUE,FALSE,TRUE,TRUE,TRUE,FALSE,FALSE,Important primary evidence or strongly relevant secondary/archival material worth early acquisition.,"Ch. 10, note 28: Memorandum from Charles Ruff, Assistant Special Prosecutor, to Leon Jaworski, Special Prosecutor,August 19, 1974. National Archives and Rec ords Administration. || Ch. 11, note 63: Memorandum from Charles Ruff, Assistant Special Prosecutor, to Leon Jaworski, Special Prosecutor, August 19, 1974. National Archives."
BKR-0134,PART_2,10,10:31,PRIMARY_CONTEMPORARY_NEWS,B,2,Herbert Kalmbach,Interview with Herbert Kalmbach,Nation,"October 11, 1973, townhouse files, National Archives and Rec ords Administration",,National Archives,,Baker cites this source in chapter 10 in connection with Interview with Herbert Kalmbach; the OCR text does not preserve a reliable body-note marker for a more precise claim mapping.,"Original files/interview referenced or described by this secondary source, with complete provenance",Department of Justice; Herbert Kalmbach; John Dean; Lafayette Park; National Archives; National Archives and Rec; White House,1,1,TRUE,FALSE,TRUE,TRUE,FALSE,FALSE,FALSE,Important primary evidence or strongly relevant secondary/archival material worth early acquisition.,"Ch. 10, note 31: When I called Kalmbach in 2008, he declined to discuss the subject, citing his age— eighty-seven—and attorney-client privilege, “and all that.” He told prosecutors that he sat in on Townhouse planning meetings and solicited funds from large contributors (though these were to go to the campaign in general, he stated, rather than to specific candidates), and insisted that he never gave cash to any specific candidates. (Department of Justice interview with Herbert Kalmbach, October 11, 1973, townhouse files, National Archives and Rec ords Administration.) On June 29, 1972, White House counsel John Dean met with Kalmbach on a bench in Lafayette Park across from the White House. “We would like you to raise funds for the burglars,” Dean told Kalmbach, whereupon Nixon’s attorney, believing the president was in full approval, agreed."
BKR-0135,PART_2,10,10:35,PRIMARY_CONTEMPORARY_NEWS,B,2,the author Dick Russell,Interview with the author Dick Russell,Time,"August 20, 1978",JFK Died; CIA memo; reportedly,CIA,,Baker cites this source in chapter 10 in connection with Interview with the author Dick Russell; the OCR text does not preserve a reliable body-note marker for a more precise claim mapping.,"Original CIA/interview/memo referenced or described by this secondary source, with complete provenance",Army-Navy Club; CIA; Dallas the Day JFK Died; Dick Russell; E. Howard Hunt; E. Howard Hunt’s; House Assassinations Committee; House Committee’s; Howard Hunt; James Angleton and; Joseph J. Trento and Jacquie Powers; Richard Helms; Sunday News Journal; Was Howard Hunt; What I’m,1,1,TRUE,FALSE,TRUE,TRUE,TRUE,FALSE,FALSE,Important primary evidence or strongly relevant secondary/archival material worth early acquisition.,"Ch. 10, note 35: Joseph J. Trento and Jacquie Powers, ““Was Howard Hunt in Dallas the Day JFK Died?” Wilmington (Del.) Sunday News Journal, August 20, 1978. The article described a secret 1966 CIA memo, initialed by both counterintelligence chief James Angleton and director Richard Helms, that cited E. Howard Hunt’s presence in Dallas on November 22, 1963. The memo reportedly noted that a cover story providing him with an alibi for being somewhere else “ought to be considered.” Trento had learned about the memo directly from Angleton. “In 1978, Angleton called and asked me to come down for lunch at the Army-Navy Club,” Trento recalled in an interview with the author Dick Russell. “He said he wanted to talk to me about something. This was as the House Committee’s investigation was winding up, and he told me a number of things concerning the Kennedy assassination and its aftermath. Then he explained some very complicated counter intelligence operations. ‘Did you know Howard Hunt was in Dallas on the day of the assassination? .. . What I’m trying to tell you is, some very odd things were going on that were out of our control.’ Then he added the possibility that Hunt was there on orders from a high-level KGB mole inside the agency—and that this should have been looked into at the time.” Trento said Angleton also informed the House Assassinations Committee. “I later came to conclude that the mole-sent-Hunt idea was, to use his phrase, disinformation; that Angleton was trying to protect his own connections to Hunt’s being in Dallas.”"
BKR-0136,PART_2,10,10:36,PRIMARY_CONTEMPORARY_NEWS,B,2,,House Select Committee on Assassinations,Nation,,,,,Baker cites this source in chapter 10 in connection with House Select Committee on Assassinations; the OCR text does not preserve a reliable body-note marker for a more precise claim mapping.,,House Select Committee; House Select Committee on Assassinations,1,1,TRUE,FALSE,FALSE,FALSE,TRUE,FALSE,FALSE,Important primary evidence or strongly relevant secondary/archival material worth early acquisition.,"Ch. 10, note 36: Various sources, including: the House Select Committee on Assassinations"
BKR-0137,PART_2,10;11,10:36;11:23,SECONDARY_BOOK,B,2,James Rosen,The Strong Man: John Mitchell and the Secrets of Watergate,"New York: Doubleday, 2008",2008,,,258-75,Baker cites this source in chapter 10 in connection with The Strong Man: John Mitchell and the Secrets of Watergate; the OCR text does not preserve a reliable body-note marker for a more precise claim mapping. | Baker cites this source in chapter 11 in connection with The Strong Man: John Mitchell and the Secrets of Watergate; the OCR text does not preserve a reliable body-note marker for a more precise claim mapping.,,James Rosen; John Mitchell and the Secrets of; Watergate,2,2,FALSE,FALSE,FALSE,TRUE,TRUE,FALSE,FALSE,Important primary evidence or strongly relevant secondary/archival material worth early acquisition.,"Ch. 10, note 36: and James Rosen, The Strong Man: John Mitchell and the Secrets of Watergate (New York: Doubleday, 2008). || Ch. 11, note 23: See also James Rosen, The Strong Man: John Mitchell and the Secrets of Watergate (New York: Doubleday, 2008), pp. 258-75."
BKR-0138,PART_2,10,10:37,ARCHIVAL_COLLECTION,A,2,,"Senate Watergate Committee, has verified the factual accuracy of this material",Charles Wendell Colson Papers,,,Charles Wendell Colson Papers,,"Baker cites this source in chapter 10 in connection with Senate Watergate Committee, has verified the factual accuracy of this material; the OCR text does not preserve a reliable body-note marker for a more precise claim mapping.",,Billy Graham Center; Charles Wendell Colson Papers; Howard Liebengood; Illinois. The; Senate Watergate Committee; Watergate,1,1,TRUE,FALSE,TRUE,FALSE,TRUE,FALSE,FALSE,Important primary evidence or strongly relevant secondary/archival material worth early acquisition.,"Ch. 10, note 37: Charles Wendell Colson Papers, Billy Graham Center, Wheaton, Illinois. The late Howard Liebengood, who served as deputy minority counsel to the Senate Watergate Committee, has verified the factual accuracy of this material."
BKR-0139,PART_2,10,10:40,PRIMARY_CONTEMPORARY_NEWS,B,2,,secret planning and policy regarding United States involvement in Southeast Asia and the Vietnam War,New York Times,"April 29, 1986",report detailing,The Pentagon Papers,,Baker cites this source in chapter 10 in connection with secret planning and policy regarding United States involvement in Southeast Asia and the Vietnam War; the OCR text does not preserve a reliable body-note marker for a more precise claim mapping.,"Original Interview/Papers/papers/report referenced or described by this secondary source, with complete provenance",Daniel Ellsberg; Ellsberg for; Len Colodny of John Ehrlichman; Southeast Asia and the Vietnam War; United States,1,1,TRUE,FALSE,TRUE,TRUE,TRUE,FALSE,FALSE,Important primary evidence or strongly relevant secondary/archival material worth early acquisition.,"Ch. 10, note 40: The Pentagon Papers consisted of a multivolume report detailing top-secret planning and policy regarding United States involvement in Southeast Asia and the Vietnam War. These papers were leaked to the New York Times by Daniel Ellsberg, a former military analyst. They proved that Johnson routinely lied about what was going on in the war to cover up that the situation was much worse than the administration had claimed; the Pentagon was furious. The president, however, initially seemed indifferent, especially since it was LBJ’s administration, not his, that was being embarrassed. According to Ehrlichman, “He was really cranked up pretty hard by Henry [Kissinger] on those.” (Interview by author Len Colodny of John Ehrlichman, April 29, 1986.) Kissinger, who had known Ellsberg for years, sought to convince Nixon that Ellsberg was “the most dangerous man in America today.”"
BKR-0140,PART_2,10,10:41;10:52,ARCHIVAL_COLLECTION,A,2,,Senate Watergate Committee staffer Howard Liebengood,Charles Wendell Colson Papers,,,Charles Wendell Colson Papers,,Baker cites this source in chapter 10 in connection with Senate Watergate Committee staffer Howard Liebengood; the OCR text does not preserve a reliable body-note marker for a more precise claim mapping.,,Billy Graham Center; Charles Wendell Colson Papers; Howard Liebengood; Illinois. Verified; Senate Watergate Committee; Watergate,2,1,TRUE,FALSE,TRUE,FALSE,TRUE,FALSE,FALSE,Important primary evidence or strongly relevant secondary/archival material worth early acquisition.,"Ch. 10, note 41: Charles Wendell Colson Papers, Billy Graham Center, Wheaton, Illinois. Verified by Senate Watergate Committee staffer Howard Liebengood. || Ch. 10, note 52: Charles Wendell Colson Papers, Billy Graham Center, Wheaton, Illinois. Verified by Senate Watergate Committee staffer Howard Liebengood."
BKR-0141,PART_2,10,10:49,PRIMARY_INTERVIEW,A,2,Harry Rosenfeld and Paul R,Interview with Harry Rosenfeld and Paul R,,"September 14, 2008",,,,Baker cites this source in chapter 10 in connection with Interview with Harry Rosenfeld and Paul R; the OCR text does not preserve a reliable body-note marker for a more precise claim mapping.,,Harry Rosenfeld and Paul R. Ignatius,1,1,FALSE,TRUE,FALSE,FALSE,FALSE,FALSE,FALSE,Important primary evidence or strongly relevant secondary/archival material worth early acquisition.,"Ch. 10, note 49: Author interview with Harry Rosenfeld and Paul R. Ignatius, September 14, 2008."
BKR-0142,PART_2,10,10:51,SECONDARY_BOOK,B,2,James M. Perry,"Watergate,",,2003,,,149,"Baker cites this source in chapter 10 in connection with Watergate,; the OCR text does not preserve a reliable body-note marker for a more precise claim mapping.",,Columbia University Press; James M. Perry; Journalistic Decision-Making; Thinking Clearly; Tom Rosenstiel and Amy S. Mitchell; Watergate,1,1,FALSE,FALSE,FALSE,FALSE,TRUE,FALSE,FALSE,Important primary evidence or strongly relevant secondary/archival material worth early acquisition.,"Ch. 10, note 51: James M. Perry, “Watergate,” in Tom Rosenstiel and Amy S. Mitchell, eds., Thinking Clearly: Cases in Journalistic Decision-Making (New York: Columbia University Press, 2003), p. 149."
BKR-0143,PART_2,10,10:57,PRIMARY_CONTEMPORARY_NEWS,B,2,,secret,Washington Post,1975,reporters,,,Baker cites this source in chapter 10 in connection with secret; the OCR text does not preserve a reliable body-note marker for a more precise claim mapping.,,As Sussman; Ben Bradlee; Bob Woodward and Carl Bernstein; Deep Throat; Deep Throat the; Deep Throat’s; Washington Post; Watergate,1,1,TRUE,FALSE,FALSE,TRUE,TRUE,FALSE,FALSE,Important primary evidence or strongly relevant secondary/archival material worth early acquisition.,"Ch. 10, note 57: On the twenty-fifth anniversary of the Watergate break-in, Washington Post editor Sussman wrote that he never knew the identity of Deep Throat—a rare situation, he said, because reporters usually revealed their sources to their editors. Several months after the break-in, Sussman recalled, Woodward approached him with a “minor story” and made “an unusual request: He said he could tell me who the source was if I really wanted to know, but that in this instance he would rather not. I had no problem in acceding.” But on later reflection, it struck him that Post editor Ben Bradlee “wasn’t concerned enough to ask about Deep Throat’s identity” until it was revealed to him after Nixon’s resignation in 1975, or, for that matter, that Bradlee even kept Deep Throat’s identity as secret. As Sussman wryly noted, “This is one of the few secrets Bradlee ever kept.” His final thoughts on the matter are not complimentary toward his own reporters: “The logic of the Deep Throat myth is confounding. On the one hand, Post reporters Bob Woodward and Carl Bernstein deserve credit for helping uncover the Watergate scandal. On the other hand, the basic legend is that one of them, Woodward, did little more than show up with a bread basket that Deep Throat filled with goodies.” In other words, “it can’t work both ways. The greater the importance of Deep Throat the less the achievement of the two reporters.” Sussman’s account can be found on www.watergate.info."
BKR-0144,PART_2,10,10:60,PRIMARY_INTERVIEW,A,2,Pierre Ausloos,Interview with Pierre Ausloos,,"April 22, 2008",,,,Baker cites this source in chapter 10 in connection with Interview with Pierre Ausloos; the OCR text does not preserve a reliable body-note marker for a more precise claim mapping.,,Pierre Ausloos,1,1,FALSE,TRUE,FALSE,FALSE,FALSE,FALSE,FALSE,Important primary evidence or strongly relevant secondary/archival material worth early acquisition.,"Ch. 10, note 60: Author interview with Pierre Ausloos, April 22, 2008."
BKR-0145,PART_2,10,10:62,PRIMARY_INTERVIEW,A,2,John Dean,Interview with John Dean,,"September 12, 2008",,,,Baker cites this source in chapter 10 in connection with Interview with John Dean; the OCR text does not preserve a reliable body-note marker for a more precise claim mapping.,,John Dean,1,1,FALSE,TRUE,FALSE,FALSE,FALSE,FALSE,FALSE,Important primary evidence or strongly relevant secondary/archival material worth early acquisition.,"Ch. 10, note 62: Author interview with John Dean, September 12, 2008"
BKR-0146,PART_2,10,10:69,PRIMARY_CONTEMPORARY_NEWS,B,2,John M. Crewdson,"Nixon Suggests High Court Ruling on Refusing Data,",New York Times,"March 16, 1973",,,,"Baker cites this source in chapter 10 in connection with Nixon Suggests High Court Ruling on Refusing Data,; the OCR text does not preserve a reliable body-note marker for a more precise claim mapping.","Original Court referenced or described by this secondary source, with complete provenance",John M. Crewdson; Nixon Suggests High Court Ruling; Refusing Data,1,1,TRUE,FALSE,FALSE,FALSE,FALSE,FALSE,FALSE,Important primary evidence or strongly relevant secondary/archival material worth early acquisition.,"Ch. 10, note 69: John M. Crewdson, “Nixon Suggests High Court Ruling on Refusing Data,” New York Times, March 16, 1973."
BKR-0147,PART_2,10;11,10:71;10:73;11:46,SECONDARY_BOOK,B,2,Stanley I. Kutler,Abuse of Power: The New Nixon Tapes,"New York: Free Press, 1997",1997,,,241-42; 242; 638,Baker cites this source in chapter 10 in connection with Abuse of Power: The New Nixon Tapes; the OCR text does not preserve a reliable body-note marker for a more precise claim mapping. | Baker cites this source in chapter 11 in connection with Abuse of Power: The New Nixon Tapes; the OCR text does not preserve a reliable body-note marker for a more precise claim mapping.,,Abuse of Power; Free Press; Stanley I. Kutler,3,2,FALSE,FALSE,FALSE,FALSE,FALSE,FALSE,FALSE,Important primary evidence or strongly relevant secondary/archival material worth early acquisition.,"Ch. 10, note 71: Stanley I. Kutler, Abuse of Power: The New Nixon Tapes (New York: Free Press, 1997), pp. 241-42. || Ch. 10, note 73: Kutler, Abuse of Power, p. 242. || Ch. 11, note 46: Kutler, Abuse of Power, p. 638."
BKR-0148,PART_2,10,10:72,SECONDARY_BOOK,B,2,John Ehrlichman,Witness to Power: The Nixon Years,"New York: Simon & Schuster, 1982",1982,,,369,Baker cites this source in chapter 10 in connection with Witness to Power: The Nixon Years; the OCR text does not preserve a reliable body-note marker for a more precise claim mapping.,,John Ehrlichman; Simon & Schuster,1,1,FALSE,FALSE,FALSE,FALSE,FALSE,FALSE,FALSE,Important primary evidence or strongly relevant secondary/archival material worth early acquisition.,"Ch. 10, note 72: John Ehrlichman, Witness to Power: The Nixon Years (New York: Simon & Schuster, 1982), p. 369."
BKR-0149,PART_2,10,10:76,PRIMARY_INTERVIEW,A,2,Stanley Kutler,Interview with Stanley Kutler,,"July 17, 2008",,,,Baker cites this source in chapter 10 in connection with Interview with Stanley Kutler; the OCR text does not preserve a reliable body-note marker for a more precise claim mapping.,,Stanley Kutler,1,1,FALSE,TRUE,FALSE,FALSE,FALSE,FALSE,FALSE,Important primary evidence or strongly relevant secondary/archival material worth early acquisition.,"Ch. 10, note 76: Author interview with Stanley Kutler, July 17, 2008."
BKR-0150,PART_2,10,10:77,PRIMARY_GOVERNMENT,A,2,,"nscript prepared by the Impeachment Inquiry Staff for the House Judiciary Committee of arecording of a meeting on March 13, 1973, from 12:42 P",,"March 13, 1973",,,M,"Baker cites this source in chapter 10 in connection with nscript prepared by the Impeachment Inquiry Staff for the House Judiciary Committee of arecording of a meeting on March 13, 1973, from 12:42 P; the OCR text does not preserve a reliable body-note marker for a more precise claim mapping.",,Impeachment Inquiry Staff for the House; Judiciary Committee of,1,1,TRUE,FALSE,FALSE,FALSE,TRUE,FALSE,FALSE,Important primary evidence or strongly relevant secondary/archival material worth early acquisition.,"Ch. 10, note 77: Transcript prepared by the Impeachment Inquiry Staff for the House Judiciary Committee of arecording of a meeting on March 13, 1973, from 12:42 P.M. to 2:00 P.M."
BKR-0151,PART_2,10,10:79,PRIMARY_GOVERNMENT,A,2,,"nscript of recording of a meeting between the president and John Dean in the Oval Officeon March 17, 1973, from 1:25 P",,"March 17, 1973",recording,,M,"Baker cites this source in chapter 10 in connection with nscript of recording of a meeting between the president and John Dean in the Oval Officeon March 17, 1973, from 1:25 P; the OCR text does not preserve a reliable body-note marker for a more precise claim mapping.",,H. R. Haldeman; John Dean; Oval Officeon March; Transcript of,1,1,TRUE,FALSE,FALSE,FALSE,FALSE,FALSE,FALSE,Important primary evidence or strongly relevant secondary/archival material worth early acquisition.,"Ch. 10, note 79: Transcript of recording of a meeting between the president and John Dean in the Oval Officeon March 17, 1973, from 1:25 P.M. to 2:10 P.M. (H. R. Haldeman was present for only a portion of the meeting.)"
BKR-0152,PART_2,11,11:2,PRIMARY_GOVERNMENT,A,2,,"House Judiciary Report, 1974",,1974,,,,"Baker cites this in support of the surrounding discussion: The person who was most potentially problematic in that regard was Carmine Bellino, the Senate committee’s chief investigator. An old associate of the Kennedys, he had been around the block a few times—and if anything smelling of 1963 surfaced, he would be most likely to follow it up.",,House Judiciary Report,1,1,TRUE,FALSE,FALSE,TRUE,TRUE,FALSE,FALSE,Important primary evidence or strongly relevant secondary/archival material worth early acquisition.,"Ch. 11, note 2: Cited in House Judiciary Report, 1974."
BKR-0153,PART_2,11,11:3,PRIMARY_INTERVIEW,A,2,Ed DeBolt,Interview with Ed DeBolt,,"August 30, 2008",,,,Baker cites this source in chapter 11 in connection with Interview with Ed DeBolt; the OCR text does not preserve a reliable body-note marker for a more precise claim mapping.,,Ed DeBolt,1,1,FALSE,TRUE,FALSE,FALSE,FALSE,FALSE,FALSE,Important primary evidence or strongly relevant secondary/archival material worth early acquisition.,"Ch. 11, note 3: Author interview with Ed DeBolt, August 30, 2008."
BKR-0154,PART_2,11,11:5,PRIMARY_CONTEMPORARY_NEWS,B,2,,House minority leader,Nation,1973,,,,Baker cites this source in chapter 11 in connection with House minority leader; the OCR text does not preserve a reliable body-note marker for a more precise claim mapping.,,Bryce Harlow; Gerald Ford; Spiro Agnew,1,1,TRUE,FALSE,FALSE,FALSE,FALSE,FALSE,FALSE,Important primary evidence or strongly relevant secondary/archival material worth early acquisition.,"Ch. 11, note 5: Gerald Ford was then House minority leader; in October 1973, Republican leaders would compel Nixon to make Ford his vice president with the resignation of Spiro Agnew over tax evasion and money-laundering charges. Bryce Harlow was a top Washington lobbyist and close friend of Ford’s who had advised every president of both parties since Eisenhower."
BKR-0155,PART_2,11,11:7,SECONDARY_BOOK,B,2,See,"for example, Dean’s post-Watergate books, Worse Than Watergate: The Secret Presidency of George W. Bush","New York: Little, Brown and Co., 2004",2004,,,,"Baker cites this source in chapter 11 in connection with for example, Dean’s post-Watergate books, Worse Than Watergate: The Secret Presidency of George W. Bush; the OCR text does not preserve a reliable body-note marker for a more precise claim mapping.",,Brown and Co; Conservatives Without Conscience; George W. Bush; Watergate; Worse Than Watergate,1,1,FALSE,FALSE,FALSE,TRUE,TRUE,FALSE,FALSE,Important primary evidence or strongly relevant secondary/archival material worth early acquisition.,"Ch. 11, note 7: See, for example, Dean’s post-Watergate books, Worse Than Watergate: The Secret Presidency of George W. Bush (New York: Little, Brown and Co., 2004) and Conservatives Without Conscience (New York: Viking, 2008)."
BKR-0156,PART_2,11,11:11,PRIMARY_CONTEMPORARY_NEWS,B,2,Bud Krogh,Memorandum from Bud Krogh to Trudy Brown,Nation,"March 2, 1970",,National Archives,,Baker cites this source in chapter 11 in connection with Memorandum from Bud Krogh to Trudy Brown; the OCR text does not preserve a reliable body-note marker for a more precise claim mapping.,"Original Memorandum/memorandum referenced or described by this secondary source, with complete provenance",Bud Krogh; Bud Kroghto H. R. Haldeman; National Archives; Nixon Project; Trudy Brown,1,1,TRUE,FALSE,TRUE,FALSE,FALSE,FALSE,FALSE,Important primary evidence or strongly relevant secondary/archival material worth early acquisition.,"Ch. 11, note 11: Memorandum from Bud Krogh to Trudy Brown, March 2, 1970; memorandum from Bud Kroghto H. R. Haldeman, March 24, 1970. Both available through Nixon Project, National Archives."
BKR-0157,PART_2,11,11:13,PRIMARY_PERSONAL_RECORD,A,2,Charles W. Colson,Letter from Charles W. Colson to Len Colodny,,"July 1, 1993",,,,Baker cites this source in chapter 11 in connection with Letter from Charles W. Colson to Len Colodny; the OCR text does not preserve a reliable body-note marker for a more precise claim mapping.,,Charles W. Colson; Len Colodny,1,1,TRUE,FALSE,FALSE,FALSE,FALSE,FALSE,FALSE,Important primary evidence or strongly relevant secondary/archival material worth early acquisition.,"Ch. 11, note 13: Unpublished letter from Charles W. Colson to Len Colodny, July 1, 1993."
BKR-0158,PART_2,11,11:17,SECONDARY_BOOK,B,2,Maureen Dean with Hays Gorey,Mo,,1975,,,50,Baker cites this source in chapter 11 in connection with Mo; the OCR text does not preserve a reliable body-note marker for a more precise claim mapping.,,Hays Gorey; Maureen Dean; Simon & Schuster; Watergate; Woman’ View of Watergate,1,1,FALSE,FALSE,FALSE,FALSE,TRUE,FALSE,FALSE,Important primary evidence or strongly relevant secondary/archival material worth early acquisition.,"Ch. 11, note 17: Maureen Dean with Hays Gorey, “Mo”: A Woman’ View of Watergate (New York: Simon & Schuster, 1975), p. 50."
BKR-0159,PART_2,11,11:19,SECONDARY_BOOK,B,2,Transcript of “cancer on the presidency” discussion,"March 21, 1973, in Stanley I. Kutler, Abuse of Power: The New Nixon Tapes","New York: Free Press, 1997","March 21, 1973",,,247-57,"Baker cites this source in chapter 11 in connection with March 21, 1973, in Stanley I. Kutler, Abuse of Power: The New Nixon Tapes; the OCR text does not preserve a reliable body-note marker for a more precise claim mapping.","Original Transcript referenced or described by this secondary source, with complete provenance",Abuse of Power; Free Press; Stanley I. Kutler; Transcript of,1,1,FALSE,FALSE,FALSE,FALSE,FALSE,FALSE,FALSE,Important primary evidence or strongly relevant secondary/archival material worth early acquisition.,"Ch. 11, note 19: Transcript of “cancer on the presidency” discussion, March 21, 1973, in Stanley I. Kutler, Abuse of Power: The New Nixon Tapes (New York: Free Press, 1997), pp. 247-57."
BKR-0160,PART_2,11,11:28,PRIMARY_CONTEMPORARY_NEWS,B,2,L. Patrick Gray II],"with Ed Gray, Jn Nixon's Web: A Year in the Crosshairs of Watergate","New York: Times Books, 2008",2008,,,64-69,"Baker cites this source in chapter 11 in connection with with Ed Gray, Jn Nixon's Web: A Year in the Crosshairs of Watergate; the OCR text does not preserve a reliable body-note marker for a more precise claim mapping.",,Crosshairs of Watergate; Jn Nixon's Web; L. Patrick Gray II; Times Books; Watergate,1,1,TRUE,FALSE,FALSE,FALSE,TRUE,FALSE,FALSE,Important primary evidence or strongly relevant secondary/archival material worth early acquisition.,"Ch. 11, note 28: L. Patrick Gray II], with Ed Gray, Jn Nixon's Web: A Year in the Crosshairs of Watergate (New York: Times Books, 2008), pp. 64-69."
BKR-0161,PART_2,11,11:39,PRIMARY_CONTEMPORARY_NEWS,B,2,,house Operation and brought them over to Bush at the RNC,Time,1973,,,,Baker cites this source in chapter 11 in connection with house Operation and brought them over to Bush at the RNC; the OCR text does not preserve a reliable body-note marker for a more precise claim mapping.,,Bush and Tom Lias; Operation and; RNC,1,1,TRUE,FALSE,FALSE,TRUE,TRUE,FALSE,FALSE,Important primary evidence or strongly relevant secondary/archival material worth early acquisition.,"Ch. 11, note 39: Gleason recalled the origin of Bush’s call this way: Some time in the early spring of 1973, he found some receipts related to the townhouse Operation and brought them over to Bush at the RNC. “I made a decision with my lawyer that I would take Bush a list of the guys who received the cash, just so somebody could alert the members—the few who had gotten elected,” Gleason told me. “Their names were going into the special prosecutor’s hopper. I went down and saw Bush and Tom Lias.”"
BKR-0162,PART_2,11,11:44,PRIMARY_INTERVIEW,A,2,Lowell Weicker,Interview with Lowell Weicker,,"March 31, 2008",,,,Baker cites this source in chapter 11 in connection with Interview with Lowell Weicker; the OCR text does not preserve a reliable body-note marker for a more precise claim mapping.,,Lowell Weicker,1,1,FALSE,TRUE,FALSE,FALSE,FALSE,FALSE,FALSE,Important primary evidence or strongly relevant secondary/archival material worth early acquisition.,"Ch. 11, note 44: Author interview with Lowell Weicker, March 31, 2008."
BKR-0163,PART_2,11,11:49,SECONDARY_BOOK,B,2,,"House knew that Carmine Bellino, a wizard at reconstructing the receipts and expenditures of funds despite laundering techniques",,1976,,,192,"Baker cites this source in chapter 11 in connection with House knew that Carmine Bellino, a wizard at reconstructing the receipts and expenditures of funds despite laundering techniques; the OCR text does not preserve a reliable body-note marker for a more precise claim mapping.",,As Sam Dash; Carmine Bellino; Chief Counsel; Herbert Kalmbach and Bebe Rebozo; Inside the Ervin Committee; Random House; Samuel Dash; Watergate,1,1,FALSE,FALSE,FALSE,FALSE,TRUE,FALSE,FALSE,Important primary evidence or strongly relevant secondary/archival material worth early acquisition.,"Ch. 11, note 49: As Sam Dash, chief counsel to the committee, put it, “The White House knew that Carmine Bellino, a wizard at reconstructing the receipts and expenditures of funds despite laundering techniques . . . was hot on the trail of Nixon’s closest money men, Herbert Kalmbach and Bebe Rebozo.” Samuel Dash, Chief Counsel: Inside the Ervin Committee— The Untold Story of Watergate (New York: Random House, 1976), p. 192."
BKR-0164,PART_2,11,11:50,PRIMARY_CONTEMPORARY_NEWS,B,2,Douglas E. Kneel,"Watergate Panel Begins an Inquiry into Charges Against Its Chief Investigator,",New York Times,"August 4, 1973",,,,"Baker cites this source in chapter 11 in connection with Watergate Panel Begins an Inquiry into Charges Against Its Chief Investigator,; the OCR text does not preserve a reliable body-note marker for a more precise claim mapping.","Original affidavit referenced or described by this secondary source, with complete provenance",Bellino. Angelone; Charges Against Its Chief Investigator; Douglas E. Kneel; Joseph Shimon; Oliver Angelone; Republicans. Shimon; Watergate; Watergate Panel Begins,1,1,TRUE,FALSE,FALSE,FALSE,TRUE,FALSE,FALSE,Important primary evidence or strongly relevant secondary/archival material worth early acquisition.,"Ch. 11, note 50: Douglas E. Kneel, “Watergate Panel Begins an Inquiry into Charges Against Its Chief Investigator,” New York Times, August 4, 1973. Joseph Shimon, a retired investigator and former captain of the Washington, D.C., police, claimed in an affidavit that another investigator, Oliver Angelone, had asked him to help in bugging the hotel room of unidentified Republicans. Shimon said the other investigator had said the request originated with Bellino. Angelone called Shimon’s claim “absolutely untrue.”"
BKR-0165,PART_2,11,11:52,SECONDARY_BOOK,B,2,Webster G. Tarpley and Anton Chaitkin,George Bush: The Unauthorized Biography,"Washington, D.C.: Executive Intelligence Review, 1992",1992,,,259,Baker cites this source in chapter 11 in connection with George Bush: The Unauthorized Biography; the OCR text does not preserve a reliable body-note marker for a more precise claim mapping.,,Executive Intelligence Review; George Bush; Webster G. Tarpley and Anton Chaitkin,1,1,FALSE,FALSE,FALSE,FALSE,FALSE,FALSE,FALSE,Important primary evidence or strongly relevant secondary/archival material worth early acquisition.,"Ch. 11, note 52: Webster G. Tarpley and Anton Chaitkin, George Bush: The Unauthorized Biography (Washington, D.C.: Executive Intelligence Review, 1992), p. 259."
BKR-0166,PART_2,11,11:56,SECONDARY_BOOK,B,2,Seymour M. Hersh,The Price of Power: Kissinger in the Nixon White House,"New York: Summit, 1984",1984,,,,Baker cites this source in chapter 11 in connection with The Price of Power: Kissinger in the Nixon White House; the OCR text does not preserve a reliable body-note marker for a more precise claim mapping.,,Nixon White House,1,1,FALSE,FALSE,FALSE,FALSE,FALSE,FALSE,FALSE,Important primary evidence or strongly relevant secondary/archival material worth early acquisition.,"Ch. 11, note 56: See Seymour M. Hersh, The Price of Power: Kissinger in the Nixon White House (New York: Summit, 1984)."
BKR-0167,PART_2,11,11:74,ARCHIVAL_COLLECTION,A,2,,housed at the university’s Austin campus,,,,,291-300,Baker cites this source in chapter 11 in connection with housed at the university’s Austin campus; the OCR text does not preserve a reliable body-note marker for a more precise claim mapping.,,In Nixon’s Web; University of Texas for; Woodward and Bernstein’s,1,1,TRUE,FALSE,TRUE,FALSE,FALSE,FALSE,FALSE,Important primary evidence or strongly relevant secondary/archival material worth early acquisition.,"Ch. 11, note 74: Gray, In Nixon’s Web, pp. 291-300. Woodward and Bernstein’s archival papers were purchased by the University of Texas for $5 million and are now housed at the university’s Austin campus."
BKR-0168,PART_2,11,11:78,SECONDARY_BOOK,B,2,,"Senate Select Committee on presidential Campaign Activities, Presidential Campaign Activities of 1972, Senate Resolution 60: Watergate and Related Activities: Hearings, 93rd Cong",,1972,,,205,"Baker cites this source in chapter 11 in connection with Senate Select Committee on presidential Campaign Activities, Presidential Campaign Activities of 1972, Senate Resolution 60: Watergate and Related Activities: Hearings, 93rd Cong; the OCR text does not preserve a reliable body-note marker for a more precise claim mapping.","Original testimony referenced or described by this secondary source, with complete provenance",Campaign Activities; Government Printing Office; Presidential Campaign Activities of; Senate Resolution; Senate Select Committee; U.S. Congress; Watergate; Watergate and Related Activities,1,1,FALSE,FALSE,FALSE,TRUE,TRUE,FALSE,FALSE,Important primary evidence or strongly relevant secondary/archival material worth early acquisition.,"Ch. 11, note 78: For McCord testimony on this, see U.S. Congress, Senate Select Committee on presidential Campaign Activities, Presidential Campaign Activities of 1972, Senate Resolution 60: Watergate and Related Activities: Hearings, 93rd Cong. 1st [2nd] sess. (Washington, D.C.: Government Printing Office, 1973), p. 205."
BKR-0169,PART_2,11,11:79,SECONDARY_BOOK,B,2,Herbert S. Parmet,"George Bush, The Life of the Lone Star Yankee","New Brunswick, NJ: Transaction, 2001",2001,,,166,"Baker cites this source in chapter 11 in connection with George Bush, The Life of the Lone Star Yankee; the OCR text does not preserve a reliable body-note marker for a more precise claim mapping.",,George Bush; Herbert S. Parmet; New Brunswick,1,1,FALSE,FALSE,FALSE,FALSE,FALSE,FALSE,FALSE,Important primary evidence or strongly relevant secondary/archival material worth early acquisition.,"Ch. 11, note 79: Herbert S. Parmet, George Bush, The Life of the Lone Star Yankee (New Brunswick, NJ: Transaction, 2001), p. 166."
BKR-0170,PART_2,11,11:81,PRIMARY_CONTEMPORARY_NEWS,B,2,,Senate race in Texas,Newsweek,"August 26, 1974",,,,Baker cites this source in chapter 11 in connection with Senate race in Texas; the OCR text does not preserve a reliable body-note marker for a more precise claim mapping.,,Behind the; But White House; Lloyd Bentsen; Nixon White House; Republican National Chairman George Bush; Texas... Bush’s,1,1,TRUE,FALSE,FALSE,TRUE,FALSE,FALSE,FALSE,Important primary evidence or strongly relevant secondary/archival material worth early acquisition.,"Ch. 11, note 81: “The Sun Is Shining Again,” Newsweek, August 26, 1974: “Behind the scenes, NEWSWEEK learned, Republican National Chairman George Bush, the other heavy favorite, had slipped badly because of alleged irregularities in the financing of his 1970 Senate race in Texas... Bush’s youthful, middle-ground image was clearly appealing. But White House sources told NEWSWEEK there was potential embarrassment and reports that the Nixon White House funneled about $100,000 from a secret fund called the ‘townhouse operation’ into Bush’s losing Senate campaign against Lloyd Bentsen four years ago. There were indications that $40,000 of the money may not have been properly reported as required by election law.”"
BKR-0171,PART_2,11,11:85,SECONDARY_BOOK,B,2,George Bush with Victor Gold,Looking Forward,"New York: Doubleday, 1987",1987,,,130,Baker cites this source in chapter 11 in connection with Looking Forward; the OCR text does not preserve a reliable body-note marker for a more precise claim mapping.,,George Bush; Looking Forward; Victor Gold,1,1,FALSE,FALSE,FALSE,FALSE,FALSE,FALSE,FALSE,Important primary evidence or strongly relevant secondary/archival material worth early acquisition.,"Ch. 11, note 85: George Bush with Victor Gold, Looking Forward (New York: Doubleday, 1987), p. 130."
BKR-0172,PART_2,12,12:3,PRIMARY_CONTEMPORARY_NEWS,B,2,,House lunch to discuss CIA abuses,New York Times,"June 23, 1975",CIA abuses; report pleads,CIA,,Baker cites this source in chapter 12 in connection with House lunch to discuss CIA abuses; the OCR text does not preserve a reliable body-note marker for a more precise claim mapping.,"Original CIA/Commission/commission/record referenced or described by this secondary source, with complete provenance",CIA; President Ford; Rockefeller Commission; Seymour Hersh’s; White House,1,1,TRUE,FALSE,TRUE,TRUE,TRUE,FALSE,FALSE,Important primary evidence or strongly relevant secondary/archival material worth early acquisition.,"Ch. 12, note 3: Several weeks after the New York Times published Seymour Hersh’s expose of the “family jewels,” President Ford invited the 7Zimes’ editorial board to an “off the record” White House lunch to discuss CIA abuses. Ford broached the subject of the agency’s role in foreign assassinations and then attempted to retract his comment on the subject, which the Ford administration had not wanted the Rockefeller Commission to touch. Time magazine observed, the commission “final report pleads—not too convincingly—that there was not enough time to examine the subject fully.” See “Lunch with the President,” Time, June 23, 1975:"
BKR-0173,PART_2,12,12:4,PRIMARY_INTERVIEW,A,2,William G,Interview with William G,,"June 12, 2007",,,,"Baker cites this in support of the surrounding discussion: Ronan told me in an interview, “Nelson was very active in covert operations. As a matter of fact, he was very supportive, even before we got into World War 11.",,William G. Ronan,1,1,FALSE,TRUE,FALSE,FALSE,FALSE,FALSE,FALSE,Important primary evidence or strongly relevant secondary/archival material worth early acquisition.,"Ch. 12, note 4: Author interview with William G. Ronan, June 12, 2007."
BKR-0174,PART_2,12,12:6,PRIMARY_CONTEMPORARY_NEWS,B,2,,"Security Archive, George Washington University, Web site, www",Nation,,report available,National Security Archive,,"Baker cites this source in chapter 12 in connection with Security Archive, George Washington University, Web site, www; the OCR text does not preserve a reliable body-note marker for a more precise claim mapping.","Original declassified/report referenced or described by this secondary source, with complete provenance",George Washington University; National Security Archive,1,1,TRUE,FALSE,TRUE,TRUE,FALSE,FALSE,FALSE,Important primary evidence or strongly relevant secondary/archival material worth early acquisition.,"Ch. 12, note 6: The full declassified report available at the National Security Archive, George Washington University, Web site, www.gwu.edu/~nsarchiv/NSAEBB/NSAEBB222/index.htm."
BKR-0175,PART_2,12,12:8,PRIMARY_CONTEMPORARY_NEWS,B,2,,"Security Archive at George Washington University, www",Nation,1992,JFK Assassination Records Collection Act,JFK Assassination Records Collection; National Security Archive,,"Baker cites this source in chapter 12 in connection with Security Archive at George Washington University, www; the OCR text does not preserve a reliable body-note marker for a more precise claim mapping.","Original Records/declassified referenced or described by this secondary source, with complete provenance",Church Committee’s; George Washington University; JFK Assassination Records Collection Act; Much of the; National Security Archive,1,1,TRUE,FALSE,TRUE,TRUE,TRUE,FALSE,FALSE,Important primary evidence or strongly relevant secondary/archival material worth early acquisition.,"Ch. 12, note 8: Together, the Church Committee’s reports have been said to constitute the most extensive review of intelligence activities ever made available to the public. Much of the contents were classified, but more than fifty thousand pages have since been declassified under the 1992 JFK Assassination Records Collection Act, and most are available online at the National Security Archive at George Washington University, www.gwu.edu/~nsarchiv."
BKR-0176,PART_2,12,12:10,PRIMARY_CONTEMPORARY_NEWS,B,2,,"“Assassination Ban and E.O. 12333: A Brief Summary,” available at the Federation of American Scientists Web site www.fas.org/irp/crs/RS21037.pdf.",Nation,,,,,"Baker cites this source in chapter 12 in connection with “Assassination Ban and E.O. 12333: A Brief Summary,” available at the Federation of American Scientists Web site www.fas.org/irp/crs/RS21037.pdf.; the OCR text does not preserve a reliable body-note marker for a more precise claim mapping.",,Assassination Ban and E.O; Brief Summary; Federation of American Scientists Web,1,1,TRUE,FALSE,FALSE,TRUE,TRUE,TRUE,TRUE,Important primary evidence or strongly relevant secondary/archival material worth early acquisition.,"Ch. 12, note 10: “Assassination Ban and E.O. 12333: A Brief Summary,” available at the Federation of American Scientists Web site www.fas.org/irp/crs/RS21037.pdf."
BKR-0177,PART_2,12,12:12,PRIMARY_CONTEMPORARY_NEWS,B,2,,"Final Report of the Assassination Records Review Board, chapter 1.",Nation,,,Final Report of the Assassination Records,,"Baker cites this in support of the surrounding discussion: Kennedy, the order hinted at a possible scenario that the official investigations had denied. It barred foreign assassinations that “involved the murder of a political leader for political purposes accomplished through a surprise attack,” and actually mentioned Kennedy’s murder as one that could fit this rubric.","Original Records/Report referenced or described by this secondary source, with complete provenance",Final Report of the Assassination Records; Review Board,1,1,TRUE,FALSE,TRUE,TRUE,TRUE,FALSE,FALSE,Important primary evidence or strongly relevant secondary/archival material worth early acquisition.,"Ch. 12, note 12: Final Report of the Assassination Records Review Board, chapter 1."
BKR-0178,PART_2,12,12:15,PRIMARY_CONTEMPORARY_NEWS,B,2,James M. Naughton,"Sweeping Change: Cheney Is White House Staff Chief—General Is Security Adviser,",New York Times,"November 4, 1975",,,,"Baker cites this source in chapter 12 in connection with Sweeping Change: Cheney Is White House Staff Chief—General Is Security Adviser,; the OCR text does not preserve a reliable body-note marker for a more precise claim mapping.",,Cheney Is White House Staff Chief; General Is Security Adviser; James M. Naughton; Sweeping Change,1,1,TRUE,FALSE,FALSE,TRUE,FALSE,FALSE,FALSE,Important primary evidence or strongly relevant secondary/archival material worth early acquisition.,"Ch. 12, note 15: James M. Naughton, “Sweeping Change: Cheney Is White House Staff Chief—General Is Security Adviser,” New York Times, November 4, 1975."
BKR-0179,PART_2,12,12:21,PRIMARY_CONTEMPORARY_NEWS,B,2,,"Senate Committee on Armed Services, Nomination of George Bush to Be Director of Central Intelligence, December 15—16, 1975, p",Nation,1975,,,10,"Baker cites this source in chapter 12 in connection with Senate Committee on Armed Services, Nomination of George Bush to Be Director of Central Intelligence, December 15—16, 1975, p; the OCR text does not preserve a reliable body-note marker for a more precise claim mapping.",,Armed Services; Be Director of Central Intelligence; Nomination of George Bush; U.S. Senate Committee,1,1,TRUE,FALSE,FALSE,FALSE,FALSE,FALSE,FALSE,Important primary evidence or strongly relevant secondary/archival material worth early acquisition.,"Ch. 12, note 21: U.S. Senate Committee on Armed Services, Nomination of George Bush to Be Director of Central Intelligence, December 15—16, 1975, p. 10."
BKR-0180,PART_2,12,12:23,PRIMARY_CONTEMPORARY_NEWS,B,2,,"“George Bush: Hot Property in Presidential Politics,” Washington Post, January 27, 1980.",Washington Post,"January 27, 1980",,,,"Baker cites this source in chapter 12 in connection with “George Bush: Hot Property in Presidential Politics,” Washington Post, January 27, 1980.; the OCR text does not preserve a reliable body-note marker for a more precise claim mapping.",,George Bush; Hot Property; Presidential Politics; Washington Post,1,1,TRUE,FALSE,FALSE,FALSE,FALSE,TRUE,TRUE,Important primary evidence or strongly relevant secondary/archival material worth early acquisition.,"Ch. 12, note 23: “George Bush: Hot Property in Presidential Politics,” Washington Post, January 27, 1980."
BKR-0181,PART_2,12,12:32,SECONDARY_BOOK,B,2,Saul Landau,Assassination on Embassy Row,"New York: Pantheon, 1980",1980,,,,Baker cites this source in chapter 12 in connection with Assassination on Embassy Row; the OCR text does not preserve a reliable body-note marker for a more precise claim mapping.,,Embassy Row; Saul Landau,1,1,FALSE,FALSE,FALSE,FALSE,TRUE,FALSE,FALSE,Important primary evidence or strongly relevant secondary/archival material worth early acquisition.,"Ch. 12, note 32: Also see Saul Landau, Assassination on Embassy Row (New York: Pantheon, 1980)."
BKR-0182,PART_2,12,12:34,SECONDARY_BOOK,B,2,Curt Gentry,J. Edgar Hoover: The Man and the Secrets,"New York: W. W. Norton & Company, 1991",1991,,,,Baker cites this source in chapter 12 in connection with J. Edgar Hoover: The Man and the Secrets; the OCR text does not preserve a reliable body-note marker for a more precise claim mapping.,,J. Edgar Hoover; W. W. Norton & Company,1,1,FALSE,FALSE,FALSE,TRUE,FALSE,FALSE,FALSE,Important primary evidence or strongly relevant secondary/archival material worth early acquisition.,"Ch. 12, note 34: See Curt Gentry, J. Edgar Hoover: The Man and the Secrets (New York: W. W. Norton & Company, 1991)."
BKR-0183,PART_2,12,12:36,PRIMARY_CONTEMPORARY_NEWS,B,2,,House Select Committee on Assassinations would issue its final report in 1979,Nation,1979,,,,Baker cites this source in chapter 12 in connection with House Select Committee on Assassinations would issue its final report in 1979; the OCR text does not preserve a reliable body-note marker for a more precise claim mapping.,"Original report referenced or described by this secondary source, with complete provenance",House Select Committee on Assassinations,1,1,TRUE,FALSE,FALSE,TRUE,TRUE,FALSE,FALSE,Important primary evidence or strongly relevant secondary/archival material worth early acquisition.,"Ch. 12, note 36: The House Select Committee on Assassinations would issue its final report in 1979."
BKR-0184,PART_2,12,12:37,PRIMARY_CONTEMPORARY_NEWS,B,2,,nschildt in the years surrounding the Kennedy assassination are further cast in doubt by an interoffice memo to Poppy from his employee R,Time,"March 30, 1965",CIA asset,George H. W. Bush Library; CIA,,Baker cites this source in chapter 12 in connection with nschildt in the years surrounding the Kennedy assassination are further cast in doubt by an interoffice memo to Poppy from his employee R; the OCR text does not preserve a reliable body-note marker for a more precise claim mapping.,"Original CIA/files/letter/memo referenced or described by this secondary source, with complete provenance",Brown and Root; CIA; Drilling Company; G. B. Kitchel; George H. W. Bush; George H. W. Bush Library; Greece. Among the; Kerr-McGee Oil Industries; Monday. The; Mr. Carnes Weaver; Mr. George Brown; Mr. John Mecom; Mr. W. C. Savage; Mr. Weaver; Poppy Bush’s; R. C. Mosby; Vice President; Zapata Offshore,1,1,TRUE,FALSE,TRUE,FALSE,TRUE,FALSE,FALSE,Important primary evidence or strongly relevant secondary/archival material worth early acquisition.,"Ch. 12, note 37: Poppy Bush’s assertion that he was out of touch with de Mohrenschildt in the years surrounding the Kennedy assassination are further cast in doubt by an interoffice memo to Poppy from his employee R. C. Mosby, dated March 30, 1965, which cites a bevy of men tied to de Mohrenschildt through business and friendship: You have asked that we prepare a list of individuals to be invited to a small gathering next Monday. The following is a list of contract drilling people and construction people who would be interested in having equipment built in the Niarchos facilities in Greece. Among the names are “G. B. Kitchel, Vice President, Kerr-McGee Oil Industries, Inc.,” with the notation that the letter to him should be addressed to “George”; “Mr. George Brown, Brown and Root”; “Mr. John Mecom’’; and, added in pencil beside a notation for “Mr. Carnes Weaver, World over Drilling Company,” “Mr. W. C. Savage (for Mr. Weaver).” Internal correspondence from Zapata Offshore, on company letterhead, dated March 30, 1965, found in the files of the George H. W. Bush Library, College Station, Texas. (Handwritten notes show that at least Kitchel and Savage had RSVP’d affirmatively.) Interestingly, Kitchel, Brown, Mecom, and Savage were all close with de Mohrenschildt—and the abovementioned Greek, Stavros Niarchos, was a longtime CIA asset."
BKR-0185,PART_2,12,12:41,PRIMARY_CONTEMPORARY_NEWS,B,2,me on August 2,Interview with me on August 2,Nation,"2008, he said he recalled that the three CIA veterans had actually called him, in part, he believes, because they appreciated his conclusion that the agency was not involved with the assassination",CIA veterans had actually called him; JFK Assassination Debates,CIA,149-51,Baker cites this source in chapter 12 in connection with Interview with me on August 2; the OCR text does not preserve a reliable body-note marker for a more precise claim mapping.,"Original CIA/interview referenced or described by this secondary source, with complete provenance",CIA; Lone Gunman Versus Conspiracy; Michael Kurtz; University Press of Kansas,1,1,TRUE,FALSE,TRUE,FALSE,TRUE,FALSE,FALSE,Important primary evidence or strongly relevant secondary/archival material worth early acquisition.,"Ch. 12, note 41: Kurtz, who has been studying the assassination for decades, does not cite the dates of his conversations with these sources, which apparently occurred years ago. In an interview with me on August 2, 2008, he said he recalled that the three CIA veterans had actually called him, in part, he believes, because they appreciated his conclusion that the agency was not involved with the assassination. As he recalled, their knowing Mrs. de Mohrenschildt came up during the conversation but was not the central topic. Michael Kurtz, The JFK Assassination Debates: Lone Gunman Versus Conspiracy (Lawrence: University Press of Kansas, 2006), pp. 149-51."
BKR-0186,PART_2,12,12:44,PRIMARY_GOVERNMENT,A,2,,"HSCA transcript, p",,,,,21,"Baker cites this source in chapter 12 in connection with HSCA transcript, p; the OCR text does not preserve a reliable body-note marker for a more precise claim mapping.",,HSCA,1,1,TRUE,FALSE,FALSE,FALSE,FALSE,FALSE,FALSE,Important primary evidence or strongly relevant secondary/archival material worth early acquisition.,"Ch. 12, note 44: HSCA transcript, p. 21."
BKR-0187,PART_2,13;14,13:2;14:6,SECONDARY_BOOK,B,2,Craig Unger,"House of Bush, House of Saud: The Secret Relationship Between the Worlds Two Most Powerful Dynasties","New York: Scribner, 2004",2004,,,20; 34,"Baker cites this in support of the surrounding discussion: Jim Bath was a unit star, and a versatile one. “Bath could fly upside down on your wing,” recalls Dr. Richard Mayo, another member of the unit. | Baker cites this source in chapter 14 in connection with House of Bush, House of Saud: The Secret Relationship Between the Worlds Two Most Powerful Dynasties; the OCR text does not preserve a reliable body-note marker for a more precise claim mapping.",,Craig Unger; House of Bush; House of Saud; Two Most Powerful Dynasties,2,2,FALSE,FALSE,FALSE,TRUE,FALSE,FALSE,FALSE,Important primary evidence or strongly relevant secondary/archival material worth early acquisition.,"Ch. 13, note 2: Craig Unger, House of Bush, House of Saud: The Secret Relationship Between the Worlds Two Most Powerful Dynasties (New York: Scribner, 2004), p. 20. || Ch. 14, note 6: Craig Unger, House of Bush, House of Saud: The Secret Relationship Between the Worlds Two Most Powerful Dynasties (New York: Scribner, 2004), p. 34."
BKR-0188,PART_2,13,13:3,SECONDARY_BOOK,B,2,For more information on its origins,"see Steve Coll, The Bin Ladens: An Arabian Family in the American Century","New York: Penguin Press, 2008",2008,,,176-79,"Baker cites this source in chapter 13 in connection with see Steve Coll, The Bin Ladens: An Arabian Family in the American Century; the OCR text does not preserve a reliable body-note marker for a more precise claim mapping.",,American Century; An Arabian Family; Penguin Press; Steve Coll,1,1,FALSE,FALSE,FALSE,FALSE,FALSE,FALSE,FALSE,Important primary evidence or strongly relevant secondary/archival material worth early acquisition.,"Ch. 13, note 3: For more information on its origins, see Steve Coll, The Bin Ladens: An Arabian Family in the American Century (New York: Penguin Press, 2008), pp. 176-79."
BKR-0189,PART_2,13,13:5,SECONDARY_BOOK,B,2,By 1991,"as Osama’s radicalism threatened the security of Saudi Arabia itself, the family would completely disown him. Steve Coll, Ghost Wars","New York: Penguin, 2004",1991,,,231,"Baker cites this in support of the surrounding discussion: Bin Mahfouz, tall and thin, was more enigmatic and reserved —the scion of a Saudi banking empire with hopes of expanding its franchise into the United States. One helpful asset was his $3.",,Ghost Wars; Saudi Arabia; Steve Coll,1,1,FALSE,FALSE,FALSE,TRUE,TRUE,FALSE,FALSE,Important primary evidence or strongly relevant secondary/archival material worth early acquisition.,"Ch. 13, note 5: By 1991, as Osama’s radicalism threatened the security of Saudi Arabia itself, the family would completely disown him. Steve Coll, Ghost Wars (New York: Penguin, 2004), p. 231."
BKR-0190,PART_2,13,13:6,PRIMARY_CONTEMPORARY_NEWS,B,2,,"ciates, were allowed to leave the United States on a chartered flight eight days after the September 11, 2001, terrorist attacks",Nation,"September 11, 2001",,,,"Baker cites this source in chapter 13 in connection with ciates, were allowed to leave the United States on a chartered flight eight days after the September 11, 2001, terrorist attacks; the OCR text does not preserve a reliable body-note marker for a more precise claim mapping.",,Boston’s Logan International Airport; Osama bin Laden; Senator Frank Lautenberg; United States,1,1,TRUE,FALSE,FALSE,FALSE,TRUE,FALSE,FALSE,Important primary evidence or strongly relevant secondary/archival material worth early acquisition.,"Ch. 13, note 6: A passenger manifest, made public by Senator Frank Lautenberg (D-NJ), shows that at least thirteen relatives of Osama bin Laden, accompanied by bodyguards and associates, were allowed to leave the United States on a chartered flight eight days after the September 11, 2001, terrorist attacks. The manifest, which Lautenberg obtained from officials of Boston’s Logan International Airport, was released on July 21, 2004."
BKR-0191,PART_2,13,13:8,SECONDARY_BOOK,B,2,Christopher Robbins,Air America: The Story of the CIA’s Secret Airline,"New York: Avon, 1985",1985,,CIA,21,Baker cites this source in chapter 13 in connection with Air America: The Story of the CIA’s Secret Airline; the OCR text does not preserve a reliable body-note marker for a more precise claim mapping.,"Original CIA referenced or described by this secondary source, with complete provenance",Air America; CIA; Christopher Robbins,1,1,FALSE,FALSE,TRUE,TRUE,TRUE,FALSE,FALSE,Important primary evidence or strongly relevant secondary/archival material worth early acquisition.,"Ch. 13, note 8: Christopher Robbins, Air America: The Story of the CIA’s Secret Airline (New York: Avon, 1985), p. 21."
BKR-0192,PART_2,13,13:10,PRIMARY_CONTEMPORARY_NEWS,B,2,Atlantic Aviation’s chairman was Edward B. Du Pont. One board member,"Edward Du Pont’scousin Richard C. Du Pont Jr., owned the CIA-connected Summit Aviation, which was active during both Vietnam and later Iran-contra","For background on Summit, see Jeff Gerth, “Ex-U.S. Intelligence and Military Personnel Supply Anti-Nicaragua Rebels,” New York Times, November 8, 1983.","November 8, 1983",CIA-connected Summit Aviation,CIA,125,"Baker cites this source in chapter 13 in connection with Edward Du Pont’scousin Richard C. Du Pont Jr., owned the CIA-connected Summit Aviation, which was active during both Vietnam and later Iran-contra; the OCR text does not preserve a reliable body-note marker for a more precise claim mapping.","Original CIA referenced or described by this secondary source, with complete provenance",Afghanistan and Yugo; Alexander Cockburn and Jeffrey St. Clair; Another Du Pont; Anti-Nicaragua Rebels; Atlantic Aviation’s; CIA; CIA-connected Summit Aviation; Civil Air Patrol; Edward B. Du Pont. One; Edward Du Pont’scousin Richard C. Du; Ex-U.S. Intelligence and Military Personnel Supply; Imperial Crusades; Iran-Contra; Iraq; Jeff Gerth; Samuel H. Du Pont Jr; VP of Atlantic Aviation; Vietnam and,1,1,TRUE,FALSE,TRUE,FALSE,TRUE,FALSE,FALSE,Important primary evidence or strongly relevant secondary/archival material worth early acquisition.,"Ch. 13, note 10: Atlantic Aviation’s chairman was Edward B. Du Pont. One board member, Edward Du Pont’scousin Richard C. Du Pont Jr., owned the CIA-connected Summit Aviation, which was active during both Vietnam and later Iran-contra. (For background on Summit, see Jeff Gerth, “Ex-U.S. Intelligence and Military Personnel Supply Anti-Nicaragua Rebels,” New York Times, November 8, 1983.) Another Du Pont relative, Samuel H. Du Pont Jr., headed the Civil Air Patrol nationally circa 1970. Bath’s employment as a VP of Atlantic Aviation is referenced by Alexander Cockburn and Jeffrey St. Clair, Imperial Crusades: Iraq, Afghanistan and Yugo slavia (New York: Verso, 2004), p. 125."
BKR-0193,PART_2,13,13:14,PRIMARY_INTERVIEW,A,2,General Belisario Flores (Ret,Interview with General Belisario Flores (Ret,,"August 30, 2004",,,,Baker cites this source in chapter 13 in connection with Interview with General Belisario Flores (Ret; the OCR text does not preserve a reliable body-note marker for a more precise claim mapping.,,General Belisario Flores,1,1,FALSE,TRUE,FALSE,FALSE,FALSE,FALSE,FALSE,Important primary evidence or strongly relevant secondary/archival material worth early acquisition.,"Ch. 13, note 14: Author interview with General Belisario Flores (Ret.), August 30, 2004."
BKR-0194,PART_2,13,13:22,PRIMARY_CONTEMPORARY_NEWS,B,2,,"The Saudis had become alarmed over Egypt’s relentless bombardments of Yemen, just south of Saudi Arabia, using Soviet-supplied weapons. Worried that Egyptian nationalist president Nasser would extend his influence into s",Nation,,,,,"Baker cites this in support of the surrounding discussion: He started an airline for them among other ventures in Houston, and was the nominee or the front man for their own ership of these various entities. He would spend most of his time dealing with their interests while I concentrated on running our real estate development company.”",,Saudi Arabia,1,1,TRUE,FALSE,FALSE,FALSE,TRUE,TRUE,TRUE,Important primary evidence or strongly relevant secondary/archival material worth early acquisition.,"Ch. 13, note 22: The Saudis had become alarmed over Egypt’s relentless bombardments of Yemen, just south of Saudi Arabia, using Soviet-supplied weapons. Worried that Egyptian nationalist president Nasser would extend his influence into southern Arabia, the Saudis decided to beef up their own defenses."
BKR-0195,PART_2,13,13:23,PRIMARY_CONTEMPORARY_NEWS,B,2,,"That was the same plane George W. Bush was flying, and at the same exact time. Bandar, who had a very real reason for developing military skills as a guardian of his family’s sometimes-threatened hold on power, would fly",Time,,,,,"Baker cites this source in chapter 13 in connection with That was the same plane George W. Bush was flying, and at the same exact time. Bandar, who had a very real reason for developing military skills as a guardian of his family’s sometimes-threatened hold on power, would fly; the OCR text does not preserve a reliable body-note marker for a more precise claim mapping.",,George W. Bush,1,1,TRUE,FALSE,FALSE,FALSE,FALSE,TRUE,TRUE,Important primary evidence or strongly relevant secondary/archival material worth early acquisition.,"Ch. 13, note 23: That was the same plane George W. Bush was flying, and at the same exact time. Bandar, who had a very real reason for developing military skills as a guardian of his family’s sometimes-threatened hold on power, would fly for seventeen years, while Bush would quit after two."
BKR-0196,PART_2,13,13:24,PRIMARY_CONTEMPORARY_NEWS,B,2,,security standards in general in a way that may have inadvertently made it easier for the hijackers to gain visas,Time,,,,,Baker cites this source in chapter 13 in connection with security standards in general in a way that may have inadvertently made it easier for the hijackers to gain visas; the OCR text does not preserve a reliable body-note marker for a more precise claim mapping.,,United States,1,1,TRUE,FALSE,FALSE,TRUE,TRUE,FALSE,FALSE,Important primary evidence or strongly relevant secondary/archival material worth early acquisition.,"Ch. 13, note 24: The interest on the part of privileged and connected Saudis in coming to the United States to learn to fly made the practice seem routine by the time some nonroyal Saudis began arriving in the United States to do the same—the men who became the pilots of the hijacked craft on 9/11. There are no known connections between the royal pilots and the terrorists— indeed, the 9/11 pilots are dedicated to bringing down the Saudi royal family. Nevertheless, the general U.S. effort to accommodate Saudis wishing to learn to fly is believed by some to have lowered security standards in general in a way that may have inadvertently made it easier for the hijackers to gain visas."
BKR-0197,PART_2;PART_3,13;23,13:28;23:36,SECONDARY_BOOK,B,2,Dan Briody,The Iron Triangle: Inside the Secret World of the Carlyle Group,"Hoboken, NJ: Wiley, 2003",2003,CIA from 1978 to,CIA,120,Baker cites this source in chapter 13 in connection with The Iron Triangle: Inside the Secret World of the Carlyle Group; the OCR text does not preserve a reliable body-note marker for a more precise claim mapping. | Baker cites this source in chapter 23 in connection with The Iron Triangle: Inside the Secret World of the Carlyle Group; the OCR text does not preserve a reliable body-note marker for a more precise claim mapping.,"Original CIA referenced or described by this secondary source, with complete provenance",CIA; Carlyle Group; Carlyle Group. Frank C. Carlucci; Dan Briody; Inside the Secret World of the; President Reagan,2,2,FALSE,FALSE,TRUE,TRUE,TRUE,FALSE,FALSE,Important primary evidence or strongly relevant secondary/archival material worth early acquisition.,"Ch. 13, note 28: Dan Briody, The Iron Triangle: Inside the Secret World of the Carlyle Group (Hoboken, NJ: Wiley, 2003). In 1992, Vinnell along with its parent company, BDM, were acquired by the Carlyle Group. Frank C. Carlucci, a former secretary of defense under President Reagan, was chairman of BDM for most of the 1990s. Carlucci also served as Reagan’s national security adviser and a deputy director of the CIA from 1978 to ’81; he headed the Carlyle Group from 1992 until 2003. || Ch. 23, note 36: Dan Briody, The Iron Triangle: Inside the Secret World of the Carlyle Group (Hoboken, NJ: Wiley, 2003), p. 120."
BKR-0198,PART_2,13,13:37,SECONDARY_BOOK,B,2,Jonathan Beaty and 8.C. Gwynne,The Outlaw Bank: A Wild Ride into the Secret Heart of BCCI,"New York: Random House, 1993",1993,,,274,Baker cites this source in chapter 13 in connection with The Outlaw Bank: A Wild Ride into the Secret Heart of BCCI; the OCR text does not preserve a reliable body-note marker for a more precise claim mapping.,,As the BCCI; BCCI; Beaty and Gwynne; Beauty and Gwynne; C. Gwynne; Jonathan Beaty and; Random House; Secret Heart of BCCI; U.S. Attorney’s; Wild Ride,1,1,FALSE,FALSE,FALSE,TRUE,TRUE,FALSE,FALSE,Important primary evidence or strongly relevant secondary/archival material worth early acquisition.,"Ch. 13, note 37: Jonathan Beaty and 8.C. Gwynne, The Outlaw Bank: A Wild Ride into the Secret Heart of BCCI (New York: Random House, 1993), p. 274. Beauty and Gwynne call this statement a certifiable lie. As the BCCI scandal broke, Beaty and Gwynne, then Time magazine correspondents, quote another 7ime reporter covering the story as writing, “There is a feeling that someone in Washington is trying to cut a deal on BCCI; that they don’t really want the U.S. Attorney’s offices to return indictments because that would muck up their ability to do some sort of overall package deal.”"
BKR-0199,PART_2,13,13:39,SECONDARY_BOOK,B,2,Anthony Cave Brown,"Oil, God and Gold: The Story of Aramco and the Saudi Kings","Boston: Houghton Mifflin, 1999",1999,,,306,"Baker cites this source in chapter 13 in connection with Oil, God and Gold: The Story of Aramco and the Saudi Kings; the OCR text does not preserve a reliable body-note marker for a more precise claim mapping.",,Anthony Cave Brown; God and Gold; Houghton Mifflin; Saudi Kings,1,1,FALSE,FALSE,FALSE,FALSE,TRUE,FALSE,FALSE,Important primary evidence or strongly relevant secondary/archival material worth early acquisition.,"Ch. 13, note 39: Anthony Cave Brown, Oil, God and Gold: The Story of Aramco and the Saudi Kings (Boston: Houghton Mifflin, 1999), p. 306."
BKR-0200,PART_2,13,13:48,PRIMARY_CONTEMPORARY_NEWS,B,2,,"In sworn depositions taken during a legal dispute, Bath admitted that he served as a trustee for the bin Laden family and fronted for three other wealthy Saudi businessmen. He also admitted that he received a 5 percent p",Time,,,,,"Baker cites this source in chapter 13 in connection with In sworn depositions taken during a legal dispute, Bath admitted that he served as a trustee for the bin Laden family and fronted for three other wealthy Saudi businessmen. He also admitted that he received a 5 percent p; the OCR text does not preserve a reliable body-note marker for a more precise claim mapping.",,,1,1,TRUE,FALSE,FALSE,FALSE,TRUE,TRUE,TRUE,Important primary evidence or strongly relevant secondary/archival material worth early acquisition.,"Ch. 13, note 48: In sworn depositions taken during a legal dispute, Bath admitted that he served as a trustee for the bin Laden family and fronted for three other wealthy Saudi businessmen. He also admitted that he received a 5 percent personal ownership interest, in lieu of immediate cash compensation, in the businesses he purchased on behalf of the Saudis: “The investments were sometimes in my name as trustee, sometimes offshore corporations and sometimes in the name of a law firm,” he said. “It would vary.”"
BKR-0201,PART_2,14,14:3,SECONDARY_BOOK,B,2,Jonathan Beaty and S. C. Gwynne,The Outlaw Bank: A Wild Ride into the Secret Heart of BCCI,"New York: Random House, 1993",1993,,,250,"Baker cites this in support of the surrounding discussion: Abedi explained to Lance that Pharaon was interested in buying Lance’s bank stock—which Pharaon, unlike Abedi, could do because he had already been approved by American regulators and had already acquired substantial interests in domestic banking. Lance, who was deeply in debt, agreed enthusiastically, and Pharaon bought out his shares in the National Bank of Georgia at a 25 percent premium over market valuet",,BCCI; Jonathan Beaty and S. C. Gwynne; Random House; Secret Heart of BCCI; Wild Ride,1,1,FALSE,FALSE,FALSE,TRUE,TRUE,FALSE,FALSE,Important primary evidence or strongly relevant secondary/archival material worth early acquisition.,"Ch. 14, note 3: Jonathan Beaty and S. C. Gwynne, The Outlaw Bank: A Wild Ride into the Secret Heart of BCCI (New York: Random House, 1993), p. 250."
BKR-0202,PART_2,14,14:7,PRIMARY_CONTEMPORARY_NEWS,B,2,,"section of the OSS (predecessor to the CIA), during World War II, Olmsted went on to serve as a top Pentagon official involved with supplying materiel to allied Asian countries in the",Time,1948,CIA director; CIA front,CIA,,"Baker cites this source in chapter 14 in connection with section of the OSS (predecessor to the CIA), during World War II, Olmsted went on to serve as a top Pentagon official involved with supplying materiel to allied Asian countries in the; the OCR text does not preserve a reliable body-note marker for a more precise claim mapping.","Original CIA referenced or described by this secondary source, with complete provenance",Al Ulmer and Allen Dulles; Allen Dulles; Allen Dulles and; BCCI; BCCI and; CIA; Edward Stettinius; George Olmsted; International Registries Incorporated; Liberian Services; Poppy Bush; Poppy Bush’s; Present Danger. In; Stavros Niarchos; Virginia. Long; World War II; Zapata Offshore; Zapata Offshore. Olmsted,1,1,TRUE,FALSE,TRUE,TRUE,TRUE,FALSE,FALSE,Important primary evidence or strongly relevant secondary/archival material worth early acquisition.,"Ch. 14, note 7: Lance effectively became an employee of FGB’s controlling shareholder, a fellow named George Olmsted. A retired Army general who had headed up the China section of the OSS (predecessor to the CIA), during World War II, Olmsted went on to serve as a top Pentagon official involved with supplying materiel to allied Asian countries in the cold war. In 1948, along with Allen Dulles and former secretary of state Edward Stettinius, Olmsted helped create a curious shipping venture called International Registries Incorporated (IRI). In 1976, when Poppy Bush was CIA director, IRI/Liberian Services moved its headquarters to Reston, Virginia. Long rumored to be a CIA front, it registered ships owned by the Greek shipping tycoon Stavros Niarchos (who had been close to Poppy Bush’s friends Al Ulmer and Allen Dulles) and even brokered deals for Zapata Offshore. Olmsted was a founder of the powerful defense-contractor-backed anti-Communist group Committee on the Present Danger. In 1953, at the same time that Allen Dulles took over the CIA, Olmsted left the military and began assembling a financial empire, including insurance companies and banks. In retrospect, this entity looks a lot like an apparatus for managing the enormous sums required for an intelligence agency, or at least the off-the-books aspects of one. In that sense, it may have been a precursor to BCCI and other such financial institutions."
BKR-0203,PART_2,14,14:10,PRIMARY_CONTEMPORARY_NEWS,B,2,,security adviser and close friend Brent Scowcroft was heavily invested,New York Times,"August 1, 1977",,,,Baker cites this source in chapter 14 in connection with security adviser and close friend Brent Scowcroft was heavily invested; the OCR text does not preserve a reliable body-note marker for a more precise claim mapping.,,Brent Scowcroft; George W. Bush; Harken Energy; Jeff Gerth; National Bank of Washington; Persian Gulf War; Scowcroft Sold Military Holdings Months Before,1,1,TRUE,FALSE,FALSE,TRUE,TRUE,FALSE,FALSE,Important primary evidence or strongly relevant secondary/archival material worth early acquisition.,"Ch. 14, note 10: “The Sharpening Battle Over Bert Lance,” Time, August 1, 1977. Abboud would also show up on the board of the National Bank of Washington, where Poppy’s national security adviser and close friend Brent Scowcroft was heavily invested. (Jeff Gerth, “Scowcroft Sold Military Holdings Months Before Persian Gulf War,” New York Times, June 18, 1991.) Abboud would later appear as a savior of Harken Energy, an oil company that had George W. Bush on its board."
BKR-0204,PART_2,14,14:11,SECONDARY_BOOK,B,2,James Ring Adams and Douglas Frantz,A Full Service Bank: How BCCI Stole Billions Around the World,"New York: Pocket, 1992",1992,,,32-33,Baker cites this source in chapter 14 in connection with A Full Service Bank: How BCCI Stole Billions Around the World; the OCR text does not preserve a reliable body-note marker for a more precise claim mapping.,,BCCI; Full Service Bank; How BCCI Stole Billions Around the; James Ring Adams and Douglas Frantz,1,1,FALSE,FALSE,FALSE,FALSE,TRUE,FALSE,FALSE,Important primary evidence or strongly relevant secondary/archival material worth early acquisition.,"Ch. 14, note 11: James Ring Adams and Douglas Frantz, A Full Service Bank: How BCCI Stole Billions Around the World (New York: Pocket, 1992), pp. 32-33."
BKR-0205,PART_2,14,14:30,PRIMARY_CONTEMPORARY_NEWS,B,2,Jerry Urban,"Feds Investigate Entrepreneur Allegedly Tied to Saudis,",Houston Chronicle,"June 4, 1992",,,,"Baker cites this source in chapter 14 in connection with Feds Investigate Entrepreneur Allegedly Tied to Saudis,; the OCR text does not preserve a reliable body-note marker for a more precise claim mapping.",,Feds Investigate Entrepreneur Allegedly Tied; Houston Chronicle; Jerry Urban,1,1,TRUE,FALSE,FALSE,FALSE,TRUE,FALSE,FALSE,Important primary evidence or strongly relevant secondary/archival material worth early acquisition.,"Ch. 14, note 30: Jerry Urban, “Feds Investigate Entrepreneur Allegedly Tied to Saudis,” Houston Chronicle, June 4, 1992."
BKR-0206,PART_2;PART_3,15,15:15,PRIMARY_INTERVIEW,A,2,Wright Ohrstrom,Interview with Wright Ohrstrom,,"August 3, 2006",,,,Baker cites this source in chapter 15 in connection with Interview with Wright Ohrstrom; the OCR text does not preserve a reliable body-note marker for a more precise claim mapping.,,Wright Ohrstrom,1,1,FALSE,TRUE,FALSE,FALSE,FALSE,FALSE,FALSE,Important primary evidence or strongly relevant secondary/archival material worth early acquisition.,"Ch. 15, note 15: Author interview with Wright Ohrstrom, August 3, 2006."
BKR-0207,PART_2;PART_3,15;17,15:16;17:5,PRIMARY_CONTEMPORARY_NEWS,B,2,Kevin Sack,"George Bush the Son Finds That Oil and Blood Do Mix,",New York Times,"May 8, 1999",,,,"Baker cites this source in chapter 15 in connection with George Bush the Son Finds That Oil and Blood Do Mix,; the OCR text does not preserve a reliable body-note marker for a more precise claim mapping. | Baker cites this source in chapter 17 in connection with George Bush the Son Finds That Oil and Blood Do Mix,; the OCR text does not preserve a reliable body-note marker for a more precise claim mapping.",,George Bush the Son Finds That; Kevin Sack; Oil and Blood Do Mix,2,2,TRUE,FALSE,FALSE,FALSE,FALSE,FALSE,FALSE,Important primary evidence or strongly relevant secondary/archival material worth early acquisition.,"Ch. 15, note 16: Kevin Sack, “George Bush the Son Finds That Oil and Blood Do Mix,” New York Times, May 8, 1999. || Ch. 17, note 5: Kevin Sack, “George Bush the Son Finds That Oil and Blood Do Mix,” New York Times, May 8, 1999."
BKR-0208,PART_2;PART_3,15,15:17,PRIMARY_INTERVIEW,A,2,James Lee Brown,Interview with James Lee Brown,,"June 24, 2006",,,,Baker cites this source in chapter 15 in connection with Interview with James Lee Brown; the OCR text does not preserve a reliable body-note marker for a more precise claim mapping.,,James Lee Brown,1,1,FALSE,TRUE,FALSE,FALSE,FALSE,FALSE,FALSE,Important primary evidence or strongly relevant secondary/archival material worth early acquisition.,"Ch. 15, note 17: Author interview with James Lee Brown, June 24, 2006."
BKR-0209,PART_2;PART_3,15,15:28,PRIMARY_CONTEMPORARY_NEWS,B,2,,cialist with his own checkered past and future,Time,,,,,Baker cites this source in chapter 15 in connection with cialist with his own checkered past and future; the OCR text does not preserve a reliable body-note marker for a more precise claim mapping.,"Original Commission referenced or described by this secondary source, with complete provenance",Daniel Lezak; Ernest Lambert; Lezak and; Lucky Chance; Poppy Bush’s; Securities and Exchange Commission,1,1,TRUE,FALSE,FALSE,TRUE,TRUE,FALSE,FALSE,Important primary evidence or strongly relevant secondary/archival material worth early acquisition.,"Ch. 15, note 28: The firm brought in Daniel Lezak, an accountant and reorganization specialist with his own checkered past and future. Lezak, working with Poppy Bush’s ex-lieutenant Gow in another corporate reorganization, was compelled to sign a consent decree with the Securities and Exchange Commission over failure to make proper disclosures to shareholders. (By the millennium, regulators had become totally fed up with Lezak and barred him from securities practice altogether.) “Lezak sometimes was called ‘Sleazak,’” former Lucky Chance board chairman Ernest Lambert told me with a chuckle."
BKR-0210,PART_2;PART_3,15,15:31,PRIMARY_INTERVIEW,A,2,Ernest Lambert,Interview with Ernest Lambert,,"May 17, 2007",,,,Baker cites this source in chapter 15 in connection with Interview with Ernest Lambert; the OCR text does not preserve a reliable body-note marker for a more precise claim mapping.,,Ernest Lambert,1,1,FALSE,TRUE,FALSE,TRUE,FALSE,FALSE,FALSE,Important primary evidence or strongly relevant secondary/archival material worth early acquisition.,"Ch. 15, note 31: Author interview with Ernest Lambert, May 17, 2007. Americans are generally taxed on their worldwide income; any reported income, even that collected in Bermuda, would be taxable."
BKR-0211,PART_2;PART_3,16,16:4,PRIMARY_CONTEMPORARY_NEWS,B,2,,National Security Council under the Reagan-Bush administration,Time,,,,,Baker cites this source in chapter 16 in connection with National Security Council under the Reagan-Bush administration; the OCR text does not preserve a reliable body-note marker for a more precise claim mapping.,"Original National Security Council referenced or described by this secondary source, with complete provenance",General John Singlaub; Iran-Contra; Major General Robert Schweitzer; National Security Council; World Anti-Communist League. His,1,1,TRUE,FALSE,FALSE,TRUE,TRUE,FALSE,FALSE,Important primary evidence or strongly relevant secondary/archival material worth early acquisition.,"Ch. 16, note 4: Americans steeped in intelligence work and covert operations have flocked to the Philippines to hunt, literally, for treasure. Among these are General John Singlaub, who became a star figure in the Iran-contra scandal. One venture ostensibly set up for treasure hunting was a corporation founded by Singlaub, whose days in intelligence go back to the war time OSS and who served as chairman for one of the principal cold war organs, the World Anti-Communist League. His gold-hunting company cofounder was Major General Robert Schweitzer, who had been deputy director of the National Security Council under the Reagan-Bush administration."
BKR-0212,PART_2;PART_3,16,16:8,PRIMARY_GOVERNMENT,A,2,,"nscript from The O'Reilly Factor, Fox, April 23, 2007",,"April 23, 2007",,,,"Baker cites this source in chapter 16 in connection with nscript from The O'Reilly Factor, Fox, April 23, 2007; the OCR text does not preserve a reliable body-note marker for a more precise claim mapping.",,Dr. Evil of the; Fox News,1,1,TRUE,FALSE,FALSE,FALSE,FALSE,FALSE,FALSE,Important primary evidence or strongly relevant secondary/archival material worth early acquisition.,"Ch. 16, note 8: The conservative pantheon would almost universally revile Soros, with one Fox News wag referring to him as “the Dr. Evil of the whole world of left-wing foundations.” Transcript from The O'Reilly Factor, Fox, April 23, 2007."
BKR-0213,PART_2;PART_3,16,16:13;16:14;16:15,PRIMARY_CONTEMPORARY_NEWS,B,2,Beth Healy and Michael Kranish,"Harvard Invested Heavily in Harken,",Boston Globe,"October 30, 2002",,Harvard University,,"Baker cites this source in chapter 16 in connection with Harvard Invested Heavily in Harken,; the OCR text does not preserve a reliable body-note marker for a more precise claim mapping.",,As the Globe; Beth Healy and Michael Kranish; Boston Globe; Exxon Corp. In; George W. Bush; Harken Energy; Harken Energy Co; Harken and; Harvard Invested Heavily; Harvard Management; Harvard Management Co; Harvard Management and; Harvard Management’s; Harvard University’s; Jack Meyer,3,1,TRUE,FALSE,TRUE,FALSE,TRUE,FALSE,FALSE,Important primary evidence or strongly relevant secondary/archival material worth early acquisition.,"Ch. 16, note 13: Beth Healy and Michael Kranish, “Harvard Invested Heavily in Harken,” Boston Globe, October 30, 2002. As the Globe wrote: It was a moment of deep embarrassment in 1991 when Harvard University’s prestigious endowment fund admitted it had just experienced its worst loss ever. Jack Meyer, Harvard Management Co. president, said at the time he hoped the fund would never again take such a big hit, a $200 million write-down. Back then there was relatively little focus on one major reason for the loss: Harvard Management’s large and ill-timed bet on little-known Harken Energy Co., whose board included George W. Bush, then the son of the US president and now the president himself. Even as losses mounted, Harvard Management bailed out the troubled company, first by splitting up Harken and then by sheltering Harken’s liabilities in a partnership. Indeed, even as Bush was dumping the bulk of his Harken holdings—about $848,000 in stock sold to a buyer whose name has never been disclosed— Harvard Management plowed millions more into the firm... ... The Texas-based energy company was, in 1990, the seventh-largest stock holding in Harvard’s portfolio, bigger even than the university’s stake in Exxon Corp. In all, Harvard Management risked | percent of the university’s endowment in the small, struggling company, a surprisingly large bet by any measure, but particularly given Harken’s dismal prospects... The Globe review also found no evidence to support the contention by some critics of Harvard Management and some adversaries of Bush that its deep involvement in Harken was a political favor to the Bush family. || Ch. 16, note 14: Ibid. || Ch. 16, note 15: Ibid."
BKR-0214,PART_2;PART_3,16,16:23,SECONDARY_BOOK,B,2,Allin’s wartime job was to inspect and secure military ports over a third of the world,including the strategic oil reserve of Iran,"Allin is an enormously important if littleremembered figure. From 1919 to 1931 he was director and chief engineer of the Port of Houston, helping this landlocked city become the fifth biggest port in the United States, while in the process helping to reshape the modern oil industry.",1919,,,19,Baker cites this source in chapter 16 in connection with including the strategic oil reserve of Iran; the OCR text does not preserve a reliable body-note marker for a more precise claim mapping.,,Benjamin Casey Allin; Port of Houston; Reaching for the Sea; United States,1,1,FALSE,FALSE,FALSE,TRUE,FALSE,FALSE,FALSE,Important primary evidence or strongly relevant secondary/archival material worth early acquisition.,"Ch. 16, note 23: Allin’s wartime job was to inspect and secure military ports over a third of the world, including the strategic oil reserve of Iran. (Allin is an enormously important if littleremembered figure. From 1919 to 1931 he was director and chief engineer of the Port of Houston, helping this landlocked city become the fifth biggest port in the United States, while in the process helping to reshape the modern oil industry.) Benjamin Casey Allin I], Reaching for the Sea (Boston: Meador, 1956), p. 19."
BKR-0215,PART_2;PART_3,16,16:26,PRIMARY_CONTEMPORARY_NEWS,B,2,,"Douglas MacArthur and his milieu showed up in myriad ways. After Kennedy sacked Allen Dulles over the Bay of Pigs affair, he turned to MacArthur, who warned him that he had unleashed powerful forces. “The chickens are co",Time,,,,,"Baker cites this source in chapter 16 in connection with Douglas MacArthur and his milieu showed up in myriad ways. After Kennedy sacked Allen Dulles over the Bay of Pigs affair, he turned to MacArthur, who warned him that he had unleashed powerful forces. “The chickens are co; the OCR text does not preserve a reliable body-note marker for a more precise claim mapping.",,After Kennedy; Allen Dulles; Bay of Pigs; Douglas MacArthur and; General Charles Willoughby; H. L. Hunt; Theodore Sorensen,1,1,TRUE,FALSE,FALSE,FALSE,TRUE,TRUE,TRUE,Important primary evidence or strongly relevant secondary/archival material worth early acquisition.,"Ch. 16, note 26: Douglas MacArthur and his milieu showed up in myriad ways. After Kennedy sacked Allen Dulles over the Bay of Pigs affair, he turned to MacArthur, who warned him that he had unleashed powerful forces. “The chickens are coming home to roost,” MacArthur told Kennedy, according to presidential aide Theodore Sorensen, “and you happen to just have moved into the chicken house.”” Meanwhile, General Charles Willoughby, a pronounced racist and anti-Semite who had been MacArthur’s chief of intelligence in the Pacific, had joined forces with H. L. Hunt, the leader of the anti-Kennedy group in Dallas at the time of the assassination."
BKR-0216,PART_2;PART_3,16,16:29,SECONDARY_BOOK,B,2,,"Secretly Recovered It to Set Up Giant Cold War Slush Funds and Manipulate Foreign Governments (Bowstring Books, 2002) has a CD-ROM appendix containing over nine hundred megabytes of d",,2002,documentary,,,"Baker cites this source in chapter 16 in connection with Secretly Recovered It to Set Up Giant Cold War Slush Funds and Manipulate Foreign Governments (Bowstring Books, 2002) has a CD-ROM appendix containing over nine hundred megabytes of d; the OCR text does not preserve a reliable body-note marker for a more precise claim mapping.",,Bowstring Books; Chalmers Johnson; East Asian; Funds and Manipulate Foreign Governments; Gold Warriors; How Washington Secretly Recovered It; London Review of Books; Set Up Giant Cold War Slush; Sterling Seagrave and Peggy Seagrave’s,1,1,FALSE,FALSE,FALSE,TRUE,FALSE,FALSE,FALSE,Important primary evidence or strongly relevant secondary/archival material worth early acquisition.,"Ch. 16, note 29: Sterling Seagrave and Peggy Seagrave’s decades-long investigations of the Yamashita goldsaga have been criticized for minor historical and linguistic inaccuracies, but their book Gold Warriors: The Covert History of Yamashita ’s Gold—How Washington Secretly Recovered It to Set Up Giant Cold War Slush Funds and Manipulate Foreign Governments (Bowstring Books, 2002) has a CD-ROM appendix containing over nine hundred megabytes of documentary evidence. Booklist noted, “The Seagraves, reputable authors of East Asian histories, advance considerable sourcing for their claims, some of which, however, rely precariously on the word of single individuals, while others are anonymous.” Writing in the London Review of Books, the author and historian Chalmers Johnson noted the Seagraves’ stylistic shortcomings, while still calling Gold Warriors “easily the best guide available to the scandal of ‘Yamashita’s gold.’ ”"
BKR-0217,PART_2;PART_3,16,16:30,PRIMARY_CONTEMPORARY_NEWS,B,2,,"Warren Commission, was a longtime deputy to the Rockefeller family",Time,,,,4,"Baker cites this source in chapter 16 in connection with Warren Commission, was a longtime deputy to the Rockefeller family; the OCR text does not preserve a reliable body-note marker for a more precise claim mapping.","Original Commission referenced or described by this secondary source, with complete provenance",Dresser Industries; Gold Warriors; Prescott Bush; Prescott Bush. Lovett; Prescott. Anderson; Seagrave and Seagrave; Skull and Bones; Warren Commission,1,1,TRUE,FALSE,FALSE,TRUE,FALSE,FALSE,FALSE,Important primary evidence or strongly relevant secondary/archival material worth early acquisition.,"Ch. 16, note 30: Seagrave and Seagrave, Gold Warriors, p. 4. McCloy, a member of the Warren Commission, was a longtime deputy to the Rockefeller family. Stimson was a Skull and Bones alumnus and good friend of Prescott Bush. Lovett, too, was Skull and Bones as well as a friend—and business partner—to Prescott. Anderson, a Texas native and treasury secretary during Eisenhower’s second term, served on the board of the Bush family’s Dresser Industries."
BKR-0218,PART_2;PART_3,16,16:42,PRIMARY_CONTEMPORARY_NEWS,B,2,Daniel Williams,"Italy Was Warned of Iraq Attack; Report of Threats to Nasiriyah Base Were Disregarded,",Washington Post,"December 8, 2003",,,,"Baker cites this source in chapter 16 in connection with Italy Was Warned of Iraq Attack; Report of Threats to Nasiriyah Base Were Disregarded,; the OCR text does not preserve a reliable body-note marker for a more precise claim mapping.","Original Report referenced or described by this secondary source, with complete provenance",Greece and Turkey; Iraq; Italy Was Warned of Iraq Attack; Nasiriyah Base Were Disregarded; Report of Threats; Washington Post,1,1,TRUE,FALSE,FALSE,TRUE,TRUE,FALSE,FALSE,Important primary evidence or strongly relevant secondary/archival material worth early acquisition.,"Ch. 16, note 42: See Daniel Williams, “Italy Was Warned of Iraq Attack; Report of Threats to Nasiriyah Base Were Disregarded,” Washington Post, December 8, 2003. It then helped spark right-wing military coups in Greece and Turkey on NATO’s behalf."
BKR-0219,PART_2;PART_3,16,16:49,PRIMARY_CONTEMPORARY_NEWS,B,2,Robert Trigaux,"Bush Built Success on Harken Sale,",Time,"July 21, 2002",,,,"Baker cites this source in chapter 16 in connection with Bush Built Success on Harken Sale,; the OCR text does not preserve a reliable body-note marker for a more precise claim mapping.",,Bush Built Success; Harken Sale; Robert Trigaux; St. Petersburg Times,1,1,TRUE,FALSE,FALSE,FALSE,TRUE,FALSE,FALSE,Important primary evidence or strongly relevant secondary/archival material worth early acquisition.,"Ch. 16, note 49: Robert Trigaux, “Bush Built Success on Harken Sale,” St. Petersburg Times, July 21, 2002."
BKR-0220,PART_2;PART_3,16,16:52,SECONDARY_BOOK,B,2,,"cials, instead sending a representative to sit on the Harken board",,,,,,"Baker cites this source in chapter 16 in connection with cials, instead sending a representative to sit on the Harken board; the OCR text does not preserve a reliable body-note marker for a more precise claim mapping.",,Abdullah Bakhsh; BCCI; Federal Reserve; Ghaith Pharaon; Jim Bath; Main Bank; Most of the Harken; Netherlands Antilles; Saudi Arabia,1,1,FALSE,FALSE,FALSE,FALSE,TRUE,FALSE,FALSE,Important primary evidence or strongly relevant secondary/archival material worth early acquisition.,"Ch. 16, note 52: Most of the Harken shares handled by UBS were snapped up by Abdullah Bakhsh, a Saudireal estate magnate, who bought the stock through a Netherlands Antilles shell company. Though he became Harken’s third-largest stockholder, with a 17.6 percent stake, he rarely met with company officials, instead sending a representative to sit on the Harken board. Back in Saudi Arabia, Bakhsh was a business partner of Ghaith Pharaon, the fellow who had partnered with Jim Bath in Main Bank, and whom the Federal Reserve had labeled a “front-man” for BCCI. (Harken filings from the 1990s, though enormously complicated, seem to show additional UBS involvement with the company through partnerships with affiliated Harken entities.)"
BKR-0221,PART_2;PART_3,16,16:54,PRIMARY_CONTEMPORARY_NEWS,B,2,Alexander L. Taylor III,"Swiss Secrets Are Put to a Vote,",Time,"May 28, 1984",,,,"Baker cites this source in chapter 16 in connection with Swiss Secrets Are Put to a Vote,; the OCR text does not preserve a reliable body-note marker for a more precise claim mapping.",,Alexander L. Taylor III; Swiss Secrets Are Put,1,1,TRUE,FALSE,FALSE,TRUE,FALSE,FALSE,FALSE,Important primary evidence or strongly relevant secondary/archival material worth early acquisition.,"Ch. 16, note 54: Alexander L. Taylor III, “Swiss Secrets Are Put to a Vote,” Time, May 28, 1984."
BKR-0222,PART_2;PART_3,16,16:58,PRIMARY_CONTEMPORARY_NEWS,B,2,,"Quasha insisted that the deal had nothing to do with the Bush connection. Yet Harken’s exploration chief, Monte Swetnam, recalled to the Wall Street Journal mentioning names of company directors to the Bahrainis, includi",Wall Street Journal,,,,,"Baker cites this source in chapter 16 in connection with Quasha insisted that the deal had nothing to do with the Bush connection. Yet Harken’s exploration chief, Monte Swetnam, recalled to the Wall Street Journal mentioning names of company directors to the Bahrainis, includi; the OCR text does not preserve a reliable body-note marker for a more precise claim mapping.",,Monte Swetnam; Wall Street Journal; Yet Harken’s,1,1,TRUE,FALSE,FALSE,FALSE,TRUE,TRUE,TRUE,Important primary evidence or strongly relevant secondary/archival material worth early acquisition.,"Ch. 16, note 58: Quasha insisted that the deal had nothing to do with the Bush connection. Yet Harken’s exploration chief, Monte Swetnam, recalled to the Wall Street Journal mentioning names of company directors to the Bahrainis, including invoking W.’s name at least twice."
BKR-0223,PART_2;PART_3,16,16:58,PRIMARY_CONTEMPORARY_NEWS,B,2,,"See Thomas Petzinger Jr., Peter Truell, and Jill Abramson “Family Ties: How Oil Firm Linked to a Son of Bush Won Bahrain Drilling Pact,” Wall Street Journal, December 6, 1991. Whatever role the Bush connection played dur",Wall Street Journal,"December 6, 1991",,,,"Baker cites this source in chapter 16 in connection with See Thomas Petzinger Jr., Peter Truell, and Jill Abramson “Family Ties: How Oil Firm Linked to a Son of Bush Won Bahrain Drilling Pact,” Wall Street Journal, December 6, 1991. Whatever role the Bush connection played dur; the OCR text does not preserve a reliable body-note marker for a more precise claim mapping.",,Family Ties; How Oil Firm Linked; Jill Abramson; Peter Truell; Son of Bush Won Bahrain Drilling; Wall Street Journal,1,1,TRUE,FALSE,FALSE,FALSE,TRUE,TRUE,TRUE,Important primary evidence or strongly relevant secondary/archival material worth early acquisition.,"Ch. 16, note 58: See Thomas Petzinger Jr., Peter Truell, and Jill Abramson “Family Ties: How Oil Firm Linked to a Son of Bush Won Bahrain Drilling Pact,” Wall Street Journal, December 6, 1991. Whatever role the Bush connection played during the negotiations, it seems likely that it was the basis for Harken’s entry into those negotiations in the first place."
BKR-0224,PART_2;PART_3,16,16:59,PRIMARY_CONTEMPORARY_NEWS,B,2,,"cial story of how Bahrain found Harken is as follows: The Bahraini oil minister contacteda longtime friend, a Houston oil consultant with Mideast experience named Michael Ameen",Time,,,,,"Baker cites this source in chapter 16 in connection with cial story of how Bahrain found Harken is as follows: The Bahraini oil minister contacteda longtime friend, a Houston oil consultant with Mideast experience named Michael Ameen; the OCR text does not preserve a reliable body-note marker for a more precise claim mapping.",,Michael Ameen,1,1,TRUE,FALSE,FALSE,FALSE,TRUE,FALSE,FALSE,Important primary evidence or strongly relevant secondary/archival material worth early acquisition.,"Ch. 16, note 59: The official story of how Bahrain found Harken is as follows: The Bahraini oil minister contacteda longtime friend, a Houston oil consultant with Mideast experience named Michael Ameen."
BKR-0225,PART_2;PART_3,16,16:61,PRIMARY_INTERVIEW,A,2,Steve Rose,Interview with Steve Rose,,"September 27, 2006",,,,Baker cites this source in chapter 16 in connection with Interview with Steve Rose; the OCR text does not preserve a reliable body-note marker for a more precise claim mapping.,,Steve Rose,1,1,FALSE,TRUE,FALSE,FALSE,FALSE,FALSE,FALSE,Important primary evidence or strongly relevant secondary/archival material worth early acquisition.,"Ch. 16, note 61: Author interview with Steve Rose, September 27, 2006."
BKR-0226,PART_2;PART_3,16,16:64,PRIMARY_CONTEMPORARY_NEWS,B,2,,"“President Urges Congress to Support Nation’s Priorities,” George W. Bush press conference,July 8, 2002.",Nation,"July 8, 2002",,,,"Baker cites this source in chapter 16 in connection with “President Urges Congress to Support Nation’s Priorities,” George W. Bush press conference,July 8, 2002.; the OCR text does not preserve a reliable body-note marker for a more precise claim mapping.",,George W. Bush; President Urges Congress; Support Nation’s Priorities,1,1,TRUE,FALSE,FALSE,FALSE,FALSE,TRUE,TRUE,Important primary evidence or strongly relevant secondary/archival material worth early acquisition.,"Ch. 16, note 64: “President Urges Congress to Support Nation’s Priorities,” George W. Bush press conference,July 8, 2002."
BKR-0227,PART_3,17,17:2,SECONDARY_BOOK,B,2,James Moore and Wayne Slater,Bush's Brain: How Karl Rove Made George W. Bush Presidential,"Hoboken, NJ: John Wiley & Sons, 2003",2003,,,152,"Baker cites this in support of the surrounding discussion: Such questions were certainly on the mind of his informal political adviser Karl Rove. Although the Bush forces would claim that W. had not seriously thought about running for higher office until well into the 1990s, as far back as Poppy’s inauguration Rove had been letting reporters know that there was another Bush waiting in the wings.",,Bush's Brain; George W. Bush; How Karl Rove Made George; James Moore and Wayne Slater; John Wiley & Sons; Karl Rove; W. Bush Presidential,1,1,FALSE,FALSE,FALSE,FALSE,FALSE,FALSE,FALSE,Important primary evidence or strongly relevant secondary/archival material worth early acquisition.,"Ch. 17, note 2: James Moore and Wayne Slater, Bush's Brain: How Karl Rove Made George W. Bush Presidential (Hoboken, NJ: John Wiley & Sons, 2003), p. 152."
BKR-0228,PART_3,17,17:3,SECONDARY_BOOK,B,2,For Barbara’s public comments,"see Bill Minutaglio, First Son: George W. Bush and the Bush Family Dynasty","New York: Three Rivers, 1999",1999,,,243,"Baker cites this source in chapter 17 in connection with see Bill Minutaglio, First Son: George W. Bush and the Bush Family Dynasty; the OCR text does not preserve a reliable body-note marker for a more precise claim mapping.",,Bill Minutaglio; Family Dynasty; First Son; George W. Bush; George W. Bush and the Bush; Three Rivers,1,1,FALSE,FALSE,FALSE,FALSE,FALSE,FALSE,FALSE,Important primary evidence or strongly relevant secondary/archival material worth early acquisition.,"Ch. 17, note 3: For Barbara’s public comments, see Bill Minutaglio, First Son: George W. Bush and the Bush Family Dynasty (New York: Three Rivers, 1999), p. 243. The concern that it would be seen as a referendum was expressed by several sources interviewed by the author."
BKR-0229,PART_3,17;18;19,17:4;18:26;19:16,PRIMARY_INTERVIEW,A,2,Doug Wead,Interview with Doug Wead,,"December 14, 2006",,,,"Baker cites this in support of the surrounding discussion: The inside man was Tom Schieffer, brother of CBS News correspondent Bob Schieffer. A former Texas state representative once dubbed one of the “ten worst legislators” in Texas by Texas Monthly, Schieffer had already been involved with a competing group seeking to buy the team, but was persuaded to transfer his allegiance, as well as to bring in a $1. | Baker cites this source in chapter 18 in connection with Interview with Doug Wead; the OCR text does not preserve a reliable body-note marker for a more precise claim mapping. | Baker cites this source in chapter 19 in connection with Interview with Doug Wead; the OCR text does not preserve a reliable body-note marker for a more precise claim mapping.",,Doug Wead,3,3,FALSE,TRUE,FALSE,FALSE,FALSE,FALSE,FALSE,Important primary evidence or strongly relevant secondary/archival material worth early acquisition.,"Ch. 17, note 4: Author interview with Doug Wead, December 14, 2006. || Ch. 18, note 26: Author interview with Doug Wead, December 14, 2006. || Ch. 19, note 16: Author interview with Doug Wead, May 27, 2008."
BKR-0230,PART_3,17,17:6;17:13,PRIMARY_INTERVIEW,A,2,Comer Cottrell,Interview with Comer Cottrell,,"June 20, 2006",,,,Baker cites this source in chapter 17 in connection with Interview with Comer Cottrell; the OCR text does not preserve a reliable body-note marker for a more precise claim mapping.,,Comer Cottrell,2,1,FALSE,TRUE,FALSE,FALSE,FALSE,FALSE,FALSE,Important primary evidence or strongly relevant secondary/archival material worth early acquisition.,"Ch. 17, note 6: Author interview with Comer Cottrell, June 20, 2006. || Ch. 17, note 13: Author interview with Comer Cottrell."
BKR-0231,PART_3,17,17:8,PRIMARY_PERSONAL_RECORD,A,2,,"W. served on the board of Carlyle subsidiary Cater Air. Carlyle Group’s advisers and board members have included Poppy Bush, James Baker, Clinton chief of staff Mack McLarty, former British prime minister John Major, and",,,,,,"Baker cites this source in chapter 17 in connection with W. served on the board of Carlyle subsidiary Cater Air. Carlyle Group’s advisers and board members have included Poppy Bush, James Baker, Clinton chief of staff Mack McLarty, former British prime minister John Major, and; the OCR text does not preserve a reliable body-note marker for a more precise claim mapping.",,Cater Air. Carlyle Group’s; Fidel Ramos; James Baker; John Major; Mack McLarty; Poppy Bush,1,1,TRUE,FALSE,FALSE,FALSE,FALSE,TRUE,TRUE,Important primary evidence or strongly relevant secondary/archival material worth early acquisition.,"Ch. 17, note 8: W. served on the board of Carlyle subsidiary Cater Air. Carlyle Group’s advisers and board members have included Poppy Bush, James Baker, Clinton chief of staff Mack McLarty, former British prime minister John Major, and former Philippine president Fidel Ramos."
BKR-0232,PART_3,17,17:9,PRIMARY_INTERVIEW,A,2,Glenn Sodd,Interview with Glenn Sodd,,"June 9, 2006",,,,Baker cites this source in chapter 17 in connection with Interview with Glenn Sodd; the OCR text does not preserve a reliable body-note marker for a more precise claim mapping.,,Glenn Sodd,1,1,FALSE,TRUE,FALSE,FALSE,FALSE,FALSE,FALSE,Important primary evidence or strongly relevant secondary/archival material worth early acquisition.,"Ch. 17, note 9: Author interview with Glenn Sodd, June 9, 2006."
BKR-0233,PART_3,17,17:10,PRIMARY_CONTEMPORARY_NEWS,B,2,Jim Landers,"Lawyer Represented Bush on Harken,",Dallas Morning News,,,,,"Baker cites this source in chapter 17 in connection with Lawyer Represented Bush on Harken,; the OCR text does not preserve a reliable body-note marker for a more precise claim mapping.",,Dallas Morning News; Jim Landers; Lawyer Represented Bush,1,1,TRUE,FALSE,FALSE,FALSE,TRUE,FALSE,FALSE,Important primary evidence or strongly relevant secondary/archival material worth early acquisition.,"Ch. 17, note 10: Jim Landers, “Lawyer Represented Bush on Harken,” Dallas Morning News, September"
BKR-0234,PART_3,17,17:17,SECONDARY_BOOK,B,2,Molly Ivins and Lou Dubose,Shrub: The Short but Happy Political Life of George W. Bush,"New York: Random House, 2000",2000,,,38,Baker cites this source in chapter 17 in connection with Shrub: The Short but Happy Political Life of George W. Bush; the OCR text does not preserve a reliable body-note marker for a more precise claim mapping.,,George W. Bush; Happy Political Life of George; Molly Ivins and Lou Dubose; Random House,1,1,FALSE,FALSE,FALSE,FALSE,FALSE,FALSE,FALSE,Important primary evidence or strongly relevant secondary/archival material worth early acquisition.,"Ch. 17, note 17: Molly Ivins and Lou Dubose, Shrub: The Short but Happy Political Life of George W. Bush (New York: Random House, 2000), p. 38."
BKR-0235,PART_3,17,17:26,PRIMARY_INTERVIEW,A,2,Jim Runzheimer,Interview with Jim Runzheimer,,"June 20, 2006",,,,Baker cites this source in chapter 17 in connection with Interview with Jim Runzheimer; the OCR text does not preserve a reliable body-note marker for a more precise claim mapping.,,Jim Runzheimer,1,1,FALSE,TRUE,FALSE,FALSE,FALSE,FALSE,FALSE,Important primary evidence or strongly relevant secondary/archival material worth early acquisition.,"Ch. 17, note 26: Author interview with Jim Runzheimer, June 20, 2006."
BKR-0236,PART_3,17,17:29,PRIMARY_INTERVIEW,A,2,David Rosen,Interview with David Rosen,,"Midland, Texas, June 24, 2006",,,,Baker cites this source in chapter 17 in connection with Interview with David Rosen; the OCR text does not preserve a reliable body-note marker for a more precise claim mapping.,,David Rosen,1,1,FALSE,TRUE,FALSE,FALSE,FALSE,FALSE,FALSE,Important primary evidence or strongly relevant secondary/archival material worth early acquisition.,"Ch. 17, note 29: Author interview with David Rosen, Midland, Texas, June 24, 2006."
BKR-0237,PART_3,18,18:1,SECONDARY_BOOK,B,2,Eric Alterman,What Liberal Media?: The Truth About Bias and the News,"New York: Basic, 2003",2003,,,156,Baker cites this source in chapter 18 in connection with What Liberal Media?: The Truth About Bias and the News; the OCR text does not preserve a reliable body-note marker for a more precise claim mapping.,,Boy Genius; Brains Behind the Remarkable Political Triumph; Carl M. Cannon; Eric Alterman; Eric Boehlert; George W. Bush; Jan Reid; Karl Rove; Lou Dubose; Public Affairs; Rolling Stone; What Liberal Media,1,1,FALSE,FALSE,FALSE,FALSE,FALSE,FALSE,FALSE,Important primary evidence or strongly relevant secondary/archival material worth early acquisition.,"Ch. 18, note 1: Also see Eric Alterman, What Liberal Media?: The Truth About Bias and the News (New York: Basic, 2003), p. 156. Eric Boehlert, “The Press vs. Al Gore,” Rolling Stone, November 26, 2001. Lou Dubose, Jan Reid, and Carl M. Cannon, Boy Genius: Karl Rove, the Brains Behind the Remarkable Political Triumph of George W. Bush (New York: Public Affairs, 2003), p. 12."
BKR-0238,PART_3,18,18:5,SECONDARY_BOOK,B,2,Tim Hope and Richard Sparks,"editors, Crime, Risk and Insecurity","New York: Routledge, 2000",2000,,,266,"Baker cites this source in chapter 18 in connection with editors, Crime, Risk and Insecurity; the OCR text does not preserve a reliable body-note marker for a more precise claim mapping.",,Risk and Insecurity,1,1,FALSE,FALSE,FALSE,TRUE,FALSE,FALSE,FALSE,Important primary evidence or strongly relevant secondary/archival material worth early acquisition.,"Ch. 18, note 5: See Tim Hope and Richard Sparks, editors, Crime, Risk and Insecurity (New York: Routledge, 2000), p. 266."
BKR-0239,PART_3,18,18:6,PRIMARY_INTERVIEW,A,2,John Taliaferro,Interview with John Taliaferro,,"July 11, 2006",,,,Baker cites this source in chapter 18 in connection with Interview with John Taliaferro; the OCR text does not preserve a reliable body-note marker for a more precise claim mapping.,,John Taliaferro,1,1,FALSE,TRUE,FALSE,FALSE,FALSE,FALSE,FALSE,Important primary evidence or strongly relevant secondary/archival material worth early acquisition.,"Ch. 18, note 6: Author interview with John Taliaferro, July 11, 2006."
BKR-0240,PART_3,18;21,18:10;21:14,PRIMARY_INTERVIEW,A,2,Royal Masset,Interview with Royal Masset,,"May 27, 2004",,,,"Baker cites this source in chapter 18 in connection with Interview with Royal Masset; the OCR text does not preserve a reliable body-note marker for a more precise claim mapping. | Baker cites this in support of the surrounding discussion: Former Texas GOP political director and political consultant Royal Masset recalls what went through his head. “In the spring, I said, ‘Karl is going to push the war button—because that is going to resuscitate George. It will be good for the midterm elections.’ The Karl Rove I know would have been pushing the war for all it was worth.”",,Karl Rove; Royal Masset,2,2,FALSE,TRUE,FALSE,FALSE,FALSE,FALSE,FALSE,Important primary evidence or strongly relevant secondary/archival material worth early acquisition.,"Ch. 18, note 10: Author interview with Royal Masset, May 27, 2004. || Ch. 21, note 14: Author interview with Royal Masset, May 27, 2004."
BKR-0241,PART_3,18,18:15,PRIMARY_INTERVIEW,A,2,Brian Berry,Interview with Brian Berry,,"October 11, 2005",,,,Baker cites this source in chapter 18 in connection with Interview with Brian Berry; the OCR text does not preserve a reliable body-note marker for a more precise claim mapping.,,Brian Berry,1,1,FALSE,TRUE,FALSE,FALSE,FALSE,FALSE,FALSE,Important primary evidence or strongly relevant secondary/archival material worth early acquisition.,"Ch. 18, note 15: Author interview with Brian Berry, October 11, 2005."
BKR-0242,PART_3,18,18:16,PRIMARY_INTERVIEW,A,2,Gypsy Hogan,Interview with Gypsy Hogan,,"October 6, 2005",,,,Baker cites this source in chapter 18 in connection with Interview with Gypsy Hogan; the OCR text does not preserve a reliable body-note marker for a more precise claim mapping.,,Gypsy Hogan,1,1,FALSE,TRUE,FALSE,FALSE,FALSE,FALSE,FALSE,Important primary evidence or strongly relevant secondary/archival material worth early acquisition.,"Ch. 18, note 16: Author interview with Gypsy Hogan, October 6, 2005. Allbaugh also borrowed money from anelderly widow and faithful GOP donor, but never paid her back."
BKR-0243,PART_3,18,18:17,PRIMARY_CONTEMPORARY_NEWS,B,2,,secretary of transportation under Democratic governor David Walters,Time,1990,,,,Baker cites this source in chapter 18 in connection with secretary of transportation under Democratic governor David Walters; the OCR text does not preserve a reliable body-note marker for a more precise claim mapping.,,David Walters; In September; Stephens for,1,1,TRUE,FALSE,FALSE,TRUE,FALSE,FALSE,FALSE,Important primary evidence or strongly relevant secondary/archival material worth early acquisition.,"Ch. 18, note 17: In September 1990, Allbaugh left the job with Stephens for reasons unknown. His résumésuggests that he was then unemployed until February 1991, when he reappeared back on the other side of the customer-service counter, this time as deputy secretary of transportation under Democratic governor David Walters. (A grand jury later issued eight felony indictments against Walters, who pled guilty to one misdemeanor charge of violating state campaign-contribution laws.)"
BKR-0244,PART_3,18,18:18,PRIMARY_INTERVIEW,A,2,Wayne Slater,Interview with Wayne Slater,,"October 11, 2005",,,,Baker cites this source in chapter 18 in connection with Interview with Wayne Slater; the OCR text does not preserve a reliable body-note marker for a more precise claim mapping.,,Wayne Slater,1,1,FALSE,TRUE,FALSE,FALSE,FALSE,FALSE,FALSE,Important primary evidence or strongly relevant secondary/archival material worth early acquisition.,"Ch. 18, note 18: Author interview with Wayne Slater, October 11, 2005."
BKR-0245,PART_3,18,18:23,PRIMARY_CONTEMPORARY_NEWS,B,2,R. G. Ratcliffe,"Secrecy Cloaks $1.7 Billion in UT Investments,",Houston Chronicle,"March 21, 1999",,,,"Baker cites this source in chapter 18 in connection with Secrecy Cloaks $1.7 Billion in UT Investments,; the OCR text does not preserve a reliable body-note marker for a more precise claim mapping.",,Houston Chronicle; R. G. Ratcliffe; Secrecy Cloaks; UT Investments,1,1,TRUE,FALSE,FALSE,TRUE,FALSE,FALSE,FALSE,Important primary evidence or strongly relevant secondary/archival material worth early acquisition.,"Ch. 18, note 23: R. G. Ratcliffe, “Secrecy Cloaks $1.7 Billion in UT Investments,” Houston Chronicle, March 21, 1999."
BKR-0246,PART_3,18,18:28,PRIMARY_INTERVIEW,A,2,Lewis L,Interview with Lewis L,,"July 12, 2006",,,,Baker cites this source in chapter 18 in connection with Interview with Lewis L; the OCR text does not preserve a reliable body-note marker for a more precise claim mapping.,,Lewis L. Gould,1,1,FALSE,TRUE,FALSE,FALSE,FALSE,FALSE,FALSE,Important primary evidence or strongly relevant secondary/archival material worth early acquisition.,"Ch. 18, note 28: Author interview with Lewis L. Gould, July 12, 2006."
BKR-0247,PART_3,19;20,19:1;19:2;20:13,SECONDARY_BOOK,B,2,George W. Bush,A Charge to Keep,"New York: William Morrow, 1999",1999,reporters,,136-37; 19; 54,"Baker cites this source in chapter 19 in connection with A Charge to Keep; the OCR text does not preserve a reliable body-note marker for a more precise claim mapping. | Baker cites this in support of the surrounding discussion: It was especially appealing in 2000, given Bill Clinton’s sexual misconduct and the consequent large role of “character” in the election. As he noted in Charge to Keep, Bush had served communion during his Houston youth and taught Sunday school when he moved back to Midland in 1975. | Baker cites this source in chapter 20 in connection with A Charge to Keep; the OCR text does not preserve a reliable body-note marker for a more precise claim mapping.",,Barbara Bush; Bill Clinton; George W. Bush; Throughout the; William Morrow,3,3,FALSE,FALSE,FALSE,TRUE,FALSE,FALSE,FALSE,Important primary evidence or strongly relevant secondary/archival material worth early acquisition.,"Ch. 19, note 1: George W. Bush, A Charge to Keep (New York: William Morrow, 1999), pp. 136-37. Throughout the writings of Poppy, W., and Barbara Bush, a pattern emerges regarding the selective inclusion of names. Wherever a person is likely to provide reporters with a favorable story, that person’s name is included—no matter how gratuitous their mention or how obscure they may be. By contrast, the names of many important figures in their lives appear to have been excised. || Ch. 19, note 2: Ibid., pp. 19, 86. || Ch. 20, note 13: George W. Bush, A Charge to Keep (New York: William Morrow, 1999), p. 54."
BKR-0248,PART_3,20,20:2,SECONDARY_BOOK,B,2,Moore,"with Wayne Slater, later wrote a book about Karl Rove, called Bushs Brain: How Karl Rove Made George W. Bush Presidential","Hoboken, NJ: John Wiley & Sons, 2003",2003,,,,Baker cites this in support of the surrounding discussion: It was when he had trouble receiving proper medical care under his benefits package that he tried to use his knowledge of the destruction of Bush’s military record as leverage. Even efforts by Texas congressman Charles Stenholm and the surgeon general to arrange hospital care for Burkett were rebuffed by Guard headquarters.,,Bushs Brain; Eric Boehlert; George W. Bush; How Karl Rove Made George; John Wiley & Sons; Karl Rove; Unwitting Drudge Indicts Bush; W. Bush Presidential; Wayne Slater,1,1,FALSE,FALSE,FALSE,FALSE,FALSE,FALSE,FALSE,Important primary evidence or strongly relevant secondary/archival material worth early acquisition.,"Ch. 20, note 2: Moore, with Wayne Slater, later wrote a book about Karl Rove, called Bushs Brain: How Karl Rove Made George W. Bush Presidential (Hoboken, NJ: John Wiley & Sons, 2003). Eric Boehlert, “Unwitting Drudge Indicts Bush,” Salon.com, September 14, 2004. 2"
BKR-0249,PART_3,20,20:6;20:7;20:8,PRIMARY_INTERVIEW,A,2,Bill Burkett,Interview with Bill Burkett,,"September 4, 2004",,,,Baker cites this source in chapter 20 in connection with Interview with Bill Burkett; the OCR text does not preserve a reliable body-note marker for a more precise claim mapping.,,Bill Burkett,3,1,FALSE,TRUE,FALSE,FALSE,FALSE,FALSE,FALSE,Important primary evidence or strongly relevant secondary/archival material worth early acquisition.,"Ch. 20, note 6: Author interview with Bill Burkett, September 4, 2004. || Ch. 20, note 7: Author interview with Bill Burkett, July 7, 2004. || Ch. 20, note 8: Author interview with Bill Burkett, July 31, 2008."
BKR-0250,PART_3,20,20:12,PRIMARY_INTERVIEW,A,2,Albert Lloyd,Interview with Albert Lloyd,,"July 23, 2004",,,,Baker cites this in support of the surrounding discussion: It was when he had trouble receiving proper medical care under his benefits package that he tried to use his knowledge of the destruction of Bush’s military record as leverage. Even efforts by Texas congressman Charles Stenholm and the surgeon general to arrange hospital care for Burkett were rebuffed by Guard headquarters.2 Two close friends of Burkett’s within the Guard who tried to get him help for emergency medical bills—George Conn and Harvey Gough—would themselves be fired from the Guard.,,Albert Lloyd,1,1,FALSE,TRUE,FALSE,FALSE,FALSE,FALSE,FALSE,Important primary evidence or strongly relevant secondary/archival material worth early acquisition.,"Ch. 20, note 12: Author interview with Albert Lloyd, July 23, 2004."
BKR-0251,PART_3,20,20:15,PRIMARY_LEGAL,A,2,,Undated anonymous letter to U.S.,,,,,,Baker cites this source in chapter 20 in connection with Undated anonymous letter to U.S.; the OCR text does not preserve a reliable body-note marker for a more precise claim mapping.,,GTech Corporation; Larry Littwin; U.S. Attorney Dan Mills,1,1,TRUE,FALSE,FALSE,FALSE,FALSE,FALSE,FALSE,Important primary evidence or strongly relevant secondary/archival material worth early acquisition.,"Ch. 20, note 15: Undated anonymous letter to U.S. Attorney Dan Mills, obtained in discovery process for a lawsuit by Larry Littwin against the GTech Corporation."
BKR-0252,PART_3,21,21:3,PRIMARY_CONTEMPORARY_NEWS,B,2,,"cial role in the nation’s oldest continually operating gun company, Remington Arms",Nation,,,,,"Baker cites this in support of the surrounding discussion: The company, with forty thousand employees in Iraq and twenty-eight thousand more in Afghanistan and Kuwait, had a near monopoly on a wide range of services, from construction to food handling to disco nights for the troops. By 2008 Halliburton had been paid more than $24 billion.2 Halliburton’s contract in Iraq has been repeatedly marked by corruption: In 2004 the company had to repay the government for $6.",,Bushes. Munitions; Carlyle Group; Dresser Industries; Iraq; Prescott Bush; Remington Arms. Dresser Industries; Samuel Bush; Saudi Arabia; Saudi Arabia’s; World War; World War II,1,1,TRUE,FALSE,FALSE,TRUE,TRUE,FALSE,FALSE,Important primary evidence or strongly relevant secondary/archival material worth early acquisition.,"Ch. 21, note 3: Few families were more involved in the military economy than the Bushes. Munitions had long been part of the family business, starting with W.’s great-grandfather Samuel Bush, who served as point man for American small arms manufacturing in World War I and also played a crucial role in the nation’s oldest continually operating gun company, Remington Arms. Dresser Industries, with Prescott Bush on its board, had expanded greatly during World War II, thanks to defense contracts. Poppy served as a senior adviser to the Carlyle Group, which, until just after September 11, enjoyed substantial investments from Saudi Arabia’s bin Laden family and specialized in buying and selling defense companies that did business with the government."
BKR-0253,PART_3,21,21:7,PRIMARY_CONTEMPORARY_NEWS,B,2,Stephen J. Glain,"Halliburton Says Employees Got Kickbacks on Iraq Work,",Boston Globe,"January 24, 2004",,,,"Baker cites this source in chapter 21 in connection with Halliburton Says Employees Got Kickbacks on Iraq Work,; the OCR text does not preserve a reliable body-note marker for a more precise claim mapping.",,Boston Globe; Halliburton Says Employees Got Kickbacks; Iraq; Iraq Work; Stephen J. Glain,1,1,TRUE,FALSE,FALSE,FALSE,TRUE,FALSE,FALSE,Important primary evidence or strongly relevant secondary/archival material worth early acquisition.,"Ch. 21, note 7: Stephen J. Glain, “Halliburton Says Employees Got Kickbacks on Iraq Work,” Boston Globe, January 24, 2004."
BKR-0254,PART_3,21,21:8,PRIMARY_CONTEMPORARY_NEWS,B,2,Don Van Natta Jr.,"High Payments to Halliburton for Fuel in Iraq,",New York Times,"December 10, 2003",,,,"Baker cites this source in chapter 21 in connection with High Payments to Halliburton for Fuel in Iraq,; the OCR text does not preserve a reliable body-note marker for a more precise claim mapping.",,Don Van Natta Jr; Halliburton Will Repay U.S. Excess Charges; Halliburton for Fuel; High Payments; Iraq; Troops’ Meals,1,1,TRUE,FALSE,FALSE,FALSE,TRUE,FALSE,FALSE,Important primary evidence or strongly relevant secondary/archival material worth early acquisition.,"Ch. 21, note 8: Don Van Natta Jr., “High Payments to Halliburton for Fuel in Iraq,” New York Times, December 10, 2003. Also Joel Brinkley and Eric Schmitt, “Halliburton Will Repay U.S. Excess Charges for Troops’ Meals,” New York Times, February 3, 2004."
BKR-0255,PART_3,21,21:9,PRIMARY_CONTEMPORARY_NEWS,B,2,James Risen,"Electrical Risks at Iraq Bases Are Worse Than Said,",New York Times,,,,,"Baker cites this source in chapter 21 in connection with Electrical Risks at Iraq Bases Are Worse Than Said,; the OCR text does not preserve a reliable body-note marker for a more precise claim mapping.",,Electrical Risks; Iraq; Iraq Bases Are Worse Than Said; James Risen,1,1,TRUE,FALSE,FALSE,FALSE,TRUE,FALSE,FALSE,Important primary evidence or strongly relevant secondary/archival material worth early acquisition.,"Ch. 21, note 9: James Risen, “Electrical Risks at Iraq Bases Are Worse Than Said,” New York Times, July"
BKR-0256,PART_3,21,21:15,SECONDARY_BOOK,B,2,For an excellent account of the U.S. role in propping up and arming Saddam Hussein,"see Alan Friedman, Spider s Web: The Secret History of How the White House Illegally Armed Iraq","New York: Bantam, 1993",1993,,,,"Baker cites this source in chapter 21 in connection with see Alan Friedman, Spider s Web: The Secret History of How the White House Illegally Armed Iraq; the OCR text does not preserve a reliable body-note marker for a more precise claim mapping.",,Alan Friedman; Iraq; Saddam Hussein; White House Illegally Armed Iraq,1,1,FALSE,FALSE,FALSE,TRUE,TRUE,FALSE,FALSE,Important primary evidence or strongly relevant secondary/archival material worth early acquisition.,"Ch. 21, note 15: For an excellent account of the U.S. role in propping up and arming Saddam Hussein, see Alan Friedman, Spider s Web: The Secret History of How the White House Illegally Armed Iraq (New York: Bantam, 1993)."
BKR-0257,PART_3,21,21:20,PRIMARY_INTERVIEW,A,2,Larry Birns,Interview with Larry Birns,,"August 15, 2008",,,,Baker cites this source in chapter 21 in connection with Interview with Larry Birns; the OCR text does not preserve a reliable body-note marker for a more precise claim mapping.,,Larry Birns,1,1,FALSE,TRUE,FALSE,FALSE,FALSE,FALSE,FALSE,Important primary evidence or strongly relevant secondary/archival material worth early acquisition.,"Ch. 21, note 20: Author interview with Larry Birns, August 15, 2008."
BKR-0258,PART_3,21,21:27,PRIMARY_PERSONAL_RECORD,A,2,Simon Pia,"Scotsman Diary: Oiling the Wheels,",,"September 15, 2000",,,,"Baker cites this source in chapter 21 in connection with Scotsman Diary: Oiling the Wheels,; the OCR text does not preserve a reliable body-note marker for a more precise claim mapping.",,Oiling the Wheels; Scotsman Diary; Simon Pia,1,1,TRUE,FALSE,FALSE,FALSE,FALSE,FALSE,FALSE,Important primary evidence or strongly relevant secondary/archival material worth early acquisition.,"Ch. 21, note 27: Simon Pia, “Scotsman Diary: Oiling the Wheels,” Scotsman, September 15, 2000."
BKR-0259,PART_3,21,21:29,PRIMARY_INTERVIEW,A,2,Mark Vozar,Interview with Mark Vozar,,"November 12, 2006",,,,Baker cites this source in chapter 21 in connection with Interview with Mark Vozar; the OCR text does not preserve a reliable body-note marker for a more precise claim mapping.,,Mark Vozar,1,1,FALSE,TRUE,FALSE,FALSE,FALSE,FALSE,FALSE,Important primary evidence or strongly relevant secondary/archival material worth early acquisition.,"Ch. 21, note 29: Author interview with Mark Vozar, November 12, 2006."
BKR-0260,PART_3,21,21:30,PRIMARY_CONTEMPORARY_NEWS,B,2,,"As noted in chapter 15, when George W. Bush’s Arbusto received an infusion of more than a million dollars from Moran Exploration, Moran staffers in Midland expressed misgivings about the deal to their bosses. Years later",Time,1982,,,,"Baker cites this source in chapter 21 in connection with As noted in chapter 15, when George W. Bush’s Arbusto received an infusion of more than a million dollars from Moran Exploration, Moran staffers in Midland expressed misgivings about the deal to their bosses. Years later; the OCR text does not preserve a reliable body-note marker for a more precise claim mapping.",,Alaska and; Arbusto; Dick Moran; George W. Bush; George W. Bush’s Arbusto; John Mackin; London American; London American Energy; Moran Exploration; Moran and Adobe Oil and Gas; Scottish American; Scottish American Investment Trust; Sir Alastair Down; Zapata Offshore,1,1,TRUE,FALSE,FALSE,FALSE,FALSE,TRUE,TRUE,Important primary evidence or strongly relevant secondary/archival material worth early acquisition.,"Ch. 21, note 30: As noted in chapter 15, when George W. Bush’s Arbusto received an infusion of more than a million dollars from Moran Exploration, Moran staffers in Midland expressed misgivings about the deal to their bosses. Years later, Dick Moran said that he did not recall putting the money into Bush’s company. It is worth noting that about the time of Moran’s bet on Bush’s risky deal, Moran itself was benefiting from a twenty-million-dollar infusion from London American Energy (LAE), a U.K.-financed enterprise. LAE’s board members included John Mackin, a Scottish American who chaired Zapata Offshore, and London American chairman Sir Alastair Down, a former head of BP who had spearheaded drilling in Alaska and who was in 1982 serving as a director of the Scottish American Investment Trust. (At least two of the companies funded by LAE, Moran and Adobe Oil and Gas, were drilling heavily off Scotland at the time.)"
BKR-0261,PART_3,21,21:37,SECONDARY_BOOK,B,2,Heraldo Mufioz,A Solitary War: A Diplomat’s Chronicle of the Iraq War and Its Lessons,"Golden, CO: Fulcrum, 2008",2008,,,,Baker cites this source in chapter 21 in connection with A Solitary War: A Diplomat’s Chronicle of the Iraq War and Its Lessons; the OCR text does not preserve a reliable body-note marker for a more precise claim mapping.,,Diplomat’s Chronicle of the Iraq War; Heraldo Mufioz; Iraq; Its Lessons; Solitary War,1,1,FALSE,FALSE,FALSE,FALSE,TRUE,FALSE,FALSE,Important primary evidence or strongly relevant secondary/archival material worth early acquisition.,"Ch. 21, note 37: Heraldo Mufioz, A Solitary War: A Diplomat’s Chronicle of the Iraq War and Its Lessons (Golden, CO: Fulcrum, 2008)."
BKR-0262,PART_3,21,21:43,SECONDARY_BOOK,B,2,John R. MacArthur,Second Front: Censorship and Propaganda in the Gulf War,"Berkeley: University of California Press, 1992",1992,,,58,"Baker cites this in support of the surrounding discussion: The committee heard a particularly moving testimony from a fifteenyear-old Kuwaiti girl, Nayirah, who described the horrors she witnessed in a Kuwait City hospital: “While I was there, I saw the Iraqi soldiers come into the hospital with guns, and go into the room where 15 babies were in incubators. They took the babies out of the incubators, took the incubators, and left the babies on the cold floor to die.”",,Censorship and Propaganda; Gulf War; John R. MacArthur; Second Front; University of California Press,1,1,FALSE,FALSE,FALSE,TRUE,FALSE,FALSE,FALSE,Important primary evidence or strongly relevant secondary/archival material worth early acquisition.,"Ch. 21, note 43: John R. MacArthur, Second Front: Censorship and Propaganda in the Gulf War (Berkeley: University of California Press, 1992), p. 58."
BKR-0263,PART_3,22,22:1,PRIMARY_CONTEMPORARY_NEWS,B,2,Tim Russert,Interview with Tim Russert,New York Times,"Meet the Press, NBC, February 8, 2004",report for,,,Baker cites this source in chapter 22 in connection with Interview with Tim Russert; the OCR text does not preserve a reliable body-note marker for a more precise claim mapping.,"Original interview/report referenced or described by this secondary source, with complete provenance",AWOL’ Bush Will Be; Armed Forces; Chief Says; George W. Bush; Issue After; Katharine Q. Seelye; Meet the Press; National Guard; Nominee Emerges; Private Eddie Slovik; Tim Russert; UCMJ. The; Uniform Code of Military Justice; United States Statutes,1,1,TRUE,FALSE,FALSE,TRUE,FALSE,FALSE,FALSE,Important primary evidence or strongly relevant secondary/archival material worth early acquisition.,"Ch. 22, note 1: Katharine Q. Seelye, “democratic Chief Says ‘AWOL’ Bush Will Be an Issue After a Nominee Emerges,” New York Times, February 1, 2004. George W. Bush interview with Tim Russert, Meet the Press, NBC, February 8, 2004. United States Statutes (1971), Title 10: Armed Forces, 10 USC 843, art. 43 states, “A personcharged with desertion or absence without leave in time of war, or with aiding the enemy, mutiny, or murder, may be tried and punished at any time without limitation.” Failure to perform military obligations or to report for regular duty can be construed either as being AWOL or a deserter; the distinction is a technical one, made more complex by the part-time nature of National Guard service. Desertion is taken seriously by the military. Between 1998 and 2007 alone, 670 people were prosecuted for desertion. There is no statute of limitations, and deserters from the Vietnam era are still occasionally picked up and arrested. Commanders are given wide discretion on how to handle deserters, and punishment ranges z. a all the way from counseling and pay forfeiture to—in cases of desertion in wartime—the death penalty, though no such punishment has been meted out in recent memory. The separate and distinct charge under the Uniform Code of Military Justice (UCMJ) for desertion is violation of Article 85, Desertion, UCMJ. The last service member executed for desertion was Private Eddie Slovik, shot by a firing squad in France on January 31, 1945, following his conviction for desertion under fire."
BKR-0264,PART_3,22,22:15,PRIMARY_CONTEMPORARY_NEWS,B,2,,"Sara Rimer, Ralph Blumenthal, and Raymond Bonner, “Portrait of George Bush in 72: Unanchored in Turbulent Time,” New York Times, September 20, 2004.",New York Times,"September 20, 2004",,,,"Baker cites this source in chapter 22 in connection with Sara Rimer, Ralph Blumenthal, and Raymond Bonner, “Portrait of George Bush in 72: Unanchored in Turbulent Time,” New York Times, September 20, 2004.; the OCR text does not preserve a reliable body-note marker for a more precise claim mapping.",,Portrait of George Bush; Ralph Blumenthal; Raymond Bonner; Sara Rimer; Turbulent Time,1,1,TRUE,FALSE,FALSE,FALSE,FALSE,TRUE,TRUE,Important primary evidence or strongly relevant secondary/archival material worth early acquisition.,"Ch. 22, note 15: Sara Rimer, Ralph Blumenthal, and Raymond Bonner, “Portrait of George Bush in 72: Unanchored in Turbulent Time,” New York Times, September 20, 2004."
BKR-0265,PART_3,22,22:17;22:22,PRIMARY_INTERVIEW,A,2,Dean Roome,Interview with Dean Roome,,"July 19, 2004",,,,"Baker cites this source in chapter 22 in connection with Interview with Dean Roome; the OCR text does not preserve a reliable body-note marker for a more precise claim mapping. | Baker cites this in support of the surrounding discussion: One could not prove them real beyond question, but could they be proven fake? In a somewhat parallel case, the distinguished investigative reporter Seymour Hersh had used what he believed to be letters from Marilyn Monroe to sign a $2.5 million contract with ABC for a new Kennedy documentary.",,Dean Roome,2,2,FALSE,TRUE,FALSE,FALSE,FALSE,FALSE,FALSE,Important primary evidence or strongly relevant secondary/archival material worth early acquisition.,"Ch. 22, note 17: Author interview with Dean Roome, July 19, 2004. || Ch. 22, note 22: Author interview with Dean Roome, June 9, 2006."
BKR-0266,PART_3,22,22:19,PRIMARY_CONTEMPORARY_NEWS,B,2,,cians to Las Vegas,Time,1972,KC-135,,,Baker cites this source in chapter 22 in connection with cians to Las Vegas; the OCR text does not preserve a reliable body-note marker for a more precise claim mapping.,"Original letter referenced or described by this secondary source, with complete provenance",As for Staudt; Boeing KC-; Buck Staudt’s; Dean Roome’s; Flight Interceptor Group; George W. Bush; Germany. Enlisted; Governor Bush; Governor Bush’s; Governor George W. Bush. Udell; Guard and; Houston Guard; Jack Anderson for; NCO. Although; Roome and Udell; Ross Ayers; Staudt and; Texas Air National Guard,1,1,TRUE,FALSE,FALSE,FALSE,TRUE,FALSE,FALSE,Important primary evidence or strongly relevant secondary/archival material worth early acquisition.,"Ch. 22, note 19: Roome and Udell had been involuntarily discharged from the Guard in the eighties, and their joint petitions for redress would eventually find their way to the commander in chief of the Texas Air National Guard, Governor George W. Bush. Udell had been thrown out of the Guard and was seeking redress in the same petition that Roome had before Governor Bush’s office. At some point in the eighties Udell had been named as commander of the 147th Flight Interceptor Group, taking Buck Staudt’s old job. Udell had been in the job but a short while before he was accused of harassment and impropriety by a group of officers and an enlisted NCO. Although ensuing investigations did not establish wrongdoing (per Dean Roome’s letter to Governor Bush), Udell had nonetheless left the Guard involuntarily. As for Staudt, in the spring of 1972, at the precise time W. was vanishing from his Houston Guard unit, Staudt and his superior Ross Ayers were taken to task by columnist Jack Anderson for outfitting a huge Boeing KC-135 Stratotanker according to specifications supplied by Ayers’s wife, so that the couple could fly off in style on a twenty-five-thousand-dollar junket to visit their daughter in Germany. Enlisted men had carried out the refurbishment of the plane, which included a stateroom, using tax dollars to pay for it. Ayers and Staudt were also using Texas Air National Guard planes to fly businessmen and politicians to Las Vegas. Finally, Staudt, then still a colonel, had also been caught wearing the plumage of a brigadier general. After retirement, Staudt became a member of the committee that controlled the leasing of commercial space at Ellington Field, where Jim Bath had a lease and where Air Force One landed."
BKR-0267,PART_3,23,23:2,PRIMARY_INTERVIEW,A,2,Steven Aftergood,Interview with Steven Aftergood,,February 2002,,,,"Baker cites this in support of the surrounding discussion: She had recently married the chief of staff for Michael Chertoff, who was secretary of Homeland Security. This led Frank Rich to label the appointment a “nepotistic twofer.”22 Even conservative columnist Michelle Malkin noted, “Great contacts, but what exactly are the 36-year-old lawyer’s main credentials to solve . . . dire national security problems?” She answered: “Zip, Nada, Nil.”",,Baker IV; Justice Department’s Office of Intelligence Policy; Review. Author; Steven Aftergood,1,1,FALSE,TRUE,FALSE,FALSE,FALSE,FALSE,FALSE,Important primary evidence or strongly relevant secondary/archival material worth early acquisition.,"Ch. 23, note 2: Baker IV was counsel for the Justice Department’s Office of Intelligence Policy and Review. Author interview with Steven Aftergood, February 2002."
BKR-0268,PART_3,23,23:8,PRIMARY_CONTEMPORARY_NEWS,B,2,,Security Agency was authorized by W,Los Angeles Times,2001,,,,Baker cites this source in chapter 23 in connection with Security Agency was authorized by W; the OCR text does not preserve a reliable body-note marker for a more precise claim mapping.,"Original Court/records/report referenced or described by this secondary source, with complete provenance",Foreign Intelligence Surveillance Court; Justice Department; Los Angeles Times; National Security Agency; Now the NSA; President Bush’s; Protect America Act; Richard B. Schmitt; Spying Up; Terror Cases Drop; USA Patriot Act; When the Democratic-controlled Congress,1,1,TRUE,FALSE,FALSE,TRUE,FALSE,FALSE,FALSE,Important primary evidence or strongly relevant secondary/archival material worth early acquisition.,"Ch. 23, note 8: In 2001, the USA Patriot Act expanded FISA, allowing the government access to personal records of all Americans from Internet service providers and libraries. Meanwhile, the National Security Agency was authorized by W. to eavesdrop domestically on both phone calls and e-mails without a warrant, even forgoing the prior setup’s allowance of a seventytwo-hour window for a Foreign Intelligence Surveillance Court to approve the wiretapping retroactively. Now the NSA did not need to provide any form of evidence, as the 2007 Protect America Act (PAA) granted even more expansive surveillance powers to W.’s administration. When the Democratic-controlled Congress allowed the PAA to expire in February 2007, Republicans reproached the Democrats as being soft on terrorism, leading to the passing of a new FISA bill in 2008. The Democrats, sensing that their only chance at regaining power lay in showing their “security credentials,” still were reluctant to take the issue on, even with Bush an unpopular lame duck. In July 2008, Congress voted to expand the government’s surveillance powers and give immunity to telecommunications companies that cooperated with President Bush’s illegal snooping. In May 2008, the Los Angeles Times would report on the sizable gap between the administration’s efforts and its results. One study found that terrorism and national security cases initiated by the Justice Department were down 19 percent from 2006. At the same time, the number of warrants requested for eavesdropping on suspected terrorists had risen by 9 percent. The article described this as “further evidence that the government has compromised the privacy rights of ordinary citizens without much to show for it.” Richard B. Schmitt, “Spying Up, but Terror Cases Drop,” Los Angeles Times, May 12, 2008."
BKR-0269,PART_3,23,23:10,PRIMARY_CONTEMPORARY_NEWS,B,2,Robert Bryce,"Top-Secret Cronies,",Salon,"November 17, 2005",,,,"Baker cites this source in chapter 23 in connection with Top-Secret Cronies,; the OCR text does not preserve a reliable body-note marker for a more precise claim mapping.",,Robert Bryce; Top-Secret Cronies,1,1,TRUE,FALSE,FALSE,TRUE,FALSE,FALSE,FALSE,Important primary evidence or strongly relevant secondary/archival material worth early acquisition.,"Ch. 23, note 10: Robert Bryce, “Top-Secret Cronies,” Salon.com, November 17, 2005."
BKR-0270,PART_3,23,23:11,PRIMARY_CONTEMPORARY_NEWS,B,2,,"cials had objected to the contract because it undermined the authority of the Iraqi government, while others in the administration appeared to have given Hunt the go-ahead",New York Times,2008,,,,"Baker cites this source in chapter 23 in connection with cials had objected to the contract because it undermined the authority of the Iraqi government, while others in the administration appeared to have given Hunt the go-ahead; the OCR text does not preserve a reliable body-note marker for a more precise claim mapping.",,Hunt the; Iraq; Iraq Oil Deal; James Glanz and Richard A. Oppel; PFIAB of; Panel Questions State Dept. Role; State Department,1,1,TRUE,FALSE,FALSE,TRUE,TRUE,FALSE,FALSE,Important primary evidence or strongly relevant secondary/archival material worth early acquisition.,"Ch. 23, note 11: By summer 2008, reports were emerging that some State Department officials had objected to the contract because it undermined the authority of the Iraqi government, while others in the administration appeared to have given Hunt the go-ahead. A New York Times article mentioned in passing that Hunt had notified fellow members of the PFIAB of its drilling plans, though the article does not explore why Hunt was on that board or what exactly the board’s role is in the intersection between business and intelligence. James Glanz and Richard A. Oppel Jr., “Panel Questions State Dept. Role in Iraq Oil Deal,” New York Times, July 3, 2008."
BKR-0271,PART_3,23,23:13,SECONDARY_BOOK,B,2,,"Secretary, President’s Radio Address, August 12, 2006, http://www",,2006,,,,"Baker cites this source in chapter 23 in connection with Secretary, President’s Radio Address, August 12, 2006, http://www; the OCR text does not preserve a reliable body-note marker for a more precise claim mapping.",,After British; Aram Roston; Lisa Myers; NBC News Investigative Unit; NBC Nightly News; President’s Radio Address; Press Secretary; Timing of Arrests,1,1,FALSE,FALSE,FALSE,TRUE,FALSE,FALSE,FALSE,Important primary evidence or strongly relevant secondary/archival material worth early acquisition.,"Ch. 23, note 13: After British police uncovered a possible transatlantic attack plot in August 2006 and sought to conduct further surveillance in hopes of bagging a larger network, the Bush administration demanded an immediate raid and high-profile arrests. Thus, W. was able to cite the operation in his weekly radio address, just three months before the midterm elections. He admonished Americans that “we must never make the mistake of thinking the danger of terrorism has passed” (office of the Press Secretary, President’s Radio Address, August 12, 2006, http://www.whitehouse. gov/news/releases/2006/08/20060812.html). Aram Roston, Lisa Myers, and the NBC News Investigative Unit, “U.S., U.K. at Odds over Timing of Arrests,” NBC Nightly News, August 14, 2006."
BKR-0272,PART_3,23,23:31,PRIMARY_CONTEMPORARY_NEWS,B,2,Henry A. Wax-man,Letter from Henry A. Wax-man to Donald Rumsfeld,Independent,"April 5, 2006",,,,Baker cites this source in chapter 23 in connection with Letter from Henry A. Wax-man to Donald Rumsfeld; the OCR text does not preserve a reliable body-note marker for a more precise claim mapping.,"Original Letter referenced or described by this secondary source, with complete provenance",Big Winner; Bucky Bush; Donald Rumsfeld; Henry A. Wax-man; Iraq; Iraq War; President’s Uncle Bucky Emerges; Rupert Cornwell; Uncle Bucky,1,1,TRUE,FALSE,FALSE,FALSE,TRUE,FALSE,FALSE,Important primary evidence or strongly relevant secondary/archival material worth early acquisition.,"Ch. 23, note 31: Rupert Cornwell, “President’s Uncle Bucky Emerges as a Big Winner from Iraq War,” Independent, February 24, 2005. The Pentagon’s inspector general announced a review of $158 million worth of contracts to ESSI, for suspected “anomalies,” referring specifically to questionable “relationships and the sole source nature” of the deal. (Letter from Henry A. Wax-man to Donald Rumsfeld, April 5, 2006.) Meanwhile, Uncle Bucky claimed to have never used his family to help his company win contracts, stating, “I don’t make any calls to the 202 area code.” Bucky Bush served as Missouri state chairman for W.’s 2004 reelection campaign."
BKR-0273,PART_3,23,23:32,PRIMARY_CONTEMPORARY_NEWS,B,2,Walter F. Roche Jr.,"Company’s Work in Iraq Profited Bush’s Uncle,",Los Angeles Times,"February 23, 2005",,,,"Baker cites this source in chapter 23 in connection with Company’s Work in Iraq Profited Bush’s Uncle,; the OCR text does not preserve a reliable body-note marker for a more precise claim mapping.","Original record referenced or described by this secondary source, with complete provenance",Bucky Bush; Company’s Work; Iraq; Iraq Profited Bush’s Uncle; Los Angeles Times; Walter F. Roche Jr,1,1,TRUE,FALSE,FALSE,TRUE,TRUE,FALSE,FALSE,Important primary evidence or strongly relevant secondary/archival material worth early acquisition.,"Ch. 23, note 32: Walter F. Roche Jr., “Company’s Work in Iraq Profited Bush’s Uncle,” Los Angeles Times, February 23, 2005. The company later faced inquiries into how it had acquired its government business. Bucky Bush sold his options in January 2005 for around $450,000, just as the shares hit a record $60.39 per share."
BKR-0274,PART_3,23,23:43,PRIMARY_INTERVIEW,A,2,Trey Reid,Interview with Trey Reid,,"September 8, 2005",,,,Baker cites this source in chapter 23 in connection with Interview with Trey Reid; the OCR text does not preserve a reliable body-note marker for a more precise claim mapping.,,Trey Reid,1,1,FALSE,TRUE,FALSE,FALSE,FALSE,FALSE,FALSE,Important primary evidence or strongly relevant secondary/archival material worth early acquisition.,"Ch. 23, note 43: Author interview with Trey Reid, September 8, 2005."
BKR-0275,PART_3,23,23:45,PRIMARY_INTERVIEW,A,2,Steve Kanstoroom,Interview with Steve Kanstoroom,,"September 8, 2005",,,,Baker cites this source in chapter 23 in connection with Interview with Steve Kanstoroom; the OCR text does not preserve a reliable body-note marker for a more precise claim mapping.,,Steve Kanstoroom,1,1,FALSE,TRUE,FALSE,FALSE,FALSE,FALSE,FALSE,Important primary evidence or strongly relevant secondary/archival material worth early acquisition.,"Ch. 23, note 45: Author interview with Steve Kanstoroom, September 8, 2005."
BKR-0276,PART_3,23,23:49,PRIMARY_CONTEMPORARY_NEWS,B,2,Simon Romero,"Halliburton, in Iraq for the Long Haul, Recruits Employees Eager for Work,",New York Times,"April 24, 2004",,,,"Baker cites this source in chapter 23 in connection with Halliburton, in Iraq for the Long Haul, Recruits Employees Eager for Work,; the OCR text does not preserve a reliable body-note marker for a more precise claim mapping.",,Iraq; Iraq for the Long Haul; Recruits Employees Eager for Work; Simon Romero,1,1,TRUE,FALSE,FALSE,FALSE,TRUE,FALSE,FALSE,Important primary evidence or strongly relevant secondary/archival material worth early acquisition.,"Ch. 23, note 49: Simon Romero, “Halliburton, in Iraq for the Long Haul, Recruits Employees Eager for Work,” New York Times, April 24, 2004."
BKR-0277,PART_3,23,23:53,PRIMARY_CONTEMPORARY_NEWS,B,2,Barton Gellman and Susan Schmidt,"Shadow Government Is at Work in Secret,",Washington Post,"March 1, 2002",,,,"Baker cites this source in chapter 23 in connection with Shadow Government Is at Work in Secret,; the OCR text does not preserve a reliable body-note marker for a more precise claim mapping.",,Barton Gellman and Susan Schmidt; Shadow Government Is; Washington Post,1,1,TRUE,FALSE,FALSE,TRUE,FALSE,FALSE,FALSE,Important primary evidence or strongly relevant secondary/archival material worth early acquisition.,"Ch. 23, note 53: Barton Gellman and Susan Schmidt, “Shadow Government Is at Work in Secret,” Washington Post, March 1, 2002."
BKR-0278,PART_3,23,23:63,PRIMARY_INTERVIEW,A,2,Stephen Jones,Interview with Stephen Jones,,"October 2, 2005",,,,Baker cites this source in chapter 23 in connection with Interview with Stephen Jones; the OCR text does not preserve a reliable body-note marker for a more precise claim mapping.,,Stephen Jones,1,1,FALSE,TRUE,FALSE,FALSE,FALSE,FALSE,FALSE,Important primary evidence or strongly relevant secondary/archival material worth early acquisition.,"Ch. 23, note 63: Author interview with Stephen Jones, October 2, 2005."
BKR-0279,PART_3,23,23:64,PRIMARY_INTERVIEW,A,2,Karl Hart,Interview with Karl Hart,,"October 10, 2005",,,,Baker cites this source in chapter 23 in connection with Interview with Karl Hart; the OCR text does not preserve a reliable body-note marker for a more precise claim mapping.,,Karl Hart,1,1,FALSE,TRUE,FALSE,FALSE,FALSE,FALSE,FALSE,Important primary evidence or strongly relevant secondary/archival material worth early acquisition.,"Ch. 23, note 64: Author interview with Karl Hart, October 10, 2005."
BKR-0280,PART_3,23,23:65,PRIMARY_INTERVIEW,A,2,James Van Dyke,Interview with James Van Dyke,,"October 7, 2005",,,,Baker cites this source in chapter 23 in connection with Interview with James Van Dyke; the OCR text does not preserve a reliable body-note marker for a more precise claim mapping.,,James Van Dyke,1,1,FALSE,TRUE,FALSE,FALSE,FALSE,FALSE,FALSE,Important primary evidence or strongly relevant secondary/archival material worth early acquisition.,"Ch. 23, note 65: Author interview with James Van Dyke, October 7, 2005."
BKR-0281,PART_3,23,23:66,PRIMARY_INTERVIEW,A,2,Andrew Lester,Interview with Andrew Lester,,"October 4, 2005",,,,Baker cites this source in chapter 23 in connection with Interview with Andrew Lester; the OCR text does not preserve a reliable body-note marker for a more precise claim mapping.,,Andrew Lester,1,1,FALSE,TRUE,FALSE,FALSE,FALSE,FALSE,FALSE,Important primary evidence or strongly relevant secondary/archival material worth early acquisition.,"Ch. 23, note 66: Author interview with Andrew Lester, October 4, 2005."
BKR-0282,PART_3,23,23:68,PRIMARY_INTERVIEW,A,2,Kim Jeffery,Interview with Kim Jeffery,,"October 12, 2005",,,,Baker cites this source in chapter 23 in connection with Interview with Kim Jeffery; the OCR text does not preserve a reliable body-note marker for a more precise claim mapping.,,Kim Jeffery,1,1,FALSE,TRUE,FALSE,FALSE,FALSE,FALSE,FALSE,Important primary evidence or strongly relevant secondary/archival material worth early acquisition.,"Ch. 23, note 68: Author interview with Kim Jeffery, October 12, 2005."
BKR-0283,PART_1,2,2:1,SECONDARY_BOOK,B,3,Joseph McBride,Frank Capra: The Catastrophe of Success,"New York: St. Martin’s Griffin, 1992",1992,,,,Baker cites this source in chapter 2 in connection with Frank Capra: The Catastrophe of Success; the OCR text does not preserve a reliable body-note marker for a more precise claim mapping.,,Frank Capra; Joseph McBride; St. Martin’s Griffin,1,1,FALSE,FALSE,FALSE,FALSE,FALSE,FALSE,FALSE,Useful corroborating or contextual source for reconstructing Baker's evidence trail.,"Ch. 2, note 1: Joseph McBride, Frank Capra: The Catastrophe of Success (New York: St. Martin’s Griffin, 1992)."
BKR-0284,PART_1,2,2:3,PRIMARY_CONTEMPORARY_NEWS,B,3,,CIA: Maxi vs,Nation,"January 1, 1976",CIA insider as saying; CIA won,CIA,,Baker cites this source in chapter 2 in connection with CIA: Maxi vs; the OCR text does not preserve a reliable body-note marker for a more precise claim mapping.,"Original CIA referenced or described by this secondary source, with complete provenance",C-I-A. Sure; CIA,1,1,TRUE,FALSE,TRUE,TRUE,TRUE,FALSE,FALSE,Useful corroborating or contextual source for reconstructing Baker's evidence trail.,"Ch. 2, note 3: The Rowland Evans and Robert Novak column, appearing January 1, 1976, in the SyracusePost-Standard under the title “CIA: Maxi vs. Mini,” in the same month Bush’s nomination went to the Senate, quoted one CIA insider as saying: “We have to get rid of those three little letters, C-I-A. Sure, it’s a cosmetic change, but the CIA won’t ever overcome its unfair stigma as a government-sanctioned international murder organization until it gets a new name.”"
BKR-0285,PART_1,2,2:4,OTHER,C,3,,"Actually, the memo had been written twenty-five years previous, not twenty-seven.",,,,,,"Baker cites this in support of the surrounding discussion: I doubt that very much. In any event, we have a standard policy of not confirming that anyone is involved in the cla.",,,1,1,FALSE,FALSE,FALSE,FALSE,TRUE,FALSE,FALSE,Useful corroborating or contextual source for reconstructing Baker's evidence trail.,"Ch. 2, note 4: Actually, the memo had been written twenty-five years previous, not twenty-seven."
BKR-0286,PART_1,2,2:5,PRIMARY_CONTEMPORARY_NEWS,B,3,Joseph McBride,Where Was George?,Nation,"August 13, 1988",,,,Baker cites this source in chapter 2 in connection with Where Was George?; the OCR text does not preserve a reliable body-note marker for a more precise claim mapping.,,Joseph McBride; Where Was George,1,1,TRUE,FALSE,FALSE,FALSE,FALSE,FALSE,FALSE,Useful corroborating or contextual source for reconstructing Baker's evidence trail.,"Ch. 2, note 5: Joseph McBride, “Where Was George?” Nation, August 13, 1988."
BKR-0287,PART_1,2,2:9,PRIMARY_CONTEMPORARY_NEWS,B,3,,CIA agent whose literary activities served as cover for intelligence work,Time,"February 16, 2004",CIA agent whose literary activities served as,CIA,,Baker cites this source in chapter 2 in connection with CIA agent whose literary activities served as cover for intelligence work; the OCR text does not preserve a reliable body-note marker for a more precise claim mapping.,"Original CIA referenced or described by this secondary source, with complete provenance",American Conservative; An American; CIA; George Plimpton; Paris Review; Peter Matthiessen; Richard Cummings,1,1,TRUE,FALSE,TRUE,FALSE,TRUE,FALSE,FALSE,Useful corroborating or contextual source for reconstructing Baker's evidence trail.,"Ch. 2, note 9: An article by Richard Cummings (“An American in Paris,” American Conservative, February 16, 2004) asserts that Paris Review cofounder and editor Peter Matthiessen was a CIA agent whose literary activities served as cover for intelligence work. Also, the Review’s longtime editor George Plimpton “was an ‘agent of influence’ for the CIA . . . invariably paid for [his] services.”"
BKR-0288,PART_1,2,2:9,SECONDARY_BOOK,B,3,Hugh Wilford,The Mighty Wurlitzer: How the CIA Played America,"Cambridge, MA: Harvard University Press, 2008",2008,CIA Played America,Harvard University; CIA,106,Baker cites this source in chapter 2 in connection with The Mighty Wurlitzer: How the CIA Played America; the OCR text does not preserve a reliable body-note marker for a more precise claim mapping.,"Original CIA referenced or described by this secondary source, with complete provenance",CIA; Harvard University Press; How the CIA Played America; Hugh Wilford,1,1,FALSE,FALSE,TRUE,FALSE,TRUE,FALSE,FALSE,Useful corroborating or contextual source for reconstructing Baker's evidence trail.,"Ch. 2, note 9: Also see Hugh Wilford, The Mighty Wurlitzer: How the CIA Played America (Cambridge, MA: Harvard University Press, 2008), p. 106"
BKR-0289,PART_1,2,2:9,SECONDARY_BOOK,B,3,Frances Stonor Saunders,Who Paid the Piper? The CIA and the Cultural Cold War,"London: Granta, 1999",1999,CIA and the Cultural Cold War,CIA,,Baker cites this source in chapter 2 in connection with Who Paid the Piper? The CIA and the Cultural Cold War; the OCR text does not preserve a reliable body-note marker for a more precise claim mapping.,"Original CIA referenced or described by this secondary source, with complete provenance",CIA; Frances Stonor Saunders; Who Paid the Piper,1,1,FALSE,FALSE,TRUE,FALSE,TRUE,FALSE,FALSE,Useful corroborating or contextual source for reconstructing Baker's evidence trail.,"Ch. 2, note 9: and Frances Stonor Saunders, Who Paid the Piper? The CIA and the Cultural Cold War (London: Granta, 1999)."
BKR-0290,PART_1,2;3,2:10;3:19;3:22;3:28;3:29;3:30;3:41;3:46;3:50,SECONDARY_BOOK,B,3,Joseph J. Trento,Prelude to Terror: Edwin P. Wilson and the Legacy of America’s Private Intelligence Network,"New York: Carroll & Graf, 2005",2005,,,10; 11-12; 13; 13-14; 14; 16; 17; 21,"Baker cites this source in chapter 2 in connection with Prelude to Terror: Edwin P. Wilson and the Legacy of America’s Private Intelligence Network; the OCR text does not preserve a reliable body-note marker for a more precise claim mapping. | Baker cites this source in chapter 3 in connection with Prelude to Terror: Edwin P. Wilson and the Legacy of America’s Private Intelligence Network; the OCR text does not preserve a reliable body-note marker for a more precise claim mapping. | Baker cites this in support of the surrounding discussion: I was surprised to hear it disappeared without a trace; it was awfully big.”21 Poppy’s brother Bucky recalled the fears expressed by Zapata Offshore staff that it would be impossible for an insurance claim to be paid because of the absence of any wreckage. But Poppy himself was calm, reassuring his people that “everything is going to be all right.”",,Allen Dulles; Allen Dulles Jr.’s; America’s Private Intelligence Network; Biography of Eleanor; Carroll & Graf; Edwin P. Wilson and the Legacy; Hodder & Stoughton; John Foster Dulles; John Foster Dulles and Their Family; Joseph J. Trento; Leonard Mosley; Zapata Offshore,9,3,FALSE,FALSE,FALSE,FALSE,FALSE,FALSE,FALSE,Useful corroborating or contextual source for reconstructing Baker's evidence trail.,"Ch. 2, note 10: Joseph J. Trento, Prelude to Terror: Edwin P. Wilson and the Legacy of America’s Private Intelligence Network (New York: Carroll & Graf, 2005), p. 16. || Ch. 3, note 19: Joseph J. Trento, Prelude to Terror: Edwin P. Wilson and the Legacy of America’s Private Intelligence Network (New York: Carroll & Graf, 2005), pp. 13-14. || Ch. 3, note 22: Trento, Prelude to Terror, p. 13. || Ch. 3, note 28: Trento, Prelude to Terror, p. 14. || Ch. 3, note 29: Ibid., p. 10. || Ch. 3, note 30: Ibid., pp. 11-12. See also Leonard Mosley, Dull: A Biography of Eleanor, Allen, and John Foster Dulles and Their Family Network (London: Hodder & Stoughton, 1978), p. 480, which speaks of Allen Dulles Jr.’s “absolute hatred” of his father. || Ch. 3, note 41: Trento, Prelude to Terror, p. 16. || Ch. 3, note 46: Trento, Prelude to Terror, p. 17. || Ch. 3, note 50: Trento, Prelude to Terror, p. 21."
BKR-0291,PART_1,2;3,2:11;3:44,SECONDARY_BOOK,B,3,John A. Kouwenhoven,"Partners in Banking: An Historical Portrait of a Great Private Bank, Brown Brothers Harriman & Co., 1818-1968","New York: Doubleday & Company, 1983 reprint",1818,,,189; 206-7,"Baker cites this source in chapter 2 in connection with Partners in Banking: An Historical Portrait of a Great Private Bank, Brown Brothers Harriman & Co., 1818-1968; the OCR text does not preserve a reliable body-note marker for a more precise claim mapping. | Baker cites this source in chapter 3 in connection with Partners in Banking: An Historical Portrait of a Great Private Bank, Brown Brothers Harriman & Co., 1818-1968; the OCR text does not preserve a reliable body-note marker for a more precise claim mapping.",,An Historical Portrait of; Brown Brothers Harriman; Brown Brothers Harriman & Co; Doubleday & Co; Doubleday & Company; Great Private Bank; John A. Kouwenhoven,2,2,FALSE,FALSE,FALSE,FALSE,FALSE,FALSE,FALSE,Useful corroborating or contextual source for reconstructing Baker's evidence trail.,"Ch. 2, note 11: John A. Kouwenhoven, Partners in Banking: An Historical Portrait of a Great Private Bank, Brown Brothers Harriman & Co., 1818-1968 (New York: Doubleday & Company, 1983 reprint), p. 189. || Ch. 3, note 44: John A. Kouwenhoven, Partners in Banking: An Historical Portrait of a Great Private Bank: Brown Brothers Harriman & Co., 1818-1968 (New York: Doubleday & Co., 1968), pp. 206-7."
BKR-0292,PART_1;PART_3,2;21;23,2:12;2:13;21:26;23:29,SECONDARY_BOOK,B,3,Kevin Phillips,"American Dynasty: Aristocracy, Fortune, and the Politics of Deceit in the House of Bush","New York: Penguin Books, 2004",2004,,,130; 18-19; 19-20; 38-39,"Baker cites this source in chapter 2 in connection with American Dynasty: Aristocracy, Fortune, and the Politics of Deceit in the House of Bush; the OCR text does not preserve a reliable body-note marker for a more precise claim mapping. | Baker cites this source in chapter 21 in connection with American Dynasty: Aristocracy, Fortune, and the Politics of Deceit in the House of Bush; the OCR text does not preserve a reliable body-note marker for a more precise claim mapping. | Baker cites this source in chapter 23 in connection with American Dynasty: Aristocracy, Fortune, and the Politics of Deceit in the House of Bush; the OCR text does not preserve a reliable body-note marker for a more precise claim mapping.",,American Dynasty; Fortune and the Politics of Deceit; House of Bush; Kevin Phillips; Penguin Books; Politics of Deceit,4,3,FALSE,FALSE,FALSE,FALSE,FALSE,FALSE,FALSE,Useful corroborating or contextual source for reconstructing Baker's evidence trail.,"Ch. 2, note 12: Kevin Phillips, American Dynasty: Aristocracy, Fortune, and the Politics of Deceit in the House of Bush (New York: Penguin Books, 2004), pp. 19-20. || Ch. 2, note 13: Ibid., pp. 38-39. || Ch. 21, note 26: Kevin Phillips, American Dynasty: Aristocracy, Fortune, and the Politics of Deceit in the House of Bush (New York: Viking, 2004), pp. 18-19. || Ch. 23, note 29: Kevin Phillips, American Dynasty: Aristocracy, Fortune and the Politics of Deceit in the House of Bush (New York: Penguin, 2004), p. 130."
BKR-0293,PART_1,2;6,2:14;6:20,SECONDARY_BOOK,B,3,Thomas Petzinger Jr.,Oil & Honor: The Texaco-Pennzoil Wars,"New York: G. P. Putnam’s Sons, 1987",1987,,,38; 93,Baker cites this source in chapter 2 in connection with Oil & Honor: The Texaco-Pennzoil Wars; the OCR text does not preserve a reliable body-note marker for a more precise claim mapping. | Baker cites this source in chapter 6 in connection with Oil & Honor: The Texaco-Pennzoil Wars; the OCR text does not preserve a reliable body-note marker for a more precise claim mapping.,,G. P. Putnam’s Sons; Oil & Honor; Thomas Petzinger Jr,2,2,FALSE,FALSE,FALSE,FALSE,FALSE,FALSE,FALSE,Useful corroborating or contextual source for reconstructing Baker's evidence trail.,"Ch. 2, note 14: Thomas Petzinger Jr., Oil & Honor: The Texaco-Pennzoil Wars (New York: G. P. Putnam’s Sons, 1987), p. 93. || Ch. 6, note 20: Thomas Petzinger Jr., Oil & Honor: The Texaco-Pennzoil Wars (New York: G. P. Putnam’s Sons, 1987), p. 38."
BKR-0294,PART_1;PART_2;PART_3,2;3;16,2:15;3:35;16:24,SECONDARY_BOOK,B,3,Peter Schweizer and Rochelle Schweizer,The Bushes: Portrait of a Dynasty,"New York: Doubleday, 2004",2004,,,127; 37; 76,"Baker cites this source in chapter 2 in connection with The Bushes: Portrait of a Dynasty; the OCR text does not preserve a reliable body-note marker for a more precise claim mapping. | Baker cites this source in chapter 3 in connection with The Bushes: Portrait of a Dynasty; the OCR text does not preserve a reliable body-note marker for a more precise claim mapping. | Baker cites this in support of the surrounding discussion: ent among Swiss bankers that the black majority was not capable of self-governance.2> At the time, UBS was providing banking services for funds from South Africa, the Philippines, and Saudi Arabia. When a Swiss referendum proposed in 1984 to lift the veil on bank secrecy, threatening to reveal the criminal origins of so much money sloshing through that pristine country, Senn was quoted as warning that it could lead to the withdrawal of so many funds as to cause the collapse of the Swiss economy.",,Peter Schweizer and Rochelle Schweizer; Portrait of; Saudi Arabia,3,3,FALSE,FALSE,FALSE,FALSE,FALSE,FALSE,FALSE,Useful corroborating or contextual source for reconstructing Baker's evidence trail.,"Ch. 2, note 15: See Peter Schweizer and Rochelle Schweizer, The Bushes: Portrait of a Dynasty (New York: Doubleday, 2004), p. 37. || Ch. 3, note 35: Peter Schweizer and Rochelle Schweizer, The Bushes: Portrait of a Dynasty (New York: Doubleday, 2004), p. 127. || Ch. 16, note 24: Peter Schweizer and Rochelle Schweizer, The Bushes: Portrait of a Dynasty (New York: Doubleday, 2004), p. 76."
BKR-0295,PART_1,2,2:15,OTHER,C,3,,"second son, H",,,,,,"Baker cites this source in chapter 2 in connection with second son, H; the OCR text does not preserve a reliable body-note marker for a more precise claim mapping.",,George H. W. Bush; George H. W. Bush’s; George Herbert Walker Bush; George W. Bush; George W. Bush. But; Prescott Bush; Prescott Bush Jr,1,1,FALSE,FALSE,FALSE,TRUE,TRUE,FALSE,FALSE,Useful corroborating or contextual source for reconstructing Baker's evidence trail.,"Ch. 2, note 15: George H. W. Bush’s nickname became a way to distinguish him from his son George W. Bush. But H. W. had long been known as “Poppy” to relatives and close friends. His older brother, Prescott Bush Jr., became known as “Pressy.” As the second son, H. W. had been named George Herbert Walker Bush, after his maternal grandfather. Because his Walker uncles called their father “Pop,” they decided to call his young namesake grandson “Poppy,” and the name stuck."
BKR-0296,PART_1,2,2:17,PRIMARY_CONTEMPORARY_NEWS,B,3,,"ciated Press, “Bush Praised for War Heroism,” September 2, 1984",Associated Press,"September 2, 1984",,,,"Baker cites this source in chapter 2 in connection with ciated Press, “Bush Praised for War Heroism,” September 2, 1984; the OCR text does not preserve a reliable body-note marker for a more precise claim mapping.",,Associated Press; Bush Praised for War Heroism; Terence Hunt,1,1,TRUE,FALSE,FALSE,FALSE,TRUE,FALSE,FALSE,Useful corroborating or contextual source for reconstructing Baker's evidence trail.,"Ch. 2, note 17: Terence Hunt, Associated Press, “Bush Praised for War Heroism,” September 2, 1984."
BKR-0297,PART_1,2,2:18,SECONDARY_BOOK,B,3,James Bradley,Flyboys: A True Story of Courage,"New York: Back Bay, 2002",2002,,,182,Baker cites this source in chapter 2 in connection with Flyboys: A True Story of Courage; the OCR text does not preserve a reliable body-note marker for a more precise claim mapping.,,Back Bay; James Bradley; True Story of Courage,1,1,FALSE,FALSE,FALSE,FALSE,FALSE,FALSE,FALSE,Useful corroborating or contextual source for reconstructing Baker's evidence trail.,"Ch. 2, note 18: James Bradley, Flyboys: A True Story of Courage (New York: Back Bay, 2002), p. 182."
BKR-0298,PART_1,2,2:20,PRIMARY_CONTEMPORARY_NEWS,B,3,Associated Press,"Gunner in Squadron Disputes Bush on Downing of Bomber,",New York Times,"August 13, 1988",,,,"Baker cites this source in chapter 2 in connection with Gunner in Squadron Disputes Bush on Downing of Bomber,; the OCR text does not preserve a reliable body-note marker for a more precise claim mapping.",,Associated Press; Downing of Bomber; Squadron Disputes Bush,1,1,TRUE,FALSE,FALSE,FALSE,TRUE,FALSE,FALSE,Useful corroborating or contextual source for reconstructing Baker's evidence trail.,"Ch. 2, note 20: Associated Press, “Gunner in Squadron Disputes Bush on Downing of Bomber,” New York Times, August 13, 1988."
BKR-0299,PART_1,2,2:21,PRIMARY_CONTEMPORARY_NEWS,B,3,,"The closest he came was Looking Forward: An Autobiography (New York: Doubleday, 1987), co-written with longtime Washington PR man Victor Gold, which was styled as an autobiography but was notably brief and episodic. It w",Time,1987,,,,"Baker cites this source in chapter 2 in connection with The closest he came was Looking Forward: An Autobiography (New York: Doubleday, 1987), co-written with longtime Washington PR man Victor Gold, which was styled as an autobiography but was notably brief and episodic. It w; the OCR text does not preserve a reliable body-note marker for a more precise claim mapping.",,An Autobiography; Looking Forward; Victor Gold; Washington PR,1,1,TRUE,FALSE,FALSE,FALSE,FALSE,TRUE,TRUE,Useful corroborating or contextual source for reconstructing Baker's evidence trail.,"Ch. 2, note 21: The closest he came was Looking Forward: An Autobiography (New York: Doubleday, 1987), co-written with longtime Washington PR man Victor Gold, which was styled as an autobiography but was notably brief and episodic. It was also full of self-serving inaccuracies."
BKR-0300,PART_1,3,3:3,MEMOIR_AUTOBIOGRAPHY,C,3,Richard W. Cutler,Counterspy: Memoirs of a Counterintelligence Officer in World War IT and the Cold War,"Washington, D.C.: Brassey’s, 2004",2004,,,,Baker cites this source in chapter 3 in connection with Counterspy: Memoirs of a Counterintelligence Officer in World War IT and the Cold War; the OCR text does not preserve a reliable body-note marker for a more precise claim mapping.,,Counterintelligence Officer; Memoirs of; World War IT and the Cold,1,1,FALSE,FALSE,FALSE,FALSE,TRUE,FALSE,FALSE,Useful corroborating or contextual source for reconstructing Baker's evidence trail.,"Ch. 3, note 3: See Richard W. Cutler, Counterspy: Memoirs of a Counterintelligence Officer in World War IT and the Cold War (Washington, D.C.: Brassey’s, 2004)."
BKR-0301,PART_1,3,3:6,OTHER,C,3,,"CIA directors, Porter Goss and R",CIA,1947,CIA directors; CIA Operations Division directors Richard M; CIA in 1947,CIA,,"Baker cites this source in chapter 3 in connection with CIA directors, Porter Goss and R; the OCR text does not preserve a reliable body-note marker for a more precise claim mapping.",,Bay of Pigs; Besides Bush; CIA; CIA Operations Division; Porter Goss; Porter Goss and R. James Woolsey; Richard M. Bissell Jr. and Tracy; Walter L. Pforzheimer,1,1,FALSE,FALSE,TRUE,FALSE,TRUE,FALSE,FALSE,Useful corroborating or contextual source for reconstructing Baker's evidence trail.,"Ch. 3, note 6: Besides Bush, two other CIA directors, Porter Goss and R. James Woolsey, are Yale alumni. Soare top CIA Operations Division directors Richard M. Bissell Jr. and Tracy Barnes, engineers of the Bay of Pigs invasion, and Walter L. Pforzheimer, who headed several key OSS operations and helped draft the act that created the CIA in 1947."
BKR-0302,PART_1,3,3:7,PRIMARY_CONTEMPORARY_NEWS,B,3,,"CIA figures, in particular the agency’s longtime counterintelligence chief James Jesus Angleton, Yale ’41",Time,,CIA figures,CIA,,"Baker cites this source in chapter 3 in connection with CIA figures, in particular the agency’s longtime counterintelligence chief James Jesus Angleton, Yale ’41; the OCR text does not preserve a reliable body-note marker for a more precise claim mapping.","Original CIA referenced or described by this secondary source, with complete provenance",CIA; James Jesus Angleton,1,1,TRUE,FALSE,TRUE,FALSE,TRUE,FALSE,FALSE,Useful corroborating or contextual source for reconstructing Baker's evidence trail.,"Ch. 3, note 7: The Edward Wilson character was in reality a loose composite of several CIA figures, in particular the agency’s longtime counterintelligence chief James Jesus Angleton, Yale ’41."
BKR-0303,PART_1,3,3:8,PRIMARY_CONTEMPORARY_NEWS,B,3,Jerome Alan Cohen,"Will Jack Make His 25th Reunion,",New York Times,"July 7, 1971",,,,"Baker cites this source in chapter 3 in connection with Will Jack Make His 25th Reunion,; the OCR text does not preserve a reliable body-note marker for a more precise claim mapping.",,Will Jack Make His,1,1,TRUE,FALSE,FALSE,FALSE,FALSE,FALSE,FALSE,Useful corroborating or contextual source for reconstructing Baker's evidence trail.,"Ch. 3, note 8: See Jerome Alan Cohen, “Will Jack Make His 25th Reunion,” New York Times, July 7, 1971."
BKR-0304,PART_1,3,3:9;3:21;3:55,SECONDARY_BOOK,B,3,Darwin Payne,Initiative in Energy. The Story of Dresser Industries,"New York: Simon & Schuster, 1979",1979,,,114; 176-77; 221,"Baker cites this source in chapter 3 in connection with Initiative in Energy. The Story of Dresser Industries; the OCR text does not preserve a reliable body-note marker for a more precise claim mapping. | Baker cites this in support of the surrounding discussion: Zapata received eight million dollars for a rig that had cost only three million. 22 The fate of the rig remains a mystery. “The platform was stable at the time,” recalled Vincent “Buddy” Bounds, the last man evacuated from it. “I remember we were taken off just before dark . . . I was surprised to hear it disappeared without a trace; it was awfully big.”",,Darwin Payne; Dresser Industries; Energy. The Story of Dresser Industries; Simon & Schuster,3,2,FALSE,FALSE,FALSE,FALSE,FALSE,FALSE,FALSE,Useful corroborating or contextual source for reconstructing Baker's evidence trail.,"Ch. 3, note 9: Darwin Payne, Initiative in Energy. The Story of Dresser Industries (New York: Simon & Schuster, 1979), p. 114. || Ch. 3, note 21: Payne, Initiative in Energy, pp. 176-77. || Ch. 3, note 55: Payne, Initiative in Energy, p. 221."
BKR-0305,PART_1;PART_2,3;9;13,3:15;9:16;9:17;9:34;13:18,SECONDARY_BOOK,B,3,Daniel Yergin,"The Prize: The Epic Quest for Oil, Money and Power","New York: Free Press, 1992",1992,,,215; 393; 395; 753; 754,"Baker cites this source in chapter 3 in connection with The Prize: The Epic Quest for Oil, Money and Power; the OCR text does not preserve a reliable body-note marker for a more precise claim mapping. | Baker cites this source in chapter 9 in connection with The Prize: The Epic Quest for Oil, Money and Power; the OCR text does not preserve a reliable body-note marker for a more precise claim mapping. | Baker cites this source in chapter 13 in connection with The Prize: The Epic Quest for Oil, Money and Power; the OCR text does not preserve a reliable body-note marker for a more precise claim mapping.",,Daniel Yergin; Free Press; Money and Power,5,3,FALSE,FALSE,FALSE,FALSE,FALSE,FALSE,FALSE,Useful corroborating or contextual source for reconstructing Baker's evidence trail.,"Ch. 3, note 15: Daniel Yergin, The Prize: The Epic Quest for Oil, Money and Power (New York: Free Press, 1992), p. 395. || Ch. 9, note 16: Daniel Yergin, The Prize: The Epic Quest for Oil, Money and Power (New York: Free Press, 1992), p. 753. || Ch. 9, note 17: Yergin, The Prize, p. 215. || Ch. 9, note 34: Yergin, The Prize, p. 754. || Ch. 13, note 18: Daniel Yergin, The Prize: The Epic Quest for Oil, Money and Power (New York: Free Press, 1992), p. 393."
BKR-0306,PART_1;PART_2,3;9,3:17;9:41,MEMOIR_AUTOBIOGRAPHY,C,3,George Bush with Victor Gold,Looking Forward: An Autobiography,"New York: Doubleday, 1987",1987,,,102; 49-50,"Baker cites this source in chapter 3 in connection with Looking Forward: An Autobiography; the OCR text does not preserve a reliable body-note marker for a more precise claim mapping. | Baker cites this in support of the surrounding discussion: particularly hard for the competitive Poppy, whose father had become U.S. senator from Connecticut without even bothering to run for the House. He was disconsolate and confessed to his old friend Robert Mosbacher, “I feel like Custer”42 President Nixon offered pro forma condolences. “I am sure... that you will not allow this defeat to discourage you in your efforts to continue to provide leadership for our party and the nation,” he wrote in a cable on November 5, 1970, right after the election.",,An Autobiography; George Bush; Looking Forward; Victor Gold,2,2,FALSE,FALSE,FALSE,FALSE,TRUE,FALSE,FALSE,Useful corroborating or contextual source for reconstructing Baker's evidence trail.,"Ch. 3, note 17: George Bush with Victor Gold, Looking Forward: An Autobiography (New York: Doubleday, 1987), pp. 49-50. || Ch. 9, note 41: George Bush with Victor Gold, Looking Forward: An Autobiography (New York: Doubleday, 1987), p. 102."
BKR-0307,PART_1,3,3:20,PRIMARY_CONTEMPORARY_NEWS,B,3,Gerald M. Boyd,"Bush Gets Harsh Reception at Shipyard in Oregon,’ New York Times, September 7, 1988. Bush, confronted by boos and obscenities from shipyard union members critical of Reagan’s economic policies, got out his wallet and had a supporter wave his old union card in front of the crowd. “How many guys running for President of the United States has been a member of the C.I.O. steelworkers?",New York Times,"September 7, 1988",,,,"Baker cites this source in chapter 3 in connection with Bush Gets Harsh Reception at Shipyard in Oregon,’ New York Times, September 7, 1988. Bush, confronted by boos and obscenities from shipyard union members critical of Reagan’s economic policies, got out his wallet and had a supporter wave his old union card in front of the crowd. “How many guys running for President of the United States has been a member of the C.I.O. steelworkers?; the OCR text does not preserve a reliable body-note marker for a more precise claim mapping.",,Bush Gets Harsh Reception; Gerald M. Boyd; President of the United States,1,1,TRUE,FALSE,FALSE,FALSE,FALSE,FALSE,FALSE,Useful corroborating or contextual source for reconstructing Baker's evidence trail.,"Ch. 3, note 20: Gerald M. Boyd, “Bush Gets Harsh Reception at Shipyard in Oregon,’ New York Times, September 7, 1988. Bush, confronted by boos and obscenities from shipyard union members critical of Reagan’s economic policies, got out his wallet and had a supporter wave his old union card in front of the crowd. “How many guys running for President of the United States has been a member of the C.I.O. steelworkers?” Bush asked. “You are looking at one.”"
BKR-0308,PART_1,3,3:26,OTHER,C,3,,"cial progress,” but it was also a key means of carrying out clandestine intelligence operations",,,,,,"Baker cites this source in chapter 3 in connection with cial progress,” but it was also a key means of carrying out clandestine intelligence operations; the OCR text does not preserve a reliable body-note marker for a more precise claim mapping.",,Allen Dulles; Eric Johnston’s; Point Four; Technical Cooperation Administration,1,1,FALSE,FALSE,FALSE,FALSE,TRUE,FALSE,FALSE,Useful corroborating or contextual source for reconstructing Baker's evidence trail.,"Ch. 3, note 26: Mallon wrote to Allen Dulles: “What [Slick] really wants is to take Eric Johnston’s place as head of the advisory committee for Technical Cooperation Administration or whatever the Point Four program will be called from now on.” TCA ostensibly provided “scientific and technical assistance to underdeveloped countries in order to maintain political stability and to further economic and social progress,” but it was also a key means of carrying out clandestine intelligence operations."
BKR-0309,PART_1,3,3:27,SECONDARY_BOOK,B,3,,"Loren Coleman wrote Tom Slick and the Search for the Yeti (Boston: Faber & Faber, 1989) and Jom Slick: True Life Encounters in Cryptozoology (Fresno, CA: Linden, 2002).",,1989,,,,"Baker cites this source in chapter 3 in connection with Loren Coleman wrote Tom Slick and the Search for the Yeti (Boston: Faber & Faber, 1989) and Jom Slick: True Life Encounters in Cryptozoology (Fresno, CA: Linden, 2002).; the OCR text does not preserve a reliable body-note marker for a more precise claim mapping.",,Faber & Faber; Jom Slick; Loren Coleman; Tom Slick and the Search for; True Life Encounters,1,1,FALSE,FALSE,FALSE,FALSE,FALSE,TRUE,TRUE,Useful corroborating or contextual source for reconstructing Baker's evidence trail.,"Ch. 3, note 27: Loren Coleman wrote Tom Slick and the Search for the Yeti (Boston: Faber & Faber, 1989) and Jom Slick: True Life Encounters in Cryptozoology (Fresno, CA: Linden, 2002)."
BKR-0310,PART_1,3,3:34,PRIMARY_CONTEMPORARY_NEWS,B,3,Carl Bernstein,"The CIA and the Media,",Newsweek,"October 20, 1977",CIA and the Media; CIA relationships with either Post or Newsweek,CIA,,"Baker cites this source in chapter 3 in connection with The CIA and the Media,; the OCR text does not preserve a reliable body-note marker for a more precise claim mapping.","Original CIA referenced or described by this secondary source, with complete provenance",CIA; CIA. Colby; Carl Bernstein; In November of; Katharine Graham; Mrs. Graham; Philip Graham’s; Rolling Stone; William Colby and,1,1,TRUE,FALSE,TRUE,FALSE,TRUE,FALSE,FALSE,Useful corroborating or contextual source for reconstructing Baker's evidence trail.,"Ch. 3, note 34: Carl Bernstein, “The CIA and the Media,” Rolling Stone, October 20, 1977. Bernstein bases his assertion on the following evidence: “Katharine Graham, Philip Graham’s widow and the current publisher of the Post, says she has never been informed of any CIA relationships with either Post or Newsweek personnel. In November of 1973, Mrs. Graham called William Colby and asked if any Post stringers or staff members were associated with the CIA. Colby assured her that no staff members were employed by the Agency but refused to discuss the question of stringers.”"
BKR-0311,PART_1,3,3:37,PRIMARY_CONTEMPORARY_NEWS,B,3,Neil Mallon,Letter from Neil Mallon to Allen Dulles,Independent,"April 10, 1953",,Allen W. Dulles Papers; Mudd Manuscript Library; Princeton University,,Baker cites this source in chapter 3 in connection with Letter from Neil Mallon to Allen Dulles; the OCR text does not preserve a reliable body-note marker for a more precise claim mapping.,"Original Letter/Papers referenced or described by this secondary source, with complete provenance",Allen Dulles; Allen W. Dulles Papers; Bruce Adamson; Neil Mallon; Princeton University. Discovered,1,1,TRUE,FALSE,TRUE,FALSE,FALSE,FALSE,FALSE,Useful corroborating or contextual source for reconstructing Baker's evidence trail.,"Ch. 3, note 37: Letter from Neil Mallon to Allen Dulles, April 10, 1953. Allen W. Dulles Papers, 1845— 1971. See-leyG. Mudd Manuscript Library, Princeton University. Discovered by independent researcher Bruce Adamson."
BKR-0312,PART_1,3,3:38,PRIMARY_CONTEMPORARY_NEWS,B,3,,"At the time, U.S. public opinion was very much behind the insurgency of Fidel Castro, which was growing quickly in its struggle against the stunningly corrupt dictator Fulgencio Batista, but corporate interests with larg",Time,,,,,"Baker cites this source in chapter 3 in connection with At the time, U.S. public opinion was very much behind the insurgency of Fidel Castro, which was growing quickly in its struggle against the stunningly corrupt dictator Fulgencio Batista, but corporate interests with larg; the OCR text does not preserve a reliable body-note marker for a more precise claim mapping.",,Fidel Castro; Fulgencio Batista,1,1,TRUE,FALSE,FALSE,FALSE,FALSE,TRUE,TRUE,Useful corroborating or contextual source for reconstructing Baker's evidence trail.,"Ch. 3, note 38: At the time, U.S. public opinion was very much behind the insurgency of Fidel Castro, which was growing quickly in its struggle against the stunningly corrupt dictator Fulgencio Batista, but corporate interests with large Cuban holdings watched the situation nervously."
BKR-0313,PART_1,3,3:40,SECONDARY_BOOK,B,3,Michael Drosnin,"Citizen Hughes: The Power, the Money and the Madness","New York: Holt, Rine-hart and Winston, 1985",1985,,,,"Baker cites this source in chapter 3 in connection with Citizen Hughes: The Power, the Money and the Madness; the OCR text does not preserve a reliable body-note marker for a more precise claim mapping.",,Citizen Hughes; Michael Drosnin; Money and the Madness; Rine-hart and Winston,1,1,FALSE,FALSE,FALSE,FALSE,FALSE,FALSE,FALSE,Useful corroborating or contextual source for reconstructing Baker's evidence trail.,"Ch. 3, note 40: Michael Drosnin, Citizen Hughes: The Power, the Money and the Madness (New York: Holt, Rine-hart and Winston, 1985)."
BKR-0314,PART_1,3,3:43,PRIMARY_CONTEMPORARY_NEWS,B,3,Russ Baker,"A Thousand Points of Blight,",Village Voice,"January 8, 1991",,,,"Baker cites this source in chapter 3 in connection with A Thousand Points of Blight,; the OCR text does not preserve a reliable body-note marker for a more precise claim mapping.",,Thousand Points of Blight; Village Voice,1,1,TRUE,FALSE,FALSE,FALSE,FALSE,FALSE,FALSE,Useful corroborating or contextual source for reconstructing Baker's evidence trail.,"Ch. 3, note 43: See Russ Baker, “A Thousand Points of Blight,” Village Voice, January 8, 1991."
BKR-0315,PART_1,3,3:48,PRIMARY_CONTEMPORARY_NEWS,B,3,,"At the time, Diaz Serrano was on his way to Moscow for a stint as Mexico’s ambassador to theSoviet Union.",Time,,,,,"Baker cites this source in chapter 3 in connection with At the time, Diaz Serrano was on his way to Moscow for a stint as Mexico’s ambassador to theSoviet Union.; the OCR text does not preserve a reliable body-note marker for a more precise claim mapping.",,Diaz Serrano; Moscow for,1,1,TRUE,FALSE,FALSE,FALSE,FALSE,TRUE,TRUE,Useful corroborating or contextual source for reconstructing Baker's evidence trail.,"Ch. 3, note 48: At the time, Diaz Serrano was on his way to Moscow for a stint as Mexico’s ambassador to theSoviet Union."
BKR-0316,PART_1;PART_3,3;18,3:49;3:54;3:56;18:31,SECONDARY_BOOK,B,3,Robert H. Gow,You Can t Direct the Wind; You Can Only Reset the Sails: My First 62 Years,"Houston: Xixim Publishing, 2002",2002,,,104; 104-24; 108; 109,Baker cites this source in chapter 3 in connection with You Can t Direct the Wind; You Can Only Reset the Sails: My First 62 Years; the OCR text does not preserve a reliable body-note marker for a more precise claim mapping. | Baker cites this source in chapter 18 in connection with You Can t Direct the Wind; You Can Only Reset the Sails: My First 62 Years; the OCR text does not preserve a reliable body-note marker for a more precise claim mapping.,,Direct the Wind; My First; Robert H. Gow; Xixim Publishing; You Can Only Reset the Sails,4,2,FALSE,FALSE,FALSE,FALSE,FALSE,FALSE,FALSE,Useful corroborating or contextual source for reconstructing Baker's evidence trail.,"Ch. 3, note 49: Robert H. Gow, You Can t Direct the Wind; You Can Only Reset the Sails: My First 62 Years (Houston: Xixim Publishing, 2002), p. 109. || Ch. 3, note 54: Gow, You Can t Direct the Wind, p. 104. || Ch. 3, note 56: Gow, You Can t Direct the Wind, pp. 104-24. || Ch. 18, note 31: Robert H. Gow, You Can t Direct the Wind; You Can Only Reset the Sails: My First 62 Years (Houston: Xixim Publishing, 2002), p. 108."
BKR-0317,PART_1,3,3:51,OTHER,C,3,Vincent Bounds,Interview with Vincent Bounds,,"March 27, 1992",,,,Baker cites this source in chapter 3 in connection with Interview with Vincent Bounds; the OCR text does not preserve a reliable body-note marker for a more precise claim mapping.,,Joseph J. Trento; Vincent Bounds,1,1,FALSE,FALSE,FALSE,FALSE,TRUE,FALSE,FALSE,Useful corroborating or contextual source for reconstructing Baker's evidence trail.,"Ch. 3, note 51: Joseph J. Trento interview with Vincent Bounds, March 27, 1992."
BKR-0318,PART_1,3,3:53,PRIMARY_CONTEMPORARY_NEWS,B,3,,Senate for his war-time dealings with the Nazis and died of a heart attack shortly afterward,Time,1964,,,,Baker cites this source in chapter 3 in connection with Senate for his war-time dealings with the Nazis and died of a heart attack shortly afterward; the OCR text does not preserve a reliable body-note marker for a more precise claim mapping.,,Farish II; Farish’s Lane’s End Farm; Humble Oil; Nazis and; Poppy Bush; Prescott Bush; Queen Elizabeth II; Rockefeller’s Standard Oil of New Jersey; U.S. Senate; U.S. Senate for,1,1,TRUE,FALSE,FALSE,FALSE,FALSE,FALSE,FALSE,Useful corroborating or contextual source for reconstructing Baker's evidence trail.,"Ch. 3, note 53: Farish was sole heir to a family that helped found Humble Oil, which later became part of the Rockefeller’s Standard Oil of New Jersey (which is now Exxon). Farish’s grandfather, chairman of Standard, found himself, like Prescott Bush, under investigation by the U.S. Senate for his war-time dealings with the Nazis and died of a heart attack shortly afterward. Farish II, who served as an aide to Poppy Bush when he ran for the U.S. Senate in 1964, hardly needed a paycheck. His avocations included breeding racehorses (even stabling for Queen Elizabeth II, who was a guest at Farish’s Lane’s End Farm)."
BKR-0319,PART_1,4;6,4:4;6:11;6:26;6:34,SECONDARY_BOOK,B,3,Peter Dale Scott,Deep Politics and the Death of JFK,"Berkeley: University of California Press, 1993",1993,,,160; 249; 31,Baker cites this source in chapter 4 in connection with Deep Politics and the Death of JFK; the OCR text does not preserve a reliable body-note marker for a more precise claim mapping. | Baker cites this source in chapter 6 in connection with Deep Politics and the Death of JFK; the OCR text does not preserve a reliable body-note marker for a more precise claim mapping.,,Deep Politics; Deep Politics and the Death of; Ku Klux Klan; Peter Dale Scott; University of California Press,4,2,FALSE,FALSE,FALSE,FALSE,FALSE,FALSE,FALSE,Useful corroborating or contextual source for reconstructing Baker's evidence trail.,"Ch. 4, note 4: Peter Dale Scott, Deep Politics and the Death of JFK (Berkeley: University of California Press, 1993). || Ch. 6, note 11: Peter Dale Scott, Deep Politics and the Death of JFK (Berkeley: University of California Press, 1993), p. 160. Scott quotes a Ku Klux Klan organizer saying, in 1961, that “half of the police force in Dallas were members of the KKK.” || Ch. 6, note 26: Scott, Deep Politics, p. 249. || Ch. 6, note 34: Scott, Deep Politics, p. 31."
BKR-0320,PART_1,4,4:5,SECONDARY_BOOK,B,3,Michael R. Beschloss,"Taking Charge: The Johnson White House Tapes, 1963-1964","New York: Simon & Schuster, 1997",1963,,,72,"Baker cites this source in chapter 4 in connection with Taking Charge: The Johnson White House Tapes, 1963-1964; the OCR text does not preserve a reliable body-note marker for a more precise claim mapping.",,Michael R. Beschloss; Simon & Schuster; Taking Charge,1,1,FALSE,FALSE,FALSE,FALSE,FALSE,FALSE,FALSE,Useful corroborating or contextual source for reconstructing Baker's evidence trail.,"Ch. 4, note 5: Michael R. Beschloss, Taking Charge: The Johnson White House Tapes, 1963-1964 (New York: Simon & Schuster, 1997), p. 72."
BKR-0321,PART_1,4,4:6,SECONDARY_BOOK,B,3,Statistics on the number of questions,"by panel member, can be found in Walt Brown’s The Warren Omission","Florence, KY: Delmar, 1996",1996,,,85,"Baker cites this source in chapter 4 in connection with by panel member, can be found in Walt Brown’s The Warren Omission; the OCR text does not preserve a reliable body-note marker for a more precise claim mapping.",,But Warren; Walt Brown’s The Warren Omission,1,1,FALSE,FALSE,FALSE,FALSE,FALSE,FALSE,FALSE,Useful corroborating or contextual source for reconstructing Baker's evidence trail.,"Ch. 4, note 6: Statistics on the number of questions, by panel member, can be found in Walt Brown’s The Warren Omission (Florence, KY: Delmar, 1996), p. 85. There were 2,154 questions by Dulles to Warren’s 608, with Ford, Cooper, and McCloy in between. But Warren was present at the most sessions (p. 83), 110 to Dulles’s 85, with Ford in between at 95."
BKR-0322,PART_1,4,4:7,SECONDARY_BOOK,B,3,E. Howard Hunt,Give Us This Day,"New York: Arlington House, 1973",1973,,,215,Baker cites this source in chapter 4 in connection with Give Us This Day; the OCR text does not preserve a reliable body-note marker for a more precise claim mapping.,,Arlington House; E. Howard Hunt; Give Us This Day,1,1,FALSE,FALSE,FALSE,FALSE,FALSE,FALSE,FALSE,Useful corroborating or contextual source for reconstructing Baker's evidence trail.,"Ch. 4, note 7: E. Howard Hunt, Give Us This Day (New York: Arlington House, 1973), p. 215."
BKR-0323,PART_1,4,4:11,SECONDARY_BOOK,B,3,,cial treatment,,2004,,,,Baker cites this source in chapter 4 in connection with cial treatment; the OCR text does not preserve a reliable body-note marker for a more precise claim mapping.,,America’s Superstate; Public Affairs; Rise of Texas; Robert Bryce,1,1,FALSE,FALSE,FALSE,FALSE,TRUE,FALSE,FALSE,Useful corroborating or contextual source for reconstructing Baker's evidence trail.,"Ch. 4, note 11: The oil depletion allowance sheltered 27.5 percent of oil income as compensation for the “depletion” of finite reserves. As the journalist Robert Bryce noted in Cronies: Oil, Bushes, and the Rise of Texas, America’s Superstate (New York: Public Affairs, 2004): “Numerous studies showed that the oilmen were getting a tax break that was unprece dented in American business. While other businessmen had to pay taxes on their income regardless of what they sold, the oilmen got special treatment.”"
BKR-0324,PART_1,4,4:14,OTHER,C,3,Miguel Acoca,"Documents: Bush Blew Whistle on Rival in JFK Slaying,",,"August 25, 1988",JFK Slaying,,,"Baker cites this source in chapter 4 in connection with Documents: Bush Blew Whistle on Rival in JFK Slaying,; the OCR text does not preserve a reliable body-note marker for a more precise claim mapping.",,Bush Blew Whistle; JFK Slaying; Miguel Acoca; San Francisco Examiner,1,1,FALSE,FALSE,FALSE,FALSE,TRUE,FALSE,FALSE,Useful corroborating or contextual source for reconstructing Baker's evidence trail.,"Ch. 4, note 14: Miguel Acoca, “Documents: Bush Blew Whistle on Rival in JFK Slaying,” San Francisco Examiner, August 25, 1988."
BKR-0325,PART_1,4,4:15,MEMOIR_AUTOBIOGRAPHY,C,3,Barbara Bush,Barbara Bush: A Memoir,"New York: Scribner, 1994",1994,,,59-60,Baker cites this source in chapter 4 in connection with Barbara Bush: A Memoir; the OCR text does not preserve a reliable body-note marker for a more precise claim mapping.,,Barbara Bush,1,1,FALSE,FALSE,FALSE,FALSE,TRUE,FALSE,FALSE,Useful corroborating or contextual source for reconstructing Baker's evidence trail.,"Ch. 4, note 15: Barbara Bush, Barbara Bush: A Memoir (New York: Scribner, 1994), pp. 59-60."
BKR-0326,PART_1,4;5,4:19;4:25;5:13,SECONDARY_BOOK,B,3,Peter Grose,Gentleman Spy: The Life of Allen Dulles,"Boston: Houghton Mifflin, 1994",1994,,,147; 452,Baker cites this source in chapter 4 in connection with Gentleman Spy: The Life of Allen Dulles; the OCR text does not preserve a reliable body-note marker for a more precise claim mapping. | Baker cites this source in chapter 5 in connection with Gentleman Spy: The Life of Allen Dulles; the OCR text does not preserve a reliable body-note marker for a more precise claim mapping.,,Allen Dulles; Gentleman Spy; Houghton Mifflin; Peter Grose,3,2,FALSE,FALSE,FALSE,FALSE,FALSE,FALSE,FALSE,Useful corroborating or contextual source for reconstructing Baker's evidence trail.,"Ch. 4, note 19: and Peter Grose, Gentleman Spy: The Life of Allen Dulles (Boston: Houghton Mifflin, 1994). || Ch. 4, note 25: Grose, Gentleman Spy, p. 452. || Ch. 5, note 13: Peter Grose, Gentleman Spy: The Life of Allen Dulles (Boston: Houghton Mifflin, 1994), p. 147."
BKR-0327,PART_1,4,4:19;4:20,SECONDARY_BOOK,B,3,Burton Hersh,The Old Boys: The American Elite and the Origins of the CIA,"St. Petersburg, FL: Tree Farm, 1992",1992,,CIA,394,Baker cites this source in chapter 4 in connection with The Old Boys: The American Elite and the Origins of the CIA; the OCR text does not preserve a reliable body-note marker for a more precise claim mapping.,"Original CIA referenced or described by this secondary source, with complete provenance",Burton Hersh; CIA; St. Petersburg; Tree Farm,2,1,FALSE,FALSE,TRUE,FALSE,TRUE,FALSE,FALSE,Useful corroborating or contextual source for reconstructing Baker's evidence trail.,"Ch. 4, note 19: Burton Hersh, The Old Boys: The American Elite and the Origins of the CIA (St. Petersburg, FL: Tree Farm, 1992) || Ch. 4, note 20: Hersh, The Old Boys, p. 394."
BKR-0328,PART_1;PART_2;PART_3,4;16,4:21;16:31,SECONDARY_BOOK,B,3,Tim Weiner,Legacy of Ashes: The History of the CIA,"New York: Anchor, 2008",2008,,CIA,144,Baker cites this source in chapter 4 in connection with Legacy of Ashes: The History of the CIA; the OCR text does not preserve a reliable body-note marker for a more precise claim mapping. | Baker cites this source in chapter 16 in connection with Legacy of Ashes: The History of the CIA; the OCR text does not preserve a reliable body-note marker for a more precise claim mapping.,"Original CIA referenced or described by this secondary source, with complete provenance",CIA; Legacy of Ashes; Tim Weiner,2,2,FALSE,FALSE,TRUE,FALSE,TRUE,FALSE,FALSE,Useful corroborating or contextual source for reconstructing Baker's evidence trail.,"Ch. 4, note 21: Tim Weiner, Legacy of Ashes: The History of the CIA (New York: Anchor, 2008), p. 144. || Ch. 16, note 31: Tim Weiner, Legacy of Ashes: The History of the CIA (New York: Doubleday, 2007), p."
BKR-0329,PART_1,4,4:22,OTHER,C,3,,"CIA station was also in charge of most Middle East operations and anti-Soviet-bloc efforts in Yugo slavia, Albania, and other Balkan countries",CIA,,CIA station was also in charge of; CIA assignments,CIA,,"Baker cites this in support of the surrounding discussion: Al Ulmer is sometimes described as having filled the positions of “attachée” and “first secretary” at the U.S. embassy in Athens from the late forties through the midfifties. Yet a memorial tribute to him in the alumni publication of his alma mater, Princeton, scores higher on the candor meter, describing his life in the war time OSS and the CIA.",,Athens CIA; CIA; CIA’s Far East; Middle East; Southeast Asia,1,1,FALSE,FALSE,TRUE,FALSE,TRUE,FALSE,FALSE,Useful corroborating or contextual source for reconstructing Baker's evidence trail.,"Ch. 4, note 22: Ulmer was running things in Greece during the country’s vicious civil war; the Athens CIA station was also in charge of most Middle East operations and anti-Soviet-bloc efforts in Yugo slavia, Albania, and other Balkan countries. Ulmer would go on to a host of key CIA assignments, including running the Paris station and the CIA’s Far East division, overseeing operations in Southeast Asia, and an attempted coup against the populist Indonesian president with the typically Indonesian one-word name: Sukarno."
BKR-0330,PART_1,4,4:23,OTHER,C,3,,secret 1956 “world tour” of CIA stations,CIA,1956,CIA stations,CIA,,"Baker cites this in support of the surrounding discussion: He went to work for the Greek shipping magnate Stavros Niarchos. That Ulmer had not fully left the espionage racket is suggested in part by Niarchos’s own long history with the CIA, which he assisted with many covert operations.",,CIA; Kaiser Wilhelm; Queen Frederika of Greece,1,1,FALSE,FALSE,TRUE,TRUE,TRUE,FALSE,FALSE,Useful corroborating or contextual source for reconstructing Baker's evidence trail.,"Ch. 4, note 23: Niarchos personally won Dulles over when the director stopped in Athens to visit Ulmer as part of a secret 1956 “world tour” of CIA stations. Dulles was treated to a weekend on Niarchos’s 190-foot yacht. Niarchos introduced the bonvivant Dulles to the willful and alluring Queen Frederika of Greece (granddaughter of Kaiser Wilhelm) and made his yacht available to them for their private purposes."
BKR-0331,PART_1,4,4:26,SECONDARY_BOOK,B,3,James Presley,Never in Doubt: A History of Delta Drilling Company,"Houston: Gulf, 1981",1981,,,41-45,Baker cites this source in chapter 4 in connection with Never in Doubt: A History of Delta Drilling Company; the OCR text does not preserve a reliable body-note marker for a more precise claim mapping.,,History of Delta Drilling Company; James Presley,1,1,FALSE,FALSE,FALSE,FALSE,FALSE,FALSE,FALSE,Useful corroborating or contextual source for reconstructing Baker's evidence trail.,"Ch. 4, note 26: James Presley, Never in Doubt: A History of Delta Drilling Company (Houston: Gulf, 1981), pp. 41-45."
BKR-0332,PART_1,4,4:30,OTHER,C,3,,Secret Service records have been publicly released,,,,,,Baker cites this source in chapter 4 in connection with Secret Service records have been publicly released; the OCR text does not preserve a reliable body-note marker for a more precise claim mapping.,,Secret Service,1,1,FALSE,FALSE,FALSE,TRUE,TRUE,FALSE,FALSE,Useful corroborating or contextual source for reconstructing Baker's evidence trail.,"Ch. 4, note 30: This cannot be corroborated, as no relevant Secret Service records have been publicly released."
BKR-0333,PART_1,4,4:32,OTHER,C,3,Steve Berg,"Republicans Tear Into Clinton; Family Values Issue Widens Cultural Gap,",,"August 19, 1992",,,,"Baker cites this source in chapter 4 in connection with Republicans Tear Into Clinton; Family Values Issue Widens Cultural Gap,; the OCR text does not preserve a reliable body-note marker for a more precise claim mapping.",,Family Values Issue Widens Cultural Gap; Minneapolis Star-Tribune; Republicans Tear Into Clinton; Steve Berg,1,1,FALSE,FALSE,FALSE,FALSE,TRUE,FALSE,FALSE,Useful corroborating or contextual source for reconstructing Baker's evidence trail.,"Ch. 4, note 32: Steve Berg, “Republicans Tear Into Clinton; Family Values Issue Widens Cultural Gap,” Minneapolis Star-Tribune, August 19, 1992."
BKR-0334,PART_1,5,5:2,PRIMARY_CONTEMPORARY_NEWS,B,3,Associated Press,"Russian-Born Society Figure Knew Kennedy’s Family and His Assassin,",Washington Post,"November 25, 1964",,,,Baker cites this in support of the surrounding discussion: A series of strange coincidences providing the only known link between the two families before Oswald fired the shot killing Mr. Kennedy in Dallas a year ago was described in testimony before the Warren Commission by George S. de Mohrenschildt.,,Associated Press; His Assassin; Russian-Born Society Figure Knew Kennedy’s Family; Warren Commission; Washington Post,1,1,TRUE,FALSE,FALSE,FALSE,TRUE,FALSE,FALSE,Useful corroborating or contextual source for reconstructing Baker's evidence trail.,"Ch. 5, note 2: Associated Press, “Russian-Born Society Figure Knew Kennedy’s Family and His Assassin,” Washington Post, November 25, 1964."
BKR-0335,PART_1,5,5:4,OTHER,C,3,,nschildt’s family were Russian nobility of Swedish and German extraction,,,,,,Baker cites this source in chapter 5 in connection with nschildt’s family were Russian nobility of Swedish and German extraction; the OCR text does not preserve a reliable body-note marker for a more precise claim mapping.,,George de Mohrenschildt; Swedish and German; United States,1,1,FALSE,FALSE,FALSE,FALSE,TRUE,FALSE,FALSE,Useful corroborating or contextual source for reconstructing Baker's evidence trail.,"Ch. 5, note 4: George de Mohrenschildt’s family were Russian nobility of Swedish and German extraction; de Mohrenschildt de-Germanized his name upon immigrating to the United States."
BKR-0336,PART_1,5,5:4,PRIMARY_CONTEMPORARY_NEWS,B,3,,"“Oil Drilling Deal Set,” New York Times, November 30, 1956. . “Cuban- Venezuelan Unit Chooses Trustee,” New York Times, May 14, 1956. No IN",New York Times,"November 30, 1956",,,,"Baker cites this source in chapter 5 in connection with “Oil Drilling Deal Set,” New York Times, November 30, 1956. . “Cuban- Venezuelan Unit Chooses Trustee,” New York Times, May 14, 1956. No IN; the OCR text does not preserve a reliable body-note marker for a more precise claim mapping.",,Cuban- Venezuelan Unit Chooses Trustee; Oil Drilling Deal Set,1,1,TRUE,FALSE,FALSE,FALSE,FALSE,TRUE,TRUE,Useful corroborating or contextual source for reconstructing Baker's evidence trail.,"Ch. 5, note 4: “Oil Drilling Deal Set,” New York Times, November 30, 1956. . “Cuban- Venezuelan Unit Chooses Trustee,” New York Times, May 14, 1956. No IN"
BKR-0337,PART_1,5,5:6,OTHER,C,3,,secretary of state and Middle East envoy James Baker,,,,,,Baker cites this source in chapter 5 in connection with secretary of state and Middle East envoy James Baker; the OCR text does not preserve a reliable body-note marker for a more precise claim mapping.,,Ambassador Harriman; Central Intelligence Agency; E. H. Harriman; James Baker; James Baker. Lovett’s; Middle East; Moscow. Under Harry; Prescott Bush; Prescott Bush and Averell Harriman; Robert A. Lovett; Robert S. Lovett; Samuel Bush; Union Pacific Railroad; War Industries Board; World War IJ,1,1,FALSE,FALSE,FALSE,TRUE,TRUE,FALSE,FALSE,Useful corroborating or contextual source for reconstructing Baker's evidence trail.,"Ch. 5, note 6: Serving with Samuel Bush on the War Industries Board was Robert S. Lovett, president of the Union Pacific Railroad, chief counsel to E. H. Harriman, and executor of Harriman’s will. Lovett had been in the Texas law firm of the family of future secretary of state and Middle East envoy James Baker. Lovett’s son, Robert A. Lovett, would go on to become an important figure in the Bush saga, as a business partner with Prescott Bush and Averell Harriman, and during World War IJ, as an aide to Ambassador Harriman in Moscow. Under Harry S Truman, he would be instrumental in the establishment of the Central Intelligence Agency."
BKR-0338,PART_1,5,5:7,OTHER,C,3,,ciate of E,,,,,,Baker cites this source in chapter 5 in connection with ciate of E; the OCR text does not preserve a reliable body-note marker for a more precise claim mapping.,,Averell and Roland Harriman; E. H. Harriman; George Herbert Walker; Mrs. Harriman’s; Prescott Bush; Skull and Bones,1,1,FALSE,FALSE,FALSE,FALSE,TRUE,FALSE,FALSE,Useful corroborating or contextual source for reconstructing Baker's evidence trail.,"Ch. 5, note 7: Mrs. Harriman’s late husband was a cousin, major financier, and business associate of E. H. Harriman,whose sons, Averell and Roland Harriman, were Skull and Bones mates and later business partners of Prescott Bush, and employers of Prescott’s father-in-law, George Herbert Walker."
BKR-0339,PART_1,5,5:8,SECONDARY_BOOK,B,3,Steve LeVine,The Oil and the Glory: The Pursuit of Empire and Fortune on the Caspian Sea,"New York: Random House, 2007",2007,,,34,Baker cites this source in chapter 5 in connection with The Oil and the Glory: The Pursuit of Empire and Fortune on the Caspian Sea; the OCR text does not preserve a reliable body-note marker for a more precise claim mapping.,,Caspian Sea; Random House; Steve LeVine,1,1,FALSE,FALSE,FALSE,FALSE,FALSE,FALSE,FALSE,Useful corroborating or contextual source for reconstructing Baker's evidence trail.,"Ch. 5, note 8: Steve LeVine, The Oil and the Glory: The Pursuit of Empire and Fortune on the Caspian Sea (New York: Random House, 2007), p. 34."
BKR-0340,PART_1,5,5:9,OTHER,C,3,,"nschildt, while George, who didn’t find the German appendage useful in America, went by de Mohrenschildt",,,,,,"Baker cites this source in chapter 5 in connection with nschildt, while George, who didn’t find the German appendage useful in America, went by de Mohrenschildt; the OCR text does not preserve a reliable body-note marker for a more precise claim mapping.",,,1,1,FALSE,FALSE,FALSE,FALSE,TRUE,FALSE,FALSE,Useful corroborating or contextual source for reconstructing Baker's evidence trail.,"Ch. 5, note 9: Dimitri called himself von Mohrenschildt, while George, who didn’t find the German appendage useful in America, went by de Mohrenschildt."
BKR-0341,PART_1,5,5:10,PRIMARY_CONTEMPORARY_NEWS,B,3,,"Obituary of Edward G. Hooker, New York Times, March 30, 1967.",New York Times,"March 30, 1967",,,,"Baker cites this source in chapter 5 in connection with Obituary of Edward G. Hooker, New York Times, March 30, 1967.; the OCR text does not preserve a reliable body-note marker for a more precise claim mapping.",,Obituary of Edward G. Hooker,1,1,TRUE,FALSE,FALSE,FALSE,FALSE,TRUE,TRUE,Useful corroborating or contextual source for reconstructing Baker's evidence trail.,"Ch. 5, note 10: Obituary of Edward G. Hooker, New York Times, March 30, 1967."
BKR-0342,PART_1,5,5:14,SECONDARY_BOOK,B,3,Serge Obolensky,One Man in His Time,"London: Hutchinson, 1960",1960,,,,Baker cites this source in chapter 5 in connection with One Man in His Time; the OCR text does not preserve a reliable body-note marker for a more precise claim mapping.,,His Time; Serge Obolensky,1,1,FALSE,FALSE,FALSE,FALSE,FALSE,FALSE,FALSE,Useful corroborating or contextual source for reconstructing Baker's evidence trail.,"Ch. 5, note 14: Serge Obolensky, One Man in His Time (London: Hutchinson, 1960)."
BKR-0343,PART_1,5,5:14,PRIMARY_CONTEMPORARY_NEWS,B,3,,nscuba Oil Company and the Cuban Venezuelan oil voting trust,Time,1954,,,,Baker cites this source in chapter 5 in connection with nscuba Oil Company and the Cuban Venezuelan oil voting trust; the OCR text does not preserve a reliable body-note marker for a more precise claim mapping.,,Cuba; Gas Company; Last September the Stanolind Oil and; Oil Voting Trust; Oklahoma and California; Standard Oil of Indiana; Texas and California; Trans-Cuba Oil Company and the Cuban-Venezuelan; Transcuba Oil Company and the Cuban,1,1,TRUE,FALSE,FALSE,TRUE,FALSE,FALSE,FALSE,Useful corroborating or contextual source for reconstructing Baker's evidence trail.,"Ch. 5, note 14: 1954, noted: “Interest in the possibility of petroleum production in Cuba increased here today with the announcement that a group of American oil operators would start a series of wells within ninety days. The announcement said these operators, from Texas and California, had signed a contract to drill exploratory wells on leases of the Transcuba Oil Company and the Cuban Venezuelan oil voting trust.” Eighteen months later, on January 4, 1956, the Times reported: Cuba’s hopes of taking her place among the oil producing nations of the world are rising slowly. There has been no spectacular strike but the steady increase in production from small wells and the inflow of capital for exploration work is highly encouraging. Oilmen from Texas, Oklahoma and California in particular are appearing in Cuba in increasing numbers. Various small companies and some with considerable resources have been formed. Last September the Stanolind Oil and Gas Company (Standard Oil of Indiana) signed a contract with Trans-Cuba Oil Company and the Cuban-Venezuelan Oil Voting Trust in Havana, which have large holdings. The Stanolind will spend $2,000,000 yearly in exploration and drilling during the next five years. It is estimated that investors will have committed $25,000,000 for exploration work during the next two years."
BKR-0344,PART_1,5,5:16,SECONDARY_BOOK,B,3,David A. Andelman,A Shattered Peace: Versailles 1919 and the Price We Pay Today,"New York: Wiley, 2007",1919,,,,Baker cites this source in chapter 5 in connection with A Shattered Peace: Versailles 1919 and the Price We Pay Today; the OCR text does not preserve a reliable body-note marker for a more precise claim mapping.,,David A. Andelman; Price We Pay Today; Shattered Peace,1,1,FALSE,FALSE,FALSE,FALSE,FALSE,FALSE,FALSE,Useful corroborating or contextual source for reconstructing Baker's evidence trail.,"Ch. 5, note 16: David A. Andelman, A Shattered Peace: Versailles 1919 and the Price We Pay Today (New York: Wiley, 2007)."
BKR-0345,PART_1,5,5:17,OTHER,C,3,,"Warren Commission testimony, p",,,,,267,"Baker cites this source in chapter 5 in connection with Warren Commission testimony, p; the OCR text does not preserve a reliable body-note marker for a more precise claim mapping.",,Warren Commission,1,1,FALSE,FALSE,FALSE,FALSE,TRUE,FALSE,FALSE,Useful corroborating or contextual source for reconstructing Baker's evidence trail.,"Ch. 5, note 17: Warren Commission testimony, p. 267."
BKR-0346,PART_1,5,5:20,OTHER,C,3,,nschildt’s death in 1977,,1973,,,,Baker cites this source in chapter 5 in connection with nschildt’s death in 1977; the OCR text does not preserve a reliable body-note marker for a more precise claim mapping.,,Though the,1,1,FALSE,FALSE,FALSE,FALSE,TRUE,FALSE,FALSE,Useful corroborating or contextual source for reconstructing Baker's evidence trail.,"Ch. 5, note 20: Though the couple divorced in 1973, they remained close until de Mohrenschildt’s death in 1977."
BKR-0347,PART_1,5,5:21,PRIMARY_CONTEMPORARY_NEWS,B,3,,As a one-paragraph article with a Havana dateline buried in the New York Times of June,New York Times,,,,,Baker cites this source in chapter 5 in connection with As a one-paragraph article with a Havana dateline buried in the New York Times of June; the OCR text does not preserve a reliable body-note marker for a more precise claim mapping.,,,1,1,TRUE,FALSE,FALSE,FALSE,FALSE,TRUE,TRUE,Useful corroborating or contextual source for reconstructing Baker's evidence trail.,"Ch. 5, note 21: As a one-paragraph article with a Havana dateline buried in the New York Times of June"
BKR-0348,PART_1,5,5:22,SECONDARY_BOOK,B,3,For more,"see Alfred McCoy, The Politics of Heroin: CIA Complicity in the Global Drug Trade","Chicago: Lawrence Hill, 1991",1991,CIA Complicity in the Global Drug Trade,CIA,,"Baker cites this in support of the surrounding discussion: Neil Mallon had a direct pipeline to Allen Dulles. Prescott Bush noted in a letter around this time that Mallon was “well known to Allen Dulles, and has tried to be helpful to him in the CIA, especially in the procurement of individuals to serve in that important agency.” 12 MEANWHILE, GEORGE DE MOHRENSCHILDT, thrice-married bonvivant, finally met his match, literally and figuratively in 1957 when he became involved with Jeanne LeGon, who would become his fourth wife.","Original CIA referenced or described by this secondary source, with complete provenance",Alfred McCoy; Allen Dulles; CIA; CIA Complicity; George de Mohrenschildt; Global Drug Trade; Lawrence Hill; Neil Mallon; Prescott Bush,1,1,FALSE,FALSE,TRUE,FALSE,TRUE,FALSE,FALSE,Useful corroborating or contextual source for reconstructing Baker's evidence trail.,"Ch. 5, note 22: For more, see Alfred McCoy, The Politics of Heroin: CIA Complicity in the Global Drug Trade (Chicago: Lawrence Hill, 1991)."
BKR-0349,PART_1,5,5:23,PRIMARY_CONTEMPORARY_NEWS,B,3,,"During the first six months of 1955, Cuba produced 151,122 barrels of oil, three times the production of the previous year. October 1955 saw daily production running more than 50 percent above the average for the first h",New York Times,1955,,,,"Baker cites this in support of the surrounding discussion: Technically, it is still possible to buy and sell these shares in the over-the-counter market. But you'll be lucky if you can get 10 cents a share.",,Cuba; Domestic Oil Flow Bolsters Cuba; During the; Exploratory Capital Pouring,1,1,TRUE,FALSE,FALSE,FALSE,FALSE,TRUE,TRUE,Useful corroborating or contextual source for reconstructing Baker's evidence trail.,"Ch. 5, note 23: During the first six months of 1955, Cuba produced 151,122 barrels of oil, three times the production of the previous year. October 1955 saw daily production running more than 50 percent above the average for the first half of the year. “Rise in Domestic Oil Flow Bolsters Cuba; Exploratory Capital Pouring into Island,” New York Times, January 5, 1956."
BKR-0350,PART_1,5,5:26,SECONDARY_BOOK,B,3,Stephen Birmingham,Our Crowd: The Great Jewish Families of New York,"New York: Harper and Row, 1967",1967,,,409-410,Baker cites this source in chapter 5 in connection with Our Crowd: The Great Jewish Families of New York; the OCR text does not preserve a reliable body-note marker for a more precise claim mapping.,,Harper and Row; Our Crowd; Stephen Birmingham,1,1,FALSE,FALSE,FALSE,FALSE,FALSE,FALSE,FALSE,Useful corroborating or contextual source for reconstructing Baker's evidence trail.,"Ch. 5, note 26: Stephen Birmingham, Our Crowd: The Great Jewish Families of New York (New York: Harper and Row, 1967), pp. 409-410."
BKR-0351,PART_1,5,5:27,OTHER,C,3,,"Secretary of State’s Office, as of 1966",Texas Secretary of State,1966,,Texas Secretary of State,,"Baker cites this source in chapter 5 in connection with Secretary of State’s Office, as of 1966; the OCR text does not preserve a reliable body-note marker for a more precise claim mapping.",,Empire Trust; Texas Secretary of State’s Office,1,1,FALSE,FALSE,TRUE,TRUE,TRUE,FALSE,FALSE,Useful corroborating or contextual source for reconstructing Baker's evidence trail.,"Ch. 5, note 27: Empire Trust corporate filings with the Texas Secretary of State’s Office, as of 1966."
BKR-0352,PART_1,5,5:28,OTHER,C,3,,Warren Commission member John J,,,,,,Baker cites this source in chapter 5 in connection with Warren Commission member John J; the OCR text does not preserve a reliable body-note marker for a more precise claim mapping.,,Empire Trust’s; Henry Brunie; John J. McCloy; Warren Commission,1,1,FALSE,FALSE,FALSE,FALSE,TRUE,FALSE,FALSE,Useful corroborating or contextual source for reconstructing Baker's evidence trail.,"Ch. 5, note 28: Henry Brunie, Empire Trust’s president, was a best friend of and served as best man at the wedding of Warren Commission member John J. McCloy."
BKR-0353,PART_1,5,5:31,PRIMARY_CONTEMPORARY_NEWS,B,3,R. Hart Phillips,"Cuba Limits Search for Oil; Nationalization Step Seen,",New York Times,"November 22, 1959",,,,"Baker cites this source in chapter 5 in connection with Cuba Limits Search for Oil; Nationalization Step Seen,; the OCR text does not preserve a reliable body-note marker for a more precise claim mapping.",,Cuba; Cuba Limits Search for Oil; Nationalization Step Seen; R. Hart Phillips,1,1,TRUE,FALSE,FALSE,FALSE,FALSE,FALSE,FALSE,Useful corroborating or contextual source for reconstructing Baker's evidence trail.,"Ch. 5, note 31: R. Hart Phillips, “Cuba Limits Search for Oil; Nationalization Step Seen,” New York Times, November 22, 1959."
BKR-0354,PART_1,5,5:33,OTHER,C,3,William A. Doyle,"The Daily Investor,",,,,,,"Baker cites this source in chapter 5 in connection with The Daily Investor,; the OCR text does not preserve a reliable body-note marker for a more precise claim mapping.",,New Hampshire; Portsmouth Herald; William A. Doyle,1,1,FALSE,FALSE,FALSE,FALSE,TRUE,FALSE,FALSE,Useful corroborating or contextual source for reconstructing Baker's evidence trail.,"Ch. 5, note 33: William A. Doyle, “The Daily Investor,” Portsmouth Herald (New Hampshire), August"
BKR-0355,PART_1,5,5:34,SECONDARY_BOOK,B,3,John Kouwenhoven,"Partners in Banking: An Historical Portrait of a Great Private Bank, Brown Brothers, Harriman & Co., 1818-1968","New York: Doubleday & Company, 1983 reprint",1818,,,206,"Baker cites this source in chapter 5 in connection with Partners in Banking: An Historical Portrait of a Great Private Bank, Brown Brothers, Harriman & Co., 1818-1968; the OCR text does not preserve a reliable body-note marker for a more precise claim mapping.",,An Historical Portrait of; Brown Brothers; Doubleday & Company; Great Private Bank; Harriman & Co; John Kouwenhoven,1,1,FALSE,FALSE,FALSE,FALSE,FALSE,FALSE,FALSE,Useful corroborating or contextual source for reconstructing Baker's evidence trail.,"Ch. 5, note 34: John Kouwenhoven, Partners in Banking: An Historical Portrait of a Great Private Bank, Brown Brothers, Harriman & Co., 1818-1968 (New York: Doubleday & Company, 1983 reprint), p. 206."
BKR-0356,PART_1,5,5:35,PRIMARY_CONTEMPORARY_NEWS,B,3,Erik Hedegaard,"The Last Confessions of E. Howard Hunt,",Rolling Stone,"April 5, 2007",,,,"Baker cites this source in chapter 5 in connection with The Last Confessions of E. Howard Hunt,; the OCR text does not preserve a reliable body-note marker for a more precise claim mapping.",,E. Howard Hunt; Erik Hedegaard; Rolling Stone,1,1,TRUE,FALSE,FALSE,FALSE,FALSE,FALSE,FALSE,Useful corroborating or contextual source for reconstructing Baker's evidence trail.,"Ch. 5, note 35: Erik Hedegaard, “The Last Confessions of E. Howard Hunt,” Rolling Stone, April 5, 2007."
BKR-0357,PART_1,6,6:1,SECONDARY_BOOK,B,3,Richard Reeves,President Kennedy: Profile of Power,"New York: Simon & Schuster, 1993",1993,,,103,Baker cites this source in chapter 6 in connection with President Kennedy: Profile of Power; the OCR text does not preserve a reliable body-note marker for a more precise claim mapping.,,President Kennedy; Profile of Power; Richard Reeves; Simon & Schuster,1,1,FALSE,FALSE,FALSE,FALSE,FALSE,FALSE,FALSE,Useful corroborating or contextual source for reconstructing Baker's evidence trail.,"Ch. 6, note 1: Richard Reeves, President Kennedy: Profile of Power (New York: Simon & Schuster, 1993), p. 103."
BKR-0358,PART_1,6,6:3;6:23,SECONDARY_BOOK,B,3,Arthur M. Schlesinger Jr.,Robert Kennedy and His Times,"Boston: Houghton Mifflin, 2002",2002,,,438; 524,"Baker cites this source in chapter 6 in connection with Robert Kennedy and His Times; the OCR text does not preserve a reliable body-note marker for a more precise claim mapping. | Baker cites this in support of the surrounding discussion: Allen Dulles’s interest in Texas seems to have picked up shortly after he left the Kennedy administration. In December 1961, he contacted a colleague still with the CIA to request contact information for agency officers based in Houston.22 After the JFK assassination, Johnson would bring Dulles back into government—first as a member of the Warren Commission investigating Kennedy’s death and then as a member of the Gilpatric Committee, a group of advisers on the proliferation of nuclear weapons.",,Allen Dulles; Arthur M. Schlesinger Jr; CIA; Houghton Mifflin; Robert Kennedy and His Times; Warren Commission,2,2,FALSE,FALSE,FALSE,FALSE,FALSE,FALSE,FALSE,Useful corroborating or contextual source for reconstructing Baker's evidence trail.,"Ch. 6, note 3: Arthur M. Schlesinger Jr., Robert Kennedy and His Times (Boston: Houghton Mifflin, 2002), p. 524. || Ch. 6, note 23: Schlesinger, Robert Kennedy and His Times, p. 438."
BKR-0359,PART_1,6,6:4,SECONDARY_BOOK,B,3,Fletcher Knebel and Charles W. Bailey II,Seven Days in May,"New York: Harper & Row, 1962",1962,,,,Baker cites this source in chapter 6 in connection with Seven Days in May; the OCR text does not preserve a reliable body-note marker for a more precise claim mapping.,,Fletcher Knebel and Charles W. Bailey; Harper & Row; Seven Days,1,1,FALSE,FALSE,FALSE,FALSE,FALSE,FALSE,FALSE,Useful corroborating or contextual source for reconstructing Baker's evidence trail.,"Ch. 6, note 4: Fletcher Knebel and Charles W. Bailey II, Seven Days in May (New York: Harper & Row, 1962)."
BKR-0360,PART_1,6,6:6,SECONDARY_BOOK,B,3,David Talbot,Brothers: The Hidden History of the Kennedy Years,"New York: Free Press, 2007",2007,,,148,Baker cites this source in chapter 6 in connection with Brothers: The Hidden History of the Kennedy Years; the OCR text does not preserve a reliable body-note marker for a more precise claim mapping.,,David Talbot; Free Press,1,1,FALSE,FALSE,FALSE,FALSE,FALSE,FALSE,FALSE,Useful corroborating or contextual source for reconstructing Baker's evidence trail.,"Ch. 6, note 6: David Talbot, Brothers: The Hidden History of the Kennedy Years (New York: Free Press, 2007), p. 148."
BKR-0361,PART_1,6,6:7,SECONDARY_BOOK,B,3,Laurence Leamer,The Kennedy Men: 1901-1963,"New York: Harper Collins, 2002",1901,,,,Baker cites this source in chapter 6 in connection with The Kennedy Men: 1901-1963; the OCR text does not preserve a reliable body-note marker for a more precise claim mapping.,,Harper Collins; Laurence Leamer,1,1,FALSE,FALSE,FALSE,FALSE,FALSE,FALSE,FALSE,Useful corroborating or contextual source for reconstructing Baker's evidence trail.,"Ch. 6, note 7: Laurence Leamer, The Kennedy Men: 1901-1963 (New York: Harper Collins, 2002), p."
BKR-0362,PART_1,6,6:8,SECONDARY_BOOK,B,3,,"cially chapter 27, “Camelot Versus Pocantico: The Decline and Fall of John F",,1995,,,396-420,"Baker cites this source in chapter 6 in connection with cially chapter 27, “Camelot Versus Pocantico: The Decline and Fall of John F; the OCR text does not preserve a reliable body-note marker for a more precise claim mapping.",,Age of Oil; Camelot Versus Pocantico; F. Kennedy; Gerard Colby and Charlotte Dennett; Harper Collins; John F. Kennedy; Latin America; Nelson Rockefeller and Evangelism; Thy Will Be Done,1,1,FALSE,FALSE,FALSE,FALSE,TRUE,FALSE,FALSE,Useful corroborating or contextual source for reconstructing Baker's evidence trail.,"Ch. 6, note 8: For a full description of how Kennedy’s policies aggravated Rockefeller interests in Latin America,see Gerard Colby and Charlotte Dennett, Thy Will Be Done: The Conquest of the Amazon: Nelson Rockefeller and Evangelism in the Age of Oil (New York: Harper Collins, 1995), especially chapter 27, “Camelot Versus Pocantico: The Decline and Fall of John F. Kennedy,” pp. 396-420."
BKR-0363,PART_1;PART_2,6;10,6:12;10:18,PRIMARY_CONTEMPORARY_NEWS,B,3,Jack Langguth,"Group of Businessmen Rules Dallas Without a Mandate from the Voters,",New York Times,"January 19, 1964",,,,"Baker cites this in support of the surrounding discussion: But the nuclear arms race was another bonanza for business—uranium mining operations in particular. These constituted a growing share of earnings for the oil exploration and resource extraction industry. | Baker cites this source in chapter 10 in connection with Group of Businessmen Rules Dallas Without a Mandate from the Voters,; the OCR text does not preserve a reliable body-note marker for a more precise claim mapping.",,Group of Businessmen Rules Dallas Without; Jack Langguth,2,2,TRUE,FALSE,FALSE,FALSE,FALSE,FALSE,FALSE,Useful corroborating or contextual source for reconstructing Baker's evidence trail.,"Ch. 6, note 12: Jack Langguth, “Group of Businessmen Rules Dallas Without a Mandate from the Voters,” New York Times, January 19, 1964. || Ch. 10, note 18: Jack Langguth, “Group of Businessmen Rules Dallas Without a Mandate from the Voters,” New York Times, January 19, 1964."
BKR-0364,PART_1,6,6:14,OTHER,C,3,,"FBI interviews at the offices of several steel executives who, by raising their prices, had gone against a pact with unions to protect workers’ job security in return for the unions’",FBI,,FBI interviews at the offices of several,FBI,,"Baker cites this source in chapter 6 in connection with FBI interviews at the offices of several steel executives who, by raising their prices, had gone against a pact with unions to protect workers’ job security in return for the unions’; the OCR text does not preserve a reliable body-note marker for a more precise claim mapping.",,FBI,1,1,FALSE,FALSE,TRUE,TRUE,TRUE,FALSE,FALSE,Useful corroborating or contextual source for reconstructing Baker's evidence trail.,"Ch. 6, note 14: Kennedy ordered FBI interviews at the offices of several steel executives who, by raising their prices, had gone against a pact with unions to protect workers’ job security in return for the unions’ not making demands for higher wages. Kennedy asked the steel executives how they could expect workers to forgo raises when the companies were raising prices. The companies quickly repealed their price increases as a result of the intimidation."
BKR-0365,PART_1,6,6:14,SECONDARY_BOOK,B,3,Michael O’Brien,John F: Kennedy: A Biography,"New York: Macmillan, 2004",2004,,,643-45,Baker cites this source in chapter 6 in connection with John F: Kennedy: A Biography; the OCR text does not preserve a reliable body-note marker for a more precise claim mapping.,,,1,1,FALSE,FALSE,FALSE,FALSE,FALSE,FALSE,FALSE,Useful corroborating or contextual source for reconstructing Baker's evidence trail.,"Ch. 6, note 14: See Michael O’Brien, John F: Kennedy: A Biography (New York: Macmillan, 2004), pp. 643-45."
BKR-0366,PART_1,6,6:15,PRIMARY_CONTEMPORARY_NEWS,B,3,,"“The New Athenians,” Time, May 24, 1954.",Time,"May 24, 1954",,,,"Baker cites this source in chapter 6 in connection with “The New Athenians,” Time, May 24, 1954.; the OCR text does not preserve a reliable body-note marker for a more precise claim mapping.",,,1,1,TRUE,FALSE,FALSE,FALSE,FALSE,TRUE,TRUE,Useful corroborating or contextual source for reconstructing Baker's evidence trail.,"Ch. 6, note 15: “The New Athenians,” Time, May 24, 1954."
BKR-0367,PART_1,6,6:16,SECONDARY_BOOK,B,3,William Denslow,"10,000 Famous Freemasons, with a foreword by Harry S Truman","Metairie, LA: Cornerstone Book Publishers, reprint 2004",2004,,,,"Baker cites this source in chapter 6 in connection with 10,000 Famous Freemasons, with a foreword by Harry S Truman; the OCR text does not preserve a reliable body-note marker for a more precise claim mapping.",,Cornerstone Book Publishers; Famous Freemasons; William Denslow,1,1,FALSE,FALSE,FALSE,FALSE,FALSE,FALSE,FALSE,Useful corroborating or contextual source for reconstructing Baker's evidence trail.,"Ch. 6, note 16: William Denslow, 10,000 Famous Freemasons, with a foreword by Harry S Truman (Metairie, LA: Cornerstone Book Publishers, reprint 2004)."
BKR-0368,PART_1,6,6:18,SECONDARY_BOOK,B,3,Robert Baker and Larry L. King,Wheeling and Dealing: Confessions of a Capitol Hill Operator,"New York: W. W. Norton, 1978",1978,,,123-26,Baker cites this source in chapter 6 in connection with Wheeling and Dealing: Confessions of a Capitol Hill Operator; the OCR text does not preserve a reliable body-note marker for a more precise claim mapping.,,Capitol Hill Operator; Confessions of; Robert Baker and Larry L. King; W. W. Norton; Wheeling and Dealing,1,1,FALSE,FALSE,FALSE,FALSE,FALSE,FALSE,FALSE,Useful corroborating or contextual source for reconstructing Baker's evidence trail.,"Ch. 6, note 18: Robert Baker and Larry L. King, Wheeling and Dealing: Confessions of a Capitol Hill Operator (New York: W. W. Norton, 1978), pp. 123-26."
BKR-0369,PART_1,6,6:19,SECONDARY_BOOK,B,3,Robert Dallek,Lyndon B. Johnson: Portrait of a President,"New York: Oxford University Press, 2004",2004,,,142,Baker cites this source in chapter 6 in connection with Lyndon B. Johnson: Portrait of a President; the OCR text does not preserve a reliable body-note marker for a more precise claim mapping.,,Lyndon B. Johnson; Oxford University Press; Portrait of; Robert Dallek,1,1,FALSE,FALSE,FALSE,FALSE,FALSE,FALSE,FALSE,Useful corroborating or contextual source for reconstructing Baker's evidence trail.,"Ch. 6, note 19: Robert Dallek, Lyndon B. Johnson: Portrait of a President (New York: Oxford University Press, 2004), p. 142."
BKR-0370,PART_1,6,6:21;6:22,OTHER,C,3,George C,Interview with George C,Harry S Truman Library,"June 11, 1975",,Harry S Truman Library,,"Baker cites this in support of the surrounding discussion: hether it is Secret Service, CIA, or anybody else concerned with repatriation with such a suspicious character, took their good little time of 2 years to process his return back to the United States. [He said], “Damn it, I don’t know why it took them so long to get on the horse.”22 The Escort Service On July 28, 1960, CIA director Allen Dulles, wearing a full business suit, arrived at vice presidential nominee Lyndon Johnson’s Texas ranch to administer a top-secret briefing on national security. | Baker cites this in support of the surrounding discussion: Allen Dulles’s interest in Texas seems to have picked up shortly after he left the Kennedy administration. In December 1961, he contacted a colleague still with the CIA to request contact information for agency officers based in Houston.",,Allen Dulles; CIA; George C. McGhee; Truman Library and Museum,2,2,FALSE,FALSE,TRUE,FALSE,TRUE,FALSE,FALSE,Useful corroborating or contextual source for reconstructing Baker's evidence trail.,"Ch. 6, note 21: Oral history interview with George C. McGhee, June 11, 1975, Harry S Truman Library and Museum,Independence, Missouri. || Ch. 6, note 22: Ibid."
BKR-0371,PART_1,6,6:24,PRIMARY_CONTEMPORARY_NEWS,B,3,,"Oilman, Diplomat,” Washington Post, July 6, 2005.",Washington Post,"July 6, 2005",,,,"Baker cites this in support of the surrounding discussion: On February 16, 1963, de Mohrenschildt wrote to JFK personally, again offering his travelogue. He went out of his way to say that he had also discussed the travelogue with McGhee.",,Washington Post,1,1,TRUE,FALSE,FALSE,FALSE,FALSE,TRUE,FALSE,Useful corroborating or contextual source for reconstructing Baker's evidence trail.,"Ch. 6, note 24: Oilman, Diplomat,” Washington Post, July 6, 2005."
BKR-0372,PART_1,6,6:28,PRIMARY_CONTEMPORARY_NEWS,B,3,,"National Geographic, May 1956, p. 665.",Nation,1956,,,665,Baker cites this in support of the surrounding discussion: Oswald got his job in the building through a friend of de Mohrenschildt’s with her own intelligence connections— including family ties to Allen Dulles. Even Jack Ruby’s slaying of Oswald fits the larger pattern seen here— one in which Oswald is indeed a “patsy”—a pawn in a deadly game who would never be permitted to say what he knew.,,Allen Dulles; National Geographic,1,1,TRUE,FALSE,FALSE,FALSE,FALSE,TRUE,TRUE,Useful corroborating or contextual source for reconstructing Baker's evidence trail.,"Ch. 6, note 28: National Geographic, May 1956, p. 665."
BKR-0373,PART_1,6,6:29,OTHER,C,3,,HSCA Staffers” (NARA record number 104-10066-10201),Mary Ferrell Foundation,,NARA record number 104-10066-10201; record number; 104-10066-10201,Mary Ferrell Foundation,,Baker cites this source in chapter 6 in connection with HSCA Staffers” (NARA record number 104-10066-10201); the OCR text does not preserve a reliable body-note marker for a more precise claim mapping.,,HSCA; HSCA Staffers; Mary Ferrell Foundation,1,1,FALSE,FALSE,TRUE,FALSE,TRUE,FALSE,FALSE,Useful corroborating or contextual source for reconstructing Baker's evidence trail.,"Ch. 6, note 29: “Memo: Meeting with HSCA Staffers” (NARA record number 104-10066-10201). Available through the Mary Ferrell Foundation."
BKR-0374,PART_1,6,6:30;6:35;6:39;6:53,OTHER,C,3,,"Warren Commission Hearings, vol",,,,,235; 25; 369; 371,"Baker cites this source in chapter 6 in connection with Warren Commission Hearings, vol; the OCR text does not preserve a reliable body-note marker for a more precise claim mapping.",,Mary Ferrell Foundation; Testimony of George A. Bouhe; Warren Commission; Warren Commission Hearings,4,1,FALSE,FALSE,FALSE,FALSE,TRUE,FALSE,FALSE,Useful corroborating or contextual source for reconstructing Baker's evidence trail.,"Ch. 6, note 30: Testimony of George A. Bouhe, Warren Commission Hearings, vol. 8, pp. 369, 374. || Ch. 6, note 35: Warren Commission Hearings, vol. 9, p. 235. Available through the Mary Ferrell Foundation. || Ch. 6, note 39: Testimony of George A. Bouhe, Warren Commission Hearings, Vol. 8, p. 371. || Ch. 6, note 53: Warren Commission Hearings, vol. 9, p. 25. Available through the Mary Ferrell Foundation."
BKR-0375,PART_1,6,6:31,OTHER,C,3,,"ciation feature story on Lady Bird Johnson,as published August 15, 1963, in the Evening Tribune (Albert Lea, MN)",,"August 15, 1963",,,,"Baker cites this source in chapter 6 in connection with ciation feature story on Lady Bird Johnson,as published August 15, 1963, in the Evening Tribune (Albert Lea, MN); the OCR text does not preserve a reliable body-note marker for a more precise claim mapping.",,Albert Lea; Evening Tribune; Lady Bird Johnson; Newspaper Enterprise Association,1,1,FALSE,FALSE,FALSE,FALSE,TRUE,FALSE,FALSE,Useful corroborating or contextual source for reconstructing Baker's evidence trail.,"Ch. 6, note 31: Photo accompanying a Newspaper Enterprise Association feature story on Lady Bird Johnson,as published August 15, 1963, in the Evening Tribune (Albert Lea, MN)."
BKR-0376,PART_1,6,6:33,MEMOIR_AUTOBIOGRAPHY,C,3,Raymond L. Garthoff,A Journey Through the Cold War: A Memoir of Containment and Coexistence,"Washington, D.C.: Brookings Institution, 2001",2001,,,193,Baker cites this source in chapter 6 in connection with A Journey Through the Cold War: A Memoir of Containment and Coexistence; the OCR text does not preserve a reliable body-note marker for a more precise claim mapping.,,Brookings Institution; Journey Through the Cold War; Memoir of Containment and Coexistence; Raymond L. Garthoff,1,1,FALSE,FALSE,FALSE,FALSE,TRUE,FALSE,FALSE,Useful corroborating or contextual source for reconstructing Baker's evidence trail.,"Ch. 6, note 33: Raymond L. Garthoff, A Journey Through the Cold War: A Memoir of Containment and Coexistence (Washington, D.C.: Brookings Institution, 2001), p. 193."
BKR-0377,PART_1,6,6:42,PRIMARY_CONTEMPORARY_NEWS,B,3,,"The club’s members at that time included David Rockefeller and John Hay Whitney, publisher of the New York Herald Tribune.",Time,,,,,"Baker cites this source in chapter 6 in connection with The club’s members at that time included David Rockefeller and John Hay Whitney, publisher of the New York Herald Tribune.; the OCR text does not preserve a reliable body-note marker for a more precise claim mapping.",,David Rockefeller and John Hay Whitney,1,1,TRUE,FALSE,FALSE,FALSE,FALSE,TRUE,TRUE,Useful corroborating or contextual source for reconstructing Baker's evidence trail.,"Ch. 6, note 42: The club’s members at that time included David Rockefeller and John Hay Whitney, publisher of the New York Herald Tribune."
BKR-0378,PART_1,6,6:43,OTHER,C,3,,See NARA records 104-10436-10014 and 104-10070-10076.,,,NARA records 104-10436-10014 and 104-; 104-10436-10014; 104-10070-10076,,,Baker cites this source in chapter 6 in connection with See NARA records 104-10436-10014 and 104-10070-10076.; the OCR text does not preserve a reliable body-note marker for a more precise claim mapping.,,,1,1,FALSE,FALSE,FALSE,FALSE,TRUE,FALSE,FALSE,Useful corroborating or contextual source for reconstructing Baker's evidence trail.,"Ch. 6, note 43: See NARA records 104-10436-10014 and 104-10070-10076."
BKR-0379,PART_1,6,6:50,PRIMARY_CONTEMPORARY_NEWS,B,3,,"Matlack had been a longtime aide to General Edward Landsdale, a top counterinsurgency figureand intelligence officer deeply involved in anti-Castro operations. (See chapter 16 for more on Lansdale.)",Time,,,,,"Baker cites this source in chapter 6 in connection with Matlack had been a longtime aide to General Edward Landsdale, a top counterinsurgency figureand intelligence officer deeply involved in anti-Castro operations. (See chapter 16 for more on Lansdale.); the OCR text does not preserve a reliable body-note marker for a more precise claim mapping.",,General Edward Landsdale,1,1,TRUE,FALSE,FALSE,FALSE,FALSE,TRUE,TRUE,Useful corroborating or contextual source for reconstructing Baker's evidence trail.,"Ch. 6, note 50: Matlack had been a longtime aide to General Edward Landsdale, a top counterinsurgency figureand intelligence officer deeply involved in anti-Castro operations. (See chapter 16 for more on Lansdale.)"
BKR-0380,PART_1,6,6:52,PRIMARY_CONTEMPORARY_NEWS,B,3,Seymour Hersh,"Hunt Tells of Early Work for a CIA Domestic Unit,",New York Times,"December 31, 1974",CIA Domestic Unit,CIA,,"Baker cites this source in chapter 6 in connection with Hunt Tells of Early Work for a CIA Domestic Unit,; the OCR text does not preserve a reliable body-note marker for a more precise claim mapping.","Original CIA referenced or described by this secondary source, with complete provenance",CIA; CIA Domestic Unit; Hunt Tells of Early Work for; Seymour Hersh,1,1,TRUE,FALSE,TRUE,FALSE,TRUE,FALSE,FALSE,Useful corroborating or contextual source for reconstructing Baker's evidence trail.,"Ch. 6, note 52: Seymour Hersh, “Hunt Tells of Early Work for a CIA Domestic Unit,” New York Times, December 31, 1974."
BKR-0381,PART_1,6,6:55,OTHER,C,3,,"Warren Commission Executive Session, January 27, 1964, p",Mary Ferrell Foundation,"January 27, 1964",,Mary Ferrell Foundation,185,"Baker cites this source in chapter 6 in connection with Warren Commission Executive Session, January 27, 1964, p; the OCR text does not preserve a reliable body-note marker for a more precise claim mapping.",,Mary Ferrell Foundation; Warren Commission; Warren Commission Executive Session,1,1,FALSE,FALSE,TRUE,FALSE,TRUE,FALSE,FALSE,Useful corroborating or contextual source for reconstructing Baker's evidence trail.,"Ch. 6, note 55: Warren Commission Executive Session, January 27, 1964, p. 185. Available through the Mary Ferrell Foundation."
BKR-0382,PART_1,6,6:56,PRIMARY_CONTEMPORARY_NEWS,B,3,,"“17 of Dallas Will Direct CF Chapter,” Dallas Morning News, September 9, 1962.",Dallas Morning News,"September 9, 1962",,,,"Baker cites this source in chapter 6 in connection with “17 of Dallas Will Direct CF Chapter,” Dallas Morning News, September 9, 1962.; the OCR text does not preserve a reliable body-note marker for a more precise claim mapping.",,Dallas Morning News; Dallas Will Direct CF Chapter,1,1,TRUE,FALSE,FALSE,FALSE,FALSE,TRUE,TRUE,Useful corroborating or contextual source for reconstructing Baker's evidence trail.,"Ch. 6, note 56: “17 of Dallas Will Direct CF Chapter,” Dallas Morning News, September 9, 1962."
BKR-0383,PART_1,6,6:57,SECONDARY_BOOK,B,3,David Harold Byrd,J’m an Endangered Species,"Houston: Pacesetter, 1978",1978,,,101-2,Baker cites this source in chapter 6 in connection with J’m an Endangered Species; the OCR text does not preserve a reliable body-note marker for a more precise claim mapping.,,David Harold Byrd; Endangered Species,1,1,FALSE,FALSE,FALSE,FALSE,FALSE,FALSE,FALSE,Useful corroborating or contextual source for reconstructing Baker's evidence trail.,"Ch. 6, note 57: David Harold Byrd, J’m an Endangered Species (Houston: Pacesetter, 1978), pp. 101-2."
BKR-0384,PART_1,6,6:58,OTHER,C,3,,"Warren Commission, vol",,,,,245,"Baker cites this source in chapter 6 in connection with Warren Commission, vol; the OCR text does not preserve a reliable body-note marker for a more precise claim mapping.",,Testimony of Linnie Mae Randle; Warren Commission,1,1,FALSE,FALSE,FALSE,FALSE,TRUE,FALSE,FALSE,Useful corroborating or contextual source for reconstructing Baker's evidence trail.,"Ch. 6, note 58: Testimony of Linnie Mae Randle, Warren Commission, vol. 2, p. 245."
BKR-0385,PART_1,6,6:59,OTHER,C,3,,"Orleans Parish grand jury testimony of Marina Oswald Porter, February 8, 1968.",Mary Ferrell Foundation,"February 8, 1968",,Mary Ferrell Foundation,,"Baker cites this source in chapter 6 in connection with Orleans Parish grand jury testimony of Marina Oswald Porter, February 8, 1968.; the OCR text does not preserve a reliable body-note marker for a more precise claim mapping.",,Marina Oswald Porter; Mary Ferrell Foundation; Orleans Parish,1,1,FALSE,FALSE,TRUE,FALSE,TRUE,FALSE,FALSE,Useful corroborating or contextual source for reconstructing Baker's evidence trail.,"Ch. 6, note 59: Orleans Parish grand jury testimony of Marina Oswald Porter, February 8, 1968. Available through the Mary Ferrell Foundation."
BKR-0386,PART_1,6,6:60,OTHER,C,3,,"section of articles and interviews with officials of the Texas School Book Depository company, in which they describe how their operations occupied nearly all of the floors of the bui",,,,,,"Baker cites this source in chapter 6 in connection with section of articles and interviews with officials of the Texas School Book Depository company, in which they describe how their operations occupied nearly all of the floors of the bui; the OCR text does not preserve a reliable body-note marker for a more precise claim mapping.",,Texas School Book Depository,1,1,FALSE,FALSE,FALSE,TRUE,TRUE,FALSE,FALSE,Useful corroborating or contextual source for reconstructing Baker's evidence trail.,"Ch. 6, note 60: Analysis based on cross section of articles and interviews with officials of the Texas School Book Depository company, in which they describe how their operations occupied nearly all of the floors of the building."
BKR-0387,PART_1,6,6:61,OTHER,C,3,,Warren Commission Report fails to answer the basic question of who owned the building that the shots were allegedly fired from,,,Report fails,,,Baker cites this source in chapter 6 in connection with Warren Commission Report fails to answer the basic question of who owned the building that the shots were allegedly fired from; the OCR text does not preserve a reliable body-note marker for a more precise claim mapping.,,Warren Commission,1,1,FALSE,FALSE,FALSE,TRUE,TRUE,FALSE,FALSE,Useful corroborating or contextual source for reconstructing Baker's evidence trail.,"Ch. 6, note 61: The Warren Commission Report fails to answer the basic question of who owned the building that the shots were allegedly fired from."
BKR-0388,PART_1,6,6:62,SECONDARY_BOOK,B,3,U.S. Senate,"Final Report of the Select Committee to Study Government Operations with Respect to Intelligence Activities, S.R. No. 94-755, 94th Congress, 2nd session","Washington, D.Z.: GPO, 1976",1976,No. 94-755,,,"Baker cites this source in chapter 6 in connection with Final Report of the Select Committee to Study Government Operations with Respect to Intelligence Activities, S.R. No. 94-755, 94th Congress, 2nd session; the OCR text does not preserve a reliable body-note marker for a more precise claim mapping.","Original Report referenced or described by this secondary source, with complete provenance",Final Report of the Select Committee; Intelligence Activities; Study Government Operations; U.S. Senate,1,1,FALSE,FALSE,FALSE,TRUE,FALSE,FALSE,FALSE,Useful corroborating or contextual source for reconstructing Baker's evidence trail.,"Ch. 6, note 62: U.S. Senate, Final Report of the Select Committee to Study Government Operations with Respect to Intelligence Activities, S.R. No. 94-755, 94th Congress, 2nd session (Washington, D.Z.: GPO, 1976)."
BKR-0389,PART_1,6,6:63,OTHER,C,3,James T. Carter,Books and Things,,"March 24, 1963",,,,Baker cites this source in chapter 6 in connection with Books and Things; the OCR text does not preserve a reliable body-note marker for a more precise claim mapping.,,Books and Things; James T. Carter; Victoria Advocate,1,1,FALSE,FALSE,FALSE,FALSE,TRUE,FALSE,FALSE,Useful corroborating or contextual source for reconstructing Baker's evidence trail.,"Ch. 6, note 63: James T. Carter, “Books and Things” Victoria Advocate, March 24, 1963."
BKR-0390,PART_1,6,6:64,PRIMARY_CONTEMPORARY_NEWS,B,3,Michael E. Young,"Perch of JFK Sniper Offered up on eBay,",Dallas Morning News,"February 8, 2007",JFK Sniper Offered up on eBay,,,"Baker cites this source in chapter 6 in connection with Perch of JFK Sniper Offered up on eBay,; the OCR text does not preserve a reliable body-note marker for a more precise claim mapping.",,Dallas Morning News; Michael E. Young; Perch of JFK Sniper Offered,1,1,TRUE,FALSE,FALSE,FALSE,FALSE,FALSE,FALSE,Useful corroborating or contextual source for reconstructing Baker's evidence trail.,"Ch. 6, note 64: Michael E. Young, “Perch of JFK Sniper Offered up on eBay,” Dallas Morning News, February 8, 2007."
BKR-0391,PART_1,6,6:65,SECONDARY_BOOK,B,3,HSCA Segregated CIA Collection,"reel 5, folder M—George de Mohrenschildt, p. 425",NARArecord number: 1994.04.25.14:02:25:940005,1994,CIA Collection,"HSCA Segregated CIA Collection, reel 5, folder M—George de Mohrenschildt, p; Mary Ferrell Foundation; CIA",425,"Baker cites this source in chapter 6 in connection with reel 5, folder M—George de Mohrenschildt, p. 425; the OCR text does not preserve a reliable body-note marker for a more precise claim mapping.","Original CIA referenced or described by this secondary source, with complete provenance",CIA; George de Mohrenschildt; HSCA; HSCA Segregated CIA Collection; Mary Ferrell Foundation,1,1,FALSE,FALSE,TRUE,FALSE,TRUE,FALSE,FALSE,Useful corroborating or contextual source for reconstructing Baker's evidence trail.,"Ch. 6, note 65: HSCA Segregated CIA Collection, reel 5, folder M—George de Mohrenschildt, p. 425 (NARArecord number: 1994.04.25.14:02:25:940005). Available through the Mary Ferrell Foundation."
BKR-0392,PART_1,6,6:66,PRIMARY_CONTEMPORARY_NEWS,B,3,,"Review by Maurice Dolbier of New York—based HTNS wire service, as published in Valley Independent, October 25, 1963.",Independent,"October 25, 1963",,,,"Baker cites this source in chapter 6 in connection with Review by Maurice Dolbier of New York—based HTNS wire service, as published in Valley Independent, October 25, 1963.; the OCR text does not preserve a reliable body-note marker for a more precise claim mapping.",,Maurice Dolbier of New York; Valley Independent,1,1,TRUE,FALSE,FALSE,FALSE,FALSE,TRUE,TRUE,Useful corroborating or contextual source for reconstructing Baker's evidence trail.,"Ch. 6, note 66: Review by Maurice Dolbier of New York—based HTNS wire service, as published in Valley Independent, October 25, 1963."
BKR-0393,PART_1,6,6:67,PRIMARY_CONTEMPORARY_NEWS,B,3,Kent Biffle,"Allen Dulles Looks Behind Red Moves,",Dallas Morning News,"October 28, 1963",,,,"Baker cites this source in chapter 6 in connection with Allen Dulles Looks Behind Red Moves,; the OCR text does not preserve a reliable body-note marker for a more precise claim mapping.",,Allen Dulles; Allen Dulles Looks Behind Red Moves; Dallas Morning News; Kent Biffle,1,1,TRUE,FALSE,FALSE,FALSE,FALSE,FALSE,FALSE,Useful corroborating or contextual source for reconstructing Baker's evidence trail.,"Ch. 6, note 67: Kent Biffle, “Allen Dulles Looks Behind Red Moves,” Dallas Morning News, October 28, 1963."
BKR-0394,PART_1,6,6:68,PRIMARY_CONTEMPORARY_NEWS,B,3,Hunt’s presence is disputed. He claimed that he was at home with his family,"but his son St. John Hunt told Rolling Stone that not only was his father not home on November 22, but his mother also claimed he was on a business trip to Dallas","Hedegaard, “The Last Confessions of E. Howard Hunt,” Rolling Stone, April 5, 2007.","April 5, 2007",,,,"Baker cites this source in chapter 6 in connection with but his son St. John Hunt told Rolling Stone that not only was his father not home on November 22, but his mother also claimed he was on a business trip to Dallas; the OCR text does not preserve a reliable body-note marker for a more precise claim mapping.",,E. Howard Hunt; Rolling Stone; St. John Hunt,1,1,TRUE,FALSE,FALSE,FALSE,FALSE,FALSE,FALSE,Useful corroborating or contextual source for reconstructing Baker's evidence trail.,"Ch. 6, note 68: Hunt’s presence is disputed. He claimed that he was at home with his family, but his son St. John Hunt told Rolling Stone that not only was his father not home on November 22, but his mother also claimed he was on a business trip to Dallas. (Hedegaard, “The Last Confessions of E. Howard Hunt,” Rolling Stone, April 5, 2007.)"
BKR-0395,PART_1,6,6:69,PRIMARY_CONTEMPORARY_NEWS,B,3,,"George L. Lumpkin obituary, Dallas Morning News, July 18, 1994.",Dallas Morning News,"July 18, 1994",,,,"Baker cites this source in chapter 6 in connection with George L. Lumpkin obituary, Dallas Morning News, July 18, 1994.; the OCR text does not preserve a reliable body-note marker for a more precise claim mapping.",,Dallas Morning News; George L. Lumpkin,1,1,TRUE,FALSE,FALSE,FALSE,FALSE,TRUE,TRUE,Useful corroborating or contextual source for reconstructing Baker's evidence trail.,"Ch. 6, note 69: George L. Lumpkin obituary, Dallas Morning News, July 18, 1994."
BKR-0396,PART_1,6,6:70,OTHER,C,3,,HSCA staff interview of George L,,"November 3, 1977",,,1,Baker cites this source in chapter 6 in connection with HSCA staff interview of George L; the OCR text does not preserve a reliable body-note marker for a more precise claim mapping.,,George L. Lumpkin; HSCA,1,1,FALSE,FALSE,FALSE,FALSE,TRUE,FALSE,FALSE,Useful corroborating or contextual source for reconstructing Baker's evidence trail.,"Ch. 6, note 70: HSCA staff interview of George L. Lumpkin, November 3, 1977, p. 1."
BKR-0397,PART_1,6,6:71,PRIMARY_CONTEMPORARY_NEWS,B,3,Neely Tucker,"Nov. 22, 1963,",Washington Post,1963,,,,"Baker cites this source in chapter 6 in connection with Nov. 22, 1963,; the OCR text does not preserve a reliable body-note marker for a more precise claim mapping.",,Neely Tucker; Washington Post,1,1,TRUE,FALSE,FALSE,FALSE,FALSE,FALSE,FALSE,Useful corroborating or contextual source for reconstructing Baker's evidence trail.,"Ch. 6, note 71: Neely Tucker, “Nov. 22, 1963,” Washington Post, July 24, 2008."
BKR-0398,PART_1,6,6:72,OTHER,C,3,Max Holland,"Private Sources of U.S. Foreign Policy: William Pawley and the 1954 Coupd’ Etat in Guatemala,",,1954,,,69-70,"Baker cites this source in chapter 6 in connection with Private Sources of U.S. Foreign Policy: William Pawley and the 1954 Coupd’ Etat in Guatemala,; the OCR text does not preserve a reliable body-note marker for a more precise claim mapping.",,Coupd’ Etat; Journal of Cold War Studies; Max Holland; Private Sources of U.S. Foreign Policy; William Pawley and the,1,1,FALSE,FALSE,FALSE,FALSE,TRUE,FALSE,FALSE,Useful corroborating or contextual source for reconstructing Baker's evidence trail.,"Ch. 6, note 72: Max Holland, “Private Sources of U.S. Foreign Policy: William Pawley and the 1954 Coupd’ Etat in Guatemala,” Journal of Cold War Studies, Fall 2005, pp. 69-70."
BKR-0399,PART_1,6,6:73,SECONDARY_BOOK,B,3,Jim Marrs,Crossfire: The Plot That Killed Kennedy,"New York: Carroll & Graf, 1989",1989,,,30-31,Baker cites this source in chapter 6 in connection with Crossfire: The Plot That Killed Kennedy; the OCR text does not preserve a reliable body-note marker for a more precise claim mapping.,,Carroll & Graf; Jim Marrs,1,1,FALSE,FALSE,FALSE,FALSE,FALSE,FALSE,FALSE,Useful corroborating or contextual source for reconstructing Baker's evidence trail.,"Ch. 6, note 73: Jim Marrs, Crossfire: The Plot That Killed Kennedy (New York: Carroll & Graf, 1989), pp. 30-31."
BKR-0400,PART_1,6,6:76,PRIMARY_CONTEMPORARY_NEWS,B,3,,HSCA members suggested a highly complicated scenario in which the umbrella gesture signaled displea sure with Kennedy’s policies,Time,,JFK was appeasing the Communists,,,Baker cites this source in chapter 6 in connection with HSCA members suggested a highly complicated scenario in which the umbrella gesture signaled displea sure with Kennedy’s policies; the OCR text does not preserve a reliable body-note marker for a more precise claim mapping.,,Communists. If; HSCA; Joseph Kennedy; Neville Chamberlain,1,1,TRUE,FALSE,FALSE,FALSE,FALSE,FALSE,FALSE,Useful corroborating or contextual source for reconstructing Baker's evidence trail.,"Ch. 6, note 76: However, some HSCA members suggested a highly complicated scenario in which the umbrella gesture signaled displea sure with Kennedy’s policies. JFK’s father, Joseph Kennedy, had served as U.S. ambassador to Britain at the same time that Neville Chamberlain was Britain’s prime minister. Chamberlain, who always carried an umbrella, was widely considered to have appeased Hitler, and some wondered whether the umbrella stunt could have been a way of expressing the notion that JFK was appeasing the Communists. If so, it would have been a remarkably oblique way to send a message."
BKR-0401,PART_1,6,6:78,OTHER,C,3,,"nschildt’s White Russian friend George Bouhe, the first personto squire Oswald in Texas",,,,,108,"Baker cites this source in chapter 6 in connection with nschildt’s White Russian friend George Bouhe, the first personto squire Oswald in Texas; the OCR text does not preserve a reliable body-note marker for a more precise claim mapping.",,George Bouhe; Mohrenschildt’s White Russian; Oswald's Closest Friend,1,1,FALSE,FALSE,FALSE,FALSE,TRUE,FALSE,FALSE,Useful corroborating or contextual source for reconstructing Baker's evidence trail.,"Ch. 6, note 78: Ruby was a neighbor of de Mohrenschildt’s White Russian friend George Bouhe, the first personto squire Oswald in Texas. (Adamson, Oswald's Closest Friend, vol. 1, p. 108.)"
BKR-0402,PART_1,7,7:1,SECONDARY_BOOK,B,3,For a detailed examination of this issue,"see Peter Dale Scott, Deep Politics and the Death of JFK","Berkeley: University of California Press, 1993",1993,,,,"Baker cites this source in chapter 7 in connection with see Peter Dale Scott, Deep Politics and the Death of JFK; the OCR text does not preserve a reliable body-note marker for a more precise claim mapping.",,Deep Politics and the Death of; Peter Dale Scott; University of California Press,1,1,FALSE,FALSE,FALSE,FALSE,FALSE,FALSE,FALSE,Useful corroborating or contextual source for reconstructing Baker's evidence trail.,"Ch. 7, note 1: For a detailed examination of this issue, see Peter Dale Scott, Deep Politics and the Death of JFK (Berkeley: University of California Press, 1993)."
BKR-0403,PART_1,7,7:2,OTHER,C,3,,Secretary of State,Texas Secretary of State,,,Texas Secretary of State,,"Baker cites this in support of the surrounding discussion: That this sequence of events took place is confirmed by the original Army cable from military intelligence in Texas, declassified a decade later. What is not clear is how close matters ever got to zero hour.",,Dorchester Gas Producing Co; Texas Secretary of State,1,1,FALSE,FALSE,TRUE,TRUE,TRUE,FALSE,FALSE,Useful corroborating or contextual source for reconstructing Baker's evidence trail.,"Ch. 7, note 2: Corporate filings of Dorchester Gas Producing Co., Texas Secretary of State."
BKR-0404,PART_1,7,7:3,PRIMARY_CONTEMPORARY_NEWS,B,3,Paul Harvey,"Dallas’ Program Model for Civil Defense Effort,",Dallas Morning News,"September 29, 1960",,,,"Baker cites this source in chapter 7 in connection with Dallas’ Program Model for Civil Defense Effort,; the OCR text does not preserve a reliable body-note marker for a more precise claim mapping.",,Dallas Morning News; Dallas’ Program Model for Civil Defense; Paul Harvey,1,1,TRUE,FALSE,FALSE,FALSE,FALSE,FALSE,FALSE,Useful corroborating or contextual source for reconstructing Baker's evidence trail.,"Ch. 7, note 3: Paul Harvey, “Dallas’ Program Model for Civil Defense Effort,” Dallas Morning News, September 29, 1960."
BKR-0405,PART_1,7,7:4,PRIMARY_CONTEMPORARY_NEWS,B,3,,"The first interagency planning meeting for Dallas Civil Defense came in December 1952,shortly after Eisenhower was elected and just as his team, including the Dulles brothers, was preparing to take over (see Dallas Morni",Dallas Morning News,1952,,,,"Baker cites this in support of the surrounding discussion: In October 1961, Dallas mayor Earle Cabell introduced a short documentary Communist Encirclement— 1961. Afterward, the Dallas Morning News wrote that the Channel 8 switchboard was “flooded . . . with calls from viewers lauding the program, which deals frankly with Communist infiltration.” So great was the sense of alarm that at the 1961 Texas State Fair in Dallas, 350 people per hour made their way through an exhibitor’s bomb shelter.",,American Legion; B. F. McLain; Communities Foundation of Texas; Dallas Chamber of Commerce; Dallas Civil Defense; Dallas Morning News; Dallas Police Memorial. McLain; Dallas Times Herald; Jack Cason; Neil Mallon; Neil Mallon and; Republic National Bank; Texas School Book Depository Company. After; World War II,1,1,TRUE,FALSE,FALSE,FALSE,FALSE,TRUE,TRUE,Useful corroborating or contextual source for reconstructing Baker's evidence trail.,"Ch. 7, note 4: The first interagency planning meeting for Dallas Civil Defense came in December 1952,shortly after Eisenhower was elected and just as his team, including the Dulles brothers, was preparing to take over (see Dallas Morning News, December 10, 1952). The head of Dallas Civil Defense was B. F. McLain, a prominent local furniture dealer who sat on the board of Republic National Bank, and with Neil Mallon and other Republic bank figures, on the board of the Communities Foundation of Texas—whose projects included the Dallas Police Memorial. McLain had long-standing ties to Jack Cason, president of the Texas School Book Depository Company. After World War II, McLain, then president of the Dallas Chamber of Commerce, worked closely with Cason, then head of an important American Legion post in Dallas, to forge a powerful local political force from the ranks of returning veterans (see Dallas Morning News, February 1, 1946). Dallas Times Herald, March 27, 1962."
BKR-0406,PART_1;PART_2,7;11,7:8;11:67,PRIMARY_CONTEMPORARY_NEWS,B,3,Richard Harwood,"CIA Reported Ending Aid to Some Groups,",Washington Post,"February 22, 1967",CIA Reported Ending Aid to Some Groups,CIA,,"Baker cites this in support of the surrounding discussion: Both used the same lawyer, Pat Holloway, who worked out of the Republic National Bank Building. The man who recruited them as candidates, state GOP chairman Peter O’Donnell, would several years later be forced by newspaper revelations to admit that his family foundation was a conduit for CIA funds. | Baker cites this source in chapter 11 in connection with CIA Reported Ending Aid to Some Groups,; the OCR text does not preserve a reliable body-note marker for a more precise claim mapping.","Original CIA referenced or described by this secondary source, with complete provenance",CIA; CIA Reported Ending Aid; Richard Harwood; Some Groups; Washington Post,2,2,TRUE,FALSE,TRUE,TRUE,TRUE,FALSE,FALSE,Useful corroborating or contextual source for reconstructing Baker's evidence trail.,"Ch. 7, note 8: Richard Harwood, “CIA Reported Ending Aid to Some Groups,” Washington Post, February 22, 1967. || Ch. 11, note 67: Richard Harwood, “CIA Reported Ending Aid to Some Groups,” Washington Post, February 22, 1967."
BKR-0407,PART_1,7,7:9,OTHER,C,3,,"Jack Crichton interview, July 6, 2001.",,"July 6, 2001",,,,"Baker cites this source in chapter 7 in connection with Jack Crichton interview, July 6, 2001.; the OCR text does not preserve a reliable body-note marker for a more precise claim mapping.",,Jack Crichton,1,1,FALSE,FALSE,FALSE,FALSE,TRUE,FALSE,FALSE,Useful corroborating or contextual source for reconstructing Baker's evidence trail.,"Ch. 7, note 9: Jack Crichton interview, July 6, 2001."
BKR-0408,PART_1,7,7:10,OTHER,C,3,,"Warren Commission, p",,,,,x,"Baker cites this source in chapter 7 in connection with Warren Commission, p; the OCR text does not preserve a reliable body-note marker for a more precise claim mapping.",,Warren Commission,1,1,FALSE,FALSE,FALSE,FALSE,TRUE,FALSE,FALSE,Useful corroborating or contextual source for reconstructing Baker's evidence trail.,"Ch. 7, note 10: Warren Commission, p. x."
BKR-0409,PART_1,7,7:11,OTHER,C,3,,"Warren Commission, December 16, 1963",,"December 16, 1963",,,,"Baker cites this source in chapter 7 in connection with Warren Commission, December 16, 1963; the OCR text does not preserve a reliable body-note marker for a more precise claim mapping.",,Meeting of Warren Commission; Warren Commission,1,1,FALSE,FALSE,FALSE,FALSE,TRUE,FALSE,FALSE,Useful corroborating or contextual source for reconstructing Baker's evidence trail.,"Ch. 7, note 11: Meeting of Warren Commission, December 16, 1963."
BKR-0410,PART_1,7,7:12,OTHER,C,3,,"Warren Commission executive session, December 16, 1963, p",,"December 16, 1963",,,39,"Baker cites this in support of the surrounding discussion: a private friendship that continued over the years. “When he was head of the CIA, I called him one day and I said, ‘George, I’m coming to Washington, would you have time to play tennis?’ And he said ‘Yeah.’ He said, ‘How would you like to play at the White House?’ And I said ‘Man, that’d be a real deal.’ So he said, ‘Well, PI have you a partner.’ ge A Crime of Commission The Warren Commission’s official mandate had been to conduct “a thorough and independent investigation” of the assassination.",,CIA; Warren Commission,1,1,FALSE,FALSE,FALSE,FALSE,TRUE,FALSE,FALSE,Useful corroborating or contextual source for reconstructing Baker's evidence trail.,"Ch. 7, note 12: Warren Commission executive session, December 16, 1963, p. 39."
BKR-0411,PART_1,7,7:13,PRIMARY_CONTEMPORARY_NEWS,B,3,Richard Harwood,"Business Leaders Are Tied to CIA’s Covert Operations,",Washington Post,"February 18, 1967",,CIA,,"Baker cites this source in chapter 7 in connection with Business Leaders Are Tied to CIA’s Covert Operations,; the OCR text does not preserve a reliable body-note marker for a more precise claim mapping.","Original CIA referenced or described by this secondary source, with complete provenance",Business Leaders Are Tied; CIA; CIA’s Covert Operations; Richard Harwood; Washington Post,1,1,TRUE,FALSE,TRUE,FALSE,TRUE,FALSE,FALSE,Useful corroborating or contextual source for reconstructing Baker's evidence trail.,"Ch. 7, note 13: Richard Harwood, “Business Leaders Are Tied to CIA’s Covert Operations,” Washington Post, February 18, 1967."
BKR-0412,PART_1,7,7:14,OTHER,C,3,George de Mohrenschildt,Interview with George de Mohrenschildt,,1969,,,,Baker cites this source in chapter 7 in connection with Interview with George de Mohrenschildt; the OCR text does not preserve a reliable body-note marker for a more precise claim mapping.,,George de Mohrenschildt; Willem Oltmans,1,1,FALSE,FALSE,FALSE,FALSE,TRUE,FALSE,FALSE,Useful corroborating or contextual source for reconstructing Baker's evidence trail.,"Ch. 7, note 14: Willem Oltmans interview with George de Mohrenschildt, 1969."
BKR-0413,PART_1,7,7:16;7:17,PRIMARY_CONTEMPORARY_NEWS,B,3,,"nschildt, we have had some discussions off the record, and I hadlunch with you a couple of times",Time,,record discussions; record that,,166-331; 284,"Baker cites this source in chapter 7 in connection with nschildt, we have had some discussions off the record, and I hadlunch with you a couple of times; the OCR text does not preserve a reliable body-note marker for a more precise claim mapping.","Original Commission/Transcript/record/testimony referenced or described by this secondary source, with complete provenance",De Mohrenschildt; George S. and Jeanne; Mr. De Mohrenschildt; Mr. Jenner; Transcript of the; Warren Commission,2,1,TRUE,FALSE,FALSE,FALSE,FALSE,FALSE,FALSE,Useful corroborating or contextual source for reconstructing Baker's evidence trail.,"Ch. 7, note 16: “Mr. Jenner: Mr. De Mohrenschildt, we have had some discussions off the record, and I hadlunch with you a couple of times. Is there anything that we discussed during the course of any off-the-record discussions which I have not already brought out on the record that you think is pertinent and should be brought out?” (De Mohrenschildt said that there was not.) Transcript of the testimony of George S. and Jeanne de Mohrenschildt to Warren Commission, vol. 9, p. 284. || Ch. 7, note 17: Ibid., pp. 166-331."
BKR-0414,PART_1,7,7:18,PRIMARY_CONTEMPORARY_NEWS,B,3,,"“Pll Be the Boss,” Time, February 2, 1962.",Time,"February 2, 1962",,,,"Baker cites this in support of the surrounding discussion: At the time of the commission hearings, General Dynamics was struggling to recover from legal and financial problems under the new leadership of Roger Lewis, who had been assistant secretary of the Air Force in the midfifties. Lewis also was a former executive vice president at Pan American Airways, the CIA-connected company on whose board sat Prescott Bush.",,CIA; Pll Be the Boss; Prescott Bush,1,1,TRUE,FALSE,FALSE,FALSE,FALSE,TRUE,TRUE,Useful corroborating or contextual source for reconstructing Baker's evidence trail.,"Ch. 7, note 18: “Pll Be the Boss,” Time, February 2, 1962."
BKR-0415,PART_1,7,7:19,SECONDARY_BOOK,B,3,William Proxmire,Report from Wasteland: America’s Military-Industrial Complex,"Westport, CT: Praeger, 1970",1970,Report from,,,Baker cites this source in chapter 7 in connection with Report from Wasteland: America’s Military-Industrial Complex; the OCR text does not preserve a reliable body-note marker for a more precise claim mapping.,"Original Report referenced or described by this secondary source, with complete provenance",America’s Military-Industrial Complex; William Proxmire,1,1,FALSE,FALSE,FALSE,TRUE,FALSE,FALSE,FALSE,Useful corroborating or contextual source for reconstructing Baker's evidence trail.,"Ch. 7, note 19: William Proxmire, Report from Wasteland: America’s Military-Industrial Complex (Westport, CT: Praeger, 1970)."
BKR-0416,PART_1,7,7:20,PRIMARY_CONTEMPORARY_NEWS,B,3,Barbara Gamarekian,"Social Scene: For Bushes, Coziness Is in and the Jellybean Out,",New York Times,"November 24, 1988",,,,"Baker cites this source in chapter 7 in connection with Social Scene: For Bushes, Coziness Is in and the Jellybean Out,; the OCR text does not preserve a reliable body-note marker for a more precise claim mapping.",,Barbara Gamarekian; Coziness Is; Jellybean Out; Social Scene,1,1,TRUE,FALSE,FALSE,FALSE,TRUE,FALSE,FALSE,Useful corroborating or contextual source for reconstructing Baker's evidence trail.,"Ch. 7, note 20: Barbara Gamarekian, “Social Scene: For Bushes, Coziness Is in and the Jellybean Out,” New York Times, November 24, 1988."
BKR-0417,PART_1,7,7:22,OTHER,C,3,Edward Hooker would explain to FBI agents in 1964,"de Mohrenschildt was a very popular guest in that he was an excellent conversationalist, played fine tennis, and was an expert horse-man.",FBI,1964,FBI agents in 1964,FBI,,"Baker cites this in support of the surrounding discussion: In November 1963, Korth resigned when it became known that he was soliciting business for his bank on Navy Department stationery. /2 Korth and his family were friends of the Bushes. Penne Korth, his daughter-in-law, would become cochair of Poppy Bush’s inaugural in 1989 and be named by him as ambassador to Mauritius.",,Edward Hooker; FBI,1,1,FALSE,FALSE,TRUE,FALSE,TRUE,FALSE,FALSE,Useful corroborating or contextual source for reconstructing Baker's evidence trail.,"Ch. 7, note 22: Edward Hooker would explain to FBI agents in 1964, “de Mohrenschildt was a very popular guest in that he was an excellent conversationalist, played fine tennis, and was an expert horse-man.”"
BKR-0418,PART_1,7,7:23,OTHER,C,3,,Letter provided by Mrs.,,,,,,Baker cites this source in chapter 7 in connection with Letter provided by Mrs.; the OCR text does not preserve a reliable body-note marker for a more precise claim mapping.,,Mrs. Auchincloss; Warren Commission,1,1,FALSE,FALSE,FALSE,FALSE,TRUE,FALSE,FALSE,Useful corroborating or contextual source for reconstructing Baker's evidence trail.,"Ch. 7, note 23: Letter provided by Mrs. Auchincloss to the Warren Commission."
BKR-0419,PART_1,7,7:26,OTHER,C,3,,"nschildt, J Am a Patsy! pp",,,,,225-28,"Baker cites this source in chapter 7 in connection with nschildt, J Am a Patsy! pp; the OCR text does not preserve a reliable body-note marker for a more precise claim mapping.",,De Mohrenschildt; HSCA,1,1,FALSE,FALSE,FALSE,FALSE,TRUE,FALSE,FALSE,Useful corroborating or contextual source for reconstructing Baker's evidence trail.,"Ch. 7, note 26: De Mohrenschildt, J Am a Patsy! pp. 225-28; HSCA vol. II appendix."
BKR-0420,PART_1,7,7:29,SECONDARY_BOOK,B,3,In compliance with 1964’s Wesberry v. Sanders,"Houston was divided into the Seventh, Eighth, and Ninth Texas Congressional Districts. Bush v. Martin, 224 F. Supp. 499",S.D. Tex. 1963,1964,,,,"Baker cites this source in chapter 7 in connection with Houston was divided into the Seventh, Eighth, and Ninth Texas Congressional Districts. Bush v. Martin, 224 F. Supp. 499; the OCR text does not preserve a reliable body-note marker for a more precise claim mapping.",,Ninth Texas Congressional Districts. Bush; S.D. Tex,1,1,FALSE,FALSE,FALSE,FALSE,FALSE,FALSE,FALSE,Useful corroborating or contextual source for reconstructing Baker's evidence trail.,"Ch. 7, note 29: In compliance with 1964’s Wesberry v. Sanders, Houston was divided into the Seventh, Eighth, and Ninth Texas Congressional Districts. Bush v. Martin, 224 F. Supp. 499 (S.D. Tex. 1963), affirmed, 376 U.S. 222 (1964)."
BKR-0421,PART_1,7,7:36,SECONDARY_BOOK,B,3,Mary Kahl,Ballot Box 13: How Lyndon Johnson Won His 1948 Senate Race by 87 Contested Votes,"Jefferson, NC: McFarland, 1983",1948,,,,Baker cites this source in chapter 7 in connection with Ballot Box 13: How Lyndon Johnson Won His 1948 Senate Race by 87 Contested Votes; the OCR text does not preserve a reliable body-note marker for a more precise claim mapping.,,Ballot Box; Contested Votes; How Lyndon Johnson Won His; Mary Kahl; Senate Race,1,1,FALSE,FALSE,FALSE,FALSE,FALSE,FALSE,FALSE,Useful corroborating or contextual source for reconstructing Baker's evidence trail.,"Ch. 7, note 36: Mary Kahl, Ballot Box 13: How Lyndon Johnson Won His 1948 Senate Race by 87 Contested Votes (Jefferson, NC: McFarland, 1983)."
BKR-0422,PART_1,8,8:3,PRIMARY_CONTEMPORARY_NEWS,B,3,Alan Bernstein,"Bush: The Houston Years,",Houston Chronicle,"April 11, 1999",,,,"Baker cites this source in chapter 8 in connection with Bush: The Houston Years,; the OCR text does not preserve a reliable body-note marker for a more precise claim mapping.",,Alan Bernstein; Houston Chronicle,1,1,TRUE,FALSE,FALSE,FALSE,FALSE,FALSE,FALSE,Useful corroborating or contextual source for reconstructing Baker's evidence trail.,"Ch. 8, note 3: Alan Bernstein, “Bush: The Houston Years,” Houston Chronicle, April 11, 1999. INV Ie"
BKR-0423,PART_1,8,8:5,OTHER,C,3,,CIA employee and later divorced him,CIA,1967,CIA employee and later divorced him,CIA,,"Baker cites this in support of the surrounding discussion: KENNEDY with Lyndon Baines Johnson was certainly good for the Texans close to both LBJ and Poppy Bush. The Houston-based Brown and Root company, for example, joined a consortium that won a $380 million ($2.",,CIA,1,1,FALSE,FALSE,TRUE,FALSE,TRUE,FALSE,FALSE,Useful corroborating or contextual source for reconstructing Baker's evidence trail.,"Ch. 8, note 5: She married a fellow CIA employee and later divorced him; though in 1967 she went by Wolf-man,it is no longer her surname."
BKR-0424,PART_1,8,8:7,SECONDARY_BOOK,B,3,Igor Cassini,Pay the Price,"New York: Kensington, 1983",1983,,,,Baker cites this source in chapter 8 in connection with Pay the Price; the OCR text does not preserve a reliable body-note marker for a more precise claim mapping.,,Pay the Price,1,1,FALSE,FALSE,FALSE,FALSE,FALSE,FALSE,FALSE,Useful corroborating or contextual source for reconstructing Baker's evidence trail.,"Ch. 8, note 7: See Igor Cassini, Pay the Price (New York: Kensington, 1983)."
BKR-0425,PART_1,8,8:9,SECONDARY_BOOK,B,3,Richard Ben Cramer,What It Takes: The Way to the White House,"New York: Vintage, 1992",1992,,,419,Baker cites this source in chapter 8 in connection with What It Takes: The Way to the White House; the OCR text does not preserve a reliable body-note marker for a more precise claim mapping.,,Richard Ben Cramer; What It Takes; White House,1,1,FALSE,FALSE,FALSE,FALSE,FALSE,FALSE,FALSE,Useful corroborating or contextual source for reconstructing Baker's evidence trail.,"Ch. 8, note 9: Richard Ben Cramer, What It Takes: The Way to the White House (New York: Vintage, 1992), p. 419."
BKR-0426,PART_1,8,8:10,PRIMARY_CONTEMPORARY_NEWS,B,3,George Lardner Jr.,"Texas Speaker Reportedly Helped Bush Get Into Guard,",Washington Post,"September 21, 1999",Reportedly,,,"Baker cites this source in chapter 8 in connection with Texas Speaker Reportedly Helped Bush Get Into Guard,; the OCR text does not preserve a reliable body-note marker for a more precise claim mapping.",,George Lardner Jr; Into Guard; Texas Speaker Reportedly Helped Bush Get; Washington Post,1,1,TRUE,FALSE,FALSE,TRUE,FALSE,FALSE,FALSE,Useful corroborating or contextual source for reconstructing Baker's evidence trail.,"Ch. 8, note 10: George Lardner Jr., “Texas Speaker Reportedly Helped Bush Get Into Guard,” Washington Post, September 21, 1999."
BKR-0427,PART_1,8,8:11,PRIMARY_CONTEMPORARY_NEWS,B,3,Richard A. Serrano,"Bush Received Quick Air Guard Commission,",Los Angeles Times,"July 4, 1999",,,,"Baker cites this source in chapter 8 in connection with Bush Received Quick Air Guard Commission,; the OCR text does not preserve a reliable body-note marker for a more precise claim mapping.","Original Commission referenced or described by this secondary source, with complete provenance",Bush Received Quick Air Guard Commission; Los Angeles Times; Richard A. Serrano,1,1,TRUE,FALSE,FALSE,FALSE,FALSE,FALSE,FALSE,Useful corroborating or contextual source for reconstructing Baker's evidence trail.,"Ch. 8, note 11: Richard A. Serrano, “Bush Received Quick Air Guard Commission,” Los Angeles Times, July 4, 1999."
BKR-0428,PART_1,8,8:13,PRIMARY_CONTEMPORARY_NEWS,B,3,R. G. Ratcliffe,"Debate Renewed over Military Choices,",Houston Chronicle,"August 19, 1988",,,,"Baker cites this in support of the surrounding discussion: He stuck out during his flight training at Moody Air Force Base in Georgia as the only Guardsman among some two hundred Air Force pilots. On top of that, he had scored a dismal 25 percent on his initial pilot aptitude tests—a score that later prompted Bush to say, with his typical self-deprecating humor, “They could sense I would be one of the great pilots of all time.”",,Debate Renewed; Houston Chronicle; Military Choices; R. G. Ratcliffe,1,1,TRUE,FALSE,FALSE,FALSE,FALSE,FALSE,FALSE,Useful corroborating or contextual source for reconstructing Baker's evidence trail.,"Ch. 8, note 13: R. G. Ratcliffe, “Debate Renewed over Military Choices,” Houston Chronicle, August 19, 1988."
BKR-0429,PART_1,8,8:14,OTHER,C,3,Serrano,Bush Received Quick Air Guard Commission.,,,,,,Baker cites this source in chapter 8 in connection with Bush Received Quick Air Guard Commission.; the OCR text does not preserve a reliable body-note marker for a more precise claim mapping.,,Bush Received Quick Air Guard Commission,1,1,FALSE,FALSE,FALSE,FALSE,TRUE,FALSE,FALSE,Useful corroborating or contextual source for reconstructing Baker's evidence trail.,"Ch. 8, note 14: Serrano, “Bush Received Quick Air Guard Commission.”"
BKR-0430,PART_1;PART_3,8;19,8:15;19:3,SECONDARY_BOOK,B,3,Elizabeth Mitchell,W: Revenge of the Bush Dynasty,"New York: Berkley, 2000",2000,,,120; 220,Baker cites this source in chapter 8 in connection with W: Revenge of the Bush Dynasty; the OCR text does not preserve a reliable body-note marker for a more precise claim mapping. | Baker cites this source in chapter 19 in connection with W: Revenge of the Bush Dynasty; the OCR text does not preserve a reliable body-note marker for a more precise claim mapping.,,Berkley Publishing; Elizabeth Mitchell; Revenge of the Bush Dynasty,2,2,FALSE,FALSE,FALSE,FALSE,FALSE,FALSE,FALSE,Useful corroborating or contextual source for reconstructing Baker's evidence trail.,"Ch. 8, note 15: Elizabeth Mitchell, W: Revenge of the Bush Dynasty (New York: Berkley, 2000), pp. 120- || Ch. 19, note 3: Elizabeth Mitchell, W.: Revenge of the Bush Dynasty (New York: Berkley Publishing, 2003), p. 220."
BKR-0431,PART_1,8,8:16,PRIMARY_CONTEMPORARY_NEWS,B,3,,"Honneus was the name from her first marriage, and the name she used at the time. She hassince readopted her maiden name.",Time,,,,,"Baker cites this source in chapter 8 in connection with Honneus was the name from her first marriage, and the name she used at the time. She hassince readopted her maiden name.; the OCR text does not preserve a reliable body-note marker for a more precise claim mapping.",,,1,1,TRUE,FALSE,FALSE,FALSE,FALSE,TRUE,TRUE,Useful corroborating or contextual source for reconstructing Baker's evidence trail.,"Ch. 8, note 16: Honneus was the name from her first marriage, and the name she used at the time. She hassince readopted her maiden name."
BKR-0432,PART_1,8,8:20,OTHER,C,3,Kenneth T. Walsh,"From Boys to Men,",,"May 3, 2004",,,,"Baker cites this source in chapter 8 in connection with From Boys to Men,; the OCR text does not preserve a reliable body-note marker for a more precise claim mapping.",,From Boys; Kenneth T. Walsh; U.S. News & World Report,1,1,FALSE,FALSE,FALSE,TRUE,TRUE,FALSE,FALSE,Useful corroborating or contextual source for reconstructing Baker's evidence trail.,"Ch. 8, note 20: Kenneth T. Walsh, “From Boys to Men,” U.S. News & World Report, May 3, 2004."
BKR-0433,PART_1,8,8:21,PRIMARY_CONTEMPORARY_NEWS,B,3,Jo Thomas,"After Yale, Bush Ambled Amiably into His Future,",New York Times,"July 22, 2000",,,,"Baker cites this source in chapter 8 in connection with After Yale, Bush Ambled Amiably into His Future,; the OCR text does not preserve a reliable body-note marker for a more precise claim mapping.",,After Yale; Bush Ambled Amiably; His Future; Jo Thomas,1,1,TRUE,FALSE,FALSE,FALSE,FALSE,FALSE,FALSE,Useful corroborating or contextual source for reconstructing Baker's evidence trail.,"Ch. 8, note 21: Jo Thomas, “After Yale, Bush Ambled Amiably into His Future,” New York Times, July 22, 2000."
BKR-0434,PART_1,8,8:22,PRIMARY_CONTEMPORARY_NEWS,B,3,R. W. Apple Jr.,"Bush Implies He Has Used No Drugs in Last 25 Years,",New York Times,"August 20, 1999",,,,"Baker cites this in support of the surrounding discussion: Other members and alumni of the 147th Fighter Wing lived at the Chateaux. And many good buddies who did not live there, like Bush’s friend Jim Bath, were constantly stopping by. “The scene around the pool was awe inspiring,” Bath once told an interviewer.",,Bush Implies He Has Used No; R. W. Apple Jr,1,1,TRUE,FALSE,FALSE,FALSE,FALSE,FALSE,FALSE,Useful corroborating or contextual source for reconstructing Baker's evidence trail.,"Ch. 8, note 22: R. W. Apple Jr., “Bush Implies He Has Used No Drugs in Last 25 Years,” New York Times, August 20, 1999."
BKR-0435,PART_1,8,8:30,PRIMARY_CONTEMPORARY_NEWS,B,3,Associated Press,"Bush Flew in Training Planes Before Losing Pilot Privileges,",Associated Press,2004,,,,"Baker cites this source in chapter 8 in connection with Bush Flew in Training Planes Before Losing Pilot Privileges,; the OCR text does not preserve a reliable body-note marker for a more precise claim mapping.",,Associated Press; Bush Flew; Training Planes Before Losing Pilot Privileges,1,1,TRUE,FALSE,FALSE,FALSE,TRUE,FALSE,FALSE,Useful corroborating or contextual source for reconstructing Baker's evidence trail.,"Ch. 8, note 30: Associated Press, “Bush Flew in Training Planes Before Losing Pilot Privileges,” September 11,2004."
BKR-0436,PART_1,8,8:30,OTHER,C,3,Susan Cooper Eastman,"Fear of Flying,",,"September 23, 2004",,,,"Baker cites this source in chapter 8 in connection with Fear of Flying,; the OCR text does not preserve a reliable body-note marker for a more precise claim mapping.",,Fear of Flying; Folio Weekly; Susan Cooper Eastman,1,1,FALSE,FALSE,FALSE,FALSE,TRUE,FALSE,FALSE,Useful corroborating or contextual source for reconstructing Baker's evidence trail.,"Ch. 8, note 30: Also see Susan Cooper Eastman, “Fear of Flying,” Folio Weekly (Jacksonville, FL), September 23, 2004."
BKR-0437,PART_1,8,8:32,PRIMARY_CONTEMPORARY_NEWS,B,3,Manuel Roig-Franzia and Lois Romano,"Few Can Offer Confirmation of Bush’s Guard Service,",Washington Post,"February 15, 2004",,,,"Baker cites this source in chapter 8 in connection with Few Can Offer Confirmation of Bush’s Guard Service,; the OCR text does not preserve a reliable body-note marker for a more precise claim mapping.",,Few Can Offer Confirmation of Bush’s; Guard Service; Manuel Roig-Franzia and Lois Romano; Washington Post,1,1,TRUE,FALSE,FALSE,FALSE,FALSE,FALSE,FALSE,Useful corroborating or contextual source for reconstructing Baker's evidence trail.,"Ch. 8, note 32: Manuel Roig-Franzia and Lois Romano, “Few Can Offer Confirmation of Bush’s Guard Service,” Washington Post, February 15, 2004."
BKR-0438,PART_1,8,8:36,OTHER,C,3,,"In a crisp letter dated May 31, 1972, the director of personnel resources at the Denver headquarters of the Air Reserve Personnel Center noted in his rejection that Bush had a “Military Service Obligation until 26 May 19",,"May 31, 1972",,,,"Baker cites this source in chapter 8 in connection with In a crisp letter dated May 31, 1972, the director of personnel resources at the Denver headquarters of the Air Reserve Personnel Center noted in his rejection that Bush had a “Military Service Obligation until 26 May 19; the OCR text does not preserve a reliable body-note marker for a more precise claim mapping.",,Air Reserve Personnel Center; Military Service Obligation,1,1,FALSE,FALSE,FALSE,FALSE,TRUE,FALSE,FALSE,Useful corroborating or contextual source for reconstructing Baker's evidence trail.,"Ch. 8, note 36: In a crisp letter dated May 31, 1972, the director of personnel resources at the Denver headquarters of the Air Reserve Personnel Center noted in his rejection that Bush had a “Military Service Obligation until 26 May 1974”—that is, to do serious and meaningful duty for another two years."
BKR-0439,PART_1,8,8:37,PRIMARY_CONTEMPORARY_NEWS,B,3,Walter V. Robinson,"Questions Remain on Bush’s Service as Guard Pilot,",Boston Globe,"October 31, 2000",,,,"Baker cites this source in chapter 8 in connection with Questions Remain on Bush’s Service as Guard Pilot,; the OCR text does not preserve a reliable body-note marker for a more precise claim mapping.",,Boston Globe; Bush’s Service; Guard Pilot; Questions Remain; Walter V. Robinson,1,1,TRUE,FALSE,FALSE,FALSE,FALSE,FALSE,FALSE,Useful corroborating or contextual source for reconstructing Baker's evidence trail.,"Ch. 8, note 37: Walter V. Robinson, “Questions Remain on Bush’s Service as Guard Pilot,” Boston Globe, October 31, 2000."
BKR-0440,PART_1,8,8:38,PRIMARY_CONTEMPORARY_NEWS,B,3,,"Much of the Alabama material, reported by the author, appeared in “Why Bush Left Texas,” the Nation, September 14, 2004.",Nation,"September 14, 2004",,,,"Baker cites this source in chapter 8 in connection with Much of the Alabama material, reported by the author, appeared in “Why Bush Left Texas,” the Nation, September 14, 2004.; the OCR text does not preserve a reliable body-note marker for a more precise claim mapping.",,Much of the Alabama; Why Bush Left Texas,1,1,TRUE,FALSE,FALSE,TRUE,FALSE,TRUE,TRUE,Useful corroborating or contextual source for reconstructing Baker's evidence trail.,"Ch. 8, note 38: Much of the Alabama material, reported by the author, appeared in “Why Bush Left Texas,” the Nation, September 14, 2004."
BKR-0441,PART_1,8,8:39,OTHER,C,3,Alabama freelancer Glynn Wilson,Interview with Alabama freelancer Glynn Wilson,,2004,,,,Baker cites this source in chapter 8 in connection with Interview with Alabama freelancer Glynn Wilson; the OCR text does not preserve a reliable body-note marker for a more precise claim mapping.,,C. Murphy Archibald; Glynn Wilson,1,1,FALSE,FALSE,FALSE,FALSE,TRUE,FALSE,FALSE,Useful corroborating or contextual source for reconstructing Baker's evidence trail.,"Ch. 8, note 39: Unpublished 2004 C. Murphy Archibald interview with Alabama freelancer Glynn Wilson."
BKR-0442,PART_1,8,8:45,SECONDARY_BOOK,B,3,Tom Wicker,George Herbert Walker Bush,"New York: Viking, 2004",2004,,,,Baker cites this source in chapter 8 in connection with George Herbert Walker Bush; the OCR text does not preserve a reliable body-note marker for a more precise claim mapping.,,Alan Bernstein; George Herbert Walker Bush; Houston Chronicle; Tom Wicker,1,1,FALSE,FALSE,FALSE,FALSE,FALSE,FALSE,FALSE,Useful corroborating or contextual source for reconstructing Baker's evidence trail.,"Ch. 8, note 45: Tom Wicker, George Herbert Walker Bush (New York: Viking, 2004). For the PULL donation story, see Alan Bernstein, “Bush: The Houston Years,” Houston Chronicle, April 11, 1999."
BKR-0443,PART_1,8,8:46,OTHER,C,3,Kenneth T. Walsh,"The Lost Years of Al and Dubya,",,"November 1, 1999",,,,"Baker cites this source in chapter 8 in connection with The Lost Years of Al and Dubya,; the OCR text does not preserve a reliable body-note marker for a more precise claim mapping.",,Kenneth T. Walsh; U.S. News & World Report,1,1,FALSE,FALSE,FALSE,TRUE,TRUE,FALSE,FALSE,Useful corroborating or contextual source for reconstructing Baker's evidence trail.,"Ch. 8, note 46: Kenneth T. Walsh, “The Lost Years of Al and Dubya,” U.S. News & World Report, November 1, 1999."
BKR-0444,PART_1,8,8:47,OTHER,C,3,Meg Laughlin,"Former Workers Dispute Bush’s Pull in Project P.U.L.L.,",,"October 23, 2004",,,,"Baker cites this source in chapter 8 in connection with Former Workers Dispute Bush’s Pull in Project P.U.L.L.,; the OCR text does not preserve a reliable body-note marker for a more precise claim mapping.",,Former Workers Dispute Bush’s Pull; Knight- Ridder; Meg Laughlin; Project P.U.L.L,1,1,FALSE,FALSE,FALSE,FALSE,TRUE,FALSE,FALSE,Useful corroborating or contextual source for reconstructing Baker's evidence trail.,"Ch. 8, note 47: Meg Laughlin, “Former Workers Dispute Bush’s Pull in Project P.U.L.L.,” Knight- Ridder,October 23, 2004."
BKR-0445,PART_1,8,8:52,OTHER,C,3,Jim Drinkard and Dave Moniz,"Memos Debate Eclipses Content,",,"September 13, 2004",,,,"Baker cites this source in chapter 8 in connection with Memos Debate Eclipses Content,; the OCR text does not preserve a reliable body-note marker for a more precise claim mapping.",,Jim Drinkard and Dave Moniz; Memos Debate Eclipses Content; USA Today,1,1,FALSE,FALSE,FALSE,FALSE,TRUE,FALSE,FALSE,Useful corroborating or contextual source for reconstructing Baker's evidence trail.,"Ch. 8, note 52: Jim Drinkard and Dave Moniz, “Memos Debate Eclipses Content,” USA Today, September 13, 2004."
BKR-0446,PART_2,9,9:2,OTHER,C,3,,House Ways and Means Committee has historically been a steppingstoneto the highest office in American government,,,,,,"Baker cites this in support of the surrounding discussion: The committee was the gatekeeper against attempts to eliminate the oil depletion allowance, and Bush’s assignment there was no small feat. No freshman of either party had gotten on since 1904.",,House Ways and Means Committee,1,1,FALSE,FALSE,FALSE,TRUE,TRUE,FALSE,FALSE,Useful corroborating or contextual source for reconstructing Baker's evidence trail.,"Ch. 9, note 2: Membership on the House Ways and Means Committee has historically been a steppingstoneto the highest office in American government. Bush joined seven past presidents on that ladder to power."
BKR-0447,PART_2,9,9:3,OTHER,C,3,,cial Senate history refers to this shameless nepotism in a more flattering light: “Both Nixon and Ford had known Prescott Bush in Washington,,,,,,Baker cites this source in chapter 9 in connection with cial Senate history refers to this shameless nepotism in a more flattering light: “Both Nixon and Ford had known Prescott Bush in Washington; the OCR text does not preserve a reliable body-note marker for a more precise claim mapping.,,Both Nixon and Ford; George Bush; Prescott Bush; Republicans. As; Washington. Due; Ways and Means Committee,1,1,FALSE,FALSE,FALSE,TRUE,TRUE,FALSE,FALSE,Useful corroborating or contextual source for reconstructing Baker's evidence trail.,"Ch. 9, note 3: The official Senate history refers to this shameless nepotism in a more flattering light: “Both Nixon and Ford had known Prescott Bush in Washington. Due to his father’s prominence and his own well-publicized race for the Senate, George Bush arrived in the House better known than most of the forty-six other freshmen Republicans. As a freshman he won a coveted seat on the Ways and Means Committee (which put the Bushes on everyone’s ‘list’ of social invitations).” Available on www.senate. gov."
BKR-0448,PART_2,9,9:8,PRIMARY_CONTEMPORARY_NEWS,B,3,,"Although Voorhis was characterized as a leftist, his record was more that of a moderately liberalman with an independent streak.",Independent,1943,record was,,,"Baker cites this source in chapter 9 in connection with Although Voorhis was characterized as a leftist, his record was more that of a moderately liberalman with an independent streak.; the OCR text does not preserve a reliable body-note marker for a more precise claim mapping.","Original record referenced or described by this secondary source, with complete provenance",Although Voorhis; Council of Industrial Organizations; Estes Kefauver of Tennessee; Henry M. Jackson of Washington; Lyndon Baines Johnson of Texas,1,1,TRUE,FALSE,FALSE,FALSE,FALSE,FALSE,FALSE,Useful corroborating or contextual source for reconstructing Baker's evidence trail.,"Ch. 9, note 8: Although Voorhis was characterized as a leftist, his record was more that of a moderately liberalman with an independent streak. In fact, when the Council of Industrial Organizations rated members of Congress based on their votes on labor issues from 1943 to 1946, Voorhis scored only 84.6, well below the 100 percent awarded Henry M. Jackson of Washington, below the 86.9 awarded Estes Kefauver of Tennessee, and only nominally higher than the conservative Democratic congressman Lyndon Baines Johnson of Texas."
BKR-0449,PART_2,9,9:8,OTHER,C,3,Dallek,The Kissinger Presidency.,,,,,148,Baker cites this source in chapter 9 in connection with The Kissinger Presidency.; the OCR text does not preserve a reliable body-note marker for a more precise claim mapping.,,George Bush,1,1,FALSE,FALSE,FALSE,FALSE,TRUE,FALSE,FALSE,Useful corroborating or contextual source for reconstructing Baker's evidence trail.,"Ch. 9, note 8: Dallek, “The Kissinger Presidency.” hs iN . Parmet, George Bush, p. 148."
BKR-0450,PART_2,9,9:12,SECONDARY_BOOK,B,3,Jerry Voorhis,Confessions of a Congressman,"New York: Doubleday, 1970",1970,,,331,"Baker cites this in support of the surrounding discussion: For permitting Jerry Voorhis, whom he described as “one of the most dangerous men in Washington,” to continue to represent a part of the state of California in the House of Representatives. This gentleman’s reasons for thinking me so “dangerous” obviously had to do with my views and work against monopoly and for changes in the monetary system.",,Confessions of; Jerry Voorhis,1,1,FALSE,FALSE,FALSE,FALSE,FALSE,FALSE,FALSE,Useful corroborating or contextual source for reconstructing Baker's evidence trail.,"Ch. 9, note 12: Jerry Voorhis, Confessions of a Congressman (New York: Doubleday, 1970), p. 331."
BKR-0451,PART_2,9,9:14,OTHER,C,3,,secret “slush fund” of contributions from shadowy backers,,1952,,,,Baker cites this source in chapter 9 in connection with secret “slush fund” of contributions from shadowy backers; the OCR text does not preserve a reliable body-note marker for a more precise claim mapping.,,During the,1,1,FALSE,FALSE,FALSE,TRUE,TRUE,FALSE,FALSE,Useful corroborating or contextual source for reconstructing Baker's evidence trail.,"Ch. 9, note 14: During the 1952 campaign, Nixon had been accused of controlling a secret “slush fund” of contributions from shadowy backers. In response, Nixon went on TV to give his famous “Checkers speech,” in which he denied accepting any personal gifts, with one exception: a black-and-white cocker spaniel named Checkers, for his daughter. He emphasized that he was a man of modest means who could not afford a mink coat for his wife, only a “respectable Republican cloth coat.”"
BKR-0452,PART_2,9,9:18,SECONDARY_BOOK,B,3,Robert Caro,The Path to Power: The Years of Lyndon Johnson,"New York: Knopf, 1982",1982,,,,Baker cites this source in chapter 9 in connection with The Path to Power: The Years of Lyndon Johnson; the OCR text does not preserve a reliable body-note marker for a more precise claim mapping.,,Robert Caro,1,1,FALSE,FALSE,FALSE,FALSE,FALSE,FALSE,FALSE,Useful corroborating or contextual source for reconstructing Baker's evidence trail.,"Ch. 9, note 18: Robert Caro, The Path to Power: The Years of Lyndon Johnson (New York: Knopf, 1982)."
BKR-0453,PART_2,9,9:19,SECONDARY_BOOK,B,3,Robert Bryce,"Cronies: Oil, the Bushes, and the Rise of Texas, America’s Superstate","New York: public affairs, 2004",2004,,,93,"Baker cites this source in chapter 9 in connection with Cronies: Oil, the Bushes, and the Rise of Texas, America’s Superstate; the OCR text does not preserve a reliable body-note marker for a more precise claim mapping.",,America’s Superstate; Rise of Texas; Robert Bryce,1,1,FALSE,FALSE,FALSE,FALSE,FALSE,FALSE,FALSE,Useful corroborating or contextual source for reconstructing Baker's evidence trail.,"Ch. 9, note 19: Robert Bryce, Cronies: Oil, the Bushes, and the Rise of Texas, America’s Superstate (New York: public affairs, 2004), p. 93."
BKR-0454,PART_2,9,9:21;9:22,SECONDARY_BOOK,B,3,Rick Perlstein,Before the Storm: Barry Goldwater and the Unmaking of the American Consensus,"New York: Hill and Wang, 2001",2001,,,196; 197,"Baker cites this source in chapter 9 in connection with Before the Storm: Barry Goldwater and the Unmaking of the American Consensus; the OCR text does not preserve a reliable body-note marker for a more precise claim mapping. | Baker cites this in support of the surrounding discussion: Prescott delivered Rockefeller a public tongue lashing that Time called “the most wrathful any politician had suffered in recent memory.”24 This may have been just a convenient target. As political historian Rick Perlstein put it, conservatives genuinely preferred Goldwater, “and welcomed the remarriage as an excuse to cut loose from someone they were never excited about in the first place.”",,American Consensus; Barry Goldwater and the Unmaking of; Before the Storm; Hill and Wang; Rick Perlstein,2,2,FALSE,FALSE,FALSE,FALSE,FALSE,FALSE,FALSE,Useful corroborating or contextual source for reconstructing Baker's evidence trail.,"Ch. 9, note 21: Rick Perlstein, Before the Storm: Barry Goldwater and the Unmaking of the American Consensus (New York: Hill and Wang, 2001), p. 196. || Ch. 9, note 22: Ibid., p. 197."
BKR-0455,PART_2,9,9:24,PRIMARY_CONTEMPORARY_NEWS,B,3,William K. Stevens,"SEDCO: Growth in Adversity,",New York Times,"October 20, 1981",,,,"Baker cites this in support of the surrounding discussion: Outside the small circle of longtime Nixon loyalists, the Bush group seems to have fared better than any other party faction in Nixon’s first administration. Bill Clements, Poppy’s friend and sometime oil drilling partner, became deputy secretary of defense, a position that involved securing oil for the U.S. military.",,Castro and; George de Mohrenschildt; Karl Rove; Poppy Bush,1,1,TRUE,FALSE,FALSE,FALSE,FALSE,FALSE,FALSE,Useful corroborating or contextual source for reconstructing Baker's evidence trail.,"Ch. 9, note 24: See William K. Stevens, “SEDCO: Growth in Adversity,” New York Times, October 20, 1981. In 1984, Clements sold SEDCO to Schlumberger, the firm that had assisted with clandestine operations against Castro and whose head had interacted with George de Mohrenschildt in 1962 and ’63. After becoming Texas’s first Republican governor since Reconstruction, Clements hired—first as his deputy chief of staff and later as direct mail consultant—the youthful Karl Rove at the request of Poppy Bush, helping the future political superstar get his start."
BKR-0456,PART_2,9,9:25,OTHER,C,3,,The Federal Power Commission was replaced in 1977 by the Federal Energy Regulatory Commission.,,1977,,,,Baker cites this source in chapter 9 in connection with The Federal Power Commission was replaced in 1977 by the Federal Energy Regulatory Commission.; the OCR text does not preserve a reliable body-note marker for a more precise claim mapping.,,Federal Energy Regulatory Commission,1,1,FALSE,FALSE,FALSE,FALSE,TRUE,FALSE,FALSE,Useful corroborating or contextual source for reconstructing Baker's evidence trail.,"Ch. 9, note 25: The Federal Power Commission was replaced in 1977 by the Federal Energy Regulatory Commission."
BKR-0457,PART_2,9,9:26,OTHER,C,3,,"The commission allowed Pennzoil to divert natural gas that had been committed for lowpricedsale within hard-pressed Louisiana into other markets, where it could charge much more.",,1972,,,,"Baker cites this source in chapter 9 in connection with The commission allowed Pennzoil to divert natural gas that had been committed for lowpricedsale within hard-pressed Louisiana into other markets, where it could charge much more.; the OCR text does not preserve a reliable body-note marker for a more precise claim mapping.",,,1,1,FALSE,FALSE,FALSE,FALSE,TRUE,FALSE,FALSE,Useful corroborating or contextual source for reconstructing Baker's evidence trail.,"Ch. 9, note 26: The commission allowed Pennzoil to divert natural gas that had been committed for lowpricedsale within hard-pressed Louisiana into other markets, where it could charge much more. Louisiana ended up with a severe natural gas shortage. “The health and physical safety of millions of Louisiana’s citizens are gravely threatened,” a 1972 state announcement warned."
BKR-0458,PART_2,9,9:31,OTHER,C,3,,"Secrets of Watergate (New York: Doubleday), pp",,,,,165-81,"Baker cites this source in chapter 9 in connection with Secrets of Watergate (New York: Doubleday), pp; the OCR text does not preserve a reliable body-note marker for a more precise claim mapping.",,James Rosen; John Mitchell and the Secrets of; Watergate,1,1,FALSE,FALSE,FALSE,TRUE,TRUE,FALSE,FALSE,Useful corroborating or contextual source for reconstructing Baker's evidence trail.,"Ch. 9, note 31: For detailed accounts of the so-called Moorer-Radford affair, see James Rosen, The Strong Man: John Mitchell and the Secrets of Watergate (New York: Doubleday), pp. 165-81"
BKR-0459,PART_2,9;10;11,9:31;10:31;11:18,SECONDARY_BOOK,B,3,Len Colodny and Robert Gettlin,Silent Coup: The Removal of a President,"New York: St. Martin’s, 1991",1991,,,106; 212; 3-67,Baker cites this source in chapter 9 in connection with Silent Coup: The Removal of a President; the OCR text does not preserve a reliable body-note marker for a more precise claim mapping. | Baker cites this source in chapter 10 in connection with Silent Coup: The Removal of a President; the OCR text does not preserve a reliable body-note marker for a more precise claim mapping. | Baker cites this source in chapter 11 in connection with Silent Coup: The Removal of a President; the OCR text does not preserve a reliable body-note marker for a more precise claim mapping.,,Len Colodny and Robert Gettlin; Silent Coup; St. Martin’s; St. Martin’s Press,3,3,FALSE,FALSE,FALSE,FALSE,FALSE,FALSE,FALSE,Useful corroborating or contextual source for reconstructing Baker's evidence trail.,"Ch. 9, note 31: and Len Colodny and Robert Gettlin, Silent Coup: The Removal of a President (New York: St. Martin’s, 1991), pp. 3-67, 373-403. || Ch. 10, note 31: See also Len Colodny and Robert Gettlin, Silent Coup: The Removal of a President (New York: St. Martin’s Press, 1991), p. 212. || Ch. 11, note 18: Len Colodny and Robert Gettlin, Silent Coup: The Removal of a President (New York: St. Martin’s Press, 1991), p. 106."
BKR-0460,PART_2,9,9:38,SECONDARY_BOOK,B,3,Gail Sheehy,Character: America’s Search for Leadership,"New York: William Morrow, 1988",1988,,,174,Baker cites this source in chapter 9 in connection with Character: America’s Search for Leadership; the OCR text does not preserve a reliable body-note marker for a more precise claim mapping.,,America’s Search for Leadership; Gail Sheehy; William Morrow,1,1,FALSE,FALSE,FALSE,FALSE,FALSE,FALSE,FALSE,Useful corroborating or contextual source for reconstructing Baker's evidence trail.,"Ch. 9, note 38: Gail Sheehy, Character: America’s Search for Leadership (New York: William Morrow, 1988), p. 174. eS)"
BKR-0461,PART_2,9,9:43,OTHER,C,3,,House would secretly support 42,,1972,,,,Baker cites this source in chapter 9 in connection with House would secretly support 42; the OCR text does not preserve a reliable body-note marker for a more precise claim mapping.,,White House,1,1,FALSE,FALSE,FALSE,TRUE,TRUE,FALSE,FALSE,Useful corroborating or contextual source for reconstructing Baker's evidence trail.,"Ch. 9, note 43: By 1972, the White House would secretly support 42.5 percent of all Democrats running for Congress—so long as their conservative views generally comported with the administration’s."
BKR-0462,PART_2,9,9:43,SECONDARY_BOOK,B,3,Lowell P. Weicker with Barry Sussman,Maverick: A Life in Politics,"Boston: Little, Brown, 1995",1995,,,79-80,Baker cites this source in chapter 9 in connection with Maverick: A Life in Politics; the OCR text does not preserve a reliable body-note marker for a more precise claim mapping.,,Barry Sussman,1,1,FALSE,FALSE,FALSE,FALSE,FALSE,FALSE,FALSE,Useful corroborating or contextual source for reconstructing Baker's evidence trail.,"Ch. 9, note 43: See Lowell P. Weicker with Barry Sussman, Maverick: A Life in Politics (Boston: Little, Brown, 1995), pp. 79-80."
BKR-0463,PART_2,9,9:45,PRIMARY_CONTEMPORARY_NEWS,B,3,Bob Woodward and Walter Pincus,"Presidential Posts and Dashed Hopes; Appointive Jobs Were Turning Point,",Washington Post,"August 9, 1988",,,,"Baker cites this source in chapter 9 in connection with Presidential Posts and Dashed Hopes; Appointive Jobs Were Turning Point,; the OCR text does not preserve a reliable body-note marker for a more precise claim mapping.",,Appointive Jobs Were Turning Point; Bob Woodward and Walter Pincus; Presidential Posts and Dashed Hopes; Washington Post,1,1,TRUE,FALSE,FALSE,FALSE,FALSE,FALSE,FALSE,Useful corroborating or contextual source for reconstructing Baker's evidence trail.,"Ch. 9, note 45: Bob Woodward and Walter Pincus, “Presidential Posts and Dashed Hopes; Appointive Jobs Were Turning Point,” Washington Post, August 9, 1988."
BKR-0464,PART_2,10,10:4,SECONDARY_BOOK,B,3,Rhodri Jeffreys-Jones,The CIA and American Democracy,"New Haven, CT: Yale University Press, 2003",2003,CIA and American Democracy,Yale University; CIA,99,"Baker cites this in support of the surrounding discussion: Kennedy was murdered and Lee Harvey Oswald named the lone assassin. Moreover, Hunt had been a staunch loyalist of Allen Dulles, whom Kennedy had ousted over the failed Bay of Pigs invasion; he allegedly even collaborated on Dulles’s 1963 book, The Craft of Intelligence.","Original CIA referenced or described by this secondary source, with complete provenance",Allen Dulles; Bay of Pigs; CIA; Lee Harvey Oswald; New Haven; Rhodri Jeffreys-Jones; Yale University Press,1,1,FALSE,FALSE,TRUE,FALSE,TRUE,FALSE,FALSE,Useful corroborating or contextual source for reconstructing Baker's evidence trail.,"Ch. 10, note 4: Rhodri Jeffreys-Jones, The CIA and American Democracy (New Haven, CT: Yale University Press, 2003), p. 99. The Haldeman Diaries, p. 26."
BKR-0465,PART_2,10,10:6,PRIMARY_CONTEMPORARY_NEWS,B,3,A. J. Weberman,"Coup dEtat in America Data Base, www.ajweberman.com/nodules2/nodulec24.htm. H. R. Haldeman, The Ends of Power","New York: Times Books, 1978",1978,,,37-38,"Baker cites this source in chapter 10 in connection with Coup dEtat in America Data Base, www.ajweberman.com/nodules2/nodulec24.htm. H. R. Haldeman, The Ends of Power; the OCR text does not preserve a reliable body-note marker for a more precise claim mapping.",,America Data Base; H. R. Haldeman; Times Books,1,1,TRUE,FALSE,FALSE,TRUE,FALSE,FALSE,FALSE,Useful corroborating or contextual source for reconstructing Baker's evidence trail.,"Ch. 10, note 6: See A. J. Weberman, Coup dEtat in America Data Base, www.ajweberman.com/nodules2/nodulec24.htm. H. R. Haldeman, The Ends of Power (New York: Times Books, 1978), pp. 37-38. z:"
BKR-0466,PART_2,10,10:6,OTHER,C,3,Perry,"Watergate,",,,,,148-49,"Baker cites this source in chapter 10 in connection with Watergate,; the OCR text does not preserve a reliable body-note marker for a more precise claim mapping.",,Watergate,1,1,FALSE,FALSE,FALSE,FALSE,TRUE,FALSE,FALSE,Useful corroborating or contextual source for reconstructing Baker's evidence trail.,"Ch. 10, note 6: Perry, “Watergate,” pp. 148-49. oa iS in Wa"
BKR-0467,PART_2,10,10:14,PRIMARY_CONTEMPORARY_NEWS,B,3,Rudy Rochelle,"Little Relief Seen for Sugar Problem,",Dallas Morning News,,,,,"Baker cites this source in chapter 10 in connection with Little Relief Seen for Sugar Problem,; the OCR text does not preserve a reliable body-note marker for a more precise claim mapping.",,Dallas Morning News; Little Relief Seen for Sugar Problem; Rudy Rochelle,1,1,TRUE,FALSE,FALSE,FALSE,FALSE,FALSE,FALSE,Useful corroborating or contextual source for reconstructing Baker's evidence trail.,"Ch. 10, note 14: Rudy Rochelle, “Little Relief Seen for Sugar Problem,” Dallas Morning News, November"
BKR-0468,PART_2,10,10:16,PRIMARY_CONTEMPORARY_NEWS,B,3,,"Years later, Kendall became a member of the International Council at Harvard’s Belfer Center for Science and International Affairs, at the John F. Kennedy School of Government.",Nation,,,,,"Baker cites this source in chapter 10 in connection with Years later, Kendall became a member of the International Council at Harvard’s Belfer Center for Science and International Affairs, at the John F. Kennedy School of Government.; the OCR text does not preserve a reliable body-note marker for a more precise claim mapping.",,Harvard’s Belfer Center for Science and; International Affairs; International Council; John F. Kennedy; John F. Kennedy School of Government,1,1,TRUE,FALSE,FALSE,TRUE,FALSE,TRUE,TRUE,Useful corroborating or contextual source for reconstructing Baker's evidence trail.,"Ch. 10, note 16: Years later, Kendall became a member of the International Council at Harvard’s Belfer Center for Science and International Affairs, at the John F. Kennedy School of Government."
BKR-0469,PART_2,10,10:20,MEMOIR_AUTOBIOGRAPHY,C,3,George Bush,"A// the Best, George Bush: My Life in Letters and Other Writing","New York: Scribner, 1999",1999,,,191,"Baker cites this source in chapter 10 in connection with A// the Best, George Bush: My Life in Letters and Other Writing; the OCR text does not preserve a reliable body-note marker for a more precise claim mapping.",,George Bush; Letters and Other Writing,1,1,FALSE,FALSE,FALSE,FALSE,TRUE,FALSE,FALSE,Useful corroborating or contextual source for reconstructing Baker's evidence trail.,"Ch. 10, note 20: George Bush, A// the Best, George Bush: My Life in Letters and Other Writing (New York: Scribner, 1999), p. 191."
BKR-0470,PART_2,10,10:24,PRIMARY_CONTEMPORARY_NEWS,B,3,,cians by large donors,Nation,1972,reporting; file postelection,,,Baker cites this source in chapter 10 in connection with cians by large donors; the OCR text does not preserve a reliable body-note marker for a more precise claim mapping.,"Original file referenced or described by this secondary source, with complete provenance",Common Cause; Corrupt Practices Act; Federal Corrupt Practices Act of; Justice Department. But; Republican and Democratic Parties for,1,1,TRUE,FALSE,FALSE,TRUE,TRUE,FALSE,FALSE,Useful corroborating or contextual source for reconstructing Baker's evidence trail.,"Ch. 10, note 24: Prior to a new stricter law that went into effect in April 1972, the then-governing Federal Corrupt Practices Act of 1925 required campaign contributions over one hundred dollars to be reported by a candidate’s election committee. Each committee was to have a formal chairman and treasurer who did the reporting. The national committees of political parties were then supposed to file postelection reports regarding their contributions to individual candidates. Up until 1970, this law was rarely followed, let alone enforced by the Justice Department. But in 1970, a new public interest group called Common Cause, heavily financed by Rockefeller interests—whose philanthropy has certainly mitigated to some extent the methods of an earlier generation—sued both the Republican and Democratic Parties for violating the Corrupt Practices Act, triggering a public clamor for election reform. The public, quite simply, was disgusted over influence-buying of politicians by large donors. It was in this milieu that the townhouse Operation warily functioned."
BKR-0471,PART_2,10,10:24,SECONDARY_BOOK,B,3,Herbert E. Alexander,"ed., Campaign Money. Reform and Reality in the States","New York: Macmillan, 1976",1976,,,vii-ix,"Baker cites this source in chapter 10 in connection with ed., Campaign Money. Reform and Reality in the States; the OCR text does not preserve a reliable body-note marker for a more precise claim mapping.",,Campaign Money. Reform and Reality,1,1,FALSE,FALSE,FALSE,FALSE,FALSE,FALSE,FALSE,Useful corroborating or contextual source for reconstructing Baker's evidence trail.,"Ch. 10, note 24: See Herbert E. Alexander, ed., Campaign Money. Reform and Reality in the States (New York: Macmillan, 1976), pp. vii-ix."
BKR-0472,PART_2,10,10:26,PRIMARY_CONTEMPORARY_NEWS,B,3,,ciation and other supposedly independent domestic groups over many years,New York Times,1967,CIA involvement on U; CIA and the Media,CIA,,Baker cites this source in chapter 10 in connection with ciation and other supposedly independent domestic groups over many years; the OCR text does not preserve a reliable body-note marker for a more precise claim mapping.,"Original CIA referenced or described by this secondary source, with complete provenance",CIA; Carl Bernstein; National Student Association and; President Johnson; Rolling Stone,1,1,TRUE,FALSE,TRUE,FALSE,TRUE,FALSE,FALSE,Useful corroborating or contextual source for reconstructing Baker's evidence trail.,"Ch. 10, note 26: 1967. Harwood’s series built on work by Ramparts magazine, regarding the funding and control of the National Student Association and other supposedly independent domestic groups over many years. The New York Times followed up with a series of articles that would expand considerably our understanding of CIA involvement on U.S. college campuses. This included the manipulation of student groups and the use of academics as authors of propaganda materials to be distributed abroad. As a result of this coverage, President Johnson announced a halt to such funding. . Carl Bernstein, “The CIA and the Media,” Rolling Stone, October 20, 1977."
BKR-0473,PART_2,10,10:29;10:33,PRIMARY_CONTEMPORARY_NEWS,B,3,Charles Colson,Interview with Charles Colson,Nation,"Febrary 2, 1972, Townhouse files, NationalArchives and Rec ords Administration",,,,Baker cites this source in chapter 10 in connection with Interview with Charles Colson; the OCR text does not preserve a reliable body-note marker for a more precise claim mapping.,"Original files/interview referenced or described by this secondary source, with complete provenance",Charles Colson; Department of Justice; NationalArchives and Rec,2,1,TRUE,FALSE,FALSE,FALSE,FALSE,FALSE,FALSE,Useful corroborating or contextual source for reconstructing Baker's evidence trail.,"Ch. 10, note 29: Department of Justice interview with Charles Colson, Febrary 2, 1972, Townhouse files, NationalArchives and Rec ords Administration. || Ch. 10, note 33: Colson recalled that delivery to Dean would entitle them to certain legal privileges, presumablyagainst disclosure. Department of Justice interview with Charles Colson."
BKR-0474,PART_2,10,10:30,PRIMARY_CONTEMPORARY_NEWS,B,3,John Mitchell,Interview with John Mitchell,Nation,"December 19, 1973, Townhouse files, National Archives and Rec ords Administration",,National Archives,,Baker cites this source in chapter 10 in connection with Interview with John Mitchell; the OCR text does not preserve a reliable body-note marker for a more precise claim mapping.,"Original files/interview referenced or described by this secondary source, with complete provenance",Department of Justice; John Mitchell; National Archives; National Archives and Rec,1,1,TRUE,FALSE,TRUE,FALSE,FALSE,FALSE,FALSE,Useful corroborating or contextual source for reconstructing Baker's evidence trail.,"Ch. 10, note 30: Department of Justice interview with John Mitchell, December 19, 1973, Townhouse files, National Archives and Rec ords Administration."
BKR-0475,PART_2,10,10:35,SECONDARY_BOOK,B,3,Dick Russell,The Man Who Knew Too Much,"New York: Carroll & Graf, 1992",1992,,,306-7,Baker cites this source in chapter 10 in connection with The Man Who Knew Too Much; the OCR text does not preserve a reliable body-note marker for a more precise claim mapping.,,Carroll & Graf,1,1,FALSE,FALSE,FALSE,FALSE,FALSE,FALSE,FALSE,Useful corroborating or contextual source for reconstructing Baker's evidence trail.,"Ch. 10, note 35: See Dick Russell, The Man Who Knew Too Much (New York: Carroll & Graf, 1992), pp. 306-7."
BKR-0476,PART_2,10,10:36,OTHER,C,3,Tad Szulc,"Cuba on Our Minds,",,1974,,,,"Baker cites this source in chapter 10 in connection with Cuba on Our Minds,; the OCR text does not preserve a reliable body-note marker for a more precise claim mapping.",,Cuba; Our Minds; Tad Szulc,1,1,FALSE,FALSE,FALSE,FALSE,TRUE,FALSE,FALSE,Useful corroborating or contextual source for reconstructing Baker's evidence trail.,"Ch. 10, note 36: Tad Szulc, “Cuba on Our Minds,” Esquire, January 1974"
BKR-0477,PART_2,10,10:38;10:39,OTHER,C,3,,"Secret Agenda, pp",,,,,119; 27-29,"Baker cites this source in chapter 10 in connection with Secret Agenda, pp; the OCR text does not preserve a reliable body-note marker for a more precise claim mapping.",,Secret Agenda,2,1,FALSE,FALSE,FALSE,TRUE,TRUE,FALSE,FALSE,Useful corroborating or contextual source for reconstructing Baker's evidence trail.,"Ch. 10, note 38: Hougan, Secret Agenda, pp. 27-29. || Ch. 10, note 39: Ibid., p. 119."
BKR-0478,PART_2,10;11,10:42;11:37;11:38,SECONDARY_BOOK,B,3,John Dean,Blind Ambition: The White House Years,"New York: Simon & Schuster, 1976",1976,,,256-57; 314-15; 317,Baker cites this source in chapter 10 in connection with Blind Ambition: The White House Years; the OCR text does not preserve a reliable body-note marker for a more precise claim mapping. | Baker cites this source in chapter 11 in connection with Blind Ambition: The White House Years; the OCR text does not preserve a reliable body-note marker for a more precise claim mapping.,,Blind Ambition; John Dean; Simon & Schuster,3,2,FALSE,FALSE,FALSE,FALSE,FALSE,FALSE,FALSE,Useful corroborating or contextual source for reconstructing Baker's evidence trail.,"Ch. 10, note 42: John Dean, Blind Ambition: The White House Years (New York: Simon & Schuster, 1976), pp. 256-57. || Ch. 11, note 37: John Dean, Blind Ambition: The White House Years (New York: Simon & Schuster, 1976), pp. 314-15. || Ch. 11, note 38: Ibid., p. 317."
BKR-0479,PART_2,10,10:43,SECONDARY_BOOK,B,3,Renata Adler,Canaries in the Mines: Essays on Politics and Media,"New York: Macmillan, 2001",2001,,,82,Baker cites this source in chapter 10 in connection with Canaries in the Mines: Essays on Politics and Media; the OCR text does not preserve a reliable body-note marker for a more precise claim mapping.,,Politics and Media; Renata Adler,1,1,FALSE,FALSE,FALSE,FALSE,FALSE,FALSE,FALSE,Useful corroborating or contextual source for reconstructing Baker's evidence trail.,"Ch. 10, note 43: Renata Adler, Canaries in the Mines: Essays on Politics and Media (New York: Macmillan, 2001), p. 82."
BKR-0480,PART_2,10,10:45,OTHER,C,3,,"Rosen, The Strong Man, p.",,"June 15, 1987",,,295,"Baker cites this source in chapter 10 in connection with Rosen, The Strong Man, p.; the OCR text does not preserve a reliable body-note marker for a more precise claim mapping.",,John Mitchell; Len Colodny,1,1,FALSE,FALSE,FALSE,FALSE,TRUE,FALSE,FALSE,Useful corroborating or contextual source for reconstructing Baker's evidence trail.,"Ch. 10, note 45: Rosen, The Strong Man, p. 295, citing a June 15, 1987, interview of John Mitchell by Len Colodny."
BKR-0481,PART_2,10,10:46,SECONDARY_BOOK,B,3,For a detailed description of Woodward’s background,"see Adrian Havill, Deep Truth: The Lives of Bob Woodward and Carl Bernstein","New York: Birch Lane Press, 1993",1993,,,,"Baker cites this source in chapter 10 in connection with see Adrian Havill, Deep Truth: The Lives of Bob Woodward and Carl Bernstein; the OCR text does not preserve a reliable body-note marker for a more precise claim mapping.",,Adrian Havill; Birch Lane Press; Carl Bernstein; Deep Truth,1,1,FALSE,FALSE,FALSE,FALSE,FALSE,FALSE,FALSE,Useful corroborating or contextual source for reconstructing Baker's evidence trail.,"Ch. 10, note 46: For a detailed description of Woodward’s background, see Adrian Havill, Deep Truth: The Lives of Bob Woodward and Carl Bernstein (New York: Birch Lane Press, 1993)."
BKR-0482,PART_2,10,10:48,OTHER,C,3,Brendan McGarry,"Uncovering History: Editor Looks Back at Breaking the Watergate Story,",,"August 1, 2004",,,,"Baker cites this source in chapter 10 in connection with Uncovering History: Editor Looks Back at Breaking the Watergate Story,; the OCR text does not preserve a reliable body-note marker for a more precise claim mapping.",,Breaking the Watergate Story; Brendan McGarry; Editor Looks Back; Saratoga Springs; Uncovering History; Watergate,1,1,FALSE,FALSE,FALSE,FALSE,TRUE,FALSE,FALSE,Useful corroborating or contextual source for reconstructing Baker's evidence trail.,"Ch. 10, note 48: Brendan McGarry, “Uncovering History: Editor Looks Back at Breaking the Watergate Story,” Saratogian (Saratoga Springs, NY), August 1, 2004."
BKR-0483,PART_2,10,10:50,OTHER,C,3,,"CIA wunderkind Frank Wisner and of Prescott Bush—and a generous ground-floor investor in Poppy Bush’s first, fledgling Midland business, the landman firm of Bush-Overbey",CIA,,CIA wunderkind Frank Wisner and of Prescott,CIA,,"Baker cites this source in chapter 10 in connection with CIA wunderkind Frank Wisner and of Prescott Bush—and a generous ground-floor investor in Poppy Bush’s first, fledgling Midland business, the landman firm of Bush-Overbey; the OCR text does not preserve a reliable body-note marker for a more precise claim mapping.",,CIA; Frank Wisner and of Prescott Bush; Katharine Graham’s; Poppy Bush’s; Prescott Bush; World War II. Post,1,1,FALSE,FALSE,TRUE,FALSE,TRUE,FALSE,FALSE,Useful corroborating or contextual source for reconstructing Baker's evidence trail.,"Ch. 10, note 50: Bradlee served in naval intelligence during World War II. Post publisher Katharine Graham’s deceased father had been a great fan of the intelligence services, a close friend of CIA wunderkind Frank Wisner and of Prescott Bush—and a generous ground-floor investor in Poppy Bush’s first, fledgling Midland business, the landman firm of Bush-Overbey."
BKR-0484,PART_2,10,10:50,PRIMARY_CONTEMPORARY_NEWS,B,3,Deborah Davis,Katharine the Great: Katharine Graham and the Washington Post,"Bethesda, MD: National Press, 1979",1979,,,,Baker cites this source in chapter 10 in connection with Katharine the Great: Katharine Graham and the Washington Post; the OCR text does not preserve a reliable body-note marker for a more precise claim mapping.,,Katharine Graham and the Washington Post; Katharine the Great; National Press,1,1,TRUE,FALSE,FALSE,FALSE,FALSE,FALSE,FALSE,Useful corroborating or contextual source for reconstructing Baker's evidence trail.,"Ch. 10, note 50: See Deborah Davis, Katharine the Great: Katharine Graham and the Washington Post (Bethesda, MD: National Press, 1979)."
BKR-0485,PART_2,10,10:53,PRIMARY_CONTEMPORARY_NEWS,B,3,Eric Boehlert,"Team Bush Declares War on the New York Times,",New York Times,"October 19, 2004",,,,"Baker cites this source in chapter 10 in connection with Team Bush Declares War on the New York Times,; the OCR text does not preserve a reliable body-note marker for a more precise claim mapping.",,Eric Boehlert; Team Bush Declares War,1,1,TRUE,FALSE,FALSE,FALSE,FALSE,FALSE,FALSE,Useful corroborating or contextual source for reconstructing Baker's evidence trail.,"Ch. 10, note 53: Eric Boehlert, “Team Bush Declares War on the New York Times,” Guardian (U.K.), October 19, 2004."
BKR-0486,PART_2,10,10:54,PRIMARY_CONTEMPORARY_NEWS,B,3,Richard Harwood,"O What a Tangled Web the CIA Wove,",Washington Post,,CIA Wove,CIA,,"Baker cites this source in chapter 10 in connection with O What a Tangled Web the CIA Wove,; the OCR text does not preserve a reliable body-note marker for a more precise claim mapping.","Original CIA referenced or described by this secondary source, with complete provenance",CIA; Richard Harwood; Tangled Web the CIA Wove; Washington Post,1,1,TRUE,FALSE,TRUE,FALSE,TRUE,FALSE,FALSE,Useful corroborating or contextual source for reconstructing Baker's evidence trail.,"Ch. 10, note 54: Richard Harwood, “O What a Tangled Web the CIA Wove,” Washington Post, February"
BKR-0487,PART_2,10,10:61,MEMOIR_AUTOBIOGRAPHY,C,3,,house appearsto have been obscured by Barbara Bush in an error she introduced into her book Barbara Bush: A Memoir—in almost exactly the manner she had used with the letters she wrote a,,"November 22, 1963",,,90,Baker cites this source in chapter 10 in connection with house appearsto have been obscured by Barbara Bush in an error she introduced into her book Barbara Bush: A Memoir—in almost exactly the manner she had used with the letters she wrote a; the OCR text does not preserve a reliable body-note marker for a more precise claim mapping.,,Aleene Smith; Barbara Bush; Jane Kenny; State Department; Tom Lias,1,1,FALSE,FALSE,FALSE,FALSE,TRUE,FALSE,FALSE,Useful corroborating or contextual source for reconstructing Baker's evidence trail.,"Ch. 10, note 61: The important fact that Poppy had hired Lias out of his office supervising Townhouse appearsto have been obscured by Barbara Bush in an error she introduced into her book Barbara Bush: A Memoir—in almost exactly the manner she had used with the letters she wrote about November 22, 1963. “There were 11 floors of State Department people at the US mission—for the most part, very able and dedicated people,” wrote Barbara. “George brought Tom Lias, Jane Kenny, and Aleene Smith with him from his congressional office.” Barbara Bush: A Memoir (New York: Scribner, 1994), p. 90."
BKR-0488,PART_2,10,10:62,PRIMARY_CONTEMPORARY_NEWS,B,3,,"John Dean’s phone logs, NationalArchives.",Nation,,,,,"Baker cites this source in chapter 10 in connection with John Dean’s phone logs, NationalArchives.; the OCR text does not preserve a reliable body-note marker for a more precise claim mapping.",,John Dean’s,1,1,TRUE,FALSE,FALSE,FALSE,FALSE,TRUE,TRUE,Useful corroborating or contextual source for reconstructing Baker's evidence trail.,"Ch. 10, note 62: John Dean’s phone logs, NationalArchives."
BKR-0489,PART_2,10;11,10:64;11:1,SECONDARY_BOOK,B,3,Lowell P. Weicker Jr.,"with Barry Sussman, Maverick: A Life in Politics","New York: Little, Brown and Company, 1995",1995,,,27-28; 54,"Baker cites this source in chapter 10 in connection with with Barry Sussman, Maverick: A Life in Politics; the OCR text does not preserve a reliable body-note marker for a more precise claim mapping. | Baker cites this in support of the surrounding discussion: Bud Krogh.” On March 24, Krogh shifted gears, including Dean on a list of four people he was recommending for “personnel recruitment.” It is not clear how Krogh knew Dean or why he became so determined to bring Dean into the White House—or whether he was told to do so. “He has been one of my closest confidants in developing Congressional strategy,” Krogh wrote to Haldeman. Krogh ultimately got Dean hired without a background check.t",,Barry Sussman; Brown and Company; Lowell P. Weicker Jr,2,2,FALSE,FALSE,FALSE,FALSE,FALSE,FALSE,FALSE,Useful corroborating or contextual source for reconstructing Baker's evidence trail.,"Ch. 10, note 64: Lowell P. Weicker Jr., with Barry Sussman, Maverick: A Life in Politics (New York: Little, Brown and Company, 1995), pp. 27-28. || Ch. 11, note 1: Lowell P. Weicker Jr. with Barry Sussman, Maverick: A Life in Politics (Boston, Little, Brown, 1995), pp. 54, 59-60."
BKR-0490,PART_2,10,10:70,OTHER,C,3,,House members,,,,,,Baker cites this source in chapter 10 in connection with House members; the OCR text does not preserve a reliable body-note marker for a more precise claim mapping.,,GOP House,1,1,FALSE,FALSE,FALSE,FALSE,TRUE,FALSE,FALSE,Useful corroborating or contextual source for reconstructing Baker's evidence trail.,"Ch. 10, note 70: The Bull Elephant Club was composed of male assistants to GOP House members."
BKR-0491,PART_2,10,10:74;10:75,SECONDARY_BOOK,B,3,“Telephone conversation,"the President and John Dean, March 20, 1973, 7:29—7:43P.M.,” The White House Transcripts","New York: Viking Press, 1974","March 20, 1973",,,128; 130-31,"Baker cites this source in chapter 10 in connection with the President and John Dean, March 20, 1973, 7:29—7:43P.M.,” The White House Transcripts; the OCR text does not preserve a reliable body-note marker for a more precise claim mapping.",,President and John Dean; Viking Press,2,1,FALSE,FALSE,FALSE,FALSE,FALSE,FALSE,FALSE,Useful corroborating or contextual source for reconstructing Baker's evidence trail.,"Ch. 10, note 74: “Telephone conversation, the President and John Dean, March 20, 1973, 7:29—7:43P.M.,” The White House Transcripts (New York: Viking Press, 1974), p. 128. || Ch. 10, note 75: Ibid., pp. 130-31."
BKR-0492,PART_2,10,10:76,OTHER,C,3,John H. Taylor,"Cutting the NixonTapes,",,1998,,,,"Baker cites this source in chapter 10 in connection with Cutting the NixonTapes,; the OCR text does not preserve a reliable body-note marker for a more precise claim mapping.",,American Spectator; Cutting the NixonTapes; John H. Taylor,1,1,FALSE,FALSE,FALSE,FALSE,TRUE,FALSE,FALSE,Useful corroborating or contextual source for reconstructing Baker's evidence trail.,"Ch. 10, note 76: See also John H. Taylor, “Cutting the NixonTapes,” American Spectator, March 1998."
BKR-0493,PART_2,11,11:2,OTHER,C,3,,"According to a February 16, 1972, memo from Gordon Strachan to H.",,"February 16, 1972",,,,"Baker cites this in support of the surrounding discussion: The person who was most potentially problematic in that regard was Carmine Bellino, the Senate committee’s chief investigator. An old associate of the Kennedys, he had been around the block a few times—and if anything smelling of 1963 surfaced, he would be most likely to follow it up.",,Ed DeBolt; Florida and Texas; Gordon Strachan; H. R. Haldeman; January and; RNC,1,1,FALSE,FALSE,FALSE,FALSE,TRUE,FALSE,FALSE,Useful corroborating or contextual source for reconstructing Baker's evidence trail.,"Ch. 11, note 2: According to a February 16, 1972, memo from Gordon Strachan to H. R. Haldeman: “The registration drive (Target ’72) begins in Florida and Texas in January and will continue through the spring. Ed DeBolt at the RNC is the man responsible to register 11.2 million Republicans by May 15 and 8 million by October 1972.”"
BKR-0494,PART_2,11,11:4,OTHER,C,3,Richard J. McGowan,"Watergate Revisited,",,2003,,,,"Baker cites this in support of the surrounding discussion: If he was one of the recipients, whether as beneficiary or victim of a setup, how could he be one of the authors of the scheme itself? And if that failed, he also had a perfect friend: Leon Jaworski.O",,Barnes Review; Richard J. McGowan; Watergate; Watergate Revisited,1,1,FALSE,FALSE,FALSE,FALSE,TRUE,FALSE,FALSE,Useful corroborating or contextual source for reconstructing Baker's evidence trail.,"Ch. 11, note 4: Richard J. McGowan, “Watergate Revisited,” Barnes Review, March 2003."
BKR-0495,PART_2,11,11:6,PRIMARY_CONTEMPORARY_NEWS,B,3,,"Weicker, Maverick, p.",Time,1970,,,63,"Baker cites this source in chapter 11 in connection with Weicker, Maverick, p.; the OCR text does not preserve a reliable body-note marker for a more precise claim mapping.","Original interview referenced or described by this secondary source, with complete provenance",D.C. As Weicker,1,1,TRUE,FALSE,FALSE,TRUE,FALSE,FALSE,FALSE,Useful corroborating or contextual source for reconstructing Baker's evidence trail.,"Ch. 11, note 6: Weicker, Maverick, p. 63. Back in 1970, according to Gleason, when he had tried to deliver the cash to Weicker, he had not been able to make it all the way to Connecticut that day. Instead, he had made the delivery to Weicker’s campaign committee in Washington, D.C. As Weicker explained to me in a 2008 interview, “Jack didn’t have the time, and I didn’t have the time to meet him, to receive the money personally. And therefore, probably by luck, I escaped the violation of the law. Had I received it, instead of my campaign manager [who duly reported the donation], that would have been something different.”"
BKR-0496,PART_2,11,11:12,OTHER,C,3,,"Unpublished interview by Len Colodny of John Ehrlichman, April 29, 1986.",,"April 29, 1986",,,,"Baker cites this source in chapter 11 in connection with Unpublished interview by Len Colodny of John Ehrlichman, April 29, 1986.; the OCR text does not preserve a reliable body-note marker for a more precise claim mapping.",,Len Colodny of John Ehrlichman,1,1,FALSE,FALSE,FALSE,FALSE,TRUE,FALSE,FALSE,Useful corroborating or contextual source for reconstructing Baker's evidence trail.,"Ch. 11, note 12: Unpublished interview by Len Colodny of John Ehrlichman, April 29, 1986."
BKR-0497,PART_2,11,11:14,OTHER,C,3,Charles W. Colson,Memorandum from Charles W. Colson to Len Colodny,,"June 23, 1993",,,,Baker cites this source in chapter 11 in connection with Memorandum from Charles W. Colson to Len Colodny; the OCR text does not preserve a reliable body-note marker for a more precise claim mapping.,,Charles W. Colson; Len Colodny,1,1,FALSE,FALSE,FALSE,FALSE,TRUE,FALSE,FALSE,Useful corroborating or contextual source for reconstructing Baker's evidence trail.,"Ch. 11, note 14: Unpublished memorandum from Charles W. Colson to Len Colodny, June 23, 1993."
BKR-0498,PART_2,11,11:16,SECONDARY_BOOK,B,3,For more on Krogh,"Prosterman, and Vietnam, see, generally: Egil “Bud” Krogh with MatthewKrogh, /ntegrity: Good People, Bad Choices and Life Lessons from the White House","New York: public affairs, 2007",2007,,,,"Baker cites this source in chapter 11 in connection with Prosterman, and Vietnam, see, generally: Egil “Bud” Krogh with MatthewKrogh, /ntegrity: Good People, Bad Choices and Life Lessons from the White House; the OCR text does not preserve a reliable body-note marker for a more precise claim mapping.",,Bad Choices and Life Lessons; Good People; White House,1,1,FALSE,FALSE,FALSE,FALSE,FALSE,FALSE,FALSE,Useful corroborating or contextual source for reconstructing Baker's evidence trail.,"Ch. 11, note 16: For more on Krogh, Prosterman, and Vietnam, see, generally: Egil “Bud” Krogh with MatthewKrogh, /ntegrity: Good People, Bad Choices and Life Lessons from the White House (New York: public affairs, 2007)."
BKR-0499,PART_2,11,11:20;11:23,MEMOIR_AUTOBIOGRAPHY,C,3,G. Gordon Liddy,Will: The Autobiography of G. Gordon Liddy,"New York: Macmillan, 1991",1991,,,251-52,Baker cites this source in chapter 11 in connection with Will: The Autobiography of G. Gordon Liddy; the OCR text does not preserve a reliable body-note marker for a more precise claim mapping.,,E. Howard Hunt; G. Gordon Liddy; Will. E. Howard Hunt,2,1,FALSE,FALSE,FALSE,TRUE,TRUE,FALSE,FALSE,Useful corroborating or contextual source for reconstructing Baker's evidence trail.,"Ch. 11, note 20: G. Gordon Liddy, Will: The Autobiography of G. Gordon Liddy (New York: Macmillan, 1991), pp. 251-52. || Ch. 11, note 23: Liddy, Will. E. Howard Hunt would later confirm Liddy’s version, reporting that Liddy explained, “Dean tells me there’s plenty of money available—half a million.”"
BKR-0500,PART_2,11,11:26,PRIMARY_CONTEMPORARY_NEWS,B,3,For an account of this from Robert Bennett,see the three-hour documentary John Ehrlichman.: In the Eye of the Storm,"American International Tele vision, 1997",1997,documentary,,,Baker cites this source in chapter 11 in connection with see the three-hour documentary John Ehrlichman.: In the Eye of the Storm; the OCR text does not preserve a reliable body-note marker for a more precise claim mapping.,,American International Tele; In the Eye of the Storm; John Ehrlichman; Robert Bennett; Tom Clancy,1,1,TRUE,FALSE,FALSE,FALSE,FALSE,FALSE,FALSE,Useful corroborating or contextual source for reconstructing Baker's evidence trail.,"Ch. 11, note 26: For an account of this from Robert Bennett, see the three-hour documentary John Ehrlichman.: In the Eye of the Storm (American International Tele vision, 1997), hosted by the author Tom Clancy."
BKR-0501,PART_2,11,11:29,PRIMARY_CONTEMPORARY_NEWS,B,3,J. Anthony Lukas,"“Good Man’s Bad Book, Bad Man’s Good Book,",New York Times,"October 31, 1976",,,,"Baker cites this source in chapter 11 in connection with “Good Man’s Bad Book, Bad Man’s Good Book,; the OCR text does not preserve a reliable body-note marker for a more precise claim mapping.",,Bad Man’s Good Book; Good Man’s Bad Book; J. Anthony Lukas,1,1,TRUE,FALSE,FALSE,FALSE,FALSE,FALSE,FALSE,Useful corroborating or contextual source for reconstructing Baker's evidence trail.,"Ch. 11, note 29: J. Anthony Lukas, ““Good Man’s Bad Book, Bad Man’s Good Book,” New York Times Book Review, October 31, 1976."
BKR-0502,PART_2,11,11:33,OTHER,C,3,Bill Choyke,Is Fensterwald a CIA Plant?,CIA,"October 4, 1976",CIA Plant,CIA,,Baker cites this source in chapter 11 in connection with Is Fensterwald a CIA Plant?; the OCR text does not preserve a reliable body-note marker for a more precise claim mapping.,,Bill Choyke; CIA; CIA Plant; Is Fensterwald; Washington Star,1,1,FALSE,FALSE,TRUE,FALSE,TRUE,FALSE,FALSE,Useful corroborating or contextual source for reconstructing Baker's evidence trail.,"Ch. 11, note 33: Bill Choyke, “Is Fensterwald a CIA Plant?” Washington Star, October 4, 1976."
BKR-0503,PART_2,11,11:34;11:68,SECONDARY_BOOK,B,3,Philip Agee and Louis Wolf,Dirty Work: The CIA in Western Europe,"New York: Lyle Stuart, 1978",1978,CIA in Western Europe,CIA,133,Baker cites this source in chapter 11 in connection with Dirty Work: The CIA in Western Europe; the OCR text does not preserve a reliable body-note marker for a more precise claim mapping.,"Original CIA referenced or described by this secondary source, with complete provenance",CIA; Dirty Work; Lyle Stuart; Philip Agee and Louis Wolf; Western Europe,2,1,FALSE,FALSE,TRUE,FALSE,TRUE,FALSE,FALSE,Useful corroborating or contextual source for reconstructing Baker's evidence trail.,"Ch. 11, note 34: Philip Agee and Louis Wolf, Dirty Work: The CIA in Western Europe (New York: Lyle Stuart, 1978), p. 133. || Ch. 11, note 68: Philip Agee and Louis Wolf, Dirty Work: The CIA in Western Europe (New York: Lyle Stuart, 1978), p. 133."
BKR-0504,PART_2,11,11:35,SECONDARY_BOOK,B,3,John Stauber and Sheldon Rampton,"Toxic Sludge Is Good for You: Lies, Damn Lies and the Public Relations Industry","Monroe, ME: Common Courage Press, 1995",1995,,,152-53,"Baker cites this source in chapter 11 in connection with Toxic Sludge Is Good for You: Lies, Damn Lies and the Public Relations Industry; the OCR text does not preserve a reliable body-note marker for a more precise claim mapping.",,Common Courage Press; Damn Lies and the Public Relations; John Stauber and Sheldon Rampton; Toxic Sludge Is Good for You,1,1,FALSE,FALSE,FALSE,FALSE,FALSE,FALSE,FALSE,Useful corroborating or contextual source for reconstructing Baker's evidence trail.,"Ch. 11, note 35: John Stauber and Sheldon Rampton, Toxic Sludge Is Good for You: Lies, Damn Lies and the Public Relations Industry (Monroe, ME: Common Courage Press, 1995), pp. 152-53."
BKR-0505,PART_2,11,11:36,PRIMARY_CONTEMPORARY_NEWS,B,3,Hays Gorey,"John Dean Warns: A Mile to Go,",Time,"June 4, 1973",,,,"Baker cites this source in chapter 11 in connection with John Dean Warns: A Mile to Go,; the OCR text does not preserve a reliable body-note marker for a more precise claim mapping.",,Hays Gorey; John Dean Warns,1,1,TRUE,FALSE,FALSE,FALSE,FALSE,FALSE,FALSE,Useful corroborating or contextual source for reconstructing Baker's evidence trail.,"Ch. 11, note 36: Hays Gorey, “John Dean Warns: A Mile to Go,” Time, June 4, 1973."
BKR-0506,PART_2,11,11:41;11:42,PRIMARY_CONTEMPORARY_NEWS,B,3,,"“Lowell Weicker Gets Mad,” Time, July 9, 1973.",Time,"July 9, 1973",,,,"Baker cites this source in chapter 11 in connection with “Lowell Weicker Gets Mad,” Time, July 9, 1973.; the OCR text does not preserve a reliable body-note marker for a more precise claim mapping. | Baker cites this source in chapter 11 in connection with Ibid.; the OCR text does not preserve a reliable body-note marker for a more precise claim mapping.",,Lowell Weicker Gets Mad,2,2,TRUE,FALSE,FALSE,FALSE,FALSE,TRUE,TRUE,Useful corroborating or contextual source for reconstructing Baker's evidence trail.,"Ch. 11, note 41: “Lowell Weicker Gets Mad,” Time, July 9, 1973. || Ch. 11, note 42: Ibid."
BKR-0507,PART_2,11,11:47,PRIMARY_CONTEMPORARY_NEWS,B,3,A. Robert Smith,"The Butterfield Exchange,",New York Times,"July 20, 1975",,,,"Baker cites this source in chapter 11 in connection with The Butterfield Exchange,; the OCR text does not preserve a reliable body-note marker for a more precise claim mapping.",,A. Robert Smith,1,1,TRUE,FALSE,FALSE,FALSE,FALSE,FALSE,FALSE,Useful corroborating or contextual source for reconstructing Baker's evidence trail.,"Ch. 11, note 47: A. Robert Smith, “The Butterfield Exchange,” New York Times, July 20, 1975."
BKR-0508,PART_2,11,11:53,SECONDARY_BOOK,B,3,See,"generally, Ken Gormley and Elliot Richardson, Archibald Cox: Conscience of a Nation","Cambridge, MA: DaCapo Press, 1999",1999,,,,"Baker cites this source in chapter 11 in connection with generally, Ken Gormley and Elliot Richardson, Archibald Cox: Conscience of a Nation; the OCR text does not preserve a reliable body-note marker for a more precise claim mapping.",,Archibald Cox; Colodny and Gettlin; Conscience of; DaCapo Press; Ken Gormley and Elliot Richardson; Silent Coup,1,1,FALSE,FALSE,FALSE,FALSE,FALSE,FALSE,FALSE,Useful corroborating or contextual source for reconstructing Baker's evidence trail.,"Ch. 11, note 53: See, generally, Ken Gormley and Elliot Richardson, Archibald Cox: Conscience of a Nation (Cambridge, MA: DaCapo Press, 1999); see also Colodny and Gettlin, Silent Coup, chapter 21."
BKR-0509,PART_2,11,11:54;11:55,MEMOIR_AUTOBIOGRAPHY,C,3,Leon Jaworski with Mickey Herskowitz,Confession and Avoidance: A Memoir,"Garden City, NY: Anchor, 1979",1979,,,183,Baker cites this source in chapter 11 in connection with Confession and Avoidance: A Memoir; the OCR text does not preserve a reliable body-note marker for a more precise claim mapping.,,Confession and Avoidance; Garden City; George W. Bush; George W. Bush’s; Leon Jaworski; Mickey Herskowitz,2,1,FALSE,FALSE,FALSE,FALSE,TRUE,FALSE,FALSE,Useful corroborating or contextual source for reconstructing Baker's evidence trail.,"Ch. 11, note 54: Leon Jaworski with Mickey Herskowitz, Confession and Avoidance: A Memoir (Garden City, NY: Anchor, 1979), p. 183. (Herskowitz would be George W. Bush’s temporary ghostwriter twenty years later. || Ch. 11, note 55: Jaworski, Confession and Avoidance, pp. 183, 195."
BKR-0510,PART_2,11,11:57,SECONDARY_BOOK,B,3,Bernard A. Weisberger,"Cold War, Cold Peace: The United States and Rus sia Since 1945","Boston: Houghton Mifflin, 1984",1945,,,295,"Baker cites this source in chapter 11 in connection with Cold War, Cold Peace: The United States and Rus sia Since 1945; the OCR text does not preserve a reliable body-note marker for a more precise claim mapping.",,Bernard A. Weisberger; Cold Peace; Cold War; Houghton Mifflin,1,1,FALSE,FALSE,FALSE,FALSE,FALSE,FALSE,FALSE,Useful corroborating or contextual source for reconstructing Baker's evidence trail.,"Ch. 11, note 57: Bernard A. Weisberger, Cold War, Cold Peace: The United States and Rus sia Since 1945 (Boston: Houghton Mifflin, 1984), p. 295."
BKR-0511,PART_2,11,11:58,SECONDARY_BOOK,B,3,Joseph A. Califano Jr.,Inside: A Public and Private Life,"New York: PublicA ffairs, 2004",2004,,,216-17,Baker cites this source in chapter 11 in connection with Inside: A Public and Private Life; the OCR text does not preserve a reliable body-note marker for a more precise claim mapping.,,Joseph A. Califano Jr; Public and Private Life,1,1,FALSE,FALSE,FALSE,FALSE,FALSE,FALSE,FALSE,Useful corroborating or contextual source for reconstructing Baker's evidence trail.,"Ch. 11, note 58: Joseph A. Califano Jr., Inside: A Public and Private Life (New York: PublicA ffairs, 2004), pp. 216-17."
BKR-0512,PART_2,11,11:59;11:60,MEMOIR_AUTOBIOGRAPHY,C,3,George Bush,All the Best: My Life in Letters and Other Writings,"New York: Scribner, 1999",1999,,,186,Baker cites this source in chapter 11 in connection with All the Best: My Life in Letters and Other Writings; the OCR text does not preserve a reliable body-note marker for a more precise claim mapping.,,All the Best; George Bush; Letters and Other Writings,2,1,FALSE,FALSE,FALSE,FALSE,TRUE,FALSE,FALSE,Useful corroborating or contextual source for reconstructing Baker's evidence trail.,"Ch. 11, note 59: George Bush, All the Best: My Life in Letters and Other Writings (New York: Scribner, 1999), p. 186. || Ch. 11, note 60: Ibid., p. 186."
BKR-0513,PART_2,11,11:61,PRIMARY_CONTEMPORARY_NEWS,B,3,,"“Reagan Seeks Leon Jaworski’s Backing,” Newsweek, September 29, 1980.",Newsweek,"September 29, 1980",,,,"Baker cites this source in chapter 11 in connection with “Reagan Seeks Leon Jaworski’s Backing,” Newsweek, September 29, 1980.; the OCR text does not preserve a reliable body-note marker for a more precise claim mapping.",,Reagan Seeks Leon Jaworski’s Backing,1,1,TRUE,FALSE,FALSE,FALSE,FALSE,TRUE,TRUE,Useful corroborating or contextual source for reconstructing Baker's evidence trail.,"Ch. 11, note 61: “Reagan Seeks Leon Jaworski’s Backing,” Newsweek, September 29, 1980."
BKR-0514,PART_2,11,11:62,PRIMARY_CONTEMPORARY_NEWS,B,3,,"CIA’s Covert Operations,” Washington Post, February 18, 1967",Washington Post,"February 18, 1967",,CIA,,"Baker cites this source in chapter 11 in connection with CIA’s Covert Operations,” Washington Post, February 18, 1967; the OCR text does not preserve a reliable body-note marker for a more precise claim mapping.","Original CIA referenced or described by this secondary source, with complete provenance",Business Leaders Are Tied; CIA; CIA’s Covert Operations; Washington Post,1,1,TRUE,FALSE,TRUE,FALSE,TRUE,FALSE,FALSE,Useful corroborating or contextual source for reconstructing Baker's evidence trail.,"Ch. 11, note 62: “Business Leaders Are Tied to CIA’s Covert Operations,” Washington Post, February 18, 1967."
BKR-0515,PART_2,11,11:64,PRIMARY_CONTEMPORARY_NEWS,B,3,,"Jaworski was not the only Texas Democrat who was cozy with Poppy in this period. Poppy would lunch weekly during his tenure as RNC chairman with his democratic National Committee counterpart, Robert Strauss of Dallas, a",Time,,,,,"Baker cites this source in chapter 11 in connection with Jaworski was not the only Texas Democrat who was cozy with Poppy in this period. Poppy would lunch weekly during his tenure as RNC chairman with his democratic National Committee counterpart, Robert Strauss of Dallas, a; the OCR text does not preserve a reliable body-note marker for a more precise claim mapping.",,All the Best; National Committee; RNC; Robert Strauss of Dallas; Texas Democrat; USSR. The,1,1,TRUE,FALSE,FALSE,FALSE,FALSE,TRUE,TRUE,Useful corroborating or contextual source for reconstructing Baker's evidence trail.,"Ch. 11, note 64: Jaworski was not the only Texas Democrat who was cozy with Poppy in this period. Poppy would lunch weekly during his tenure as RNC chairman with his democratic National Committee counterpart, Robert Strauss of Dallas, a conservative oil-industry lawyer. In his book All the Best, Poppy calls him “a great friend to this day.” As president, Poppy appointed Strauss ambassador to the USSR. The relationship underlines a longtime fact about Texas politics whose significance cannot be underlined too strongly. There were two types of Democrats in that state: the populists and the royalists, with the latter being Democrats more for historical and tribal reasons than ideological ones."
BKR-0516,PART_2,11,11:66,PRIMARY_CONTEMPORARY_NEWS,B,3,,House Panel Bars Pre-Nov,New York Times,"October 4, 1972",,,,Baker cites this source in chapter 11 in connection with House Panel Bars Pre-Nov; the OCR text does not preserve a reliable body-note marker for a more precise claim mapping.,,Bugging Case; House Panel Bars Pre-Nov,1,1,TRUE,FALSE,FALSE,FALSE,FALSE,FALSE,FALSE,Useful corroborating or contextual source for reconstructing Baker's evidence trail.,"Ch. 11, note 66: The five Democrats on the committee who voted against investigating seem to have had arange of motives, not the least of which was they were not inclined to support a controversial action close to election day. “House Panel Bars Pre-Nov. 7 Inquiry into Bugging Case,” New York Times, October 4, 1972."
BKR-0517,PART_2,11,11:69,PRIMARY_CONTEMPORARY_NEWS,B,3,Nicholas D. Kristof,"The Success of the President’s Men,",New York Times,"June 13, 1986",,,,"Baker cites this source in chapter 11 in connection with The Success of the President’s Men,; the OCR text does not preserve a reliable body-note marker for a more precise claim mapping.",,Nicholas D. Kristof,1,1,TRUE,FALSE,FALSE,FALSE,FALSE,FALSE,FALSE,Useful corroborating or contextual source for reconstructing Baker's evidence trail.,"Ch. 11, note 69: Nicholas D. Kristof, “The Success of the President’s Men,” New York Times, June 13, 1986."
BKR-0518,PART_2,11,11:70,OTHER,C,3,,House staff,,2000,documentary,,,Baker cites this source in chapter 11 in connection with House staff; the OCR text does not preserve a reliable body-note marker for a more precise claim mapping.,,Deep Throat. At; From Break-in; John Dean; Jonathan Curiel; Pulitzer Prize-winning; San Francisco Chronicle; University of Illinois; Watergate; Watergate Plus; White House; William Gaines and,1,1,FALSE,FALSE,FALSE,TRUE,TRUE,FALSE,FALSE,Useful corroborating or contextual source for reconstructing Baker's evidence trail.,"Ch. 11, note 70: From 2000 to 2002, Pulitzer Prize-winning reporter William Gaines and his journalism students at the University of Illinois attempted to uncover the identity of Deep Throat. At some point, according to the students’ Web site, John Dean “learned of the student project and helped with valuable first-person knowledge of the White House staff.” From an article about a Watergate documentary: “Dean says a younger generation has to be reminded of Watergate’s lessons—and that even those who remember the Watergate hearings need reminding exactly what happened. That’s why he was happy, he says, to be interviewed for “Watergate Plus 30.’... In the documentary, Dean says, ‘Unfortunately, I think the lesson of Watergate is “Don’t get caught.” ’” Jonathan Curiel, “From Break-in to Murder: The Watergate Plot Thickens in ‘Plus 30,’” San Francisco Chronicle, July 30, 2003."
BKR-0519,PART_2,11,11:71,PRIMARY_CONTEMPORARY_NEWS,B,3,Anne E. Kornblut,"Mystery Solved: The Sleuths,",New York Times,"June 2, 2005",,,,"Baker cites this source in chapter 11 in connection with Mystery Solved: The Sleuths,; the OCR text does not preserve a reliable body-note marker for a more precise claim mapping.",,Anne E. Kornblut; Mystery Solved,1,1,TRUE,FALSE,FALSE,FALSE,FALSE,FALSE,FALSE,Useful corroborating or contextual source for reconstructing Baker's evidence trail.,"Ch. 11, note 71: Anne E. Kornblut, “Mystery Solved: The Sleuths,” New York Times, June 2, 2005."
BKR-0520,PART_2,11,11:73,PRIMARY_CONTEMPORARY_NEWS,B,3,,ciated Press),Associated Press,"June 17, 1992",,,,Baker cites this source in chapter 11 in connection with ciated Press); the OCR text does not preserve a reliable body-note marker for a more precise claim mapping.,,Associated Press; Daily Oklahoman,1,1,TRUE,FALSE,FALSE,FALSE,TRUE,FALSE,FALSE,Useful corroborating or contextual source for reconstructing Baker's evidence trail.,"Ch. 11, note 73: Daily Oklahoman, June 17, 1992 (also distributed by the Associated Press)."
BKR-0521,PART_2,11,11:84,PRIMARY_CONTEMPORARY_NEWS,B,3,Walter Pincus and Bob Woodward,"Presidential Posts and Dashed Hopes,",Washington Post,"August 9, 1988",,,,"Baker cites this source in chapter 11 in connection with Presidential Posts and Dashed Hopes,; the OCR text does not preserve a reliable body-note marker for a more precise claim mapping.",,Presidential Posts and Dashed Hopes; Walter Pincus and Bob Woodward; Washington Post,1,1,TRUE,FALSE,FALSE,FALSE,FALSE,FALSE,FALSE,Useful corroborating or contextual source for reconstructing Baker's evidence trail.,"Ch. 11, note 84: Walter Pincus and Bob Woodward, “Presidential Posts and Dashed Hopes,” Washington Post, August 9, 1988."
BKR-0522,PART_2,12,12:1,PRIMARY_CONTEMPORARY_NEWS,B,3,Karen DeYoung and Walter Pincus,"CIA to Air Decades of Its Dirty Laundry,",Washington Post,"June 22, 2007",CIA to Air Decades of Its Dirty,CIA,,"Baker cites this source in chapter 12 in connection with CIA to Air Decades of Its Dirty Laundry,; the OCR text does not preserve a reliable body-note marker for a more precise claim mapping.","Original CIA referenced or described by this secondary source, with complete provenance",Air Decades of Its Dirty Laundry; CIA; Karen DeYoung and Walter Pincus; Washington Post,1,1,TRUE,FALSE,TRUE,FALSE,TRUE,FALSE,FALSE,Useful corroborating or contextual source for reconstructing Baker's evidence trail.,"Ch. 12, note 1: Karen DeYoung and Walter Pincus, “CIA to Air Decades of Its Dirty Laundry,” Washington Post, June 22, 2007."
BKR-0523,PART_2,12,12:2,OTHER,C,3,,"Warren Commission, Gerald Ford made numerous handwritten edits to the draft report",,,,,,Baker cites this in support of the surrounding discussion: Ford. He had been a member of the Warren Commission and had slightly altered text in the commission’s report in a manner that supported the “lone gunman” scenario.,,Gerald Ford; Warren Commission,1,1,FALSE,FALSE,FALSE,TRUE,TRUE,FALSE,FALSE,Useful corroborating or contextual source for reconstructing Baker's evidence trail.,"Ch. 12, note 2: As amember of the Warren Commission, Gerald Ford made numerous handwritten edits to the draft report. The original text on page 5 read, “A bullet had entered his back at a point slightly above the shoulder to the right of the spine.” Ford changed that sentence to read, “A bullet had entered the back of his neck at a point slightly to the right of the spine.” That change suggested a different trajectory from the initial description of the bullet wound in Kennedy’s back to an entry point higher up in his body."
BKR-0524,PART_2,12,12:7,OTHER,C,3,,"Senate Intelligence Committee chaired by Senator Frank Church that the Rockefeller Commission had been set up to preempt, if not to convince Congress that its own investigation was not n",,,,,,"Baker cites this source in chapter 12 in connection with Senate Intelligence Committee chaired by Senator Frank Church that the Rockefeller Commission had been set up to preempt, if not to convince Congress that its own investigation was not n; the OCR text does not preserve a reliable body-note marker for a more precise claim mapping.",,Rockefeller Commission; Senate Intelligence Committee; Senator Frank Church,1,1,FALSE,FALSE,FALSE,FALSE,TRUE,FALSE,FALSE,Useful corroborating or contextual source for reconstructing Baker's evidence trail.,"Ch. 12, note 7: It was, in fact, the Senate Intelligence Committee chaired by Senator Frank Church that the Rockefeller Commission had been set up to preempt, if not to convince Congress that its own investigation was not needed."
BKR-0525,PART_2,12,12:9,OTHER,C,3,,"CIA attempts to assassinate foreign leaders in the Congo,the Dominican Republic, Vietnam, and Chile, as well as the agency’s having withheld from the Warren Commission information on",FBI; CIA,,CIA attempts to assassinate foreign leaders in,FBI; CIA,,"Baker cites this source in chapter 12 in connection with CIA attempts to assassinate foreign leaders in the Congo,the Dominican Republic, Vietnam, and Chile, as well as the agency’s having withheld from the Warren Commission information on; the OCR text does not preserve a reliable body-note marker for a more precise claim mapping.",,Among the; CIA; Dominican Republic; Dr. Benjamin Spock; Dr. Martin Luther King Jr; FBI; Fidel Castro. The Church Committee; Joan Baez; Operation Chaos; Project MINARET. Americans; Warren Commission,1,1,FALSE,FALSE,TRUE,FALSE,TRUE,FALSE,FALSE,Useful corroborating or contextual source for reconstructing Baker's evidence trail.,"Ch. 12, note 9: Among the matters investigated were CIA attempts to assassinate foreign leaders in the Congo,the Dominican Republic, Vietnam, and Chile, as well as the agency’s having withheld from the Warren Commission information on the CIA’s efforts to use the Mafia to kill Fidel Castro. The Church Committee also discovered a host of domestic programs aimed at American citizens: COINTELPRO, Operation Chaos, and other related domestic political operations. The committee found that the CIA, in tandem with the FBI, the NSA, and other military intelligence agencies, ran a clandestine and highly illegal surveillance operation called Project MINARET. Americans deemed “subversive” were placed on “watch lists” for electronic surveillance. The watch lists were populated by civil rights and antiwar leaders like Dr. Martin Luther King Jr., Malcolm X, Dr. Benjamin Spock, and Joan Baez."
BKR-0526,PART_2,12,12:13,SECONDARY_BOOK,B,3,Henry Kissinger,Years of Upheaval,"Boston: Little, Brown & Co., 1982",1982,,,153,Baker cites this source in chapter 12 in connection with Years of Upheaval; the OCR text does not preserve a reliable body-note marker for a more precise claim mapping.,,Brown & Co; Henry Kissinger; Years of Upheaval,1,1,FALSE,FALSE,FALSE,FALSE,FALSE,FALSE,FALSE,Useful corroborating or contextual source for reconstructing Baker's evidence trail.,"Ch. 12, note 13: Henry Kissinger, Years of Upheaval (Boston: Little, Brown & Co., 1982), p. 153."
BKR-0527,PART_2,12,12:14,OTHER,C,3,Thomas Powers,"Inside the Department of Dirty Tricks,",,1979,,,,"Baker cites this source in chapter 12 in connection with Inside the Department of Dirty Tricks,; the OCR text does not preserve a reliable body-note marker for a more precise claim mapping.",,Atlantic Monthly; Inside the Department of Dirty Tricks; Thomas Powers,1,1,FALSE,FALSE,FALSE,FALSE,TRUE,FALSE,FALSE,Useful corroborating or contextual source for reconstructing Baker's evidence trail.,"Ch. 12, note 14: Also see Thomas Powers, “Inside the Department of Dirty Tricks,” Atlantic Monthly, August 1979."
BKR-0528,PART_2,12,12:14,PRIMARY_CONTEMPORARY_NEWS,B,3,,cials had previously been privy to the scope of its illegal activities,Washington Post,2007,CIA to Air De cades of Its,CIA,,Baker cites this source in chapter 12 in connection with cials had previously been privy to the scope of its illegal activities; the OCR text does not preserve a reliable body-note marker for a more precise claim mapping.,"Original CIA/declassified/file referenced or described by this secondary source, with complete provenance",CIA; DeYoung and Pincus; Family Jewels; Its Dirty Laundry; September of; Washington Post; When the; White House,1,1,TRUE,FALSE,TRUE,TRUE,TRUE,FALSE,FALSE,Useful corroborating or contextual source for reconstructing Baker's evidence trail.,"Ch. 12, note 14: When the original text of “Family Jewels” was finally declassified in 2007, the Washington Post reported, “Only a few officials had previously been privy to the scope of its illegal activities. Schlesinger collected the reports, some of which dated to the 1950s, in a folder that was inherited by his successor, Colby, in September of that year. But it was not until Hersh’s article that Colby took the file to the White House.” DeYoung and Pincus, “CIA to Air De cades of Its Dirty Laundry.”"
BKR-0529,PART_2,12,12:16,PRIMARY_CONTEMPORARY_NEWS,B,3,,"“A Breezy Head of the C.I.A.,” New York Times, November 4, 1975.",New York Times,"November 4, 1975",,,,"Baker cites this source in chapter 12 in connection with “A Breezy Head of the C.I.A.,” New York Times, November 4, 1975.; the OCR text does not preserve a reliable body-note marker for a more precise claim mapping.",,Breezy Head of the C.I.A,1,1,TRUE,FALSE,FALSE,FALSE,FALSE,TRUE,TRUE,Useful corroborating or contextual source for reconstructing Baker's evidence trail.,"Ch. 12, note 16: “A Breezy Head of the C.I.A.,” New York Times, November 4, 1975."
BKR-0530,PART_2,12,12:17,PRIMARY_CONTEMPORARY_NEWS,B,3,,"“Bush Explains Decision,” New York Times, November 4, 1975.",New York Times,"November 4, 1975",,,,"Baker cites this source in chapter 12 in connection with “Bush Explains Decision,” New York Times, November 4, 1975.; the OCR text does not preserve a reliable body-note marker for a more precise claim mapping.",,Bush Explains Decision,1,1,TRUE,FALSE,FALSE,FALSE,FALSE,TRUE,TRUE,Useful corroborating or contextual source for reconstructing Baker's evidence trail.,"Ch. 12, note 17: “Bush Explains Decision,” New York Times, November 4, 1975."
BKR-0531,PART_2,12,12:18,OTHER,C,3,,"See Tarpley, p.",Gerald R. Ford Presidential Library,,,Gerald R. Ford Presidential Library,293,"Baker cites this source in chapter 12 in connection with See Tarpley, p.; the OCR text does not preserve a reliable body-note marker for a more precise claim mapping.",,Ann Arbor; Gerald R. Ford Presidential Library; Philip Buchen Files,1,1,FALSE,FALSE,TRUE,FALSE,TRUE,FALSE,FALSE,Useful corroborating or contextual source for reconstructing Baker's evidence trail.,"Ch. 12, note 18: See Tarpley, p. 293, footnote 4; found in Philip Buchen Files, Box 24, Gerald R. Ford Presidential Library, Ann Arbor, Michigan."
BKR-0532,PART_2,12,12:19,PRIMARY_CONTEMPORARY_NEWS,B,3,Bill Peterson,"Bush Says He Reported 1970 ‘Townhouse’ Donation,",Washington Post,1970,,,,"Baker cites this source in chapter 12 in connection with Bush Says He Reported 1970 ‘Townhouse’ Donation,; the OCR text does not preserve a reliable body-note marker for a more precise claim mapping.",,Bill Peterson; Bush Says He Reported; Townhouse’ Donation; Washington Post,1,1,TRUE,FALSE,FALSE,TRUE,FALSE,FALSE,FALSE,Useful corroborating or contextual source for reconstructing Baker's evidence trail.,"Ch. 12, note 19: Bill Peterson, “Bush Says He Reported 1970 ‘Townhouse’ Donation,” Washington Post, February 8, 1980."
BKR-0533,PART_2,12,12:20,PRIMARY_CONTEMPORARY_NEWS,B,3,Nicholas M. Horrock,"Mr. Bush Does Not Fit the Top-Spy Mold,",New York Times,"November 9, 1975",,,,"Baker cites this source in chapter 12 in connection with Mr. Bush Does Not Fit the Top-Spy Mold,; the OCR text does not preserve a reliable body-note marker for a more precise claim mapping.",,Mr. Bush Does Not Fit the; Nicholas M. Horrock; Top-Spy Mold,1,1,TRUE,FALSE,FALSE,FALSE,FALSE,FALSE,FALSE,Useful corroborating or contextual source for reconstructing Baker's evidence trail.,"Ch. 12, note 20: Nicholas M. Horrock, “Mr. Bush Does Not Fit the Top-Spy Mold,” New York Times, November 9, 1975."
BKR-0534,PART_2,12,12:22,PRIMARY_CONTEMPORARY_NEWS,B,3,Walter Pincus and Bob Woodward,"Presidential Posts and Dashed Hopes; Appointive Jobs Were Turning Point,",Washington Post,"August 9, 1988",,,,"Baker cites this in support of the surrounding discussion: Because of his partisan background and his aspirations to higher office, he was a somewhat controversial choice for a post that required at least the appearance of political neutrality. Senator Frank Church expressed his concern that a political figure would lead what was intended to be the “least political and most sensitive agency in Washington.”",,Appointive Jobs Were Turning Point; Presidential Posts and Dashed Hopes; Walter Pincus and Bob Woodward; Washington Post,1,1,TRUE,FALSE,FALSE,FALSE,FALSE,FALSE,FALSE,Useful corroborating or contextual source for reconstructing Baker's evidence trail.,"Ch. 12, note 22: Walter Pincus and Bob Woodward, “Presidential Posts and Dashed Hopes; Appointive Jobs Were Turning Point,” Washington Post, August 9, 1988."
BKR-0535,PART_2;PART_3,12;14;21,12:24;14:8;21:21,SECONDARY_BOOK,B,3,Count de Marenches and David A. Andelman,The Fourth World War: Diplomacy and Espionage in the Age of Terrorism,"New York: William Morrow and Company, 1992",1992,,,248-49; 254,"Baker cites this in support of the surrounding discussion: The oilman told the researcher, “I told everything I knew to the Warren Commission. What is your interest in all of this?” When Canfield answered, “Oh, I’m just curious, that’s all.” Raigorodsky retorted, “But don’t you know that curiosity killed the cat?” | Baker cites this source in chapter 14 in connection with The Fourth World War: Diplomacy and Espionage in the Age of Terrorism; the OCR text does not preserve a reliable body-note marker for a more precise claim mapping. | Baker cites this source in chapter 21 in connection with The Fourth World War: Diplomacy and Espionage in the Age of Terrorism; the OCR text does not preserve a reliable body-note marker for a more precise claim mapping.",,Age of Terrorism; Diplomacy and Espionage; Marenches and David A. Andelman; Warren Commission; William Morrow; William Morrow and Company,3,3,FALSE,FALSE,FALSE,FALSE,FALSE,FALSE,FALSE,Useful corroborating or contextual source for reconstructing Baker's evidence trail.,"Ch. 12, note 24: Count de Marenches and David A. Andelman, The Fourth World War: Diplomacy and Espionage in the Age of Terrorism (New York: William Morrow and Company, 1992), pp. 248-49. || Ch. 14, note 8: Count de Marenches and David A. Andelman, The Fourth World War: Diplomacy and Espionage in the Age of Terrorism (New York: William Morrow and Company, 1992), pp. 248-49. || Ch. 21, note 21: Count de Marenches and David A. Andelman, The Fourth World War: Diplomacy and Espionage in the Age of Terrorism (New York: William Morrow, 1992), p. 254."
BKR-0536,PART_2,12,12:25,SECONDARY_BOOK,B,3,Tim Weiner,Legacy of Ashes,"New York: Doubleday, 2007",2007,,,324,Baker cites this source in chapter 12 in connection with Legacy of Ashes; the OCR text does not preserve a reliable body-note marker for a more precise claim mapping.,,Legacy of Ashes; Tim Weiner,1,1,FALSE,FALSE,FALSE,FALSE,FALSE,FALSE,FALSE,Useful corroborating or contextual source for reconstructing Baker's evidence trail.,"Ch. 12, note 25: Also see Tim Weiner, Legacy of Ashes (New York: Doubleday, 2007), p. 324."
BKR-0537,PART_2,12,12:25,SECONDARY_BOOK,B,3,John Ranelagh,The Agency: The Rise and Decline of the CIA,"New York: Simon & Schuster, 1986",1986,,CIA,576,Baker cites this source in chapter 12 in connection with The Agency: The Rise and Decline of the CIA; the OCR text does not preserve a reliable body-note marker for a more precise claim mapping.,"Original CIA referenced or described by this secondary source, with complete provenance",CIA; John Ranelagh; Simon & Schuster,1,1,FALSE,FALSE,TRUE,FALSE,TRUE,FALSE,FALSE,Useful corroborating or contextual source for reconstructing Baker's evidence trail.,"Ch. 12, note 25: John Ranelagh, The Agency: The Rise and Decline of the CIA (New York: Simon & Schuster, 1986), p. 576."
BKR-0538,PART_2,12,12:26,SECONDARY_BOOK,B,3,Loch K. Johnson,A Season of Inquiry: The Senate Intelligence Investigation,"Lexington: University Press of Kentucky, 1985",1985,,,108-9,Baker cites this source in chapter 12 in connection with A Season of Inquiry: The Senate Intelligence Investigation; the OCR text does not preserve a reliable body-note marker for a more precise claim mapping.,,Loch K. Johnson; Season of Inquiry; University Press of Kentucky,1,1,FALSE,FALSE,FALSE,FALSE,FALSE,FALSE,FALSE,Useful corroborating or contextual source for reconstructing Baker's evidence trail.,"Ch. 12, note 26: Loch K. Johnson, A Season of Inquiry: The Senate Intelligence Investigation (Lexington: University Press of Kentucky, 1985), pp. 108-9."
BKR-0539,PART_2,12,12:30,PRIMARY_CONTEMPORARY_NEWS,B,3,,"Nicholas M. Horrock, untitled article, New York Times, February 18, 1976.",New York Times,"February 18, 1976",,,,"Baker cites this source in chapter 12 in connection with Nicholas M. Horrock, untitled article, New York Times, February 18, 1976.; the OCR text does not preserve a reliable body-note marker for a more precise claim mapping.",,Nicholas M. Horrock,1,1,TRUE,FALSE,FALSE,FALSE,FALSE,TRUE,TRUE,Useful corroborating or contextual source for reconstructing Baker's evidence trail.,"Ch. 12, note 30: Nicholas M. Horrock, untitled article, New York Times, February 18, 1976."
BKR-0540,PART_2,12,12:31,PRIMARY_CONTEMPORARY_NEWS,B,3,Fareed Zakaria,"Exaggerating the Threats,",Newsweek,"June 16, 2003",,,,"Baker cites this source in chapter 12 in connection with Exaggerating the Threats,; the OCR text does not preserve a reliable body-note marker for a more precise claim mapping.",,Exaggerating the Threats; Fareed Zakaria,1,1,TRUE,FALSE,FALSE,FALSE,FALSE,FALSE,FALSE,Useful corroborating or contextual source for reconstructing Baker's evidence trail.,"Ch. 12, note 31: Fareed Zakaria, “Exaggerating the Threats,” Newsweek, June 16, 2003."
BKR-0541,PART_2,12,12:32,SECONDARY_BOOK,B,3,John Dinges,The Condor Years: How Pinochet and His Allies Brought Terrorism to Three Continents,"New York: New Press, 2004",2004,,,,Baker cites this source in chapter 12 in connection with The Condor Years: How Pinochet and His Allies Brought Terrorism to Three Continents; the OCR text does not preserve a reliable body-note marker for a more precise claim mapping.,,How Pinochet and His Allies Brought; John Dinges; New Press; Three Continents; Washington Post’s South America,1,1,FALSE,FALSE,FALSE,FALSE,FALSE,FALSE,FALSE,Useful corroborating or contextual source for reconstructing Baker's evidence trail.,"Ch. 12, note 32: John Dinges, The Condor Years: How Pinochet and His Allies Brought Terrorism to Three Continents (New York: New Press, 2004); Dinges was the Washington Post’s South America correspondent from 1975 to 1983."
BKR-0542,PART_2,12,12:33,OTHER,C,3,,"house that it once was, Reader s Digest has remained a “reliable” publication",,,,,,"Baker cites this source in chapter 12 in connection with house that it once was, Reader s Digest has remained a “reliable” publication; the OCR text does not preserve a reliable body-note marker for a more precise claim mapping.",,Corporation for Public Broadcasting; George W. Bush; Kenneth Tomlinson; When George W. Bush,1,1,FALSE,FALSE,FALSE,FALSE,TRUE,FALSE,FALSE,Useful corroborating or contextual source for reconstructing Baker's evidence trail.,"Ch. 12, note 33: Though no longer the powerhouse that it once was, Reader s Digest has remained a “reliable” publication. When George W. Bush became president, he would install a top Reader '’s Digest executive, Kenneth Tomlinson, to lead the Corporation for Public Broadcasting, with the mandate to exorcise a perceived liberal slant, particularly at PBS."
BKR-0543,PART_2,12,12:34,OTHER,C,3,,FBI assistant director Louis B,FBI,,FBI assistant director Louis B,FBI,,Baker cites this source in chapter 12 in connection with FBI assistant director Louis B; the OCR text does not preserve a reliable body-note marker for a more precise claim mapping.,,FBI; Fulton Oursler; Hoover and; Louis B. Nichols; Reader's Digest,1,1,FALSE,FALSE,TRUE,FALSE,TRUE,FALSE,FALSE,Useful corroborating or contextual source for reconstructing Baker's evidence trail.,"Ch. 12, note 34: Fulton Oursler worked closely with Hoover and later, as a senior editor at Reader's Digest, with FBI assistant director Louis B. Nichols."
BKR-0544,PART_2,12,12:35,SECONDARY_BOOK,B,3,Edward J. Epstein,Deception: The Invisible War Between the KGB and the CIA,"New York: Simon & Schuster, 1989",1989,,CIA,,Baker cites this source in chapter 12 in connection with Deception: The Invisible War Between the KGB and the CIA; the OCR text does not preserve a reliable body-note marker for a more precise claim mapping.,"Original CIA referenced or described by this secondary source, with complete provenance",CIA; Simon & Schuster,1,1,FALSE,FALSE,TRUE,FALSE,TRUE,FALSE,FALSE,Useful corroborating or contextual source for reconstructing Baker's evidence trail.,"Ch. 12, note 35: See Edward J. Epstein, Deception: The Invisible War Between the KGB and the CIA (New York: Simon & Schuster, 1989)."
BKR-0545,PART_2,12,12:38;12:39,OTHER,C,3,,ciajfk,,,,,,Baker cites this source in chapter 12 in connection with ciajfk; the OCR text does not preserve a reliable body-note marker for a more precise claim mapping.,,Bruce Campbell Adamson’s,2,1,FALSE,FALSE,FALSE,TRUE,TRUE,FALSE,FALSE,Useful corroborating or contextual source for reconstructing Baker's evidence trail.,"Ch. 12, note 38: See in depen dent researcher Bruce Campbell Adamson’s work available at www.ciajfk.com/images/l-319b.jpg. || Ch. 12, note 39: According to handwritten notes provided by Adamson available at www.ciajfk.com/images/Bush-7a.jpg and www.ciajfk.com/images/Bush-8.jpg."
BKR-0546,PART_2,12,12:40,OTHER,C,3,,nschildt were divorced in 1974 but had three little chihuahuas they shared,,1974,,,,Baker cites this source in chapter 12 in connection with nschildt were divorced in 1974 but had three little chihuahuas they shared; the OCR text does not preserve a reliable body-note marker for a more precise claim mapping.,,Bishop College; California. After; Dallas. While; George and Jeanne,1,1,FALSE,FALSE,FALSE,FALSE,TRUE,FALSE,FALSE,Useful corroborating or contextual source for reconstructing Baker's evidence trail.,"Ch. 12, note 40: George and Jeanne de Mohrenschildt were divorced in 1974 but had three little chihuahuas they shared. He lived in an apartment at Bishop College, in Texas, and she lived alone in Dallas. While he was committed to the mental hospital, she moved to California. After he was released, he lived alone in Dallas."
BKR-0547,PART_2,12,12:42,OTHER,C,3,Jim Marrs,"Widow Disputes Suicide,",,"May 11, 1978",,,,"Baker cites this source in chapter 12 in connection with Widow Disputes Suicide,; the OCR text does not preserve a reliable body-note marker for a more precise claim mapping.",,Fort Worth Evening Star-Telegram; Jim Marrs; Widow Disputes Suicide,1,1,FALSE,FALSE,FALSE,FALSE,TRUE,FALSE,FALSE,Useful corroborating or contextual source for reconstructing Baker's evidence trail.,"Ch. 12, note 42: Jim Marrs, “Widow Disputes Suicide,” Fort Worth Evening Star-Telegram, May 11, 1978."
BKR-0548,PART_2,12,12:45,OTHER,C,3,,"nschildt’s first wife, Dorothy Pierson, had been just eighteen when she became pregnant with Alexandra",,,,,,"Baker cites this source in chapter 12 in connection with nschildt’s first wife, Dorothy Pierson, had been just eighteen when she became pregnant with Alexandra; the OCR text does not preserve a reliable body-note marker for a more precise claim mapping.",,Alexandra. Dorothy; De Mohrenschildt’s; Dorothy Pierson; Nancy Pierson and; Nancy Pierson. The,1,1,FALSE,FALSE,FALSE,FALSE,TRUE,FALSE,FALSE,Useful corroborating or contextual source for reconstructing Baker's evidence trail.,"Ch. 12, note 45: De Mohrenschildt’s first wife, Dorothy Pierson, had been just eighteen when she became pregnant with Alexandra. Dorothy abandoned her daughter, who was raised by Dorothy’s cousin Nancy Pierson. The relationship between Nancy Pierson and de Mohrenschildt was often strained."
BKR-0549,PART_2,12,12:47,OTHER,C,3,in de pen dent researcher Bruce Campbell Adamson,Interview with in de pen dent researcher Bruce Campbell Adamson,,,,,,Baker cites this source in chapter 12 in connection with Interview with in de pen dent researcher Bruce Campbell Adamson; the OCR text does not preserve a reliable body-note marker for a more precise claim mapping.,,Bruce Campbell Adamson,1,1,FALSE,FALSE,FALSE,FALSE,TRUE,FALSE,FALSE,Useful corroborating or contextual source for reconstructing Baker's evidence trail.,"Ch. 12, note 47: Savage interview with in de pen dent researcher Bruce Campbell Adamson."
BKR-0550,PART_2,12,12:48,OTHER,C,3,George B,Interview with George B,,,,,,Baker cites this source in chapter 12 in connection with Interview with George B; the OCR text does not preserve a reliable body-note marker for a more precise claim mapping.,,Bruce Campbell Adamson; George B. Kitchel; Hoyt S. Taylor and Harry Wayne,1,1,FALSE,FALSE,FALSE,FALSE,TRUE,FALSE,FALSE,Useful corroborating or contextual source for reconstructing Baker's evidence trail.,"Ch. 12, note 48: The two were Hoyt S. Taylor and Harry Wayne Dean. . Bruce Campbell Adamson interview with George B. Kitchel. . Ibid."
BKR-0551,PART_2,12,12:51,OTHER,C,3,,Warren Commission testimonies of George and Jeanne de Mohrenschildt,,,,,,Baker cites this source in chapter 12 in connection with Warren Commission testimonies of George and Jeanne de Mohrenschildt; the OCR text does not preserve a reliable body-note marker for a more precise claim mapping.,,Combined Warren Commission; George and Jeanne; Warren Commission,1,1,FALSE,FALSE,FALSE,FALSE,TRUE,FALSE,FALSE,Useful corroborating or contextual source for reconstructing Baker's evidence trail.,"Ch. 12, note 51: Combined Warren Commission testimonies of George and Jeanne de Mohrenschildt."
BKR-0552,PART_2,12,12:52,OTHER,C,3,,The Palm Beach County Sheriff’s Death Investigation Report is available at http://mcadams.posc.mu.edu/death?2.,,,,,,Baker cites this source in chapter 12 in connection with The Palm Beach County Sheriff’s Death Investigation Report is available at http://mcadams.posc.mu.edu/death?2.; the OCR text does not preserve a reliable body-note marker for a more precise claim mapping.,,Investigation Report,1,1,FALSE,FALSE,FALSE,TRUE,TRUE,FALSE,FALSE,Useful corroborating or contextual source for reconstructing Baker's evidence trail.,"Ch. 12, note 52: The Palm Beach County Sheriff’s Death Investigation Report is available at http://mcadams.posc.mu.edu/death?2. txt."
BKR-0553,PART_2,12,12:53,OTHER,C,3,Paul Raigorodsky,Interview with Paul Raigorodsky,,"November 22, 1976",,,,Baker cites this source in chapter 12 in connection with Interview with Paul Raigorodsky; the OCR text does not preserve a reliable body-note marker for a more precise claim mapping.,,Michael Canfield; Paul Raigorodsky; Widow Disputes Suicide,1,1,FALSE,FALSE,FALSE,FALSE,TRUE,FALSE,FALSE,Useful corroborating or contextual source for reconstructing Baker's evidence trail.,"Ch. 12, note 53: Marrs, “Widow Disputes Suicide.” . Michael Canfield interview with Paul Raigorodsky, November 22, 1976."
BKR-0554,PART_2,13,13:1,PRIMARY_CONTEMPORARY_NEWS,B,3,,"That Bath opened his plane brokerage in 1976 was asserted in Jonathan Beaty and S. C. Gwynne, “A Mysterious Mover of Money and Planes,” Time, October 28, 1991. x wish",Time,1976,,,,"Baker cites this source in chapter 13 in connection with That Bath opened his plane brokerage in 1976 was asserted in Jonathan Beaty and S. C. Gwynne, “A Mysterious Mover of Money and Planes,” Time, October 28, 1991. x wish; the OCR text does not preserve a reliable body-note marker for a more precise claim mapping.",,Jonathan Beaty and S. C. Gwynne; Mysterious Mover of Money and Planes; That Bath,1,1,TRUE,FALSE,FALSE,FALSE,FALSE,TRUE,TRUE,Useful corroborating or contextual source for reconstructing Baker's evidence trail.,"Ch. 13, note 1: That Bath opened his plane brokerage in 1976 was asserted in Jonathan Beaty and S. C. Gwynne, “A Mysterious Mover of Money and Planes,” Time, October 28, 1991. x wish"
BKR-0555,PART_2;PART_3,13;23,13:7;23:1,OTHER,C,3,,ciates,,,,,,Baker cites this source in chapter 13 in connection with ciates; the OCR text does not preserve a reliable body-note marker for a more precise claim mapping. | Baker cites this source in chapter 23 in connection with ciates; the OCR text does not preserve a reliable body-note marker for a more precise claim mapping.,,Friends and; George Walker,2,2,FALSE,FALSE,FALSE,FALSE,TRUE,FALSE,FALSE,Useful corroborating or contextual source for reconstructing Baker's evidence trail.,"Ch. 13, note 7: Author interviews with multiple Bath associates. || Ch. 23, note 1: Bush family. 2. Bush, George W. (George Walker), 1946-3. Bush, George W. (George Walker), 1946---Friends and associates. 4. Bush, George, 1924-5. Bush, George, 1924--Friends and associates."
BKR-0556,PART_2,13,13:11,OTHER,C,3,Timothy Noah,"Found Object: Bush’s Early Discharge,",,"November 11, 2003",,,,"Baker cites this source in chapter 13 in connection with Found Object: Bush’s Early Discharge,; the OCR text does not preserve a reliable body-note marker for a more precise claim mapping.",,Bush’s Early Discharge; Found Object; Timothy Noah,1,1,FALSE,FALSE,FALSE,FALSE,TRUE,FALSE,FALSE,Useful corroborating or contextual source for reconstructing Baker's evidence trail.,"Ch. 13, note 11: Timothy Noah, “Found Object: Bush’s Early Discharge,” Slate, November 11, 2003."
BKR-0557,PART_2,13,13:12,PRIMARY_CONTEMPORARY_NEWS,B,3,,"National Guard Bureau, Aeronautical Order, no. 87, September 29, 1972.",Nation,"September 29, 1972",,,,"Baker cites this source in chapter 13 in connection with National Guard Bureau, Aeronautical Order, no. 87, September 29, 1972.; the OCR text does not preserve a reliable body-note marker for a more precise claim mapping.",,Aeronautical Order; National Guard Bureau,1,1,TRUE,FALSE,FALSE,FALSE,FALSE,TRUE,TRUE,Useful corroborating or contextual source for reconstructing Baker's evidence trail.,"Ch. 13, note 12: National Guard Bureau, Aeronautical Order, no. 87, September 29, 1972."
BKR-0558,PART_2,13,13:13,PRIMARY_CONTEMPORARY_NEWS,B,3,Craig Unger,"Mystery Man,",Salon,"April 27, 2004",,,,"Baker cites this source in chapter 13 in connection with Mystery Man,; the OCR text does not preserve a reliable body-note marker for a more precise claim mapping.",,Craig Unger; Mystery Man,1,1,TRUE,FALSE,FALSE,FALSE,FALSE,FALSE,FALSE,Useful corroborating or contextual source for reconstructing Baker's evidence trail.,"Ch. 13, note 13: Craig Unger, “Mystery Man,” Salon.com, April 27, 2004."
BKR-0559,PART_2,13,13:15,OTHER,C,3,Unger,Mystery Man.,,,,,,Baker cites this source in chapter 13 in connection with Mystery Man.; the OCR text does not preserve a reliable body-note marker for a more precise claim mapping.,,Mystery Man,1,1,FALSE,FALSE,FALSE,FALSE,TRUE,FALSE,FALSE,Useful corroborating or contextual source for reconstructing Baker's evidence trail.,"Ch. 13, note 15: Unger, “Mystery Man.”"
BKR-0560,PART_2,13,13:16;13:46,OTHER,C,3,,"House of Bush, House of Saud, p",,,,,23; 34,"Baker cites this source in chapter 13 in connection with House of Bush, House of Saud, p; the OCR text does not preserve a reliable body-note marker for a more precise claim mapping.",,House of Bush; House of Saud,2,1,FALSE,FALSE,FALSE,FALSE,TRUE,FALSE,FALSE,Useful corroborating or contextual source for reconstructing Baker's evidence trail.,"Ch. 13, note 16: Unger, House of Bush, House of Saud, p. 34. || Ch. 13, note 46: Unger, House of Bush, House of Saud, p. 23."
BKR-0561,PART_2,13,13:19,OTHER,C,3,,"cial representative of British intelligence in Washington, and in the ensuing years he would often dine with Allen Dulles",,,,,,"Baker cites this source in chapter 13 in connection with cial representative of British intelligence in Washington, and in the ensuing years he would often dine with Allen Dulles; the OCR text does not preserve a reliable body-note marker for a more precise claim mapping.",,Abdul Aziz’s; Allen Dulles; Allen Dulles. Kim Philby; Britain and the United States; Central Intelligence Agency; Central Intelligence Agency. Philby; George W. Bush; Kim Philby; Lieutenant Commander Ladd’s; Lieutenant Commander William Conkling Ladd of; Lucky Chance Mining; Marion Gilliam. Marion Gilliam; Office of Naval Intelligence. The; Russia and Communism. The; St. John Philby; Wall Street,1,1,FALSE,FALSE,FALSE,FALSE,TRUE,FALSE,FALSE,Useful corroborating or contextual source for reconstructing Baker's evidence trail.,"Ch. 13, note 19: That same year, in Washington, the son of Abdul Aziz’s adviser St. John Philby, Kim Philby, ahigh-ranking British intelligence officer, met with Lieutenant Commander William Conkling Ladd of the Office of Naval Intelligence. The meeting was an important one to discuss collaboration between Britain and the United States on intelligence concerning Russia and Communism. The meeting represented the formal launching of postwar intelligence cooperation and would lead to the founding of an American civilian intelligence service, the Central Intelligence Agency. Philby was the official representative of British intelligence in Washington, and in the ensuing years he would often dine with Allen Dulles. Kim Philby would later be unmasked as a notorious Soviet double agent. Lieutenant Commander Ladd’s daughter, Olivia, would marry a Wall Street operator named Marion Gilliam. Marion Gilliam would end up involved in a little-known company called Lucky Chance Mining, one of whose directors would be George W. Bush."
BKR-0562,PART_2,13,13:20;13:21,SECONDARY_BOOK,B,3,Michael Klare,Blood and Oil,"New York: Henry Holt, 2004",2004,,,41,Baker cites this source in chapter 13 in connection with Blood and Oil; the OCR text does not preserve a reliable body-note marker for a more precise claim mapping.,,Blood and Oil; Henry Holt; Michael Klare,2,1,FALSE,FALSE,FALSE,FALSE,FALSE,FALSE,FALSE,Useful corroborating or contextual source for reconstructing Baker's evidence trail.,"Ch. 13, note 20: Michael Klare, Blood and Oil (New York: Henry Holt, 2004), p. 41. || Ch. 13, note 21: Ibid., p. 41."
BKR-0563,PART_2,13,13:25,OTHER,C,3,,"Senate approval of the AWAC sale, 52-48",,1981,,,,"Baker cites this source in chapter 13 in connection with Senate approval of the AWAC sale, 52-48; the OCR text does not preserve a reliable body-note marker for a more precise claim mapping.",,Abdul Azizibn Saud; Congress for the; Congress. By; Franklin Delano Roosevelt; Prince Bandar; Saudis. Part of; United States; World War II. Ever,1,1,FALSE,FALSE,FALSE,FALSE,TRUE,FALSE,FALSE,Useful corroborating or contextual source for reconstructing Baker's evidence trail.,"Ch. 13, note 25: Bandar’s rise to prominence had begun in 1981, when he came to the United States to argue before Congress for the sale of AWACs (airborne control and warning systems) and F- 15 equipment to the Saudis. Part of his strategy was to carry around with him a photo of his grandfather Abdul Azizibn Saud, who had negotiated the original concession with the United States in 1933 and had developed a particularly warm friendship with Franklin Delano Roosevelt during World War II. Ever since then, Saudi princes had toured the United States, studied in its colleges, trained in its military bases, and received overall red carpet treatment. But this visit by Prince Bandar was particularly noteworthy. For now, the Saudis were seriously trying to counterbalance the influence of the pro-Israel lobby in Congress. By engaging in an intensive lobbying campaign coordinated by Bandar, they won Senate approval of the AWAC sale, 52-48. It was a milestone in Saudi-U.S. relations."
BKR-0564,PART_2,13,13:27,OTHER,C,3,,"“Annual Oil Market Chronology Energy Data, Statistics and Analysis,” available through the Energy Information Administration at www.cia.doe.",CIA,,,CIA,,"Baker cites this source in chapter 13 in connection with “Annual Oil Market Chronology Energy Data, Statistics and Analysis,” available through the Energy Information Administration at www.cia.doe.; the OCR text does not preserve a reliable body-note marker for a more precise claim mapping.",,Annual Oil Market Chronology Energy Data; CIA; Energy Information Administration; Statistics and Analysis,1,1,FALSE,FALSE,TRUE,TRUE,TRUE,FALSE,FALSE,Useful corroborating or contextual source for reconstructing Baker's evidence trail.,"Ch. 13, note 27: “Annual Oil Market Chronology Energy Data, Statistics and Analysis,” available through the Energy Information Administration at www.cia.doe. gov."
BKR-0565,PART_2,13,13:28,OTHER,C,3,also: Matt Gaul,"Regulating the New Privateers: Private Military Service Contracting and the Modern Marque and Reprisal Clause,",,1998,,,,"Baker cites this source in chapter 13 in connection with Regulating the New Privateers: Private Military Service Contracting and the Modern Marque and Reprisal Clause,; the OCR text does not preserve a reliable body-note marker for a more precise claim mapping.",,Loyola of Los Angeles Law Review; Matt Gaul; Modern Marque and Reprisal Clause; Private Military Service Contracting and the; Regulating the New Privateers,1,1,FALSE,FALSE,FALSE,FALSE,TRUE,FALSE,FALSE,Useful corroborating or contextual source for reconstructing Baker's evidence trail.,"Ch. 13, note 28: See also: Matt Gaul, “Regulating the New Privateers: Private Military Service Contracting and the Modern Marque and Reprisal Clause,” Loyola of Los Angeles Law Review, June 1998"
BKR-0566,PART_2,13,13:29,SECONDARY_BOOK,B,3,John Perkins,Confessions of an Economic Hit Man,"San Francisco: Berrett-Kohler, 2004",2004,,,12,Baker cites this source in chapter 13 in connection with Confessions of an Economic Hit Man; the OCR text does not preserve a reliable body-note marker for a more precise claim mapping.,,Confessions of; Economic Hit Man; John Perkins; San Francisco,1,1,FALSE,FALSE,FALSE,FALSE,FALSE,FALSE,FALSE,Useful corroborating or contextual source for reconstructing Baker's evidence trail.,"Ch. 13, note 29: John Perkins, Confessions of an Economic Hit Man (San Francisco: Berrett-Kohler, 2004), p. 12."
BKR-0567,PART_2,13,13:30;13:41,OTHER,C,3,,"House of Bush, House of Saud",,,,,,"Baker cites this source in chapter 13 in connection with House of Bush, House of Saud; the OCR text does not preserve a reliable body-note marker for a more precise claim mapping.",,Carlyle Group. Poppy Bush; Dick Cheney; Dick Cheney’s; House of Bush; House of Saud; James Baker; Unger’s House of Bush,2,1,FALSE,FALSE,FALSE,TRUE,TRUE,FALSE,FALSE,Useful corroborating or contextual source for reconstructing Baker's evidence trail.,"Ch. 13, note 30: and Unger, House of Bush, House of Saud. || Ch. 13, note 41: This figure is highly imprecise and does not include untold private transactions, of which there have clearly been many. It comes from Unger’s House of Bush, House of Saud. \n an appendix, Unger totals up $1.4 billion worth of publicly identifiable business transacted between the Saudi royal family and businesses tied in various ways—some closer than others —to the Bush family and its associates. These include dealings with Dick Cheney’s old firm Halliburton, donations to Bush senior’s presidential library, and investments in the Carlyle Group. Poppy Bush has served as a senior adviser to Carlyle, and James Baker, his former secretary of state, has been a Carlyle senior partner, while Baker’s law firm defended the House of Saud in a lawsuit brought by relatives of victims of September 11."
BKR-0568,PART_2,13,13:31,SECONDARY_BOOK,B,3,Steven Emerson,The American House of Saud,"New York: Franklin Watts, 1985",1985,,,112-13,Baker cites this source in chapter 13 in connection with The American House of Saud; the OCR text does not preserve a reliable body-note marker for a more precise claim mapping.,,Franklin Watts; Steven Emerson,1,1,FALSE,FALSE,FALSE,FALSE,FALSE,FALSE,FALSE,Useful corroborating or contextual source for reconstructing Baker's evidence trail.,"Ch. 13, note 31: Steven Emerson, The American House of Saud (New York: Franklin Watts, 1985), pp. 112-13."
BKR-0569,PART_2,13,13:33,SECONDARY_BOOK,B,3,Robert Bryce,"Pipe Dreams: Greed, Ego, and the Death of Enron","New York: Public Affairs, 2004",2004,,,,"Baker cites this source in chapter 13 in connection with Pipe Dreams: Greed, Ego, and the Death of Enron; the OCR text does not preserve a reliable body-note marker for a more precise claim mapping.",,Death of Enron; Pipe Dreams; Public Affairs,1,1,FALSE,FALSE,FALSE,FALSE,FALSE,FALSE,FALSE,Useful corroborating or contextual source for reconstructing Baker's evidence trail.,"Ch. 13, note 33: See Robert Bryce, Pipe Dreams: Greed, Ego, and the Death of Enron (New York: Public Affairs, 2004) for more on Walker’s own relationship with George W."
BKR-0570,PART_2,13,13:34,OTHER,C,3,,Secretary Rogers C,,,,,,Baker cites this source in chapter 13 in connection with Secretary Rogers C; the OCR text does not preserve a reliable body-note marker for a more precise claim mapping.,,Under Secretary Rogers C. B. Morton,1,1,FALSE,FALSE,FALSE,TRUE,TRUE,FALSE,FALSE,Useful corroborating or contextual source for reconstructing Baker's evidence trail.,"Ch. 13, note 34: Lay’s boss was Under Secretary Rogers C. B. Morton, who was pushing for deregulation of naturalgas prices."
BKR-0571,PART_2,13,13:35,OTHER,C,3,Beaty and Gwynne,A Mysterious Mover of Money and Planes.,,,,,,Baker cites this source in chapter 13 in connection with A Mysterious Mover of Money and Planes.; the OCR text does not preserve a reliable body-note marker for a more precise claim mapping.,,Beaty and Gwynne; Mysterious Mover of Money and Planes,1,1,FALSE,FALSE,FALSE,FALSE,TRUE,FALSE,FALSE,Useful corroborating or contextual source for reconstructing Baker's evidence trail.,"Ch. 13, note 35: Beaty and Gwynne, “A Mysterious Mover of Money and Planes.”"
BKR-0572,PART_2,13,13:40,SECONDARY_BOOK,B,3,Vernon A. Walters,Silent Missions,"Garden City, NY: Doubleday, 1978",1978,,,,Baker cites this source in chapter 13 in connection with Silent Missions; the OCR text does not preserve a reliable body-note marker for a more precise claim mapping.,,Averell Harriman; Garden City; Silent Missions,1,1,FALSE,FALSE,FALSE,FALSE,FALSE,FALSE,FALSE,Useful corroborating or contextual source for reconstructing Baker's evidence trail.,"Ch. 13, note 40: See Vernon A. Walters, Silent Missions (Garden City, NY: Doubleday, 1978). Walters was an aide to Averell Harriman during the early days of the cold war."
BKR-0573,PART_2,13,13:40,OTHER,C,3,,Walters does not say what he was doing in that period.,CIA,,,CIA,,Baker cites this source in chapter 13 in connection with Walters does not say what he was doing in that period.; the OCR text does not preserve a reliable body-note marker for a more precise claim mapping.,,CIA,1,1,FALSE,FALSE,TRUE,FALSE,TRUE,FALSE,FALSE,Useful corroborating or contextual source for reconstructing Baker's evidence trail.,"Ch. 13, note 40: Walters does not say what he was doing in that period. His memoirs end at the moment heleaves the CIA. He does not say where he went next."
BKR-0574,PART_2,13;14,13:42;13:43;13:44;13:45;14:22,OTHER,C,3,Bill White by Bob McKeown,Interview with Bill White by Bob McKeown,,"The Fifth Estate, aired October 29, 2003",,,,"Baker cites this source in chapter 13 in connection with Interview with Bill White by Bob McKeown; the OCR text does not preserve a reliable body-note marker for a more precise claim mapping. | Baker cites this in support of the surrounding discussion: Wead believes so. Poppy, as was his custom, would claim to know nothing about Irancontra, contending famously that he was “out of the loop.” But when North’s diaries were released, they showed an August 6, 1986, meeting between North and Vice President Bush—at the height of North’s activities coordinating the illegal effort.",,Bill White; Bob McKeown,5,2,FALSE,FALSE,FALSE,FALSE,TRUE,FALSE,FALSE,Useful corroborating or contextual source for reconstructing Baker's evidence trail.,"Ch. 13, note 42: CBC interview with Bill White by Bob McKeown, The Fifth Estate, aired October 29, 2003. || Ch. 13, note 43: Ibid. || Ch. 13, note 44: Ibid. || Ch. 13, note 45: Ibid. || Ch. 14, note 22: CBC interview with Bill White by Bob McKeown, The Fifth Estate, aired October 29, 2003."
BKR-0575,PART_2,13,13:49,PRIMARY_CONTEMPORARY_NEWS,B,3,,Vinson & Elkins would later defend Enron and provide major “bundled” donations to W.’spresidential campaign.,Nation,,,,,Baker cites this source in chapter 13 in connection with Vinson & Elkins would later defend Enron and provide major “bundled” donations to W.’spresidential campaign.; the OCR text does not preserve a reliable body-note marker for a more precise claim mapping.,,Enron and; Vinson & Elkins,1,1,TRUE,FALSE,FALSE,FALSE,FALSE,TRUE,TRUE,Useful corroborating or contextual source for reconstructing Baker's evidence trail.,"Ch. 13, note 49: Vinson & Elkins would later defend Enron and provide major “bundled” donations to W.’spresidential campaign."
BKR-0576,PART_2,14,14:2,OTHER,C,3,,"secretly handled the ill-gotten gains of Augusto Pinochet, Chile’s brutal military dictator",,1970,,,,"Baker cites this in support of the surrounding discussion: FIB was intimately associated with the powerful Bass, Hunt, and Murchison families. Its largest shareholder was Joe Allbritton, whose D.C.-based Riggs Bank held the accounts for several embassies, including Saudi Arabia.",,Augusto Pinochet; George W. Bush; George W. Bush’s; Jonathan Bush; Riggs Investment Management Co. Riggs; Saudi Arabia,1,1,FALSE,FALSE,FALSE,TRUE,TRUE,FALSE,FALSE,Useful corroborating or contextual source for reconstructing Baker's evidence trail.,"Ch. 14, note 2: Funds from those accounts would find their way to support two of the 9/11 hijackers, and Riggs secretly handled the ill-gotten gains of Augusto Pinochet, Chile’s brutal military dictator. Riggs began a relationship with Poppy’s brother Jonathan Bush in 1970, when his company began offering Riggs money-management advice. In 1997, Riggs bought out Jonathan’s firm, and in 2000, while serving as a major fund-raiser for George W. Bush’s presidential campaign, he was appointed the head of Riggs Investment Management Co. Riggs finally closed its doors in 2005 after being fined twenty-five million dollars for violation of money-laundering laws."
BKR-0577,PART_2,14,14:5,PRIMARY_CONTEMPORARY_NEWS,B,3,,"Connally ended up ninety-three million dollars in debt and declared bankruptcy; see “Real EstateWoes Force Connally Bankruptcy,” New York Times, August 1, 1987.",New York Times,"August 1, 1987",,,,"Baker cites this source in chapter 14 in connection with Connally ended up ninety-three million dollars in debt and declared bankruptcy; see “Real EstateWoes Force Connally Bankruptcy,” New York Times, August 1, 1987.; the OCR text does not preserve a reliable body-note marker for a more precise claim mapping.",,Real EstateWoes Force Connally Bankruptcy,1,1,TRUE,FALSE,FALSE,FALSE,FALSE,TRUE,TRUE,Useful corroborating or contextual source for reconstructing Baker's evidence trail.,"Ch. 14, note 5: Connally ended up ninety-three million dollars in debt and declared bankruptcy; see “Real EstateWoes Force Connally Bankruptcy,” New York Times, August 1, 1987."
BKR-0578,PART_2,14,14:9,PRIMARY_CONTEMPORARY_NEWS,B,3,,"Abboud, who is Lebanese American, was forced out in 1980 after five years as head of First National Bank of Chicago, which was ultimately acquired by Chase Bank. In 1991, after three years of large losses, Houston’s Firs",New York Times,1980,,,,"Baker cites this source in chapter 14 in connection with Abboud, who is Lebanese American, was forced out in 1980 after five years as head of First National Bank of Chicago, which was ultimately acquired by Chase Bank. In 1991, after three years of large losses, Houston’s Firs; the OCR text does not preserve a reliable body-note marker for a more precise claim mapping.",,Abboud Out; Chase Bank. In; First National Bank of Chicago; Houston’s First City; Houston’s First City Bank Corp. of; Lebanese American; Thomas C. Hayes,1,1,TRUE,FALSE,FALSE,FALSE,FALSE,TRUE,FALSE,Useful corroborating or contextual source for reconstructing Baker's evidence trail.,"Ch. 14, note 9: Abboud, who is Lebanese American, was forced out in 1980 after five years as head of First National Bank of Chicago, which was ultimately acquired by Chase Bank. In 1991, after three years of large losses, Houston’s First City Bank Corp. of Texas replaced him. Thomas C. Hayes, “Abboud Out as Chief at Houston’s First City,’ New York Times, March 28, 1991."
BKR-0579,PART_2,14,14:12,PRIMARY_CONTEMPORARY_NEWS,B,3,,"Abedi in particular could not acquire the National Bank of Georgia because it was a national bank, regulated by the Office of the Comptroller of the Currency—and the thencomptroller, John Heiman, a former superintendent",Washington Post,"January 9, 1978",,,22,"Baker cites this source in chapter 14 in connection with Abedi in particular could not acquire the National Bank of Georgia because it was a national bank, regulated by the Office of the Comptroller of the Currency—and the thencomptroller, John Heiman, a former superintendent; the OCR text does not preserve a reliable body-note marker for a more precise claim mapping.",,Beaty and Gwynne; Bill White; Carter Criticized; George Lardner Jr; John Heiman; Lance’s Mysterious Rescuer; National Bank of Georgia; Office of the Comptroller of the; Washington Post,1,1,TRUE,FALSE,FALSE,FALSE,FALSE,TRUE,TRUE,Useful corroborating or contextual source for reconstructing Baker's evidence trail.,"Ch. 14, note 12: Abedi in particular could not acquire the National Bank of Georgia because it was a national bank, regulated by the Office of the Comptroller of the Currency—and the thencomptroller, John Heiman, a former superintendent of New York State Banking, knew enough about Abedi to keep him out of the country. . “Lance’s Mysterious Rescuer,” Time, January 9, 1978. . Beaty and Gwynne, The Outlaw Bank, p. 22. . Ibid., pp. 195—96. . George Lardner Jr., “Carter Criticized on Billy,’ Washington Post, September 30, 1980. I la la iz Ie . E-mail from Bill White to the author, May 7, 2008."
BKR-0580,PART_2,14,14:18,MEMOIR_AUTOBIOGRAPHY,C,3,Zbigniew Brzezinski,"Power and Principle: Memoirs of the National Security Adviser, 1977-1981","New York: Farrar, Straus & Giroux, 1983",1977,,,473-74,"Baker cites this source in chapter 14 in connection with Power and Principle: Memoirs of the National Security Adviser, 1977-1981; the OCR text does not preserve a reliable body-note marker for a more precise claim mapping.",,Memoirs of the National Security Adviser; Power and Principle; Straus & Giroux; Zbigniew Brzezinski,1,1,FALSE,FALSE,FALSE,TRUE,TRUE,FALSE,FALSE,Useful corroborating or contextual source for reconstructing Baker's evidence trail.,"Ch. 14, note 18: Zbigniew Brzezinski, Power and Principle: Memoirs of the National Security Adviser, 1977-1981 (New York: Farrar, Straus & Giroux, 1983), pp. 473-74"
BKR-0581,PART_2,14,14:18,PRIMARY_CONTEMPORARY_NEWS,B,3,Charlotte Dennett,"Suffering in Silence,",Nation,"December 12, 1980",,,,"Baker cites this source in chapter 14 in connection with Suffering in Silence,; the OCR text does not preserve a reliable body-note marker for a more precise claim mapping.",,Charlotte Dennett,1,1,TRUE,FALSE,FALSE,FALSE,FALSE,FALSE,FALSE,Useful corroborating or contextual source for reconstructing Baker's evidence trail.,"Ch. 14, note 18: Charlotte Dennett, “Suffering in Silence,” Nation, December 12, 1980"
BKR-0582,PART_2,14,14:18,SECONDARY_BOOK,B,3,James A. Bill,The Eagle and the Lion: The Tragedy of American-Iranian Relations,"New Haven, CT: Yale University Press, 1988",1988,,Yale University,331,Baker cites this source in chapter 14 in connection with The Eagle and the Lion: The Tragedy of American-Iranian Relations; the OCR text does not preserve a reliable body-note marker for a more precise claim mapping.,,James A. Bill; New Haven; Yale University Press,1,1,FALSE,FALSE,TRUE,FALSE,FALSE,FALSE,FALSE,Useful corroborating or contextual source for reconstructing Baker's evidence trail.,"Ch. 14, note 18: James A. Bill, The Eagle and the Lion: The Tragedy of American-Iranian Relations (New Haven, CT: Yale University Press, 1988), p. 331"
BKR-0583,PART_2,14,14:18,SECONDARY_BOOK,B,3,Peter Dale Scott,"The Road to 9/11: Wealth, Empire, and the Future of America","Berkeley: University of California Press, 2007",2007,,,80-92,"Baker cites this source in chapter 14 in connection with The Road to 9/11: Wealth, Empire, and the Future of America; the OCR text does not preserve a reliable body-note marker for a more precise claim mapping.",,Future of America; Peter Dale Scott; University of California Press,1,1,FALSE,FALSE,FALSE,FALSE,FALSE,FALSE,FALSE,Useful corroborating or contextual source for reconstructing Baker's evidence trail.,"Ch. 14, note 18: Peter Dale Scott, The Road to 9/11: Wealth, Empire, and the Future of America (Berkeley: University of California Press, 2007) , pp. 80-92."
BKR-0584,PART_2,14,14:19,PRIMARY_CONTEMPORARY_NEWS,B,3,Raymond Bonner,Waltzing with a Dictator: The Marcoses and the Making of American Policy,"New York: Times Books, 1987",1987,,,335,Baker cites this source in chapter 14 in connection with Waltzing with a Dictator: The Marcoses and the Making of American Policy; the OCR text does not preserve a reliable body-note marker for a more precise claim mapping.,,American Policy; Raymond Bonner; Times Books,1,1,TRUE,FALSE,FALSE,FALSE,FALSE,FALSE,FALSE,Useful corroborating or contextual source for reconstructing Baker's evidence trail.,"Ch. 14, note 19: Raymond Bonner, Waltzing with a Dictator: The Marcoses and the Making of American Policy (New York: Times Books, 1987), p. 335."
BKR-0585,PART_2,14,14:20,SECONDARY_BOOK,B,3,Gary Sick,October Surprise: America’s Hostages in Iran and the Election of Ronald Reagan,"New York: Three Rivers, 1991",1991,,,12,Baker cites this source in chapter 14 in connection with October Surprise: America’s Hostages in Iran and the Election of Ronald Reagan; the OCR text does not preserve a reliable body-note marker for a more precise claim mapping.,,America’s Hostages; Gary Sick; Iran and the Election of Ronald; October Surprise; Ronald Reagan; Three Rivers,1,1,FALSE,FALSE,FALSE,FALSE,FALSE,FALSE,FALSE,Useful corroborating or contextual source for reconstructing Baker's evidence trail.,"Ch. 14, note 20: Gary Sick, October Surprise: America’s Hostages in Iran and the Election of Ronald Reagan (New York: Three Rivers, 1991), p. 12."
BKR-0586,PART_2,14,14:21,OTHER,C,3,Robert Parry,"Original October Surprise (Part 3),",,"October 19, 2006",,,,"Baker cites this source in chapter 14 in connection with Original October Surprise (Part 3),; the OCR text does not preserve a reliable body-note marker for a more precise claim mapping.",,Consortium News; Original October Surprise; Robert Parry,1,1,FALSE,FALSE,FALSE,FALSE,TRUE,FALSE,FALSE,Useful corroborating or contextual source for reconstructing Baker's evidence trail.,"Ch. 14, note 21: Robert Parry, “Original October Surprise (Part 3),” Consortium News, October 19, 2006."
BKR-0587,PART_2,14,14:24,PRIMARY_CONTEMPORARY_NEWS,B,3,Thomas B. Edsall and Ted Gup,"The Lake Resources Inc. Account,",Washington Post,"March 7, 1987",,,,"Baker cites this source in chapter 14 in connection with The Lake Resources Inc. Account,; the OCR text does not preserve a reliable body-note marker for a more precise claim mapping.",,Thomas B. Edsall and Ted Gup; Washington Post,1,1,TRUE,FALSE,FALSE,FALSE,FALSE,FALSE,FALSE,Useful corroborating or contextual source for reconstructing Baker's evidence trail.,"Ch. 14, note 24: Thomas B. Edsall and Ted Gup, “The Lake Resources Inc. Account,” Washington Post, March 7, 1987."
BKR-0588,PART_2,14,14:25,PRIMARY_CONTEMPORARY_NEWS,B,3,David Johnston,"North’s Notebook Is Played Down,",New York Times,"May 10, 1990",,,,"Baker cites this source in chapter 14 in connection with North’s Notebook Is Played Down,; the OCR text does not preserve a reliable body-note marker for a more precise claim mapping.",,David Johnston; North’s Notebook Is Played Down,1,1,TRUE,FALSE,FALSE,FALSE,FALSE,FALSE,FALSE,Useful corroborating or contextual source for reconstructing Baker's evidence trail.,"Ch. 14, note 25: David Johnston, “North’s Notebook Is Played Down,” New York Times, May 10, 1990."
BKR-0589,PART_2,14,14:28,PRIMARY_CONTEMPORARY_NEWS,B,3,,"In order to deal with the disruption to his business and personal life caused by the onslaught of civil litigation and criminal charges, White had to take a leave of absence from the Naval Reserves at a time when he need",Time,,,,,"Baker cites this source in chapter 14 in connection with In order to deal with the disruption to his business and personal life caused by the onslaught of civil litigation and criminal charges, White had to take a leave of absence from the Naval Reserves at a time when he need; the OCR text does not preserve a reliable body-note marker for a more precise claim mapping.",,Naval Reserves; When the,1,1,TRUE,FALSE,FALSE,FALSE,FALSE,TRUE,TRUE,Useful corroborating or contextual source for reconstructing Baker's evidence trail.,"Ch. 14, note 28: In order to deal with the disruption to his business and personal life caused by the onslaught of civil litigation and criminal charges, White had to take a leave of absence from the Naval Reserves at a time when he needed only four more years to qualify for his retirement. When the litigation was finally over and he applied for reinstatement to complete the remaining four years of reserve duty, he was advised that the Navy would not let him back in because he had been passed over for promotion. This occurred because he was not actively attending drills at the time that the promotion board met. The Navy’s policy is “up or out”: anyone not making rank is discharged from the service."
BKR-0590,PART_2,14,14:31,PRIMARY_CONTEMPORARY_NEWS,B,3,Jerry Urban,"Banking Scandal Figure Seeks to Claim Airport Contract,",Houston Chronicle,"September 10, 1994",,,,"Baker cites this source in chapter 14 in connection with Banking Scandal Figure Seeks to Claim Airport Contract,; the OCR text does not preserve a reliable body-note marker for a more precise claim mapping.",,Banking Scandal Figure Seeks; Claim Airport Contract; Houston Chronicle; Jerry Urban,1,1,TRUE,FALSE,FALSE,FALSE,FALSE,FALSE,FALSE,Useful corroborating or contextual source for reconstructing Baker's evidence trail.,"Ch. 14, note 31: Jerry Urban, “Banking Scandal Figure Seeks to Claim Airport Contract,” Houston Chronicle, September 10, 1994."
BKR-0591,PART_2;PART_3,15,15:2;15:3,PRIMARY_CONTEMPORARY_NEWS,B,3,Jo Thomas,"The Missing Chapter in the Bush Bio: A Modest Summer in Alaska,",New York Times,"October 21, 2000",,,,"Baker cites this in support of the surrounding discussion: The New York Times followed up with a lengthier piece, based on original reporting and written with a tone of polite suspicion. But that article did not appear until October, just a few weeks before the election, and the story gained no traction. | Baker cites this source in chapter 15 in connection with The Missing Chapter in the Bush Bio: A Modest Summer in Alaska,; the OCR text does not preserve a reliable body-note marker for a more precise claim mapping.",,Bush Bio; Jo Thomas; Modest Summer,2,2,TRUE,FALSE,FALSE,FALSE,FALSE,FALSE,FALSE,Useful corroborating or contextual source for reconstructing Baker's evidence trail.,"Ch. 15, note 2: Jo Thomas, “The Missing Chapter in the Bush Bio: A Modest Summer in Alaska,” New York Times, October 21, 2000. || Ch. 15, note 3: Ibid."
BKR-0592,PART_2;PART_3,15,15:5,OTHER,C,3,,House had authorized them to speak to me,,,,,,Baker cites this source in chapter 15 in connection with House had authorized them to speak to me; the OCR text does not preserve a reliable body-note marker for a more precise claim mapping.,,Mrs. O’Neill; White House,1,1,FALSE,FALSE,FALSE,FALSE,TRUE,FALSE,FALSE,Useful corroborating or contextual source for reconstructing Baker's evidence trail.,"Ch. 15, note 5: When I called the O’Neills, Mrs. O’Neill asked if the White House had authorized them to speak to me."
BKR-0593,PART_2;PART_3,15,15:6,PRIMARY_CONTEMPORARY_NEWS,B,3,George Lardner Jr. and Lois Romano,"At Height of Vietnam, Bush Picks Guard,",Washington Post,"July 28, 1999",,,,"Baker cites this source in chapter 15 in connection with At Height of Vietnam, Bush Picks Guard,; the OCR text does not preserve a reliable body-note marker for a more precise claim mapping.",,At Height of Vietnam; Bush Picks Guard; George Lardner Jr. and Lois Romano; Washington Post,1,1,TRUE,FALSE,FALSE,FALSE,FALSE,FALSE,FALSE,Useful corroborating or contextual source for reconstructing Baker's evidence trail.,"Ch. 15, note 6: George Lardner Jr. and Lois Romano, “At Height of Vietnam, Bush Picks Guard,” Washington Post, July 28, 1999."
BKR-0594,PART_2;PART_3,15,15:7,PRIMARY_CONTEMPORARY_NEWS,B,3,,"At the time, Bath was chairman of the aviation committee for the Houston Chamber of Commerce,and in that position he frequently chose the speakers who addressed chamber luncheons. The big oil companies and the larger ind",Time,,,,,"Baker cites this source in chapter 15 in connection with At the time, Bath was chairman of the aviation committee for the Houston Chamber of Commerce,and in that position he frequently chose the speakers who addressed chamber luncheons. The big oil companies and the larger ind; the OCR text does not preserve a reliable body-note marker for a more precise claim mapping.",,Houston Chamber of Commerce; Jim Bath’s,1,1,TRUE,FALSE,FALSE,FALSE,FALSE,TRUE,TRUE,Useful corroborating or contextual source for reconstructing Baker's evidence trail.,"Ch. 15, note 7: At the time, Bath was chairman of the aviation committee for the Houston Chamber of Commerce,and in that position he frequently chose the speakers who addressed chamber luncheons. The big oil companies and the larger independents had their own corporate aviation departments, so Jim Bath’s position on the chamber’s aviation committee gave him real clout."
BKR-0595,PART_2;PART_3,15,15:10,SECONDARY_BOOK,B,3,Antonia Felix,"Laura: America’s First Lady, First Mother","Avon, MA: Adams, 2002",2002,,,,"Baker cites this source in chapter 15 in connection with Laura: America’s First Lady, First Mother; the OCR text does not preserve a reliable body-note marker for a more precise claim mapping.",,America’s First Lady; Antonia Felix; First Mother,1,1,FALSE,FALSE,FALSE,FALSE,FALSE,FALSE,FALSE,Useful corroborating or contextual source for reconstructing Baker's evidence trail.,"Ch. 15, note 10: Antonia Felix, Laura: America’s First Lady, First Mother (Avon, MA: Adams, 2002), p."
BKR-0596,PART_2;PART_3,15,15:12,PRIMARY_CONTEMPORARY_NEWS,B,3,Nicholas D. Kristof,"Learning How to Run: A West Texas Stumble,",New York Times,"July 27, 2000",,,,"Baker cites this source in chapter 15 in connection with Learning How to Run: A West Texas Stumble,; the OCR text does not preserve a reliable body-note marker for a more precise claim mapping.",,Learning How; Nicholas D. Kristof; West Texas Stumble,1,1,TRUE,FALSE,FALSE,FALSE,FALSE,FALSE,FALSE,Useful corroborating or contextual source for reconstructing Baker's evidence trail.,"Ch. 15, note 12: Nicholas D. Kristof, “Learning How to Run: A West Texas Stumble,” New York Times, July 27, 2000."
BKR-0597,PART_2;PART_3,15,15:19,PRIMARY_CONTEMPORARY_NEWS,B,3,,"Jonathan Beaty and S. C. Gwynne “A Mysterious Mover of Money and Planes,” Time, October 28, 1991.",Time,"October 28, 1991",,,,"Baker cites this source in chapter 15 in connection with Jonathan Beaty and S. C. Gwynne “A Mysterious Mover of Money and Planes,” Time, October 28, 1991.; the OCR text does not preserve a reliable body-note marker for a more precise claim mapping.",,Jonathan Beaty and S. C. Gwynne; Mysterious Mover of Money and Planes,1,1,TRUE,FALSE,FALSE,FALSE,FALSE,TRUE,TRUE,Useful corroborating or contextual source for reconstructing Baker's evidence trail.,"Ch. 15, note 19: Jonathan Beaty and S. C. Gwynne “A Mysterious Mover of Money and Planes,” Time, October 28, 1991."
BKR-0598,PART_2;PART_3,15,15:22,OTHER,C,3,,"cialty, but can be extraordinarily profitable",,,,,,"Baker cites this in support of the surrounding discussion: In September 1984, as Bush Exploration neared financial collapse, Spectrum 7 merged with it. George W. became chairman and CEO of the parent company, still called Spectrum 7, for which he was paid $75,000 a year.",,Spectrum 7,1,1,FALSE,FALSE,FALSE,FALSE,TRUE,FALSE,FALSE,Useful corroborating or contextual source for reconstructing Baker's evidence trail.,"Ch. 15, note 22: Reinsurance is a little-known specialty, but can be extraordinarily profitable. Companies get a portion of the premiums paid by insurance customers in return for agreeing to cover any extraordinary losses. Because reinsurance is handled offshore, it is virtually tax-free. There is even a provision that permits some companies to register as nonprofits and invest unlimited amounts of money in the reinsurance company, collecting tax-free profits that can run into the hundreds of millions of dollars."
BKR-0599,PART_2;PART_3,15,15:25,SECONDARY_BOOK,B,3,Richard Roberts,Schroders: Merchants and Bankers,"London: Macmillan, 1992",1992,FBI probe for alleged stock manipulation and,FBI,295,Baker cites this source in chapter 15 in connection with Schroders: Merchants and Bankers; the OCR text does not preserve a reliable body-note marker for a more precise claim mapping.,"Original FBI referenced or described by this secondary source, with complete provenance",FBI; Merchants and Bankers,1,1,FALSE,FALSE,TRUE,FALSE,TRUE,FALSE,FALSE,Useful corroborating or contextual source for reconstructing Baker's evidence trail.,"Ch. 15, note 25: See Richard Roberts, Schroders: Merchants and Bankers (London: Macmillan, 1992), p. 295. According to Forbes, Gilliam was subject to a three-year FBI probe for alleged stock manipulation and wire fraud, though he was never charged."
BKR-0600,PART_2;PART_3,15,15:25,PRIMARY_CONTEMPORARY_NEWS,B,3,,cial splayed important roles in war time intelligence activities,Time,,,,,Baker cites this source in chapter 15 in connection with cial splayed important roles in war time intelligence activities; the OCR text does not preserve a reliable body-note marker for a more precise claim mapping.,,Allen Dulles; Several Schroder’s,1,1,TRUE,FALSE,FALSE,FALSE,TRUE,FALSE,FALSE,Useful corroborating or contextual source for reconstructing Baker's evidence trail.,"Ch. 15, note 25: Allen Dulles also served as a member of Schroder’s board of directors. Several Schroder’s official splayed important roles in war time intelligence activities."
BKR-0601,PART_2;PART_3,15,15:26,OTHER,C,3,,CIA brought him back in the 1953 coup against the democratically elected president Mohammad Mossadegh,CIA,1953,CIA brought him back in the 1953,CIA,,Baker cites this source in chapter 15 in connection with CIA brought him back in the 1953 coup against the democratically elected president Mohammad Mossadegh; the OCR text does not preserve a reliable body-note marker for a more precise claim mapping.,,CIA; Lucky Chance; Mohammad Mossadegh. According; Raffie Aryeh; Schroder the; United States,1,1,FALSE,FALSE,TRUE,FALSE,TRUE,FALSE,FALSE,Useful corroborating or contextual source for reconstructing Baker's evidence trail.,"Ch. 15, note 26: Gilliam also brought in Raffie Aryeh, who was from one of the wealthiest families in Iran —afamily that had literally financed the shah in exile, shortly before the CIA brought him back in the 1953 coup against the democratically elected president Mohammad Mossadegh. According to Klausmeyer, through Schroder the immediate family of the shah may have also been involved with Lucky Chance. “One of their clients was the shah of Iran,” Klausmeyer said. “And he wanted to buy some gold mines in the United States.”"
BKR-0602,PART_2;PART_3,15,15:30,PRIMARY_CONTEMPORARY_NEWS,B,3,David Cay Johnston,"Pioneer of Sham Tax Havens Sits Down for a Pre- Jail Chat,",New York Times,"November 18, 2004",,,,"Baker cites this source in chapter 15 in connection with Pioneer of Sham Tax Havens Sits Down for a Pre- Jail Chat,; the OCR text does not preserve a reliable body-note marker for a more precise claim mapping.",,Down for; Pioneer of Sham Tax Havens Sits; Pre- Jail Chat,1,1,TRUE,FALSE,FALSE,FALSE,FALSE,FALSE,FALSE,Useful corroborating or contextual source for reconstructing Baker's evidence trail.,"Ch. 15, note 30: See David Cay Johnston, “Pioneer of Sham Tax Havens Sits Down for a Pre- Jail Chat,” New York Times, November 18, 2004"
BKR-0603,PART_2;PART_3,15,15:30,SECONDARY_BOOK,B,3,Robert Gow’s You Can t Direct the Wind,You Can Only Reset the Sails: My First 62 Years,"Houston, Xixim Publishing, 2002",2002,,,,Baker cites this source in chapter 15 in connection with You Can Only Reset the Sails: My First 62 Years; the OCR text does not preserve a reliable body-note marker for a more precise claim mapping.,,Direct the Wind; My First; Robert Gow’s You Can; Xixim Publishing; You Can Only Reset the Sails,1,1,FALSE,FALSE,FALSE,FALSE,FALSE,FALSE,FALSE,Useful corroborating or contextual source for reconstructing Baker's evidence trail.,"Ch. 15, note 30: and Robert Gow’s You Can t Direct the Wind, You Can Only Reset the Sails: My First 62 Years (Houston, Xixim Publishing, 2002)."
BKR-0604,PART_2;PART_3,15,15:30,PRIMARY_CONTEMPORARY_NEWS,B,3,,"Around the time of the Lucky Chance takeover, Gow and Klausmeyer had dined with Jerome Schneider, author of How to Profit and Avoid Taxes by Or ganizing Your Own Private Bank and Complete Guide to Offshore Money Havens.",Time,2004,,,,"Baker cites this source in chapter 15 in connection with Around the time of the Lucky Chance takeover, Gow and Klausmeyer had dined with Jerome Schneider, author of How to Profit and Avoid Taxes by Or ganizing Your Own Private Bank and Complete Guide to Offshore Money Havens.; the OCR text does not preserve a reliable body-note marker for a more precise claim mapping.",,Around the; Gow and Klausmeyer; Jerome Schneider; Lucky Chance; Offshore Money Havens. In; Profit and Avoid Taxes; Your Own Private Bank and Complete,1,1,TRUE,FALSE,FALSE,FALSE,FALSE,TRUE,TRUE,Useful corroborating or contextual source for reconstructing Baker's evidence trail.,"Ch. 15, note 30: Around the time of the Lucky Chance takeover, Gow and Klausmeyer had dined with Jerome Schneider, author of How to Profit and Avoid Taxes by Or ganizing Your Own Private Bank and Complete Guide to Offshore Money Havens. In 2004, Schneider would plead guilty to conspiring to help his clients evade tax laws, and be sentenced to twenty-four months in federal prison."
BKR-0605,PART_2;PART_3,16,16:2,PRIMARY_CONTEMPORARY_NEWS,B,3,Richard Behar,"The Wackiest Rig in Texas,",Time,"October 28, 1991",,,,Baker cites this in support of the surrounding discussion: The company’s books have never made any sense to outsiders— which might have had something to do with the fact that the only people who seemed to make any money were the insiders. In 1991 Time proclaimed Harken “one of the most mysterious and eccentric outfits ever to drill for oil.”,,Richard Behar,1,1,TRUE,FALSE,FALSE,FALSE,FALSE,FALSE,FALSE,Useful corroborating or contextual source for reconstructing Baker's evidence trail.,"Ch. 16, note 2: Richard Behar, “The Wackiest Rig in Texas,” Time, October 28, 1991."
BKR-0606,PART_2;PART_3,16,16:5,OTHER,C,3,According to the Securities and Exchange Commission (SEC),"A reverse stock split reduces the number of shares and increases the share price proportionately. For example, if you own 10,000 shares of a company and it declares a one for ten reverse split, you will own a total of 1,000 shares after the split. A reverse stock split has no affect on the value of what shareholders own. Companies often split their stock when they believe the price of their stock is too low to attract investors to buy their stock. Some reverse stock splits cause small shareholders to be ‘cashed out’ so that they no longer own the company’s shares.",SEC,,,SEC,,"Baker cites this in support of the surrounding discussion: The Stephens family rode to Clinton’s rescue both during his 1990 reelection bid for governor of Arkansas and in March 1992, when his presidential campaign was broke. Noted the investigative magazine Mother Jones: “It may not be too much to say that their Worthen Bank’s emergency $3.",,SEC; Securities and Exchange Commission,1,1,FALSE,FALSE,TRUE,TRUE,TRUE,FALSE,FALSE,Useful corroborating or contextual source for reconstructing Baker's evidence trail.,"Ch. 16, note 5: According to the Securities and Exchange Commission (SEC), “A reverse stock split reduces the number of shares and increases the share price proportionately. For example, if you own 10,000 shares of a company and it declares a one for ten reverse split, you will own a total of 1,000 shares after the split. A reverse stock split has no affect on the value of what shareholders own. Companies often split their stock when they believe the price of their stock is too low to attract investors to buy their stock. Some reverse stock splits cause small shareholders to be ‘cashed out’ so that they no longer own the company’s shares.”"
BKR-0607,PART_2;PART_3,16,16:7,PRIMARY_CONTEMPORARY_NEWS,B,3,,"What in the world was Soros, of all people, doing in this mess? In 2002, the Nation’s David Corn attended the opening of Soros’s Open Society offices in D.C., and sought to find out. David Corn, “Bush and the Billionaire",Nation,2002,,,,"Baker cites this source in chapter 16 in connection with What in the world was Soros, of all people, doing in this mess? In 2002, the Nation’s David Corn attended the opening of Soros’s Open Society offices in D.C., and sought to find out. David Corn, “Bush and the Billionaire; the OCR text does not preserve a reliable body-note marker for a more precise claim mapping.",,Bush and the Billionaire; David Corn; How Insider Capitalism Benefited; Nation’s David Corn; Soros’s Open Society,1,1,TRUE,FALSE,FALSE,FALSE,FALSE,TRUE,TRUE,Useful corroborating or contextual source for reconstructing Baker's evidence trail.,"Ch. 16, note 7: What in the world was Soros, of all people, doing in this mess? In 2002, the Nation’s David Corn attended the opening of Soros’s Open Society offices in D.C., and sought to find out. David Corn, “Bush and the Billionaire: How Insider Capitalism Benefited W.,” Nation, July"
BKR-0608,PART_2;PART_3,16,16:9,PRIMARY_CONTEMPORARY_NEWS,B,3,,cial aid Budget with what it earns in the market in eight and a half days,New York Times,2008,,,,Baker cites this source in chapter 16 in connection with cial aid Budget with what it earns in the market in eight and a half days; the OCR text does not preserve a reliable body-note marker for a more precise claim mapping.,,Carroll Bogert; Enjoy the Reunion. Skip the Check,1,1,TRUE,FALSE,FALSE,FALSE,TRUE,FALSE,FALSE,Useful corroborating or contextual source for reconstructing Baker's evidence trail.,"Ch. 16, note 9: Harvard currently manages a thirty-five-billion-dollar endowment with a 13.3 percent annual growth rate—the largest in higher education. In a 2008 New York Times op-ed, alumna Carroll Bogert marveled that the university “can cover next year’s entire undergraduate financial aid Budget with what it earns in the market in eight and a half days.” Carroll Bogert, “Enjoy the Reunion. Skip the Check,” New York Times, May 25, 2008."
BKR-0609,PART_2;PART_3,16,16:9,PRIMARY_CONTEMPORARY_NEWS,B,3,,"Jeffrey Toobin, “The Dirty Trickster,’ New Yorker, June 2, 2008.",New Yorker,"June 2, 2008",,,,"Baker cites this source in chapter 16 in connection with Jeffrey Toobin, “The Dirty Trickster,’ New Yorker, June 2, 2008.; the OCR text does not preserve a reliable body-note marker for a more precise claim mapping.",,Jeffrey Toobin; New Yorker,1,1,TRUE,FALSE,FALSE,FALSE,FALSE,TRUE,TRUE,Useful corroborating or contextual source for reconstructing Baker's evidence trail.,"Ch. 16, note 9: Jeffrey Toobin, “The Dirty Trickster,’ New Yorker, June 2, 2008."
BKR-0610,PART_2;PART_3,16,16:10;16:12,PRIMARY_CONTEMPORARY_NEWS,B,3,,cial reporting that make spending at Gates transparent and publicly accountable,Wall Street Journal,2008,reporting,,,Baker cites this source in chapter 16 in connection with cial reporting that make spending at Gates transparent and publicly accountable; the OCR text does not preserve a reliable body-note marker for a more precise claim mapping.,,Alexander J. Blenkinsopp; As Bogert; College Endowment Tax Is Studied; Harvard Crimson; Harvard Stock Under Scrutiny; John Hechinger; Wall Street Journal,2,1,TRUE,FALSE,FALSE,TRUE,TRUE,FALSE,FALSE,Useful corroborating or contextual source for reconstructing Baker's evidence trail.,"Ch. 16, note 10: As Bogert points out, Harvard, unlike Gates, is not required to pay taxes or spend 5 percent of its income per year. “Nor is it bound by most of the strictures of financial reporting that make spending at Gates transparent and publicly accountable.” (See ibid.) Lawmakers are catching on: in 2008, the Wall Street Journal reported that Massachusetts legislators are considering plans to levy a 2.5 percent yearly tax on college endowments exceeding one billion dollars. John Hechinger, “College Endowment Tax Is Studied,” Wall Street Journal, May 9, 2008. i. Alexander J. Blenkinsopp, “Harvard Stock Under Scrutiny,” Harvard Crimson, July 19, 2002. || Ch. 16, note 12: Ibid."
BKR-0611,PART_2;PART_3,16,16:16,OTHER,C,3,,cial services executive recruiting firm called Russell Reynolds Associates,,1989,,,,Baker cites this source in chapter 16 in connection with cial services executive recruiting firm called Russell Reynolds Associates; the OCR text does not preserve a reliable body-note marker for a more precise claim mapping.,,Brown Brothers Harriman; Brown Brothers Harriman. Both Russell Reynolds; Harken and George; Jonathan Bush; Jonathan Bush. And; Landon Hilliard; Poppy Bush; Poppy Bush’s; Robert G. Stone; Russell Reynolds Associates; Russell Reynolds Associates. Another,1,1,FALSE,FALSE,FALSE,FALSE,TRUE,FALSE,FALSE,Useful corroborating or contextual source for reconstructing Baker's evidence trail.,"Ch. 16, note 16: In 1989, following Poppy’s inauguration as president, and while Harvard was deeply involved with Harken and George W., Robert G. Stone was elected to the board of a large, private, Greenwich-based financial services executive recruiting firm called Russell Reynolds Associates. Another board member was W.’s uncle Jonathan Bush. And another was Landon Hilliard, a partner in Brown Brothers Harriman. Both Russell Reynolds and Jonathan Bush had been lead fund-raisers for Poppy Bush’s presidential campaign. Russell Reynolds Associates is not only private, but it is also unusual in the way it operates: although executive recruiting firms by definition seek to bring experienced personnel from one firm to another, and though most of its competitors seek to lure recruiters from each other, Reynolds is distinguished by its preference to recruit and train its own personnel while they are still green. One might call it a kind of Poppy Bush approach."
BKR-0612,PART_2;PART_3,16,16:17,OTHER,C,3,,CIA front,CIA,1919,CIA front,CIA,,Baker cites this source in chapter 16 in connection with CIA front; the OCR text does not preserve a reliable body-note marker for a more precise claim mapping.,,CIA; Congress for Cultural Freedom; Fairfield Foundation; Galen L. Stone; Galen Stone; George W. Bush; George W. Bush’s; Godfrey Rockefeller; John D. Rockefeller’s; John F. Kennedy; Joseph P. Kennedy; Marian Rockefeller; Robert G. Stone Jr; S.S. Galen L. Stone; Samuel Bush; Shearson Lehman; World War II; World War II Liberty,1,1,FALSE,FALSE,TRUE,FALSE,TRUE,FALSE,FALSE,Useful corroborating or contextual source for reconstructing Baker's evidence trail.,"Ch. 16, note 17: Stone’s grandfather Galen L. Stone had cofounded the investment firm Hayden, Stone (which later became part of the giant, oft-renamed brokerage firm Shearson Lehman). In 1919 Galen Stone had hired a young fellow named Joseph P. Kennedy, giving him a start on his way to the riches that would, paradoxically, finance the political career of another, more liberal Harvard alumnus, John F. Kennedy. (A World War II Liberty ship, the S.S. Galen L. Stone, was named in honor of the banker.) Robert G. Stone Jr. interrupted his Harvard studies to serve in World War II, and after the war married Marian Rockefeller, daughter of Godfrey Rockefeller. (Godfrey was the grandson of John D. Rockefeller’s brother William, who had been a major investor in the railroad that had employed George W. Bush’s great-grandfather Samuel Bush early in his career.) Godfrey, Andover class of 1942, was a trustee of the Fairfield Foundation, which provided funds to a British publication later financed by the CIA. In addition, Fairfield financed the Congress for Cultural Freedom, also exposed as a CIA front. Prescott and Dorothy Bush were not only good friends with Godfrey and Marian Rockefeller; more important, they had been instrumental in introducing Godfrey to his future wife, who knew Dorothy from St. Louis. It was truly all in the family."
BKR-0613,PART_2;PART_3,16,16:18,PRIMARY_CONTEMPORARY_NEWS,B,3,Marcella Bombardieri,"Robert G. Stone Jr., a Fund-raising Stalwart for Harvard; at 83,",Boston Globe,"April 25, 2006",,,,"Baker cites this source in chapter 16 in connection with Robert G. Stone Jr., a Fund-raising Stalwart for Harvard; at 83,; the OCR text does not preserve a reliable body-note marker for a more precise claim mapping.",,Boston Globe; Fund-raising Stalwart for Harvard; Marcella Bombardieri; Robert G. Stone Jr,1,1,TRUE,FALSE,FALSE,FALSE,FALSE,FALSE,FALSE,Useful corroborating or contextual source for reconstructing Baker's evidence trail.,"Ch. 16, note 18: Marcella Bombardieri, “Robert G. Stone Jr., a Fund-raising Stalwart for Harvard; at 83,” Boston Globe, April 25, 2006."
BKR-0614,PART_2;PART_3,16,16:19,OTHER,C,3,Healy and Kranish,Harvard Invested Heavily in Harken.,,,,,,Baker cites this source in chapter 16 in connection with Harvard Invested Heavily in Harken.; the OCR text does not preserve a reliable body-note marker for a more precise claim mapping.,,Harvard Invested Heavily; Healy and Kranish,1,1,FALSE,FALSE,FALSE,FALSE,TRUE,FALSE,FALSE,Useful corroborating or contextual source for reconstructing Baker's evidence trail.,"Ch. 16, note 19: Healy and Kranish, “Harvard Invested Heavily in Harken.”"
BKR-0615,PART_2;PART_3,16,16:20,OTHER,C,3,,"CIA-fund-disbursing private foundations, sat on the Freeport board for a remarkable fifty years",CIA,,CIA-fund-disbursing private foundations,CIA,,"Baker cites this source in chapter 16 in connection with CIA-fund-disbursing private foundations, sat on the Freeport board for a remarkable fifty years; the OCR text does not preserve a reliable body-note marker for a more precise claim mapping.",,CIA; Godfrey Rockefeller,1,1,FALSE,FALSE,TRUE,FALSE,TRUE,FALSE,FALSE,Useful corroborating or contextual source for reconstructing Baker's evidence trail.,"Ch. 16, note 20: Stone’s father-in-law, Godfrey Rockefeller, identified in 1970s congressional inquiries as having been involved with CIA-fund-disbursing private foundations, sat on the Freeport board for a remarkable fifty years."
BKR-0616,PART_2;PART_3,16,16:22,OTHER,C,3,,Warren Commission counsel who so ineffectively interrogated George de Mohrenschildt,,,,,,"Baker cites this in support of the surrounding discussion: According to Harken filings, the London branch of that Swiss bank underwrote Harken’s twenty-five-million-dollar stock offering. The bulk of the UBS shares, in turn, went to a Saudi operating through a Caribbean shell company.",,Albert Jenner; General Dynamics; George de Mohrenschildt; Henry Crown; Many Americans; Warren Commission,1,1,FALSE,FALSE,FALSE,FALSE,TRUE,FALSE,FALSE,Useful corroborating or contextual source for reconstructing Baker's evidence trail.,"Ch. 16, note 22: Many Americans came to the Philippines to make their fortune. One of them was Henry Crown, who would go on to be the controlling shareholder of the giant military contractor General Dynamics, and in effect the boss of Albert Jenner, the Warren Commission counsel who so ineffectively interrogated George de Mohrenschildt."
BKR-0617,PART_2;PART_3,16,16:25,SECONDARY_BOOK,B,3,Rudy Abramson,"Spanning the Century: The Life of W. Averell Harriman, 1891-1986","New York: William Morrow and Company, 1992",1891,,,451,"Baker cites this source in chapter 16 in connection with Spanning the Century: The Life of W. Averell Harriman, 1891-1986; the OCR text does not preserve a reliable body-note marker for a more precise claim mapping.",,Rudy Abramson; Spanning the Century; William Morrow and Company,1,1,FALSE,FALSE,FALSE,FALSE,FALSE,FALSE,FALSE,Useful corroborating or contextual source for reconstructing Baker's evidence trail.,"Ch. 16, note 25: Rudy Abramson, Spanning the Century: The Life of W. Averell Harriman, 1891-1986 (New York: William Morrow and Company, 1992), p. 451."
BKR-0618,PART_2;PART_3,16,16:31,OTHER,C,3,,secinfo,,2003,,,,Baker cites this source in chapter 16 in connection with secinfo; the OCR text does not preserve a reliable body-note marker for a more precise claim mapping.,,,1,1,FALSE,FALSE,FALSE,TRUE,TRUE,FALSE,FALSE,Useful corroborating or contextual source for reconstructing Baker's evidence trail.,"Ch. 16, note 31: 2003. Available online at www.secinfo.com/dsvr4.a44.c.htm."
BKR-0619,PART_2;PART_3,16,16:32,OTHER,C,3,Charles Maechling,"Camelot, Robert Kennedy, and Counter-Insurgency: A Memoir,",,1999,,,438-58,"Baker cites this source in chapter 16 in connection with Camelot, Robert Kennedy, and Counter-Insurgency: A Memoir,; the OCR text does not preserve a reliable body-note marker for a more precise claim mapping.",,Charles Maechling; Robert Kennedy; Virginia Quarterly Review,1,1,FALSE,FALSE,FALSE,FALSE,TRUE,FALSE,FALSE,Useful corroborating or contextual source for reconstructing Baker's evidence trail.,"Ch. 16, note 32: Charles Maechling, “Camelot, Robert Kennedy, and Counter-Insurgency: A Memoir,” Virginia Quarterly Review, Summer 1999, pp. 438-58."
BKR-0620,PART_2;PART_3,16,16:33,SECONDARY_BOOK,B,3,Evan Thomas,The Very Best Men,"New York: Simon & Schuster, 1995",1995,,,271,Baker cites this source in chapter 16 in connection with The Very Best Men; the OCR text does not preserve a reliable body-note marker for a more precise claim mapping.,,Evan Thomas; Simon & Schuster,1,1,FALSE,FALSE,FALSE,FALSE,FALSE,FALSE,FALSE,Useful corroborating or contextual source for reconstructing Baker's evidence trail.,"Ch. 16, note 33: Evan Thomas, The Very Best Men (New York: Simon & Schuster, 1995), p. 271."
BKR-0621,PART_2;PART_3,16,16:34,PRIMARY_CONTEMPORARY_NEWS,B,3,For a thorough account of the U.S.-Marcos relationship,"see Raymond Bonner, Waltzing with a Dictator: The Marcoses and the Making of American Policy","New York: Times Books, 1987",1987,,,,"Baker cites this source in chapter 16 in connection with see Raymond Bonner, Waltzing with a Dictator: The Marcoses and the Making of American Policy; the OCR text does not preserve a reliable body-note marker for a more precise claim mapping.",,American Policy; Raymond Bonner; Times Books,1,1,TRUE,FALSE,FALSE,FALSE,FALSE,FALSE,FALSE,Useful corroborating or contextual source for reconstructing Baker's evidence trail.,"Ch. 16, note 34: For a thorough account of the U.S.-Marcos relationship, see Raymond Bonner, Waltzing with a Dictator: The Marcoses and the Making of American Policy (New York: Times Books, 1987)."
BKR-0622,PART_2;PART_3,16,16:35,SECONDARY_BOOK,B,3,James Hamilton-Paterson,Americas Boy: The Marcoses and the Philippines,"London: Granta Books, 1999",1999,,,147,Baker cites this source in chapter 16 in connection with Americas Boy: The Marcoses and the Philippines; the OCR text does not preserve a reliable body-note marker for a more precise claim mapping.,,Amelito Mutuc; Americas Boy; Gold Warriors; Granta Books; James Hamilton-Paterson,1,1,FALSE,FALSE,FALSE,FALSE,TRUE,FALSE,FALSE,Useful corroborating or contextual source for reconstructing Baker's evidence trail.,"Ch. 16, note 35: James Hamilton-Paterson, Americas Boy: The Marcoses and the Philippines (London: Granta Books, 1999), p. 147. According to the Seagraves, Marcos’s close associate Amelito Mutuc had claimed that Marcos had recovered fourteen billion dollars’ worth, principally from a single site, although the Seagraves assert that was just part of the Japa nese war loot Marcos acquired. As noted in Gold Warriors, some believe that the Japanese treasure story is untrue, but utilized by the Marcoses themselves as a way of explaining Ferdinand’s vast private wealth, “which in fact came from far more disreputable dealings, cheatings and carpetbaggings in the aftermath of the war.” The accepted importance of the Philippines as a strategic location does not by itself seem to adequately explain the American intelligence apparatus’s apparent obsession with both the islands and with gold."
BKR-0623,PART_2;PART_3,16,16:36,OTHER,C,3,,second-largest producer of gold after South Africa—with half a dozen major mines and output exceeding even that of the United States and Canada,,1975,,,,Baker cites this source in chapter 16 in connection with second-largest producer of gold after South Africa—with half a dozen major mines and output exceeding even that of the United States and Canada; the OCR text does not preserve a reliable body-note marker for a more precise claim mapping.,,America’s Boy; Central Bank. Theoretically; During the; Gold Warriors; Japanese and; South Africa; United States and Canada. For,1,1,FALSE,FALSE,FALSE,TRUE,TRUE,FALSE,FALSE,Useful corroborating or contextual source for reconstructing Baker's evidence trail.,"Ch. 16, note 36: During the 1960s and part of the ’70s, the Philippines was the free world’s second-largest producer of gold after South Africa—with half a dozen major mines and output exceeding even that of the United States and Canada. For many years, the gold was sent abroad for refining. But in 1975, a world-class domestic refinery was built. The Briton James Hamilton- Paterson, who has lived in the Philippines on and off since 1979 and authored America’s Boy, a biography of Marcos, asserts that this was not only so the Philippines could finally refine its own domestic production, but also “so that bars of Japanese and other gold could be resmelted into untraceable bullion before being spirited away to Swiss banks.” He quotes an unnamed figure from the Philippines gold industry: “By law the gold had to be sold to the Central Bank. Theoretically, between about 1977 and 1982 Marcos was in a position to ‘buy’ all the gold mined and refined in the Philippines at a discount. Practically, he could steal the lot.” On page 341 of Gold Warriors, the Seagraves quote a Marcos crony asserting that in 1973, the first full year of martial law, Marcos was able to steal as much gold as he wanted; and that proof of this was that in that year, Manila’s gold reserves dropped by 45 percent (or twenty-five tons)."
BKR-0624,PART_2;PART_3,16,16:37,PRIMARY_CONTEMPORARY_NEWS,B,3,,"cians, a question of complicating the paper chase",Nation,,document the,,,"Baker cites this source in chapter 16 in connection with cians, a question of complicating the paper chase; the OCR text does not preserve a reliable body-note marker for a more precise claim mapping.",,Central Bank; Central Bank. But; Philippines. They; Seagraves’ Gold Warriors,1,1,TRUE,FALSE,FALSE,FALSE,TRUE,FALSE,FALSE,Useful corroborating or contextual source for reconstructing Baker's evidence trail.,"Ch. 16, note 37: It is unknown how much gold Marcos sold to the Central Bank. But, according to the Seagraves’ Gold Warriors, “Most of his gold was already refined, and once in the Central Bank could be moved directly into the international market—if a way could be found to disguise it from the inevitable statisticians, a question of complicating the paper chase.” Based on what they were told by gold industry officials, the Seagraves go on to explain that Marcos began a program to lease quantities of dormant bullion to banks—and that this was actually cover for Marcos to move large quantities of “black gold” (i.e., gold unacknowledged by world markets) out of the Philippines. They also cite eyewitness accounts of Marcos’s personal plane ferrying gold to a Zu rich bank, and way bills that they say document the use of commercial planes for that purpose as well."
BKR-0625,PART_2;PART_3,16,16:38,PRIMARY_CONTEMPORARY_NEWS,B,3,,"“Together Again,” Time, July 13, 1981.",Time,"July 13, 1981",,,,"Baker cites this source in chapter 16 in connection with “Together Again,” Time, July 13, 1981.; the OCR text does not preserve a reliable body-note marker for a more precise claim mapping.",,Together Again,1,1,TRUE,FALSE,FALSE,FALSE,FALSE,TRUE,TRUE,Useful corroborating or contextual source for reconstructing Baker's evidence trail.,"Ch. 16, note 38: “Together Again,” Time, July 13, 1981."
BKR-0626,PART_2;PART_3,16,16:40,MEMOIR_AUTOBIOGRAPHY,C,3,Ed Rollins with Tom DeFrank,Bare Knuckles and Back Rooms: My Life in American Politics,"New York: Broadway, 1996",1996,,,214-15,Baker cites this source in chapter 16 in connection with Bare Knuckles and Back Rooms: My Life in American Politics; the OCR text does not preserve a reliable body-note marker for a more precise claim mapping.,,American Politics; Bare Knuckles and Back Rooms; Ed Rollins; Tom DeFrank,1,1,FALSE,FALSE,FALSE,FALSE,TRUE,FALSE,FALSE,Useful corroborating or contextual source for reconstructing Baker's evidence trail.,"Ch. 16, note 40: Ed Rollins with Tom DeFrank, Bare Knuckles and Back Rooms: My Life in American Politics (New York: Broadway, 1996), pp. 214-15."
BKR-0627,PART_2;PART_3,16,16:42,PRIMARY_CONTEMPORARY_NEWS,B,3,Craig Unger,"The War They Wanted, the Lies They Needed,",Vanity Fair,2006,,,,"Baker cites this source in chapter 16 in connection with The War They Wanted, the Lies They Needed,; the OCR text does not preserve a reliable body-note marker for a more precise claim mapping.",,Lies They Needed; Vanity Fair,1,1,TRUE,FALSE,FALSE,FALSE,FALSE,FALSE,FALSE,Useful corroborating or contextual source for reconstructing Baker's evidence trail.,"Ch. 16, note 42: See Craig Unger, “The War They Wanted, the Lies They Needed,” Vanity Fair, July 2006."
BKR-0628,PART_2;PART_3,16,16:42,OTHER,C,3,,"secret paramilitary force called Operation Gladio, which was originally set up to resist a potential Communist takeover in Italy",,,,,,"Baker cites this source in chapter 16 in connection with secret paramilitary force called Operation Gladio, which was originally set up to resist a potential Communist takeover in Italy; the OCR text does not preserve a reliable body-note marker for a more precise claim mapping.",,Communist Takeover Fund; Operation Gladio; World War II. One,1,1,FALSE,FALSE,FALSE,TRUE,TRUE,FALSE,FALSE,Useful corroborating or contextual source for reconstructing Baker's evidence trail.,"Ch. 16, note 42: As strange as a “Communist Takeover Fund” sounds, NATO actually created stay-behind networks all over Eu rope after World War II. One example is a secret paramilitary force called Operation Gladio, which was originally set up to resist a potential Communist takeover in Italy."
BKR-0629,PART_2;PART_3,16,16:43,PRIMARY_CONTEMPORARY_NEWS,B,3,Russ Baker and Adam Federman with response by Alan G. Quasha and Terence R. McAuliffe,"Hillary’s Mystery Money Men,",Nation,"November 5, 2007",,,,"Baker cites this source in chapter 16 in connection with Hillary’s Mystery Money Men,; the OCR text does not preserve a reliable body-note marker for a more precise claim mapping.",,Alan G. Quasha and Terence; Hillary’s Mystery Money Men; R. McAuliffe; Russ Baker and Adam Federman,1,1,TRUE,FALSE,FALSE,FALSE,FALSE,FALSE,FALSE,Useful corroborating or contextual source for reconstructing Baker's evidence trail.,"Ch. 16, note 43: Russ Baker and Adam Federman with response by Alan G. Quasha and Terence R. McAuliffe,“Hillary’s Mystery Money Men,” Nation, November 5, 2007."
BKR-0630,PART_2;PART_3,16,16:44,OTHER,C,3,,CIA (New York: W,CIA,,,CIA,36,Baker cites this source in chapter 16 in connection with CIA (New York: W; the OCR text does not preserve a reliable body-note marker for a more precise claim mapping.,,CIA; Dirty Money; True Tale of Dope; W. W. Norton and Company,1,1,FALSE,FALSE,TRUE,FALSE,TRUE,FALSE,FALSE,Useful corroborating or contextual source for reconstructing Baker's evidence trail.,"Ch. 16, note 44: See Jonathan Kwitny, The Crimes of Patriots: A True Tale of Dope, Dirty Money, and the CIA (New York: W. W. Norton and Company), p. 36."
BKR-0631,PART_2;PART_3,16,16:45;16:46,OTHER,C,3,Steve Dvin,"Homer Williams Develops Opportunity with Wits, Charm,",,"July 5, 1998",,,,"Baker cites this source in chapter 16 in connection with Homer Williams Develops Opportunity with Wits, Charm,; the OCR text does not preserve a reliable body-note marker for a more precise claim mapping.",,Homer Williams Develops Opportunity; Steve Dvin,2,1,FALSE,FALSE,FALSE,FALSE,TRUE,FALSE,FALSE,Useful corroborating or contextual source for reconstructing Baker's evidence trail.,"Ch. 16, note 45: Steve Dvin, “Homer Williams Develops Opportunity with Wits, Charm,” Oregonian (Portland, Oregon), July 5, 1998. || Ch. 16, note 46: Ibid."
BKR-0632,PART_2;PART_3,16,16:47,PRIMARY_CONTEMPORARY_NEWS,B,3,Jeff Gerth,"Marcos U.S. Bank Dealings Modest,",New York Times,"March 22, 1986",,,,"Baker cites this source in chapter 16 in connection with Marcos U.S. Bank Dealings Modest,; the OCR text does not preserve a reliable body-note marker for a more precise claim mapping.",,Jeff Gerth; Marcos U.S. Bank Dealings Modest,1,1,TRUE,FALSE,FALSE,FALSE,FALSE,FALSE,FALSE,Useful corroborating or contextual source for reconstructing Baker's evidence trail.,"Ch. 16, note 47: Jeff Gerth, “Marcos U.S. Bank Dealings Modest,” New York Times, March 22, 1986."
BKR-0633,PART_2;PART_3,16,16:48,PRIMARY_CONTEMPORARY_NEWS,B,3,William Glaberson,"The Marcos Verdict; The ‘Wrong’ Court,",New York Times,"July 3, 1990",,,,"Baker cites this source in chapter 16 in connection with The Marcos Verdict; The ‘Wrong’ Court,; the OCR text does not preserve a reliable body-note marker for a more precise claim mapping.","Original Court referenced or described by this secondary source, with complete provenance",William Glaberson; Wrong’ Court,1,1,TRUE,FALSE,FALSE,FALSE,FALSE,FALSE,FALSE,Useful corroborating or contextual source for reconstructing Baker's evidence trail.,"Ch. 16, note 48: William Glaberson, “The Marcos Verdict; The ‘Wrong’ Court,” New York Times, July 3, 1990."
BKR-0634,PART_2;PART_3,16,16:51,OTHER,C,3,L. J. Davis,Where Are You Al?,,1993,,,,Baker cites this source in chapter 16 in connection with Where Are You Al?; the OCR text does not preserve a reliable body-note marker for a more precise claim mapping.,,L. J. Davis; Mother Jones; Where Are You Al,1,1,FALSE,FALSE,FALSE,FALSE,TRUE,FALSE,FALSE,Useful corroborating or contextual source for reconstructing Baker's evidence trail.,"Ch. 16, note 51: L. J. Davis, “Where Are You Al?” Mother Jones, November—December 1993."
BKR-0635,PART_2;PART_3,16,16:53,PRIMARY_CONTEMPORARY_NEWS,B,3,,"In an interview, Senn said: “ ‘Petty apartheid,’ the physical separation of the races, is about to disappear.",Time,,,,,"Baker cites this source in chapter 16 in connection with In an interview, Senn said: “ ‘Petty apartheid,’ the physical separation of the races, is about to disappear.; the OCR text does not preserve a reliable body-note marker for a more precise claim mapping.","Original interview referenced or described by this secondary source, with complete provenance",Barclays National Bank,1,1,TRUE,FALSE,FALSE,TRUE,FALSE,FALSE,FALSE,Useful corroborating or contextual source for reconstructing Baker's evidence trail.,"Ch. 16, note 53: In an interview, Senn said: “ ‘Petty apartheid,’ the physical separation of the races, is about to disappear. The grand scheme of apartheid, a wholesale democratic solution including ‘one man-—one vote’ will, however, take time . . . ‘One man—one vote’ to me is not a world religion.” Khulumani et al. v. Barclays National Bank et al. brief, available at www.kosa.org/documents/Swiss_ campaign amici _curiae.pdf"
BKR-0636,PART_2;PART_3,16,16:56,OTHER,C,3,,cial interests were held by a Bermuda-based trust controlled by his mother,,,,,,Baker cites this source in chapter 16 in connection with cial interests were held by a Bermuda-based trust controlled by his mother; the OCR text does not preserve a reliable body-note marker for a more precise claim mapping.,,Anton Rupert; North American Resources; Quadrant Management Inc; Richemont SA,1,1,FALSE,FALSE,FALSE,FALSE,TRUE,FALSE,FALSE,Useful corroborating or contextual source for reconstructing Baker's evidence trail.,"Ch. 16, note 56: Anton Rupert also launched Quadrant Management Inc., a corporate takeover and reorganization firm that principally manages the U.S. assets of a company called North American Resources, a company that is a joint venture between the Quasha family and Financiére Richemont SA, a Swiss tobacco and luxury goods company that had just formed, and whose board Quasha joined. Financial interests were held by a Bermuda-based trust controlled by his mother. Thus, Quasha was deeply involved with a network of Swiss, Luxembourg, American, and offshore entities centered on this relationship. The main function of the consortium appeared to be twofold: controlling natural resources (timber, etc.) and assembling baubles for the rich under one corporate roof."
BKR-0637,PART_2;PART_3,16,16:59,OTHER,C,3,,"For a previous employer, Ameen had dealt closely with the Saudi royal family, including Kamal Adham, the former chief of Saudi intelligence and a key BCCI figure.",,,,,,"Baker cites this source in chapter 16 in connection with For a previous employer, Ameen had dealt closely with the Saudi royal family, including Kamal Adham, the former chief of Saudi intelligence and a key BCCI figure.; the OCR text does not preserve a reliable body-note marker for a more precise claim mapping.",,Abdullah Bakhsh; BCCI; Ghaith Pharaon’s; Kamal Adham; Little Rock. Soon Ameen; London and Bahrain; Stephens Inc,1,1,FALSE,FALSE,FALSE,FALSE,TRUE,FALSE,FALSE,Useful corroborating or contextual source for reconstructing Baker's evidence trail.,"Ch. 16, note 59: For a previous employer, Ameen had dealt closely with the Saudi royal family, including Kamal Adham, the former chief of Saudi intelligence and a key BCCI figure. Ameen was also close to Ghaith Pharaon’s family and had been a friend of Abdullah Bakhsh, the big Harken shareholder, for twenty-five years. Ameen says that ten minutes after he got the oil minister’s call for his advice on which of hundreds of oil companies should get the Bahrain contract, and while pondering this deeply, his phone happened to ring. On the other end was a Harken investment banker at Stephens Inc. in Little Rock. Soon Ameen, who would later receive a $100,000 fee from Harken, was escorting Harken delegations to London and Bahrain."
BKR-0638,PART_2;PART_3,16,16:60,OTHER,C,3,,An unnamed institutional client “offered” to take W.’s shares off his hands.,,,,,,Baker cites this source in chapter 16 in connection with An unnamed institutional client “offered” to take W.’s shares off his hands.; the OCR text does not preserve a reliable body-note marker for a more precise claim mapping.,,Despite the; Los Angeles; Ralph Smith; Sutro & Co,1,1,FALSE,FALSE,FALSE,FALSE,TRUE,FALSE,FALSE,Useful corroborating or contextual source for reconstructing Baker's evidence trail.,"Ch. 16, note 60: An unnamed institutional client “offered” to take W.’s shares off his hands. Bush is said to have initially declined, but to have told the stockbroker on the deal, Ralph Smith at the Los Angeles— based Sutro & Co., to check back in two weeks. Meanwhile, Harken’s lawyers issued a memo to Harken staffers warning against selling stock based on insider information. One week passed, and Bush called Smith back. Despite the apparent warning not to do so, he went ahead and sold 212,140 Harken shares for $4 per share, netting $848,560."
BKR-0639,PART_2;PART_3,16,16:62,OTHER,C,3,,"Securities and Exchange Commission and elsewhere, gathered by Harvard Watch, a student and alumni group, and the nonpartisan Center for Public Integrity",,,,,,"Baker cites this source in chapter 16 in connection with Securities and Exchange Commission and elsewhere, gathered by Harvard Watch, a student and alumni group, and the nonpartisan Center for Public Integrity; the OCR text does not preserve a reliable body-note marker for a more precise claim mapping.",,Center for Public Integrity; Harvard Watch; Securities and Exchange Commission and,1,1,FALSE,FALSE,FALSE,TRUE,TRUE,FALSE,FALSE,Useful corroborating or contextual source for reconstructing Baker's evidence trail.,"Ch. 16, note 62: Documents from the Securities and Exchange Commission and elsewhere, gathered by Harvard Watch, a student and alumni group, and the nonpartisan Center for Public Integrity."
BKR-0640,PART_2;PART_3,16,16:63,OTHER,C,3,,Cited by the Center for Public Integrity.,,1990,,,,Baker cites this source in chapter 16 in connection with Cited by the Center for Public Integrity.; the OCR text does not preserve a reliable body-note marker for a more precise claim mapping.,,Center for Public Integrity. It’s,1,1,FALSE,FALSE,FALSE,FALSE,TRUE,FALSE,FALSE,Useful corroborating or contextual source for reconstructing Baker's evidence trail.,"Ch. 16, note 63: Cited by the Center for Public Integrity. It’s worth noting that Harken itself did business with Enron, as confirmed by a 1990 letter of credit between the two firms."
BKR-0641,PART_2;PART_3,16,16:65,PRIMARY_CONTEMPORARY_NEWS,B,3,R. G. Ratcliffe,"Business Associates Profit During Bush’s Term as Governor,",Houston Chronicle,"August 16, 1998",,,,"Baker cites this source in chapter 16 in connection with Business Associates Profit During Bush’s Term as Governor,; the OCR text does not preserve a reliable body-note marker for a more precise claim mapping.",,Business Associates Profit During Bush’s Term; Houston Chronicle; R. G. Ratcliffe,1,1,TRUE,FALSE,FALSE,FALSE,TRUE,FALSE,FALSE,Useful corroborating or contextual source for reconstructing Baker's evidence trail.,"Ch. 16, note 65: R. G. Ratcliffe, “Business Associates Profit During Bush’s Term as Governor,” Houston Chronicle, August 16, 1998."
BKR-0642,PART_2;PART_3,16,16:67,OTHER,C,3,Eamon Javers,Is Obama Good for Business?,,"February 13, 2008",,,,Baker cites this source in chapter 16 in connection with Is Obama Good for Business?; the OCR text does not preserve a reliable body-note marker for a more precise claim mapping.,,Business Week; Eamon Javers; Is Obama Good for Business,1,1,FALSE,FALSE,FALSE,FALSE,TRUE,FALSE,FALSE,Useful corroborating or contextual source for reconstructing Baker's evidence trail.,"Ch. 16, note 67: Eamon Javers, “Is Obama Good for Business?” Business Week, February 13, 2008."
BKR-0643,PART_3,17,17:1,OTHER,C,3,Simone Berkower,"Cheerleading of the ’20s: Epitome of Masculinity,",,"January 28, 2008",,,,"Baker cites this source in chapter 17 in connection with Cheerleading of the ’20s: Epitome of Masculinity,; the OCR text does not preserve a reliable body-note marker for a more precise claim mapping.",,Cheerleading of the; Epitome of Masculinity; Yale Daily News,1,1,FALSE,FALSE,FALSE,FALSE,TRUE,FALSE,FALSE,Useful corroborating or contextual source for reconstructing Baker's evidence trail.,"Ch. 17, note 1: See Simone Berkower, “Cheerleading of the ’20s: Epitome of Masculinity,” Yale Daily News, January 28, 2008."
BKR-0644,PART_3,17,17:1,SECONDARY_BOOK,B,3,For more,"see Peter Schweizer and Rochelle Schweizer, The Bushes: Portrait of a Dynasty","New York: Doubleday, 2004",2004,,,90,"Baker cites this source in chapter 17 in connection with see Peter Schweizer and Rochelle Schweizer, The Bushes: Portrait of a Dynasty; the OCR text does not preserve a reliable body-note marker for a more precise claim mapping.",,Peter Schweizer and Rochelle Schweizer; Portrait of,1,1,FALSE,FALSE,FALSE,FALSE,FALSE,FALSE,FALSE,Useful corroborating or contextual source for reconstructing Baker's evidence trail.,"Ch. 17, note 1: For more, see Peter Schweizer and Rochelle Schweizer, The Bushes: Portrait of a Dynasty (New York: Doubleday, 2004), p. 90. Prescott, Poppy, and W. were all members of the Yale cheerleading squad."
BKR-0645,PART_3,17,17:7,PRIMARY_CONTEMPORARY_NEWS,B,3,,"Because shares were bought from various owners over time, there is some disagreement onthe total amount paid.",Time,,,,,"Baker cites this source in chapter 17 in connection with Because shares were bought from various owners over time, there is some disagreement onthe total amount paid.; the OCR text does not preserve a reliable body-note marker for a more precise claim mapping.",,,1,1,TRUE,FALSE,FALSE,FALSE,FALSE,TRUE,TRUE,Useful corroborating or contextual source for reconstructing Baker's evidence trail.,"Ch. 17, note 7: Because shares were bought from various owners over time, there is some disagreement onthe total amount paid."
BKR-0646,PART_3,17,17:11,PRIMARY_CONTEMPORARY_NEWS,B,3,Elisabeth Bumiller,"For President and Close Friend, Forget the Politics,",New York Times,"January 14, 2005",,,,"Baker cites this source in chapter 17 in connection with For President and Close Friend, Forget the Politics,; the OCR text does not preserve a reliable body-note marker for a more precise claim mapping.",,Elisabeth Bumiller; Forget the Politics,1,1,TRUE,FALSE,FALSE,FALSE,FALSE,FALSE,FALSE,Useful corroborating or contextual source for reconstructing Baker's evidence trail.,"Ch. 17, note 11: Elisabeth Bumiller, “For President and Close Friend, Forget the Politics,” New York Times, January 14, 2005."
BKR-0647,PART_3,17,17:12,PRIMARY_CONTEMPORARY_NEWS,B,3,,"Betts’s father, Allan W. Betts, had, after Yale, been a partner at G. H. Walker and Company,the company run by Poppy Bush’s favorite uncle, Herbie—himself one of the principal owners of a baseball team, the New York Mets",New York Times,"April 21, 1945",,,,"Baker cites this in support of the surrounding discussion: The inside man was Tom Schieffer, brother of CBS News correspondent Bob Schieffer. A former Texas state representative once dubbed one of the “ten worst legislators” in Texas by Texas Monthly, Schieffer had already been involved with a competing group seeking to buy the team, but was persuaded to transfer his allegiance, as well as to bring in a $1.4 million investment",,Allan Betts; Allan W. Betts; Allan Whitney Betts and Evelyn Ohman; Astor Foundation and; Averell and Roland Harriman; Bushes and; Even Betts’s; G. H. Walker and Company; Hobe Sound; Mary Harriman Rumsey; Poppy Bush’s; Vincent Astor; Washington for the OSS; World War I. For the; World War II,1,1,TRUE,FALSE,FALSE,FALSE,FALSE,TRUE,TRUE,Useful corroborating or contextual source for reconstructing Baker's evidence trail.,"Ch. 17, note 12: Betts’s father, Allan W. Betts, had, after Yale, been a partner at G. H. Walker and Company,the company run by Poppy Bush’s favorite uncle, Herbie—himself one of the principal owners of a baseball team, the New York Mets. And Allan Betts and his wife had a home in the exclusive enclave of Hobe Sound, Florida, as did the Bushes and many in their intelligence-finance circle. Allan Betts was also for many years director of the Astor Foundation and co-executor of the Vincent Astor estate. Astor not only ran intelligence in the New York area circa World War II, but he also started Newsweek, which was known to have strong ties to intelligence circles in its early days. (Vincent Astor bought Newsweek with Mary Harriman Rumsey, the sister of Averell and Roland Harriman.) Even Betts’s mother had a spy background, having worked in Washington for the OSS during World War I. For the latter point, see the New York Times’ wedding announcement for Allan Whitney Betts and Evelyn Ohman, April 21, 1945."
BKR-0648,PART_3,17,17:16,SECONDARY_BOOK,B,3,,"David Cay Johnston, Free Lunch: How the Wealthiest Americans Enrich Themselves at Government Expense (and Stick You with the Bill) (New York: Portfolio, 2007), p. 79.",,2007,,,79,"Baker cites this source in chapter 17 in connection with David Cay Johnston, Free Lunch: How the Wealthiest Americans Enrich Themselves at Government Expense (and Stick You with the Bill) (New York: Portfolio, 2007), p. 79.; the OCR text does not preserve a reliable body-note marker for a more precise claim mapping.",,David Cay Johnston; Free Lunch; Government Expense; How the Wealthiest Americans Enrich Themselves; Stick You,1,1,FALSE,FALSE,FALSE,TRUE,FALSE,TRUE,TRUE,Useful corroborating or contextual source for reconstructing Baker's evidence trail.,"Ch. 17, note 16: David Cay Johnston, Free Lunch: How the Wealthiest Americans Enrich Themselves at Government Expense (and Stick You with the Bill) (New York: Portfolio, 2007), p. 79."
BKR-0649,PART_3,17,17:20,OTHER,C,3,,"James Langdon’s father had been a member of the all-powerful Texas Railroad Commission,the misleadingly named entity that regulates oil production in the state, during the agency’s primacy in the 1960s and ’70s.",,,,,,"Baker cites this source in chapter 17 in connection with James Langdon’s father had been a member of the all-powerful Texas Railroad Commission,the misleadingly named entity that regulates oil production in the state, during the agency’s primacy in the 1960s and ’70s.; the OCR text does not preserve a reliable body-note marker for a more precise claim mapping.",,James Langdon’s; Texas Railroad Commission,1,1,FALSE,FALSE,FALSE,FALSE,TRUE,FALSE,FALSE,Useful corroborating or contextual source for reconstructing Baker's evidence trail.,"Ch. 17, note 20: James Langdon’s father had been a member of the all-powerful Texas Railroad Commission,the misleadingly named entity that regulates oil production in the state, during the agency’s primacy in the 1960s and ’70s."
BKR-0650,PART_3,17,17:21,PRIMARY_CONTEMPORARY_NEWS,B,3,Nicholas D. Krist of,"Breaking Into Baseball; Road to Politics Ran Through a Texas Ballpark,",New York Times,"September 24, 2000",,,,"Baker cites this source in chapter 17 in connection with Breaking Into Baseball; Road to Politics Ran Through a Texas Ballpark,; the OCR text does not preserve a reliable body-note marker for a more precise claim mapping.",,Breaking Into Baseball; Nicholas D. Krist of; Politics Ran Through; Texas Ballpark,1,1,TRUE,FALSE,FALSE,FALSE,FALSE,FALSE,FALSE,Useful corroborating or contextual source for reconstructing Baker's evidence trail.,"Ch. 17, note 21: Nicholas D. Krist of, “Breaking Into Baseball; Road to Politics Ran Through a Texas Ballpark,” New York Times, September 24, 2000."
BKR-0651,PART_3,17,17:22,PRIMARY_CONTEMPORARY_NEWS,B,3,Laura Vozzella,"Many Texas Officials Starred in S&L Scandals,",Fort Worth Star-Telegram,"January 1, 1996",,,,"Baker cites this in support of the surrounding discussion: James C. Langdon Jr. was a Washington attorney who ran the energy practice for the prominent Dallas firm of Akin, Gump.",,Fort Worth Star-Telegram; Many Texas Officials Starred,1,1,TRUE,FALSE,FALSE,FALSE,TRUE,FALSE,FALSE,Useful corroborating or contextual source for reconstructing Baker's evidence trail.,"Ch. 17, note 22: See Laura Vozzella, “Many Texas Officials Starred in S&L Scandals,” Fort Worth Star-Telegram, January 1, 1996."
BKR-0652,PART_3,17,17:22,PRIMARY_CONTEMPORARY_NEWS,B,3,,"Greene was also president of the Savings Banc, an Arlington thrift that lost $41.1 million and wastaken over by the federal government. Greene admitted no wrongdoing, and said he was “not unlike literally hundreds of peo",Nation,,,,,"Baker cites this in support of the surrounding discussion: James C. Langdon Jr. was a Washington attorney who ran the energy practice for the prominent Dallas firm of Akin, Gump.",,Savings Banc; Texas and,1,1,TRUE,FALSE,FALSE,TRUE,FALSE,TRUE,TRUE,Useful corroborating or contextual source for reconstructing Baker's evidence trail.,"Ch. 17, note 22: Greene was also president of the Savings Banc, an Arlington thrift that lost $41.1 million and wastaken over by the federal government. Greene admitted no wrongdoing, and said he was “not unlike literally hundreds of people in the state of Texas and thousands nationwide that were caught up in the disastrous takeover of the S&Ls by the federal government.”"
BKR-0653,PART_3,17,17:25,OTHER,C,3,Kristof,Breaking Into Baseball.,,,,,,Baker cites this source in chapter 17 in connection with Breaking Into Baseball.; the OCR text does not preserve a reliable body-note marker for a more precise claim mapping.,,Breaking Into Baseball,1,1,FALSE,FALSE,FALSE,FALSE,TRUE,FALSE,FALSE,Useful corroborating or contextual source for reconstructing Baker's evidence trail.,"Ch. 17, note 25: Kristof, “Breaking Into Baseball.”"
BKR-0654,PART_3,17;23,17:28;23:40,SECONDARY_BOOK,B,3,Bill Minutaglio,The President's Counselor: The Rise to Power of Alberto Gonzales,"New York: HarperCollins, 2006",2006,,,105; 99,"Baker cites this in support of the surrounding discussion: Given his conspicuous lack of experience in running ventures of any size or success, Bush needed to be seen as substantially engaged with the team’s operations in order to ask the people of Texas to elect him governor. Rove would insist that newspapers refer to Bush as the “Rangers owner,” though W. was just one of many owners, and certainly not the principal or most active one. | Baker cites this source in chapter 23 in connection with The President's Counselor: The Rise to Power of Alberto Gonzales; the OCR text does not preserve a reliable body-note marker for a more precise claim mapping.","Original court referenced or described by this secondary source, with complete provenance",Bill Minutaglio; Power of Alberto Gonzales,2,2,FALSE,FALSE,FALSE,FALSE,FALSE,FALSE,FALSE,Useful corroborating or contextual source for reconstructing Baker's evidence trail.,"Ch. 17, note 28: Bill Minutaglio, The President's Counselor: The Rise to Power of Alberto Gonzales (New York: HarperCollins, 2006), p. 99. || Ch. 23, note 40: Bill Minutaglio, The President's Counselor: The Rise to Power of Alberto Gonzales (New York: HarperCollins, 2006), p. 105. Heavy criticism from both conservatives and liberals over an array of concerns forced Miers to withdraw her name from contention for a spot on the high court."
BKR-0655,PART_3,17,17:30,PRIMARY_CONTEMPORARY_NEWS,B,3,,"Clayton Williams commented that poor weather is just like rape—“if it’s inevitable, just relax and enjoy it.” “Texas Primary; Higher Aspirations from Low Campaign,” New York Times, April 15, 1990.",New York Times,"April 15, 1990",,,,"Baker cites this source in chapter 17 in connection with Clayton Williams commented that poor weather is just like rape—“if it’s inevitable, just relax and enjoy it.” “Texas Primary; Higher Aspirations from Low Campaign,” New York Times, April 15, 1990.; the OCR text does not preserve a reliable body-note marker for a more precise claim mapping.",,Clayton Williams; Higher Aspirations; Low Campaign; Texas Primary,1,1,TRUE,FALSE,FALSE,FALSE,FALSE,TRUE,TRUE,Useful corroborating or contextual source for reconstructing Baker's evidence trail.,"Ch. 17, note 30: Clayton Williams commented that poor weather is just like rape—“if it’s inevitable, just relax and enjoy it.” “Texas Primary; Higher Aspirations from Low Campaign,” New York Times, April 15, 1990."
BKR-0656,PART_3,18,18:4,PRIMARY_CONTEMPORARY_NEWS,B,3,Nicholas Lemann,"The Controller,",New Yorker,"May 12, 2003",,,,"Baker cites this in support of the surrounding discussion: Not only did he clear him and hire him, but he went right after Rove’s critics. After the surrogate of one College Republican, Robert Edgeworth, spoke to the Post about the dirty tricks, Edgeworth asked Bush to explain the basis for his decision favoring Rove. “Bush sent me back the angriest letter I have ever received in my life,” Edgeworth said. “I had leaked to the Washington Post, and now I was out of the Party forever.”",,New Yorker; Nicholas Lemann,1,1,TRUE,FALSE,FALSE,FALSE,FALSE,FALSE,FALSE,Useful corroborating or contextual source for reconstructing Baker's evidence trail.,"Ch. 18, note 4: Nicholas Lemann, “The Controller,” New Yorker, May 12, 2003. Z"
BKR-0657,PART_3,18,18:8,SECONDARY_BOOK,B,3,James Moore and Wayne Slater,Bushs Brain,"Hoboken, NJ: John Wiley & Sons, 2003",2003,,,,Baker cites this source in chapter 18 in connection with Bushs Brain; the OCR text does not preserve a reliable body-note marker for a more precise claim mapping.,,Bushs Brain; James Moore and Wayne Slater; John Wiley & Sons,1,1,FALSE,FALSE,FALSE,FALSE,FALSE,FALSE,FALSE,Useful corroborating or contextual source for reconstructing Baker's evidence trail.,"Ch. 18, note 8: James Moore and Wayne Slater, Bushs Brain (Hoboken, NJ: John Wiley & Sons, 2003), p."
BKR-0658,PART_3,18,18:11,OTHER,C,3,,cial units devoted to psy-ops,,,,,,Baker cites this source in chapter 18 in connection with cial units devoted to psy-ops; the OCR text does not preserve a reliable body-note marker for a more precise claim mapping.,,,1,1,FALSE,FALSE,FALSE,FALSE,TRUE,FALSE,FALSE,Useful corroborating or contextual source for reconstructing Baker's evidence trail.,"Ch. 18, note 11: Psy-ops, or psychological operations, are sophisticated propaganda techniques meant to influence the behavior and state of mind of a targeted person or group. The U.S. military includes special units devoted to psy-ops."
BKR-0659,PART_3,18,18:12,OTHER,C,3,,FBI into the bugging affair,FBI,,FBI into the bugging affair,FBI,,Baker cites this source in chapter 18 in connection with FBI into the bugging affair; the OCR text does not preserve a reliable body-note marker for a more precise claim mapping.,,FBI,1,1,FALSE,FALSE,TRUE,FALSE,TRUE,FALSE,FALSE,Useful corroborating or contextual source for reconstructing Baker's evidence trail.,"Ch. 18, note 12: Rove made much of bringing the FBI into the bugging affair; the agent on the case went on toinvestigate nearly every statewide Democratic officeholder in Texas during Rove’s tenure in Austin."
BKR-0660,PART_3,18,18:13,OTHER,C,3,Miriam Rozen,"The Nerd Behind the Throne,",,"May 13, 1999",,,,"Baker cites this source in chapter 18 in connection with The Nerd Behind the Throne,; the OCR text does not preserve a reliable body-note marker for a more precise claim mapping.",,Dallas Observer; Miriam Rozen,1,1,FALSE,FALSE,FALSE,FALSE,TRUE,FALSE,FALSE,Useful corroborating or contextual source for reconstructing Baker's evidence trail.,"Ch. 18, note 13: Miriam Rozen, “The Nerd Behind the Throne,” Dallas Observer, May 13, 1999."
BKR-0661,PART_3,18,18:14,PRIMARY_CONTEMPORARY_NEWS,B,3,David Frum,Justice Miers?,Nation,"September 29, 2005",,,,Baker cites this source in chapter 18 in connection with Justice Miers?; the OCR text does not preserve a reliable body-note marker for a more precise claim mapping.,"Original Diary/diary referenced or described by this secondary source, with complete provenance",David Frum; David Frum’s Diary; Former White Housespeechwriter David Frum’s; Justice Miers; National Review,1,1,TRUE,FALSE,FALSE,TRUE,FALSE,FALSE,FALSE,Useful corroborating or contextual source for reconstructing Baker's evidence trail.,"Ch. 18, note 14: David Frum, “Justice Miers?” David Frum’s Diary, September 29, 2005. Former White Housespeechwriter David Frum’s online diary is available through the National Review online at http://frum.nationalreview.com."
BKR-0662,PART_3,18,18:19,PRIMARY_CONTEMPORARY_NEWS,B,3,Debra Dickerson,"The Real Bush Drug Scandal,",Salon,"September 14, 1999",,,,"Baker cites this source in chapter 18 in connection with The Real Bush Drug Scandal,; the OCR text does not preserve a reliable body-note marker for a more precise claim mapping.",,Debra Dickerson,1,1,TRUE,FALSE,FALSE,FALSE,FALSE,FALSE,FALSE,Useful corroborating or contextual source for reconstructing Baker's evidence trail.,"Ch. 18, note 19: Debra Dickerson, “The Real Bush Drug Scandal,” Salon.com, September 14, 1999."
BKR-0663,PART_3,18,18:20,PRIMARY_CONTEMPORARY_NEWS,B,3,,"National Law Journal, January 21, 1988.",Nation,"January 21, 1988",,,,"Baker cites this source in chapter 18 in connection with National Law Journal, January 21, 1988.; the OCR text does not preserve a reliable body-note marker for a more precise claim mapping.",,National Law Journal,1,1,TRUE,FALSE,FALSE,FALSE,FALSE,TRUE,TRUE,Useful corroborating or contextual source for reconstructing Baker's evidence trail.,"Ch. 18, note 20: National Law Journal, January 21, 1988."
BKR-0664,PART_3,18,18:21,OTHER,C,3,Mimi Swartz,Hurt? Injured? Need a Lawyer? Too Bad!,,2005,,,,Baker cites this source in chapter 18 in connection with Hurt? Injured? Need a Lawyer? Too Bad!; the OCR text does not preserve a reliable body-note marker for a more precise claim mapping.,,Mimi Swartz; Texas Monthly,1,1,FALSE,FALSE,FALSE,FALSE,TRUE,FALSE,FALSE,Useful corroborating or contextual source for reconstructing Baker's evidence trail.,"Ch. 18, note 21: Mimi Swartz, “Hurt? Injured? Need a Lawyer? Too Bad!” Texas Monthly, November 2005."
BKR-0665,PART_3,18,18:22,PRIMARY_CONTEMPORARY_NEWS,B,3,Phillip Rawls,"Karl Rove Built Reputation in Alabama Court Races,",Associated Press,2005,,,,"Baker cites this source in chapter 18 in connection with Karl Rove Built Reputation in Alabama Court Races,; the OCR text does not preserve a reliable body-note marker for a more precise claim mapping.","Original Court referenced or described by this secondary source, with complete provenance",Alabama Court Races; Associated Press; Karl Rove; Karl Rove Built Reputation; Phillip Rawls,1,1,TRUE,FALSE,FALSE,FALSE,TRUE,FALSE,FALSE,Useful corroborating or contextual source for reconstructing Baker's evidence trail.,"Ch. 18, note 22: Phillip Rawls, “Karl Rove Built Reputation in Alabama Court Races,” Associated Press, October28, 2005."
BKR-0666,PART_3,18,18:24,PRIMARY_CONTEMPORARY_NEWS,B,3,Paul Krugman,"Channels of Influence,",New York Times,"March 25, 2003",,,,"Baker cites this source in chapter 18 in connection with Channels of Influence,; the OCR text does not preserve a reliable body-note marker for a more precise claim mapping.",,Channels of Influence,1,1,TRUE,FALSE,FALSE,FALSE,FALSE,FALSE,FALSE,Useful corroborating or contextual source for reconstructing Baker's evidence trail.,"Ch. 18, note 24: See Paul Krugman, “Channels of Influence,” New York Times, March 25, 2003."
BKR-0667,PART_3,18,18:24,PRIMARY_CONTEMPORARY_NEWS,B,3,,"“The company claims that the demonstrations, which go under the name Rally for America, reflect the initiative of individual stations, but this is unlikely. According to Eric Boehlert, who has written revelatory articles",Salon,,,,,"Baker cites this source in chapter 18 in connection with “The company claims that the demonstrations, which go under the name Rally for America, reflect the initiative of individual stations, but this is unlikely. According to Eric Boehlert, who has written revelatory articles; the OCR text does not preserve a reliable body-note marker for a more precise claim mapping.",,Clear Channel for Salon.com; Eric Boehlert; Rally for America,1,1,TRUE,FALSE,FALSE,FALSE,FALSE,TRUE,TRUE,Useful corroborating or contextual source for reconstructing Baker's evidence trail.,"Ch. 18, note 24: “The company claims that the demonstrations, which go under the name Rally for America, reflect the initiative of individual stations, but this is unlikely. According to Eric Boehlert, who has written revelatory articles about Clear Channel for Salon.com, the company is notorious— and widely hated—for its iron-fisted centralized control.”"
BKR-0668,PART_3,18,18:25,PRIMARY_CONTEMPORARY_NEWS,B,3,Raymond Hernandez and Andrea Elliott,"Antiwar Group Says Its Ad Is Rejected,",New York Times,"July 12, 2004",,,,"Baker cites this source in chapter 18 in connection with Antiwar Group Says Its Ad Is Rejected,; the OCR text does not preserve a reliable body-note marker for a more precise claim mapping.",,Antiwar Group Says Its Ad Is; Raymond Hernandez and Andrea Elliott,1,1,TRUE,FALSE,FALSE,FALSE,FALSE,FALSE,FALSE,Useful corroborating or contextual source for reconstructing Baker's evidence trail.,"Ch. 18, note 25: Raymond Hernandez and Andrea Elliott, “Antiwar Group Says Its Ad Is Rejected,” New York Times, July 12, 2004."
BKR-0669,PART_3,18,18:27,PRIMARY_CONTEMPORARY_NEWS,B,3,,"In the summer of 2008, with former Karl Rove aides holding top positions in John McCain’spresidential campaign, McCain began appropriating the leftover Teddy Roosevelt comparison, in a Sunday front-page article. Adam Nag",New York Times,2008,,,,"Baker cites this source in chapter 18 in connection with In the summer of 2008, with former Karl Rove aides holding top positions in John McCain’spresidential campaign, McCain began appropriating the leftover Teddy Roosevelt comparison, in a Sunday front-page article. Adam Nag; the OCR text does not preserve a reliable body-note marker for a more precise claim mapping.",,Adam Nagourney and Michael Cooper; John McCain’spresidential; Karl Rove; McCain’s Conservative Model; Teddy Roosevelt,1,1,TRUE,FALSE,FALSE,FALSE,FALSE,TRUE,TRUE,Useful corroborating or contextual source for reconstructing Baker's evidence trail.,"Ch. 18, note 27: In the summer of 2008, with former Karl Rove aides holding top positions in John McCain’spresidential campaign, McCain began appropriating the leftover Teddy Roosevelt comparison, in a Sunday front-page article. Adam Nagourney and Michael Cooper, “McCain’s Conservative Model? Roosevelt (Theodore, That Is),” New York Times, July 13, 2008."
BKR-0670,PART_3,18,18:29,PRIMARY_CONTEMPORARY_NEWS,B,3,Alicia Montgomery,"School’s Out for Bush ‘Miracle,’",Salon,"October 24, 2000",,,,"Baker cites this source in chapter 18 in connection with School’s Out for Bush ‘Miracle,’; the OCR text does not preserve a reliable body-note marker for a more precise claim mapping.",,Alicia Montgomery; School’s Out for Bush,1,1,TRUE,FALSE,FALSE,FALSE,TRUE,FALSE,FALSE,Useful corroborating or contextual source for reconstructing Baker's evidence trail.,"Ch. 18, note 29: Alicia Montgomery, “School’s Out for Bush ‘Miracle,’ ” Salon.com, October 24, 2000."
BKR-0671,PART_3,18,18:30,OTHER,C,3,,"“The ‘Texas Miracle,’ ” 60 Minutes IT, CBS, August 25, 2004.",,"August 25, 2004",,,,"Baker cites this source in chapter 18 in connection with “The ‘Texas Miracle,’ ” 60 Minutes IT, CBS, August 25, 2004.; the OCR text does not preserve a reliable body-note marker for a more precise claim mapping.",,Minutes IT; Texas Miracle,1,1,FALSE,FALSE,FALSE,FALSE,TRUE,FALSE,FALSE,Useful corroborating or contextual source for reconstructing Baker's evidence trail.,"Ch. 18, note 30: “The ‘Texas Miracle,’ ” 60 Minutes IT, CBS, August 25, 2004."
BKR-0672,PART_3,18,18:32,OTHER,C,3,Jonathan Tilove,"Dynamic Duo Assures Event’s Diversity,",,"January 21, 2001",,,,Baker cites this in support of the surrounding discussion: But it soon came out that he had perpetrated a refund scam to swindle five thousand dollars out of Target and Hecht’s department stores. On at least twenty-five occasions Allen attempted to collect refund money on items he hadn’t purchased.,,Dynamic Duo Assures Event’s Diversity; Jonathan Tilove; San Francisco Chronicle,1,1,FALSE,FALSE,FALSE,FALSE,TRUE,FALSE,FALSE,Useful corroborating or contextual source for reconstructing Baker's evidence trail.,"Ch. 18, note 32: Jonathan Tilove, “Dynamic Duo Assures Event’s Diversity,” San Francisco Chronicle, January 21, 2001."
BKR-0673,PART_3,18,18:33,OTHER,C,3,Carl Redman,"Bush-Foster Fund-Raiser Big on Praise, Cash,",,"August 19, 1999",,,,"Baker cites this source in chapter 18 in connection with Bush-Foster Fund-Raiser Big on Praise, Cash,; the OCR text does not preserve a reliable body-note marker for a more precise claim mapping.",,Baton Rouge; Bush-Foster Fund-Raiser Big; Carl Redman,1,1,FALSE,FALSE,FALSE,FALSE,TRUE,FALSE,FALSE,Useful corroborating or contextual source for reconstructing Baker's evidence trail.,"Ch. 18, note 33: Carl Redman, “Bush-Foster Fund-Raiser Big on Praise, Cash,” The Advocate (Baton Rouge, Louisiana), August 19, 1999."
BKR-0674,PART_3,18,18:34,PRIMARY_CONTEMPORARY_NEWS,B,3,Mike Allen,"With Eye on Transition, Bush Confers with Powell,",Washington Post,"December 1, 2000",,,,"Baker cites this source in chapter 18 in connection with With Eye on Transition, Bush Confers with Powell,; the OCR text does not preserve a reliable body-note marker for a more precise claim mapping.",,Bush Confers; Mike Allen; Washington Post; With Eye,1,1,TRUE,FALSE,FALSE,FALSE,FALSE,FALSE,FALSE,Useful corroborating or contextual source for reconstructing Baker's evidence trail.,"Ch. 18, note 34: Mike Allen, “With Eye on Transition, Bush Confers with Powell,” Washington Post, December 1, 2000."
BKR-0675,PART_3,18,18:35,OTHER,C,3,Noam Scheiber,"Public Schooling: Rod Paige Learns the Hard Way,",,,,,,"Baker cites this source in chapter 18 in connection with Public Schooling: Rod Paige Learns the Hard Way,; the OCR text does not preserve a reliable body-note marker for a more precise claim mapping.",,New Republic; Noam Scheiber; Public Schooling; Rod Paige Learns the Hard Way,1,1,FALSE,FALSE,FALSE,FALSE,TRUE,FALSE,FALSE,Useful corroborating or contextual source for reconstructing Baker's evidence trail.,"Ch. 18, note 35: Noam Scheiber, “Public Schooling: Rod Paige Learns the Hard Way,” New Republic, July"
BKR-0676,PART_3,18,18:36,PRIMARY_CONTEMPORARY_NEWS,B,3,Carol D. Leonnig,"HUD Chief Inattentive to Crisis, Critics Say,",Washington Post,,,,,"Baker cites this source in chapter 18 in connection with HUD Chief Inattentive to Crisis, Critics Say,; the OCR text does not preserve a reliable body-note marker for a more precise claim mapping.",,Carol D. Leonnig; Critics Say; HUD Chief Inattentive; Washington Post,1,1,TRUE,FALSE,FALSE,FALSE,FALSE,FALSE,FALSE,Useful corroborating or contextual source for reconstructing Baker's evidence trail.,"Ch. 18, note 36: Carol D. Leonnig, “HUD Chief Inattentive to Crisis, Critics Say,” Washington Post, April"
BKR-0677,PART_3,19,19:4,OTHER,C,3,,secretary,,,,,,"Baker cites this in support of the surrounding discussion: But Teeley did use this tropical interlude to develop a closer relationship with Wead, and to examine him up close. In retrospect, Wead wondered whether Teeley’s confiding in him on this “confidential topic” was some kind of test.",,,1,1,FALSE,FALSE,FALSE,TRUE,TRUE,FALSE,FALSE,Useful corroborating or contextual source for reconstructing Baker's evidence trail.,"Ch. 19, note 4: As president, Poppy appointed Teeley ambassador to Canada—a particularly nice perk for a formerpress secretary."
BKR-0678,PART_3,19,19:5,PRIMARY_CONTEMPORARY_NEWS,B,3,Jodi Kantor and David D. Kirkpatrick,"Pulpit Was the Springboard for Huckabee’s Rise,",New York Times,"December 6, 2007",,,,"Baker cites this source in chapter 19 in connection with Pulpit Was the Springboard for Huckabee’s Rise,; the OCR text does not preserve a reliable body-note marker for a more precise claim mapping.",,Jodi Kantor and David D. Kirkpatrick; Pulpit Was the Springboard for Huckabee’s,1,1,TRUE,FALSE,FALSE,FALSE,FALSE,FALSE,FALSE,Useful corroborating or contextual source for reconstructing Baker's evidence trail.,"Ch. 19, note 5: Jodi Kantor and David D. Kirkpatrick, “Pulpit Was the Springboard for Huckabee’s Rise,” New York Times, December 6, 2007."
BKR-0679,PART_3,19,19:6,SECONDARY_BOOK,B,3,Garry Wills,Under God: Religion and American Politics,"New York: Simon & Schuster, 2007",2007,,,120,Baker cites this source in chapter 19 in connection with Under God: Religion and American Politics; the OCR text does not preserve a reliable body-note marker for a more precise claim mapping.,,Eric Pooley; Garry Wills; How George Got His Groove; Religion and American Politics; S. C. Gwynne; Simon & Schuster; Under God,1,1,FALSE,FALSE,FALSE,FALSE,FALSE,FALSE,FALSE,Useful corroborating or contextual source for reconstructing Baker's evidence trail.,"Ch. 19, note 6: Garry Wills, Under God: Religion and American Politics (New York: Simon & Schuster, 2007), p. 120. Eric Pooley with S. C. Gwynne, “How George Got His Groove,” Time, June 21, 1999. fe"
BKR-0680,PART_3,19,19:8,SECONDARY_BOOK,B,3,Doug Wead,All the Presidents Children: Triumph and Tragedy in the Lives of America’s First Families,"New York: Simon & Schuster, 2004",2004,,,,Baker cites this source in chapter 19 in connection with All the Presidents Children: Triumph and Tragedy in the Lives of America’s First Families; the OCR text does not preserve a reliable body-note marker for a more precise claim mapping.,,All the Presidents Children; Doug Wead; Lives of America’s First Families; Simon & Schuster; Triumph and Tragedy,1,1,FALSE,FALSE,FALSE,FALSE,FALSE,FALSE,FALSE,Useful corroborating or contextual source for reconstructing Baker's evidence trail.,"Ch. 19, note 8: Doug Wead, All the Presidents Children: Triumph and Tragedy in the Lives of America’s First Families (New York: Simon & Schuster, 2004)."
BKR-0681,PART_3,19,19:9;19:13,SECONDARY_BOOK,B,3,Jacob Weisberg,The Bush Tragedy,"New York: Random House, 2008",2008,,,77; 78,Baker cites this source in chapter 19 in connection with The Bush Tragedy; the OCR text does not preserve a reliable body-note marker for a more precise claim mapping.,,Jacob Weisberg; Random House,2,1,FALSE,FALSE,FALSE,FALSE,FALSE,FALSE,FALSE,Useful corroborating or contextual source for reconstructing Baker's evidence trail.,"Ch. 19, note 9: Jacob Weisberg, The Bush Tragedy (New York: Random House, 2008), p. 78. || Ch. 19, note 13: Weisberg, The Bush Tragedy, p. 77."
BKR-0682,PART_3,19,19:10,OTHER,C,3,Arthur Blessitt,"Praying with George W. Bush,",,,,,,"Baker cites this source in chapter 19 in connection with Praying with George W. Bush,; the OCR text does not preserve a reliable body-note marker for a more precise claim mapping.",,Arthur Blessitt; George W. Bush,1,1,FALSE,FALSE,FALSE,TRUE,TRUE,FALSE,FALSE,Useful corroborating or contextual source for reconstructing Baker's evidence trail.,"Ch. 19, note 10: Arthur Blessitt, “Praying with George W. Bush,” www.blessitt.com/? g=praying_with george w_bush."
BKR-0683,PART_3,19,19:12,PRIMARY_CONTEMPORARY_NEWS,B,3,Terry M. Neal,"Nominees Make Final Forays to Tossup States,",Washington Post,"November 6, 2000",,,,"Baker cites this in support of the surrounding discussion: Speaking on W.’s behalf, Graham said, “I don’t endorse candidates, but I’ve come as close to it now as any time in my life. I believe in the integrity of this man.”",,Nominees Make Final Forays; Terry M. Neal; Tossup States; Washington Post,1,1,TRUE,FALSE,FALSE,FALSE,FALSE,FALSE,FALSE,Useful corroborating or contextual source for reconstructing Baker's evidence trail.,"Ch. 19, note 12: Terry M. Neal, “Nominees Make Final Forays to Tossup States,” Washington Post, November 6, 2000."
BKR-0684,PART_3,19,19:14,PRIMARY_CONTEMPORARY_NEWS,B,3,Lois Romano and George Lardner Jr.,"1986: A Life-Changing Year; Epiphany Fueled Candidate’s Climb,",Washington Post,1986,,,,"Baker cites this source in chapter 19 in connection with 1986: A Life-Changing Year; Epiphany Fueled Candidate’s Climb,; the OCR text does not preserve a reliable body-note marker for a more precise claim mapping.",,Epiphany Fueled Candidate’s Climb; Life-Changing Year; Lois Romano and George Lardner Jr; Washington Post,1,1,TRUE,FALSE,FALSE,FALSE,FALSE,FALSE,FALSE,Useful corroborating or contextual source for reconstructing Baker's evidence trail.,"Ch. 19, note 14: Lois Romano and George Lardner Jr., “1986: A Life-Changing Year; Epiphany Fueled Candidate’s Climb,” Washington Post, July 25, 1999."
BKR-0685,PART_3,19,19:15,PRIMARY_CONTEMPORARY_NEWS,B,3,David Maraniss,"The Bush Bunch,",Washington Post,"January 22, 1989",,,,"Baker cites this source in chapter 19 in connection with The Bush Bunch,; the OCR text does not preserve a reliable body-note marker for a more precise claim mapping.",,David Maraniss; Washington Post,1,1,TRUE,FALSE,FALSE,FALSE,FALSE,FALSE,FALSE,Useful corroborating or contextual source for reconstructing Baker's evidence trail.,"Ch. 19, note 15: David Maraniss, “The Bush Bunch,” Washington Post, January 22, 1989."
BKR-0686,PART_3,19,19:17,SECONDARY_BOOK,B,3,Scott McClellan,What Happened: Inside the Bush White House and Washington s Culture of Deception,"New York: Public Affairs, 2008",2008,,,48-49,Baker cites this source in chapter 19 in connection with What Happened: Inside the Bush White House and Washington s Culture of Deception; the OCR text does not preserve a reliable body-note marker for a more precise claim mapping.,,Culture of Deception; Inside the Bush White House and; Public Affairs; Scott McClellan; What Happened,1,1,FALSE,FALSE,FALSE,FALSE,FALSE,FALSE,FALSE,Useful corroborating or contextual source for reconstructing Baker's evidence trail.,"Ch. 19, note 17: Scott McClellan, What Happened: Inside the Bush White House and Washington s Culture of Deception (New York: Public Affairs, 2008), pp. 48-49."
BKR-0687,PART_3,20,20:1,PRIMARY_CONTEMPORARY_NEWS,B,3,,"Moore knew something about this issue. Unlike Bush, he had actively opposed the Vietnam War, but he had been unable to gain a pilot slot in the National Guard of his home state of Michigan. “I was told that there was a f",Nation,,,,,"Baker cites this source in chapter 20 in connection with Moore knew something about this issue. Unlike Bush, he had actively opposed the Vietnam War, but he had been unable to gain a pilot slot in the National Guard of his home state of Michigan. “I was told that there was a f; the OCR text does not preserve a reliable body-note marker for a more precise claim mapping.",,National Guard of; Unlike Bush; Vietnam War,1,1,TRUE,FALSE,FALSE,FALSE,FALSE,TRUE,TRUE,Useful corroborating or contextual source for reconstructing Baker's evidence trail.,"Ch. 20, note 1: Moore knew something about this issue. Unlike Bush, he had actively opposed the Vietnam War, but he had been unable to gain a pilot slot in the National Guard of his home state of Michigan. “I was told that there was a five-year waiting list for anyone interested in flying, whether as a pilot or as a navigator or whatever, and I was told that there was a minimum three-year list to get in as a soldier,” Moore recalled."
BKR-0688,PART_3,20,20:5,PRIMARY_CONTEMPORARY_NEWS,B,3,,"Burkett and his team of strategic planners calculated the “ghost” element of the Texas National Guard to be on the order of 7.8 percent. That turned out to be conservative. Several years later, USA Today would run a stor",Nation,"December 18, 2001",,,,"Baker cites this source in chapter 20 in connection with Burkett and his team of strategic planners calculated the “ghost” element of the Texas National Guard to be on the order of 7.8 percent. That turned out to be conservative. Several years later, USA Today would run a stor; the OCR text does not preserve a reliable body-note marker for a more precise claim mapping.",,Burkett and; Dave Moniz; Ghost Soldiers’ Inflate Guard Numbers; Texas National Guard; USA Today,1,1,TRUE,FALSE,FALSE,FALSE,FALSE,TRUE,TRUE,Useful corroborating or contextual source for reconstructing Baker's evidence trail.,"Ch. 20, note 5: Burkett and his team of strategic planners calculated the “ghost” element of the Texas National Guard to be on the order of 7.8 percent. That turned out to be conservative. Several years later, USA Today would run a story largely based on Burkett’s research. In checking the figures, the newspaper came up with a higher figure: 11 percent ghost soldiers. Dave Moniz, “ “Ghost Soldiers’ Inflate Guard Numbers,” December 18, 2001."
BKR-0689,PART_3,20,20:9,PRIMARY_CONTEMPORARY_NEWS,B,3,,"In a 1998 letter to Texas state senator Gonzalo Barrientos, Burkett complained that he had not received adequate medical care when he became seriously ill after returning from the mission to Panama.",Boston Globe,1998,,,,"Baker cites this source in chapter 20 in connection with In a 1998 letter to Texas state senator Gonzalo Barrientos, Burkett complained that he had not received adequate medical care when he became seriously ill after returning from the mission to Panama.; the OCR text does not preserve a reliable body-note marker for a more precise claim mapping.","Original letter referenced or described by this secondary source, with complete provenance",Boston Globe; Bush Accuser; Doubts Raised; Gonzalo Barrientos; Panama. Michael Rezendes,1,1,TRUE,FALSE,FALSE,FALSE,FALSE,FALSE,FALSE,Useful corroborating or contextual source for reconstructing Baker's evidence trail.,"Ch. 20, note 9: In a 1998 letter to Texas state senator Gonzalo Barrientos, Burkett complained that he had not received adequate medical care when he became seriously ill after returning from the mission to Panama. Michael Rezendes, ““‘Doubts Raised on Bush Accuser,” Boston Globe, February 13, 2004."
BKR-0690,PART_3,20,20:11,OTHER,C,3,,second batch,,,,,,Baker cites this source in chapter 20 in connection with second batch; the OCR text does not preserve a reliable body-note marker for a more precise claim mapping.,,Bob Fertik; Marty Heldt; Paul Lukasiak,1,1,FALSE,FALSE,FALSE,TRUE,TRUE,FALSE,FALSE,Useful corroborating or contextual source for reconstructing Baker's evidence trail.,"Ch. 20, note 11: These were led by an Iowa farmer and railroad brakeman named Marty Heldt, who made the first information requests; Bob Fertik, a Queens, New York, Internet political consultant who obtained a second batch; and Paul Lukasiak, a Philadelphia caterer who scrutinized arcane regulations."
BKR-0691,PART_3,20,20:14,OTHER,C,3,,There was no Officer Effectiveness Rating form for his final year; there was no Leave and Earnings Statement.,,,,,174-75,Baker cites this source in chapter 20 in connection with There was no Officer Effectiveness Rating form for his final year; there was no Leave and Earnings Statement.; the OCR text does not preserve a reliable body-note marker for a more precise claim mapping.,,Board of Inquiry Report. Finally; Bush's War for Reelection; Leave and Earnings Statement. And; Officer Effectiveness Rating,1,1,FALSE,FALSE,FALSE,TRUE,TRUE,FALSE,FALSE,Useful corroborating or contextual source for reconstructing Baker's evidence trail.,"Ch. 20, note 14: There was no Officer Effectiveness Rating form for his final year; there was no Leave and Earnings Statement. And when Bush was suspended from flight status, there should have been a Board of Inquiry Report. Finally, a complete set of pay records with accumulated totals was never produced. Moore, Bush's War for Reelection, pp. 174-75."
BKR-0692,PART_3,20,20:16,OTHER,C,3,,"In 2005, James Moore wrote on the Huffington Post: “The same month that Lottery Commission Chair Harriet Miers was instructing staff to prepare to re-bid the G-Tech contract, Barnes and the company had informed the Texas",,2005,,,,"Baker cites this source in chapter 20 in connection with In 2005, James Moore wrote on the Huffington Post: “The same month that Lottery Commission Chair Harriet Miers was instructing staff to prepare to re-bid the G-Tech contract, Barnes and the company had informed the Texas; the OCR text does not preserve a reliable body-note marker for a more precise claim mapping.",,Barnes and the; Barnes of; Huffington Post; James Moore; Lottery Commission Chair Harriet Miers; New Jersey; Texas Lottery,1,1,FALSE,FALSE,FALSE,FALSE,TRUE,FALSE,FALSE,Useful corroborating or contextual source for reconstructing Baker's evidence trail.,"Ch. 20, note 16: In 2005, James Moore wrote on the Huffington Post: “The same month that Lottery Commission Chair Harriet Miers was instructing staff to prepare to re-bid the G-Tech contract, Barnes and the company had informed the Texas lottery commission that he had agreed to a 23 million dollar settlement to buy out his contract. G-Tech had decided Barnes had become a ‘lightning rod,’ in part because he was included in a federal grand jury investigation in New Jersey, which accused Barnes of kicking back a share of his monthly retainer to G-Tech’s president. Barnes was not charged in connection with the G-Tech investigation.” James Moore, “Bush, Miers, the Guard, and the Texas Lottery: A Reprise,” Huffington Post, October 9, 2005."
BKR-0693,PART_3,20,20:18,PRIMARY_CONTEMPORARY_NEWS,B,3,,Littwin made the same allegation of a Barnes-Bush deal in court pleadings during his suit alleging wrongful termination.,Nation,,,,,Baker cites this source in chapter 20 in connection with Littwin made the same allegation of a Barnes-Bush deal in court pleadings during his suit alleging wrongful termination.; the OCR text does not preserve a reliable body-note marker for a more precise claim mapping.,"Original court referenced or described by this secondary source, with complete provenance",,1,1,TRUE,FALSE,FALSE,FALSE,FALSE,FALSE,FALSE,Useful corroborating or contextual source for reconstructing Baker's evidence trail.,"Ch. 20, note 18: Littwin made the same allegation of a Barnes-Bush deal in court pleadings during his suit alleging wrongful termination."
BKR-0694,PART_3,20,20:19,PRIMARY_CONTEMPORARY_NEWS,B,3,Pete Slover and George Kuempel,"Adviser Asked Barnes to Recall Guard Details Before bush joined Race,",Dallas Morning News,"September 26, 1999",,,,"Baker cites this source in chapter 20 in connection with Adviser Asked Barnes to Recall Guard Details Before bush joined Race,; the OCR text does not preserve a reliable body-note marker for a more precise claim mapping.",,Adviser Asked Barnes; Dallas Morning News; Pete Slover and George Kuempel; Recall Guard Details Before,1,1,TRUE,FALSE,FALSE,FALSE,FALSE,FALSE,FALSE,Useful corroborating or contextual source for reconstructing Baker's evidence trail.,"Ch. 20, note 19: Pete Slover and George Kuempel, “Adviser Asked Barnes to Recall Guard Details Before bush joined Race,” Dallas Morning News, September 26, 1999."
BKR-0695,PART_3,20,20:20,PRIMARY_CONTEMPORARY_NEWS,B,3,Thomas B. Edsall and Mike Allen,"Bush ‘Bundlers’ Take Fundraising to New Level,",Washington Post,"July 14, 2003",,,,"Baker cites this source in chapter 20 in connection with Bush ‘Bundlers’ Take Fundraising to New Level,; the OCR text does not preserve a reliable body-note marker for a more precise claim mapping.",,Bundlers’ Take Fundraising; New Level; Thomas B. Edsall and Mike Allen; Washington Post,1,1,TRUE,FALSE,FALSE,FALSE,FALSE,FALSE,FALSE,Useful corroborating or contextual source for reconstructing Baker's evidence trail.,"Ch. 20, note 20: Thomas B. Edsall and Mike Allen, “Bush ‘Bundlers’ Take Fundraising to New Level,” Washington Post, July 14, 2003."
BKR-0696,PART_3,20,20:21,OTHER,C,3,,ciation records show Spellings as a lobbyist in 1999,,1999,,,,"Baker cites this in support of the surrounding discussion: Spellings’s new clients included the Texas Thoroughbred Association, one of whose directors was John Adger, a friend and former Champagne Unit colleague of George W. Bush’s, and the son of the man Barnes claimed he had called to get W. preferential treatment in the National Guard.",,George W. Bush,1,1,FALSE,FALSE,FALSE,FALSE,TRUE,FALSE,FALSE,Useful corroborating or contextual source for reconstructing Baker's evidence trail.,"Ch. 20, note 21: Association records show Spellings as a lobbyist in 1999; five years later he was president of the association."
BKR-0697,PART_3,20,20:22,OTHER,C,3,,secondary schooling with a focus on outcome-based education such as standardized testing,,,,,,"Baker cites this in support of the surrounding discussion: Spellings’s new clients included the Texas Thoroughbred Association, one of whose directors was John Adger, a friend and former Champagne Unit colleague of George W. Bush’s, and the son of the man Barnes claimed he had called to get W. preferential treatment in the National Guard.21 With W.’s 2000 victory, LaMontagne moved to Washington, where as assistant to the president for domestic policy, she helped create the “No Child Left Behind” program.",,George W. Bush,1,1,FALSE,FALSE,FALSE,TRUE,TRUE,FALSE,FALSE,Useful corroborating or contextual source for reconstructing Baker's evidence trail.,"Ch. 20, note 22: The No Child Left Behind Act is a federal law with a budget of over fifty billion dollars aimed at reforming various areas of U.S. primary and secondary schooling with a focus on outcome-based education such as standardized testing. The act also requires schools to release the names, addresses, and phone numbers of every enrolled student to military recruiters unless the student specifically opts out."
BKR-0698,PART_3,20,20:23,SECONDARY_BOOK,B,3,Ron Suskind,The One Percent Doctrine: Deep Inside Americas Pursuit of Its Enemies,"New York: Simon & Schuster, 2006",2006,,,2,Baker cites this source in chapter 20 in connection with The One Percent Doctrine: Deep Inside Americas Pursuit of Its Enemies; the OCR text does not preserve a reliable body-note marker for a more precise claim mapping.,,Deep Inside Americas Pursuit of Its; Ron Suskind; Simon & Schuster,1,1,FALSE,FALSE,FALSE,FALSE,FALSE,FALSE,FALSE,Useful corroborating or contextual source for reconstructing Baker's evidence trail.,"Ch. 20, note 23: Ron Suskind, The One Percent Doctrine: Deep Inside Americas Pursuit of Its Enemies (New York: Simon & Schuster, 2006), p. 2."
BKR-0699,PART_3,20,20:26,PRIMARY_CONTEMPORARY_NEWS,B,3,Laurence I. Barrett,"Junior Is His Own Bush Now,",Time,"July 31, 1989",,,,"Baker cites this source in chapter 20 in connection with Junior Is His Own Bush Now,; the OCR text does not preserve a reliable body-note marker for a more precise claim mapping.",,Junior Is His Own Bush Now; Laurence I. Barrett,1,1,TRUE,FALSE,FALSE,FALSE,FALSE,FALSE,FALSE,Useful corroborating or contextual source for reconstructing Baker's evidence trail.,"Ch. 20, note 26: Laurence I. Barrett, “Junior Is His Own Bush Now,” Time, July 31, 1989."
BKR-0700,PART_3,21,21:1,PRIMARY_CONTEMPORARY_NEWS,B,3,David Brooks,"Obama Admires Bush,",New York Times,"May 16, 2008",,,,"Baker cites this source in chapter 21 in connection with Obama Admires Bush,; the OCR text does not preserve a reliable body-note marker for a more precise claim mapping.",,David Brooks; Obama Admires Bush,1,1,TRUE,FALSE,FALSE,FALSE,FALSE,FALSE,FALSE,Useful corroborating or contextual source for reconstructing Baker's evidence trail.,"Ch. 21, note 1: David Brooks, “Obama Admires Bush,” New York Times, May 16, 2008."
BKR-0701,PART_3,21,21:2,PRIMARY_CONTEMPORARY_NEWS,B,3,David Nyhan,"A Bush Slip-Up at the End,",Boston Globe,"December 3, 1999",,,,"Baker cites this in support of the surrounding discussion: I’m surprised he’s still there,” said Bush of the despot who remains in power after losing the Gulf War to Bush Jr.’s father . . . It remains to be seen if that offhand declaration of war was just Texas talk, a sort of locker room braggadocio, or whether it was Bush’s first big clinker.",,Boston Globe; Bush Slip-Up; David Nyhan,1,1,TRUE,FALSE,FALSE,FALSE,FALSE,FALSE,FALSE,Useful corroborating or contextual source for reconstructing Baker's evidence trail.,"Ch. 21, note 2: David Nyhan, “A Bush Slip-Up at the End,” Boston Globe, December 3, 1999."
BKR-0702,PART_3,21;23,21:4;21:6;23:37,SECONDARY_BOOK,B,3,Naomi Klein,The Shock Doctrine: The Rise of Disaster Capitalism,"New York: Metropolitan, 2007",2007,,,380; 400-401; 441,Baker cites this source in chapter 21 in connection with The Shock Doctrine: The Rise of Disaster Capitalism; the OCR text does not preserve a reliable body-note marker for a more precise claim mapping. | Baker cites this source in chapter 23 in connection with The Shock Doctrine: The Rise of Disaster Capitalism; the OCR text does not preserve a reliable body-note marker for a more precise claim mapping.,,Naomi Klein; Shock Doctrine,3,2,FALSE,FALSE,FALSE,FALSE,FALSE,FALSE,FALSE,Useful corroborating or contextual source for reconstructing Baker's evidence trail.,"Ch. 21, note 4: Naomi Klein, The Shock Doctrine: The Rise of Disaster Capitalism (New York: Metropolitan, 2007), p. 380. || Ch. 21, note 6: Klein, Shock Doctrine, p. 441. || Ch. 23, note 37: Naomi Klein, The Shock Doctrine: The Rise of Disaster Capitalism (New York: Metropolitan, 2007), pp. 400-401."
BKR-0703,PART_3,21,21:10,SECONDARY_BOOK,B,3,Lou Dubose and Jake Bernstein,Vice: Dick Cheney and the Hijacking of the American Presidency,"New York: Random House, 2006",2006,,,ix—x,Baker cites this source in chapter 21 in connection with Vice: Dick Cheney and the Hijacking of the American Presidency; the OCR text does not preserve a reliable body-note marker for a more precise claim mapping.,,American Presidency; Barton Gellman and Jo Becker; Dick Cheney; Dick Cheney and the Hijacking of; Different Understanding; Lou Dubose and Jake Bernstein; Random House; Washington Post,1,1,FALSE,FALSE,FALSE,FALSE,FALSE,FALSE,FALSE,Useful corroborating or contextual source for reconstructing Baker's evidence trail.,"Ch. 21, note 10: Lou Dubose and Jake Bernstein, Vice: Dick Cheney and the Hijacking of the American Presidency (New York: Random House, 2006), pp. ix—x. i1. Barton Gellman and Jo Becker, “ ‘A Different Understanding with the President,’ ” Washington Post, June 24, 2007."
BKR-0704,PART_3,21,21:12,PRIMARY_CONTEMPORARY_NEWS,B,3,Dana Milbank and Justin Blum,"Document Says Oil Chiefs Met with Energy Task Force,",Washington Post,"November 16, 2005",Document Says,,,"Baker cites this source in chapter 21 in connection with Document Says Oil Chiefs Met with Energy Task Force,; the OCR text does not preserve a reliable body-note marker for a more precise claim mapping.",,Dana Milbank and Justin Blum; Document Says Oil Chiefs Met; Energy Task Force; Washington Post,1,1,TRUE,FALSE,FALSE,FALSE,FALSE,FALSE,FALSE,Useful corroborating or contextual source for reconstructing Baker's evidence trail.,"Ch. 21, note 12: Dana Milbank and Justin Blum, “Document Says Oil Chiefs Met with Energy Task Force,” Washington Post, November 16, 2005."
BKR-0705,PART_3,21,21:13,OTHER,C,3,Judicial Watch,"Cheney Energy Task Force Documents Feature Map of Iraqi Oilfields,",,2003,,,,"Baker cites this source in chapter 21 in connection with Cheney Energy Task Force Documents Feature Map of Iraqi Oilfields,; the OCR text does not preserve a reliable body-note marker for a more precise claim mapping.",,Cheney Energy Task Force Documents Feature; Judicial Watch; Map of Iraqi Oilfields,1,1,FALSE,FALSE,FALSE,FALSE,TRUE,FALSE,FALSE,Useful corroborating or contextual source for reconstructing Baker's evidence trail.,"Ch. 21, note 13: Judicial Watch, “Cheney Energy Task Force Documents Feature Map of Iraqi Oilfields,” July 17,2003, www,judicialwatch.org/iraqi=oilfield=pr.shtml."
BKR-0706,PART_3,21;23,21:16;23:56,SECONDARY_BOOK,B,3,Andrew Cockburn,"Rumsfeld: His Rise, Fall, and Catastrophic Legacy","New York: Scribner, 2007",2007,,,76-77; 88,"Baker cites this source in chapter 21 in connection with Rumsfeld: His Rise, Fall, and Catastrophic Legacy; the OCR text does not preserve a reliable body-note marker for a more precise claim mapping. | Baker cites this source in chapter 23 in connection with Rumsfeld: His Rise, Fall, and Catastrophic Legacy; the OCR text does not preserve a reliable body-note marker for a more precise claim mapping.",,Andrew Cockburn; Catastrophic Legacy; His Rise,2,2,FALSE,FALSE,FALSE,FALSE,FALSE,FALSE,FALSE,Useful corroborating or contextual source for reconstructing Baker's evidence trail.,"Ch. 21, note 16: Andrew Cockburn, Rumsfeld: His Rise, Fall, and Catastrophic Legacy (New York: Scribner, 2007), pp. 76-77. || Ch. 23, note 56: Andrew Cockburn, Rumsfeld: His Rise, Fall, and Catastrophic Legacy (New York: Scribner, 2007), p. 88."
BKR-0707,PART_3,21,21:17,PRIMARY_CONTEMPORARY_NEWS,B,3,Richard Sale,"Saddam Key in Early CIA Plot,",Nation,"April 11, 2003",CIA Plot,CIA,,"Baker cites this source in chapter 21 in connection with Saddam Key in Early CIA Plot,; the OCR text does not preserve a reliable body-note marker for a more precise claim mapping.","Original CIA referenced or described by this secondary source, with complete provenance",CIA; Early CIA Plot; Richard Sale; Saddam Key; United Press International,1,1,TRUE,FALSE,TRUE,FALSE,TRUE,FALSE,FALSE,Useful corroborating or contextual source for reconstructing Baker's evidence trail.,"Ch. 21, note 17: Richard Sale, “Saddam Key in Early CIA Plot,” United Press International, April 11, 2003."
BKR-0708,PART_3,21,21:18,SECONDARY_BOOK,B,3,Tom Barry,"Central America Inside Out: The Essential Guide to Its Societies, Politics, and Economics","New York: Grove, 1994",1994,,,470,"Baker cites this source in chapter 21 in connection with Central America Inside Out: The Essential Guide to Its Societies, Politics, and Economics; the OCR text does not preserve a reliable body-note marker for a more precise claim mapping.",,Central America Inside Out; Its Societies; Tom Barry,1,1,FALSE,FALSE,FALSE,FALSE,FALSE,FALSE,FALSE,Useful corroborating or contextual source for reconstructing Baker's evidence trail.,"Ch. 21, note 18: Tom Barry, Central America Inside Out: The Essential Guide to Its Societies, Politics, and Economics (New York: Grove, 1994), p. 470."
BKR-0709,PART_3,21,21:19,PRIMARY_CONTEMPORARY_NEWS,B,3,,CIA to supply intelligence data to the contras and the Salvadoran government forces fighting the leftist and FLMN guerrillas,Time,,CIA to supply intelligence data to the; SR-71,CIA,,Baker cites this source in chapter 21 in connection with CIA to supply intelligence data to the contras and the Salvadoran government forces fighting the leftist and FLMN guerrillas; the OCR text does not preserve a reliable body-note marker for a more precise claim mapping.,"Original CIA referenced or described by this secondary source, with complete provenance",CIA; Nicaragua and El Salvador; U.S. Lockheed Martin SR-,1,1,TRUE,FALSE,TRUE,TRUE,TRUE,FALSE,FALSE,Useful corroborating or contextual source for reconstructing Baker's evidence trail.,"Ch. 21, note 19: At the same time, Noriega authorized intelligence-gathering flights by U.S. Lockheed Martin SR-71 “Blackbird” high-altitude reconnaissance aircraft over Nicaragua and El Salvador in order for the CIA to supply intelligence data to the contras and the Salvadoran government forces fighting the leftist and FLMN guerrillas."
BKR-0710,PART_3,21,21:22,OTHER,C,3,Paris’s Le Nouvel Observateur in January 1998,Interview with Paris’s Le Nouvel Observateur in January 1998,,"Brzezinski was asked, “Do you regret having supported the Islamic [integrisme], having given arms and advice to future terrorists?” He answered: “What is most important to the history of the world? The Taliban or the collapse of the Soviet empire? Some stirred-up Moslems or the liberation of Central Europe and the end of the cold war?”",,,,"Baker cites this in support of the surrounding discussion: t with Vice President Dan Quayle when he refused to commit Panama to a more confrontational role in fighting against Washington’s Central American enemies. Birns, who was in Panama as Noriega’s “honorable enemy” guest only hours before the U.S. invasion and was arguably the last American to meet with Noriega before U.S. troops arrived, told me that the Panamanian strongman was bitter because after years of servitude to Washington’s various regional crusades, Bush was unceremoniously dumping him.",,Central Europe and the; Paris’s Le Nouvel Observateur,1,1,FALSE,FALSE,FALSE,FALSE,TRUE,FALSE,FALSE,Useful corroborating or contextual source for reconstructing Baker's evidence trail.,"Ch. 21, note 22: In an interview with Paris’s Le Nouvel Observateur in January 1998, Brzezinski was asked, “Do you regret having supported the Islamic [integrisme], having given arms and advice to future terrorists?” He answered: “What is most important to the history of the world? The Taliban or the collapse of the Soviet empire? Some stirred-up Moslems or the liberation of Central Europe and the end of the cold war?”"
BKR-0711,PART_3,21,21:23,OTHER,C,3,Gail Sheehy,"Who’s in Charge Here,",,"July 22, 2004",,,,"Baker cites this source in chapter 21 in connection with Who’s in Charge Here,; the OCR text does not preserve a reliable body-note marker for a more precise claim mapping.",,Charge Here; Gail Sheehy; Mother Jones,1,1,FALSE,FALSE,FALSE,TRUE,TRUE,FALSE,FALSE,Useful corroborating or contextual source for reconstructing Baker's evidence trail.,"Ch. 21, note 23: and Gail Sheehy, “Who’s in Charge Here,” Mother Jones, July 22, 2004, http://motherjones.com/news/update/2004/07/07_400.html."
BKR-0712,PART_3,21,21:25,OTHER,C,3,,Secretary-General Kofi Annan would denounce the invasion in blunt terms: “It was illegal,,2004,,,,Baker cites this source in chapter 21 in connection with Secretary-General Kofi Annan would denounce the invasion in blunt terms: “It was illegal; the OCR text does not preserve a reliable body-note marker for a more precise claim mapping.,,BBC News; Iraq; Iraq War Illegal; Says Annan; Secretary-General Kofi Annan,1,1,FALSE,FALSE,FALSE,TRUE,TRUE,FALSE,FALSE,Useful corroborating or contextual source for reconstructing Baker's evidence trail.,"Ch. 21, note 25: In 2004, Secretary-General Kofi Annan would denounce the invasion in blunt terms: “It was illegal.’’See “Iraq War Illegal, Says Annan,” BBC News, September 16, 2004."
BKR-0713,PART_3,21,21:28,OTHER,C,3,Heather Connon,"Cairn Builder Reaches Peak,",,"January 25, 2004",,,,"Baker cites this source in chapter 21 in connection with Cairn Builder Reaches Peak,; the OCR text does not preserve a reliable body-note marker for a more precise claim mapping.",,Cairn Builder Reaches Peak; Heather Connon,1,1,FALSE,FALSE,FALSE,FALSE,TRUE,FALSE,FALSE,Useful corroborating or contextual source for reconstructing Baker's evidence trail.,"Ch. 21, note 28: Heather Connon, “Cairn Builder Reaches Peak,” Observer, January 25, 2004."
BKR-0714,PART_3,21,21:31,OTHER,C,3,Nicholas Christian,"Bush Not Sheepish About Trick,",,"February 20, 2005",,,,"Baker cites this source in chapter 21 in connection with Bush Not Sheepish About Trick,; the OCR text does not preserve a reliable body-note marker for a more precise claim mapping.",,Bush Not Sheepish About Trick; Nicholas Christian,1,1,FALSE,FALSE,FALSE,FALSE,TRUE,FALSE,FALSE,Useful corroborating or contextual source for reconstructing Baker's evidence trail.,"Ch. 21, note 31: Nicholas Christian, “Bush Not Sheepish About Trick,” Scotsman, February 20, 2005."
BKR-0715,PART_3,21,21:32,PRIMARY_CONTEMPORARY_NEWS,B,3,White House press release,"Interview of the President by the Times of London,",Time,2005,,,,"Baker cites this source in chapter 21 in connection with Interview of the President by the Times of London,; the OCR text does not preserve a reliable body-note marker for a more precise claim mapping.","Original Interview referenced or described by this secondary source, with complete provenance",Interview of the President; Times of London; White House,1,1,TRUE,FALSE,FALSE,TRUE,FALSE,FALSE,FALSE,Useful corroborating or contextual source for reconstructing Baker's evidence trail.,"Ch. 21, note 32: White House press release, “Interview of the President by the Times of London,” June 30,2005. Available at www.whitehouse. gov."
BKR-0716,PART_3,21,21:34,PRIMARY_CONTEMPORARY_NEWS,B,3,Kevin Maguire,"Among Friends at ‘Blair Petroleum,’",Guardian,"November 9, 2001",,,,"Baker cites this source in chapter 21 in connection with Among Friends at ‘Blair Petroleum,’; the OCR text does not preserve a reliable body-note marker for a more precise claim mapping.",,Among Friends; Blair Petroleum; Kevin Maguire,1,1,TRUE,FALSE,FALSE,FALSE,FALSE,FALSE,FALSE,Useful corroborating or contextual source for reconstructing Baker's evidence trail.,"Ch. 21, note 34: Kevin Maguire, “Among Friends at ‘Blair Petroleum,’ ” Guardian, November 9, 2001."
BKR-0717,PART_3,21,21:35,OTHER,C,3,Andrew Grice,"Blair Confidante Quits Downing Street to Join BP,",,"November 9, 2001",,,,"Baker cites this source in chapter 21 in connection with Blair Confidante Quits Downing Street to Join BP,; the OCR text does not preserve a reliable body-note marker for a more precise claim mapping.",,Andrew Grice; Blair Confidante Quits Downing Street,1,1,FALSE,FALSE,FALSE,FALSE,TRUE,FALSE,FALSE,Useful corroborating or contextual source for reconstructing Baker's evidence trail.,"Ch. 21, note 35: Andrew Grice, “Blair Confidante Quits Downing Street to Join BP,” /ndependent (London), November 9, 2001."
BKR-0718,PART_3,21,21:36,OTHER,C,3,David Rose,"Bush and Blair Made Secret Pact for Iraq War,",,"April 4, 2004",,,,"Baker cites this source in chapter 21 in connection with Bush and Blair Made Secret Pact for Iraq War,; the OCR text does not preserve a reliable body-note marker for a more precise claim mapping.",,Bush and Blair Made Secret Pact; David Rose; Iraq; Iraq War,1,1,FALSE,FALSE,FALSE,TRUE,TRUE,FALSE,FALSE,Useful corroborating or contextual source for reconstructing Baker's evidence trail.,"Ch. 21, note 36: David Rose, “Bush and Blair Made Secret Pact for Iraq War,” Observer (London), April 4, 2004."
BKR-0719,PART_3,21,21:38;21:40;21:41;21:42,SECONDARY_BOOK,B,3,Frank Rich,The Greatest Story Ever Sold: The Decline and Fall of Truth from 9/11 to Katrina,"New York: Penguin, 2006",2006,,,30; 75; 76; 77,"Baker cites this source in chapter 21 in connection with The Greatest Story Ever Sold: The Decline and Fall of Truth from 9/11 to Katrina; the OCR text does not preserve a reliable body-note marker for a more precise claim mapping. | Baker cites this in support of the surrounding discussion: The administration even gave its invasion a cinematic title: Shock and Awe. “Onscreen the pyrotechnics of Shock and Awe looked like a distant fireworks display, or perhaps the cool computer graphics of a Matrixinspired video game, rather than the bombing of a large city. None of Baghdad’s nearly six million people were visible.”",,Frank Rich,4,2,FALSE,FALSE,FALSE,FALSE,FALSE,FALSE,FALSE,Useful corroborating or contextual source for reconstructing Baker's evidence trail.,"Ch. 21, note 38: Frank Rich, The Greatest Story Ever Sold: The Decline and Fall of Truth from 9/11 to Katrina (New York: Penguin, 2006), p. 30. || Ch. 21, note 40: Rich, The Greatest Story Ever Sold, p. 75. || Ch. 21, note 41: Ibid., p. 77. || Ch. 21, note 42: Ibid., p. 76."
BKR-0720,PART_3,21,21:39,PRIMARY_CONTEMPORARY_NEWS,B,3,Howard Kurtz,"Peter Jennings, in the News for What He Didn’t Say,",Washington Post,"September 24, 2001",,,,"Baker cites this source in chapter 21 in connection with Peter Jennings, in the News for What He Didn’t Say,; the OCR text does not preserve a reliable body-note marker for a more precise claim mapping.",,Howard Kurtz; News for What He Didn’t Say; Peter Jennings; Washington Post,1,1,TRUE,FALSE,FALSE,FALSE,FALSE,FALSE,FALSE,Useful corroborating or contextual source for reconstructing Baker's evidence trail.,"Ch. 21, note 39: Howard Kurtz, “Peter Jennings, in the News for What He Didn’t Say,” Washington Post, September 24, 2001."
BKR-0721,PART_3,21;22,21:45;22:18,PRIMARY_CONTEMPORARY_NEWS,B,3,Walter V. Robinson,"1-year Gap in Bush’s Guard Duty,",Boston Globe,"May 23, 2000",,,,"Baker cites this source in chapter 21 in connection with 1-year Gap in Bush’s Guard Duty,; the OCR text does not preserve a reliable body-note marker for a more precise claim mapping. | Baker cites this source in chapter 22 in connection with 1-year Gap in Bush’s Guard Duty,; the OCR text does not preserve a reliable body-note marker for a more precise claim mapping.",,Boston Globe; Bush’s Guard Duty; Walter V. Robinson,2,2,TRUE,FALSE,FALSE,FALSE,FALSE,FALSE,FALSE,Useful corroborating or contextual source for reconstructing Baker's evidence trail.,"Ch. 21, note 45: Walter V. Robinson, “1-year Gap in Bush’s Guard Duty,” Boston Globe, May 23, 2000. || Ch. 22, note 18: Walter V. Robinson, “1-year Gap in Bush’s Guard Duty,” Boston Globe, May 23, 2000."
BKR-0722,PART_3,21,21:46,OTHER,C,3,White House press release,"President Honors America’s Veterans,",,"November 11, 2003",,,,"Baker cites this source in chapter 21 in connection with President Honors America’s Veterans,; the OCR text does not preserve a reliable body-note marker for a more precise claim mapping.",,President Honors America’s Veterans; White House,1,1,FALSE,FALSE,FALSE,TRUE,TRUE,FALSE,FALSE,Useful corroborating or contextual source for reconstructing Baker's evidence trail.,"Ch. 21, note 46: White House press release, “President Honors America’s Veterans,” November 11, 2003. Availableat www.whitehouse. gov/news/releases/2003/11/2003 1111-8.html."
BKR-0723,PART_3,22,22:4,OTHER,C,3,Bill Morlin and Karen Dorn Steele,"Bush’s Partial History: Stringent Military Screening Program May Explain Gaps on President’s Record,",,"March 14, 2004",,,,"Baker cites this source in chapter 22 in connection with Bush’s Partial History: Stringent Military Screening Program May Explain Gaps on President’s Record,; the OCR text does not preserve a reliable body-note marker for a more precise claim mapping.",,Bill Morlin and Karen Dorn Steele; Bush’s Partial History; President’s Record; Stringent Military Screening Program May Explain,1,1,FALSE,FALSE,FALSE,FALSE,TRUE,FALSE,FALSE,Useful corroborating or contextual source for reconstructing Baker's evidence trail.,"Ch. 22, note 4: Bill Morlin and Karen Dorn Steele, “Bush’s Partial History: Stringent Military Screening Program May Explain Gaps on President’s Record,” Spokesman-Review, March 14, 2004."
BKR-0724,PART_3,22,22:6,OTHER,C,3,Mary Orndorff and Brett J. Blackledge,"Bush Met Military Obligation,",,"February 11, 2004",,,,"Baker cites this source in chapter 22 in connection with Bush Met Military Obligation,; the OCR text does not preserve a reliable body-note marker for a more precise claim mapping.",,Birmingham News; Bush Met Military Obligation; Mary Orndorff and Brett J. Blackledge,1,1,FALSE,FALSE,FALSE,FALSE,TRUE,FALSE,FALSE,Useful corroborating or contextual source for reconstructing Baker's evidence trail.,"Ch. 22, note 6: Mary Orndorff and Brett J. Blackledge, “Bush Met Military Obligation,” Birmingham News, February 11, 2004."
BKR-0725,PART_3,22,22:7,PRIMARY_CONTEMPORARY_NEWS,B,3,Mike Allen and Lois Romano,"Aides Study President’s service Records; White House Won’t ReleaseMore Documents Now but Is Awaiting Another Batch,",Washington Post,"February 13, 2004",,Aides Study President’s service Records,,"Baker cites this source in chapter 22 in connection with Aides Study President’s service Records; White House Won’t ReleaseMore Documents Now but Is Awaiting Another Batch,; the OCR text does not preserve a reliable body-note marker for a more precise claim mapping.","Original Records referenced or described by this secondary source, with complete provenance",Aides Study President’s; Chris Matthews; Is Awaiting Another Batch; Mike Allen and Lois Romano; Washington Post; White House Won’t ReleaseMore Documents Now,1,1,TRUE,FALSE,TRUE,FALSE,FALSE,FALSE,FALSE,Useful corroborating or contextual source for reconstructing Baker's evidence trail.,"Ch. 22, note 7: Mike Allen and Lois Romano, “Aides Study President’s service Records; White House Won’t ReleaseMore Documents Now but Is Awaiting Another Batch,” Washington Post, February 13, 2004. Hardball with Chris Matthews, MSNBC, February 12, 2004."
BKR-0726,PART_3,22,22:9,PRIMARY_CONTEMPORARY_NEWS,B,3,,"In 2008, Scott McClellan published his memoirs of his time working for Bush.",Time,2008,,,,"Baker cites this source in chapter 22 in connection with In 2008, Scott McClellan published his memoirs of his time working for Bush.; the OCR text does not preserve a reliable body-note marker for a more precise claim mapping.","Original interview referenced or described by this secondary source, with complete provenance",Bush. Although; Scott McClellan,1,1,TRUE,FALSE,FALSE,FALSE,FALSE,FALSE,FALSE,Useful corroborating or contextual source for reconstructing Baker's evidence trail.,"Ch. 22, note 9: In 2008, Scott McClellan published his memoirs of his time working for Bush. Although he gave media interviews for his book, he did not respond to an e-mail requesting an interview for this one."
BKR-0727,PART_3,22,22:10,PRIMARY_CONTEMPORARY_NEWS,B,3,David Barstow,"Seeking Memories of Bush at an Alabama Air Base,",New York Times,"February 13, 2004",,,,"Baker cites this source in chapter 22 in connection with Seeking Memories of Bush at an Alabama Air Base,; the OCR text does not preserve a reliable body-note marker for a more precise claim mapping.",,Alabama Air Base; David Barstow; Seeking Memories of Bush,1,1,TRUE,FALSE,FALSE,FALSE,FALSE,FALSE,FALSE,Useful corroborating or contextual source for reconstructing Baker's evidence trail.,"Ch. 22, note 10: David Barstow, “Seeking Memories of Bush at an Alabama Air Base,” New York Times, February 13, 2004."
BKR-0728,PART_3,22,22:13,OTHER,C,3,Barstow,Seeking Memories of Bush.,,,,,,Baker cites this source in chapter 22 in connection with Seeking Memories of Bush.; the OCR text does not preserve a reliable body-note marker for a more precise claim mapping.,,Seeking Memories of Bush,1,1,FALSE,FALSE,FALSE,FALSE,TRUE,FALSE,FALSE,Useful corroborating or contextual source for reconstructing Baker's evidence trail.,"Ch. 22, note 13: Barstow, “Seeking Memories of Bush.”"
BKR-0729,PART_3,22,22:14,OTHER,C,3,Dana Beyerle,"Friend: Bush Did Duty in Alabama,",,"February 12, 2004",,,,"Baker cites this source in chapter 22 in connection with Friend: Bush Did Duty in Alabama,; the OCR text does not preserve a reliable body-note marker for a more precise claim mapping.",,Bush Did Duty; Dana Beyerle; Tuscaloosa News,1,1,FALSE,FALSE,FALSE,FALSE,TRUE,FALSE,FALSE,Useful corroborating or contextual source for reconstructing Baker's evidence trail.,"Ch. 22, note 14: Dana Beyerle, “Friend: Bush Did Duty in Alabama,” Tuscaloosa News, February 12, 2004. av"
BKR-0730,PART_3,22,22:16,OTHER,C,3,,"Retired general Walter (“Buck’’) Staudt, the profane, cigar-chewing commander of 147th Fighter Group; Major Dean Roome, a fellow pilot who had been Bush’s roommate off base, and was now an antiques dealer; Colonel Mauric",,1999,mid-1999,,,"Baker cites this source in chapter 22 in connection with Retired general Walter (“Buck’’) Staudt, the profane, cigar-chewing commander of 147th Fighter Group; Major Dean Roome, a fellow pilot who had been Bush’s roommate off base, and was now an antiques dealer; Colonel Mauric; the OCR text does not preserve a reliable body-note marker for a more precise claim mapping.",,Colonel Albert Lloyd Jr; Colonel Maurice Udell; Ellington and; Fighter Group; Major Dean Roome,1,1,FALSE,FALSE,FALSE,FALSE,TRUE,FALSE,FALSE,Useful corroborating or contextual source for reconstructing Baker's evidence trail.,"Ch. 22, note 16: Retired general Walter (“Buck’’) Staudt, the profane, cigar-chewing commander of 147th Fighter Group; Major Dean Roome, a fellow pilot who had been Bush’s roommate off base, and was now an antiques dealer; Colonel Maurice Udell, the man who taught Bush how to fly an F-102; and Colonel Albert Lloyd Jr., who had been the personnel director at Ellington and would go on the Bush campaign’s payroll in mid-1999 to try to explain away the anomalies and deficiencies in Bush’s records."
BKR-0731,PART_3,22,22:21,OTHER,C,3,Ken Herman,"Bush Takes Aim at Kerry During Texas Campaign Stops,",,"March 9, 2004",,,,"Baker cites this source in chapter 22 in connection with Bush Takes Aim at Kerry During Texas Campaign Stops,; the OCR text does not preserve a reliable body-note marker for a more precise claim mapping.",,Austin American- Statesman; Bush Takes Aim; Ken Herman; Kerry During Texas Campaign Stops,1,1,FALSE,FALSE,FALSE,FALSE,TRUE,FALSE,FALSE,Useful corroborating or contextual source for reconstructing Baker's evidence trail.,"Ch. 22, note 21: Ken Herman, “Bush Takes Aim at Kerry During Texas Campaign Stops,” Austin American- Statesman, March 9, 2004."
BKR-0732,PART_3,22,22:23,PRIMARY_CONTEMPORARY_NEWS,B,3,Kate Zernike and Jim Rutenberg,"Friendly Fire: The Birth of an Attack on John Kerry,",New York Times,"August 20, 2004",,,,"Baker cites this source in chapter 22 in connection with Friendly Fire: The Birth of an Attack on John Kerry,; the OCR text does not preserve a reliable body-note marker for a more precise claim mapping.",,Friendly Fire; John Kerry; Kate Zernike and Jim Rutenberg,1,1,TRUE,FALSE,FALSE,FALSE,FALSE,FALSE,FALSE,Useful corroborating or contextual source for reconstructing Baker's evidence trail.,"Ch. 22, note 23: Kate Zernike and Jim Rutenberg, “Friendly Fire: The Birth of an Attack on John Kerry,” New York Times, August 20, 2004."
BKR-0733,PART_3,22,22:25,SECONDARY_BOOK,B,3,David Brock,The Republican Noise Machine: Right-Wing Media and How It Corrupts Democracy,"New York: Crown, 2004",2004,,,110,Baker cites this source in chapter 22 in connection with The Republican Noise Machine: Right-Wing Media and How It Corrupts Democracy; the OCR text does not preserve a reliable body-note marker for a more precise claim mapping.,,David Brock; Right-Wing Media and How It Corrupts,1,1,FALSE,FALSE,FALSE,FALSE,FALSE,FALSE,FALSE,Useful corroborating or contextual source for reconstructing Baker's evidence trail.,"Ch. 22, note 25: David Brock, The Republican Noise Machine: Right-Wing Media and How It Corrupts Democracy (New York: Crown, 2004), p. 110."
BKR-0734,PART_3,22,22:26,SECONDARY_BOOK,B,3,Frank Rich,The Greatest Story Ever Sold: The Decline and Fall of Truth in Bushs America,"New York: Penguin, 2007",2007,,,137,Baker cites this source in chapter 22 in connection with The Greatest Story Ever Sold: The Decline and Fall of Truth in Bushs America; the OCR text does not preserve a reliable body-note marker for a more precise claim mapping.,,Bushs America; Frank Rich,1,1,FALSE,FALSE,FALSE,FALSE,FALSE,FALSE,FALSE,Useful corroborating or contextual source for reconstructing Baker's evidence trail.,"Ch. 22, note 26: Frank Rich, The Greatest Story Ever Sold: The Decline and Fall of Truth in Bushs America (New York: Penguin, 2007), p. 137."
BKR-0735,PART_3,22,22:27;22:28;22:39,SECONDARY_BOOK,B,3,Mary Mapes,"Truth and Duty. The Press, the President, and the Privilege of Power","New York: St. Martin’s, 2005",2005,,,169; 212-15; 237-40,"Baker cites this source in chapter 22 in connection with Truth and Duty. The Press, the President, and the Privilege of Power; the OCR text does not preserve a reliable body-note marker for a more precise claim mapping. | Baker cites this in support of the surrounding discussion: Places like FR (in other words FR because it is inimitable) and the blogosphere can work in concert. We’re the town square arguing, vetting and digesting, they’re the disseminating REPORTERS of valuable insights, leads and other interesting stuff we shake loose.2 MEANWHILE, LOS ANGELES Times reporter Peter Wallsten did some digging, and unearthed Buckhead’s identity.",,Mary Mapes; Privilege of Power; St. Martin’s; Truth and Duty; Truth and Duty. The Press,3,2,FALSE,FALSE,FALSE,FALSE,FALSE,FALSE,FALSE,Useful corroborating or contextual source for reconstructing Baker's evidence trail.,"Ch. 22, note 27: Mary Mapes, Truth and Duty. The Press, the President, and the Privilege of Power (New York: St. Martin’s, 2005), pp. 212-15. || Ch. 22, note 28: Mapes, Truth and Duty, p. 169. || Ch. 22, note 39: Mapes, Truth and Duty, pp. 237-40."
BKR-0736,PART_3,22,22:29,PRIMARY_CONTEMPORARY_NEWS,B,3,David Rubien,"Seymour Hersh,",Salon,"January 18, 2000",,,,"Baker cites this source in chapter 22 in connection with Seymour Hersh,; the OCR text does not preserve a reliable body-note marker for a more precise claim mapping.",,David Rubien; Seymour Hersh,1,1,TRUE,FALSE,FALSE,FALSE,FALSE,FALSE,FALSE,Useful corroborating or contextual source for reconstructing Baker's evidence trail.,"Ch. 22, note 29: David Rubien, “Seymour Hersh,” Salon.com, January 18, 2000."
BKR-0737,PART_3,22,22:30,OTHER,C,3,John Carlin,"What the Movie Star Did Not Say to the President,",,"October 19, 1997",,,,"Baker cites this source in chapter 22 in connection with What the Movie Star Did Not Say to the President,; the OCR text does not preserve a reliable body-note marker for a more precise claim mapping.",,John Carlin; What the Movie Star Did Not,1,1,FALSE,FALSE,FALSE,FALSE,TRUE,FALSE,FALSE,Useful corroborating or contextual source for reconstructing Baker's evidence trail.,"Ch. 22, note 30: John Carlin, “What the Movie Star Did Not Say to the President,” Jndependent (London), October 19, 1997."
BKR-0738,PART_3,22,22:34,OTHER,C,3,Stephen F. Hayes,Is It a Hoax?,,"September 9, 2004",,,,Baker cites this source in chapter 22 in connection with Is It a Hoax?; the OCR text does not preserve a reliable body-note marker for a more precise claim mapping.,,Stephen F. Hayes; Weekly Standard,1,1,FALSE,FALSE,FALSE,FALSE,TRUE,FALSE,FALSE,Useful corroborating or contextual source for reconstructing Baker's evidence trail.,"Ch. 22, note 34: Stephen F. Hayes, “Is It a Hoax?” Weekly Standard, September 9, 2004."
BKR-0739,PART_3,22,22:38,PRIMARY_CONTEMPORARY_NEWS,B,3,Peter Wallsten,"GOP Activist Made Allegations on CBS Memos,",Los Angeles Times,"September 18, 2004",,,,"Baker cites this source in chapter 22 in connection with GOP Activist Made Allegations on CBS Memos,; the OCR text does not preserve a reliable body-note marker for a more precise claim mapping.",,CBS Memos; GOP Activist Made Allegations; Los Angeles Times; Peter Wallsten,1,1,TRUE,FALSE,FALSE,FALSE,FALSE,FALSE,FALSE,Useful corroborating or contextual source for reconstructing Baker's evidence trail.,"Ch. 22, note 38: Peter Wallsten, “GOP Activist Made Allegations on CBS Memos,” Los Angeles Times, September 18, 2004."
BKR-0740,PART_3,22,22:41,PRIMARY_CONTEMPORARY_NEWS,B,3,Neil Gough,"10 Questions for Sumner Redstone,",Time,"September 26, 2004",,,,"Baker cites this source in chapter 22 in connection with 10 Questions for Sumner Redstone,; the OCR text does not preserve a reliable body-note marker for a more precise claim mapping.",,Neil Gough; Questions for Sumner Redstone,1,1,TRUE,FALSE,FALSE,FALSE,FALSE,FALSE,FALSE,Useful corroborating or contextual source for reconstructing Baker's evidence trail.,"Ch. 22, note 41: Neil Gough, “10 Questions for Sumner Redstone,” Time, September 26, 2004."
BKR-0741,PART_3,22,22:42,OTHER,C,3,Dan Rather,Interview with Dan Rather,,"CBS Eve ning News, January 25, 1988",,,,"Baker cites this in support of the surrounding discussion: No formal inquiry by military and document experts was ever convened, and to this day the question of whether the documents are forgeries hasn’t been resolved. CBS-Viacom CEO Sumner Redstone, whose company was facing crucial regulatory decisions by Bush’s Federal Communications Commission, admitted his “severe distress” at the Rather report.",,Dan Rather; George H. W. Bush,1,1,FALSE,FALSE,FALSE,FALSE,TRUE,FALSE,FALSE,Useful corroborating or contextual source for reconstructing Baker's evidence trail.,"Ch. 22, note 42: George H. W. Bush interview with Dan Rather, CBS Eve ning News, January 25, 1988."
BKR-0742,PART_3,23,23:1,PRIMARY_CONTEMPORARY_NEWS,B,3,Michael Weisskopf,"A Pardon, a Presidential Library, a Big Donation,",Time,"March 6, 2001",,Presidential Library,,"Baker cites this source in chapter 23 in connection with A Pardon, a Presidential Library, a Big Donation,; the OCR text does not preserve a reliable body-note marker for a more precise claim mapping.",,Big Donation; ExxonMobil Foundation; Presidential Library,1,1,TRUE,FALSE,TRUE,FALSE,FALSE,FALSE,FALSE,Useful corroborating or contextual source for reconstructing Baker's evidence trail.,"Ch. 23, note 1: See Michael Weisskopf, “A Pardon, a Presidential Library, a Big Donation,” Time, March 6, 2001. The Texas A&M Foundation has also taken in excess of one million dollars from the ExxonMobil Foundation."
BKR-0743,PART_3,23,23:1,OTHER,C,3,Texas A&M Newswire,"ExxonMobil Foundation Presents $1 Million to Texas A&M Foundation,",,"June 26, 2008",,,,"Baker cites this source in chapter 23 in connection with ExxonMobil Foundation Presents $1 Million to Texas A&M Foundation,; the OCR text does not preserve a reliable body-note marker for a more precise claim mapping.",,ExxonMobil Foundation Presents,1,1,FALSE,FALSE,FALSE,FALSE,TRUE,FALSE,FALSE,Useful corroborating or contextual source for reconstructing Baker's evidence trail.,"Ch. 23, note 1: See Texas A&M Newswire, “ExxonMobil Foundation Presents $1 Million to Texas A&M Foundation,” press release, June 26, 2008."
BKR-0744,PART_3,23,23:4,PRIMARY_CONTEMPORARY_NEWS,B,3,Michael Abramowitz,"Rove E-Mail Sought by Congress May Be Missing,",Washington Post,"April 13, 2007",,,,"Baker cites this in support of the surrounding discussion: In 1998, Poppy addressed an audience in Tokyo on behalf of telecom company Global Crossing and accepted stock in the soon-to-go-public corporation in lieu of his normal $100,000 overseas speaking fee. Within a year, that stock was worth $14.",,Congress May Be Missing; Michael Abramowitz; Rove E-Mail Sought; Washington Post,1,1,TRUE,FALSE,FALSE,FALSE,FALSE,FALSE,FALSE,Useful corroborating or contextual source for reconstructing Baker's evidence trail.,"Ch. 23, note 4: Michael Abramowitz, “Rove E-Mail Sought by Congress May Be Missing,” Washington Post, April 13, 2007."
BKR-0745,PART_3,23,23:5,PRIMARY_CONTEMPORARY_NEWS,B,3,Richard L. Berke,"The Last (E-Mail) Goodbye, from ‘gwb’ to His 42 Buddies,",New York Times,"March 17, 2001",,,,"Baker cites this in support of the surrounding discussion: Joe Doss, president of the trade group for water suppliers, said his members were besieged with reports of delays in water deliveries after the hurricane. Within one twenty-four-hour period they voluntarily trucked in 1.",,Richard L. Berke,1,1,TRUE,FALSE,FALSE,FALSE,FALSE,FALSE,FALSE,Useful corroborating or contextual source for reconstructing Baker's evidence trail.,"Ch. 23, note 5: Richard L. Berke, “The Last (E-Mail) Goodbye, from ‘gwb’ to His 42 Buddies,” New York Times, March 17, 2001."
BKR-0746,PART_3,23,23:6,PRIMARY_CONTEMPORARY_NEWS,B,3,Barton Gellman and Jo Becker,"Angler: The Cheney Vice Presidency,",Washington Post,"June 24, 2007",,,,"Baker cites this source in chapter 23 in connection with Angler: The Cheney Vice Presidency,; the OCR text does not preserve a reliable body-note marker for a more precise claim mapping.",,Barton Gellman and Jo Becker; Washington Post,1,1,TRUE,FALSE,FALSE,FALSE,FALSE,FALSE,FALSE,Useful corroborating or contextual source for reconstructing Baker's evidence trail.,"Ch. 23, note 6: Barton Gellman and Jo Becker, “Angler: The Cheney Vice Presidency,” Washington Post, June 24, 2007."
BKR-0747,PART_3,23,23:12,PRIMARY_CONTEMPORARY_NEWS,B,3,Editorial,"That Troubled Terrorism List,",New York Times,"August 24, 2008",,,,"Baker cites this source in chapter 23 in connection with That Troubled Terrorism List,; the OCR text does not preserve a reliable body-note marker for a more precise claim mapping.",,That Troubled Terrorism List,1,1,TRUE,FALSE,FALSE,FALSE,FALSE,FALSE,FALSE,Useful corroborating or contextual source for reconstructing Baker's evidence trail.,"Ch. 23, note 12: Editorial, “That Troubled Terrorism List,” New York Times, August 24, 2008."
BKR-0748,PART_3,23,23:14,PRIMARY_CONTEMPORARY_NEWS,B,3,,"House majority leader, dubbed “the Hammer” for his fierce approach to dealing with opponents",Wall Street Journal,1996,,,,"Baker cites this source in chapter 23 in connection with House majority leader, dubbed “the Hammer” for his fierce approach to dealing with opponents; the OCR text does not preserve a reliable body-note marker for a more precise claim mapping.","Original Report referenced or described by this secondary source, with complete provenance",Bill Moyers; Broadcasting Board of Governors; CPB. Like Michael Brown; Corporation for Public Broadcasting; Fox News Channel; Karl Rove; Karl Rove’s; Ken Tomlinson; Reader's Digest; Steve Forbes; Taliban and the Russians; Tom DeLay; Voice of America; Wall Street Journal,1,1,TRUE,FALSE,FALSE,TRUE,FALSE,FALSE,FALSE,Useful corroborating or contextual source for reconstructing Baker's evidence trail.,"Ch. 23, note 14: Karl Rove’s friend Ken Tomlinson, formerly of Reader s Digest, was appointed to head the Corporation for Public Broadcasting (CPB), where he hired a crony to “investigate” programs, such as Now with Bill Moyers, that he thought reflected a liberal bias. Tomlinson was brought in to supervise broadcasting following a career spent almost entirely working his way to the helm at the politically conservative magazine Reader s Digest, where among other things, he served in the propaganda post of “Vietnam correspondent.” Tomlinson resigned from the Digest in 1996 to work on the presidential campaign of Steve Forbes, whose philosophy centered on the inherent pride in inheriting wealth. His eventual rise to U.S. broadcasting czar was undoubtedly smoothed back in 1995 when PBS agreed to accept seventy-five million dollars in Reader's Digest— developed programming, part of a desperate effort by the network to replace dwindling federal contributions. Tomlinson’s inquiry into the Moyers program included a $14,170 study that subjectively classified guests as “liberal” or “conservative” and gave segments labels like “anti-Bush,” “anti-DeLay,” and “anticorporation.” Tom DeLay was at the time the highly partisan and outspoken House majority leader, dubbed “the Hammer” for his fierce approach to dealing with opponents. Meanwhile, Tomlinson raised five million dollars to air The Journal Editorial Report, a program that showcased unfailingly pro-Bush, pro-DeLay, pro-corporation Wall Street Journal editorial board figures. (The show soon jumped to the more ideologically resonant Fox News Channel.) Tomlinson would later be forced to resign from the CPB. Like Michael Brown at FEMA, Tomlinson also had some problems over horses. Investigators say that while heading the Broadcasting Board of Governors, the outfit that oversees U.S. foreign broadcasting, including the Voice of America, Tomlinson ran a “horse racing operation.” He seems to have been using his office to oversee a stable of horses he named after Afghan leaders who fought the Taliban and the Russians."
BKR-0749,PART_3,23,23:15,OTHER,C,3,Drew Griffin and Kathleen Johnston,"Political Author’s Name Matches Name on Terrorist Watch List,",,2008,,,,"Baker cites this source in chapter 23 in connection with Political Author’s Name Matches Name on Terrorist Watch List,; the OCR text does not preserve a reliable body-note marker for a more precise claim mapping.",,Drew Griffin and Kathleen Johnston; Political Author’s Name Matches Name; Terrorist Watch List,1,1,FALSE,FALSE,FALSE,TRUE,TRUE,FALSE,FALSE,Useful corroborating or contextual source for reconstructing Baker's evidence trail.,"Ch. 23, note 15: Drew Griffin and Kathleen Johnston, “Political Author’s Name Matches Name on Terrorist Watch List,” CNN.com, http://www.cnn.com/2008/SHOWBIZ/books/08/14/author.terror.list/index. html."
BKR-0750,PART_3,23,23:16,SECONDARY_BOOK,B,3,Tom Hamburger and Peter Wallsten,One Party Country: The Republican Plan for Dominance in the 21st Century,"Hoboken, NJ: Wiley, 2006",2006,,,102,Baker cites this source in chapter 23 in connection with One Party Country: The Republican Plan for Dominance in the 21st Century; the OCR text does not preserve a reliable body-note marker for a more precise claim mapping.,,One Party Country; Tom Hamburger and Peter Wallsten,1,1,FALSE,FALSE,FALSE,FALSE,FALSE,FALSE,FALSE,Useful corroborating or contextual source for reconstructing Baker's evidence trail.,"Ch. 23, note 16: Tom Hamburger and Peter Wallsten, One Party Country: The Republican Plan for Dominance in the 21st Century (Hoboken, NJ: Wiley, 2006), p. 102."
BKR-0751,PART_3,23,23:17,PRIMARY_CONTEMPORARY_NEWS,B,3,William Hubbard,"The Overwhelmed FDA,",Boston Globe,"June 3, 2007",,,,"Baker cites this source in chapter 23 in connection with The Overwhelmed FDA,; the OCR text does not preserve a reliable body-note marker for a more precise claim mapping.",,Boston Globe; William Hubbard,1,1,TRUE,FALSE,FALSE,FALSE,FALSE,FALSE,FALSE,Useful corroborating or contextual source for reconstructing Baker's evidence trail.,"Ch. 23, note 17: William Hubbard, “The Overwhelmed FDA,” Boston Globe, June 3, 2007."
BKR-0752,PART_3,23,23:18,PRIMARY_CONTEMPORARY_NEWS,B,3,Editorial,"The F.D.A. in Crisis: It Needs More Money and Talent,",New York Times,"February 3, 2008",,,,"Baker cites this source in chapter 23 in connection with The F.D.A. in Crisis: It Needs More Money and Talent,; the OCR text does not preserve a reliable body-note marker for a more precise claim mapping.",,It Needs More Money and Talent,1,1,TRUE,FALSE,FALSE,FALSE,FALSE,FALSE,FALSE,Useful corroborating or contextual source for reconstructing Baker's evidence trail.,"Ch. 23, note 18: Editorial, “The F.D.A. in Crisis: It Needs More Money and Talent,” New York Times, February 3, 2008."
BKR-0753,PART_3,23,23:19,PRIMARY_CONTEMPORARY_NEWS,B,3,Editorial,"More Flimflam on Warming,",New York Times,"March 29, 2008",,,,"Baker cites this source in chapter 23 in connection with More Flimflam on Warming,; the OCR text does not preserve a reliable body-note marker for a more precise claim mapping.",,More Flimflam,1,1,TRUE,FALSE,FALSE,FALSE,FALSE,FALSE,FALSE,Useful corroborating or contextual source for reconstructing Baker's evidence trail.,"Ch. 23, note 19: Editorial, “More Flimflam on Warming,” New York Times, March 29, 2008."
BKR-0754,PART_3,23,23:20,PRIMARY_CONTEMPORARY_NEWS,B,3,Andrew C. Revkin,"Climate Expert Says NASA Tried to Silence Him,",New York Times,"January 29, 2006",,,,"Baker cites this source in chapter 23 in connection with Climate Expert Says NASA Tried to Silence Him,; the OCR text does not preserve a reliable body-note marker for a more precise claim mapping.",,Andrew C. Revkin; Climate Expert Says NASA Tried; Silence Him,1,1,TRUE,FALSE,FALSE,FALSE,FALSE,FALSE,FALSE,Useful corroborating or contextual source for reconstructing Baker's evidence trail.,"Ch. 23, note 20: Andrew C. Revkin, “Climate Expert Says NASA Tried to Silence Him,” New York Times, January 29, 2006."
BKR-0755,PART_3,23,23:21,OTHER,C,3,Office of the Press Secretary,"President Bush Visits Cleveland, Ohio,",,"July 10, 2007",,,,"Baker cites this source in chapter 23 in connection with President Bush Visits Cleveland, Ohio,; the OCR text does not preserve a reliable body-note marker for a more precise claim mapping.",,Office of the Press Secretary; President Bush Visits Cleveland; White House,1,1,FALSE,FALSE,FALSE,TRUE,TRUE,FALSE,FALSE,Useful corroborating or contextual source for reconstructing Baker's evidence trail.,"Ch. 23, note 21: Office of the Press Secretary, “President Bush Visits Cleveland, Ohio,” White House press release, July 10, 2007, www.whitehouse. gov/news/releases/2007/07/20070710-6.html."
BKR-0756,PART_3,23,23:22,PRIMARY_CONTEMPORARY_NEWS,B,3,Paul Krugman,"An Immoral Philosophy,",New York Times,"July 30, 2007",,,,"Baker cites this source in chapter 23 in connection with An Immoral Philosophy,; the OCR text does not preserve a reliable body-note marker for a more precise claim mapping.",,An Immoral Philosophy; Paul Krugman,1,1,TRUE,FALSE,FALSE,FALSE,FALSE,FALSE,FALSE,Useful corroborating or contextual source for reconstructing Baker's evidence trail.,"Ch. 23, note 22: Paul Krugman, “An Immoral Philosophy,” New York Times, July 30, 2007."
BKR-0757,PART_3,23,23:23,PRIMARY_CONTEMPORARY_NEWS,B,3,Paul Krugman,"The Anxiety Election,",New York Times,"March 7, 2008",,,,"Baker cites this source in chapter 23 in connection with The Anxiety Election,; the OCR text does not preserve a reliable body-note marker for a more precise claim mapping.",,Paul Krugman,1,1,TRUE,FALSE,FALSE,FALSE,FALSE,FALSE,FALSE,Useful corroborating or contextual source for reconstructing Baker's evidence trail.,"Ch. 23, note 23: Paul Krugman, “The Anxiety Election,” New York Times, March 7, 2008."
BKR-0758,PART_3,23,23:25,PRIMARY_CONTEMPORARY_NEWS,B,3,Frank Rich,"Bring Back Warren Harding,",New York Times,"September 26, 2005",,,,"Baker cites this source in chapter 23 in connection with Bring Back Warren Harding,; the OCR text does not preserve a reliable body-note marker for a more precise claim mapping.",,Bring Back Warren Harding; Frank Rich,1,1,TRUE,FALSE,FALSE,FALSE,FALSE,FALSE,FALSE,Useful corroborating or contextual source for reconstructing Baker's evidence trail.,"Ch. 23, note 25: Frank Rich, “Bring Back Warren Harding,” New York Times, September 26, 2005."
BKR-0759,PART_3,23,23:26,OTHER,C,3,Michelle Malkin,"Not Another Homeland Security Hack,",,"September 21, 2005",,,,"Baker cites this source in chapter 23 in connection with Not Another Homeland Security Hack,; the OCR text does not preserve a reliable body-note marker for a more precise claim mapping.",,Michelle Malkin; Not Another Homeland Security Hack,1,1,FALSE,FALSE,FALSE,TRUE,TRUE,FALSE,FALSE,Useful corroborating or contextual source for reconstructing Baker's evidence trail.,"Ch. 23, note 26: Michelle Malkin, “Not Another Homeland Security Hack,” September 21, 2005."
BKR-0760,PART_3,23,23:27,PRIMARY_CONTEMPORARY_NEWS,B,3,Charles Duhigg,"Report Rejects Medicare Boast of Paring Fraud,",New York Times,"August 20, 2008",Report Rejects,,,"Baker cites this source in chapter 23 in connection with Report Rejects Medicare Boast of Paring Fraud,; the OCR text does not preserve a reliable body-note marker for a more precise claim mapping.","Original Report referenced or described by this secondary source, with complete provenance",Charles Duhigg; Report Rejects Medicare Boast of Paring,1,1,TRUE,FALSE,FALSE,TRUE,FALSE,FALSE,FALSE,Useful corroborating or contextual source for reconstructing Baker's evidence trail.,"Ch. 23, note 27: Charles Duhigg, “Report Rejects Medicare Boast of Paring Fraud,” New York Times, August 20, 2008."
BKR-0761,PART_3,23,23:28,PRIMARY_CONTEMPORARY_NEWS,B,3,,"cial reporter Steven Wilmsen, “he seemed to believe it was his birthright to profit at the nation’s expense",Nation,"June 1, 1991",,,,"Baker cites this source in chapter 23 in connection with cial reporter Steven Wilmsen, “he seemed to believe it was his birthright to profit at the nation’s expense; the OCR text does not preserve a reliable body-note marker for a more precise claim mapping.",,Steven Wilmsen,1,1,TRUE,FALSE,FALSE,TRUE,TRUE,FALSE,FALSE,Useful corroborating or contextual source for reconstructing Baker's evidence trail.,"Ch. 23, note 28: Silverado was finally shut down the day after Poppy’s election as president, which hints at backdoor political maneuvering to delay a major Bush scandal. At one press conference, Neil stood defiant, repeating over and over that there had been no conflict of interest, despite his loan of over a hundred million dollars to business partners who also invested in his oil ventures. “Even in the face of irrefutable evidence that everyone but he seemed to understand,” wrote financial reporter Steven Wilmsen, “he seemed to believe it was his birthright to profit at the nation’s expense.” Steven Wilmsen, “The Corruption of Neil Bush,” Playboy, June 1, 1991."
BKR-0762,PART_3,23,23:34,PRIMARY_CONTEMPORARY_NEWS,B,3,,"“Trade-off for Speech Fee Pays Off for Bush,” Los Angeles Times, March 20, 1999.",Los Angeles Times,"March 20, 1999",,,,"Baker cites this source in chapter 23 in connection with “Trade-off for Speech Fee Pays Off for Bush,” Los Angeles Times, March 20, 1999.; the OCR text does not preserve a reliable body-note marker for a more precise claim mapping.",,Los Angeles Times; Trade-off for Speech Fee Pays Off,1,1,TRUE,FALSE,FALSE,FALSE,FALSE,TRUE,TRUE,Useful corroborating or contextual source for reconstructing Baker's evidence trail.,"Ch. 23, note 34: “Trade-off for Speech Fee Pays Off for Bush,” Los Angeles Times, March 20, 1999."
BKR-0763,PART_3,23,23:35,PRIMARY_CONTEMPORARY_NEWS,B,3,Leslie Wayne,"Elder Bush in Big G.O.P. Cast Toiling for Top Equity Firm,",New York Times,"March 5, 2001",,,C,"Baker cites this source in chapter 23 in connection with Elder Bush in Big G.O.P. Cast Toiling for Top Equity Firm,; the OCR text does not preserve a reliable body-note marker for a more precise claim mapping.",,Big G.O.P. Cast Toiling for Top; Elder Bush; Equity Firm; Leslie Wayne,1,1,TRUE,FALSE,FALSE,FALSE,FALSE,FALSE,FALSE,Useful corroborating or contextual source for reconstructing Baker's evidence trail.,"Ch. 23, note 35: Leslie Wayne, “Elder Bush in Big G.O.P. Cast Toiling for Top Equity Firm,” New York Times, March 5, 2001."
BKR-0764,PART_3,23,23:39,PRIMARY_CONTEMPORARY_NEWS,B,3,Eric Lichtblau,"Mukasey Won’t Pursue Charges in Hiring Inquiry,",New York Times,"August 12, 2008",,,,"Baker cites this source in chapter 23 in connection with Mukasey Won’t Pursue Charges in Hiring Inquiry,; the OCR text does not preserve a reliable body-note marker for a more precise claim mapping.",,Eric Lichtblau; Hiring Inquiry; Mukasey Won’t Pursue Charges,1,1,TRUE,FALSE,FALSE,FALSE,FALSE,FALSE,FALSE,Useful corroborating or contextual source for reconstructing Baker's evidence trail.,"Ch. 23, note 39: Eric Lichtblau, “Mukasey Won’t Pursue Charges in Hiring Inquiry,” New York Times, August 12, 2008."
BKR-0765,PART_3,23,23:41,PRIMARY_CONTEMPORARY_NEWS,B,3,Eric Lipton,"Worker Tells of Response by FEMA,",New York Times,"October 21, 2005",,,,"Baker cites this source in chapter 23 in connection with Worker Tells of Response by FEMA,; the OCR text does not preserve a reliable body-note marker for a more precise claim mapping.",,Eric Lipton; Worker Tells of Response,1,1,TRUE,FALSE,FALSE,FALSE,FALSE,FALSE,FALSE,Useful corroborating or contextual source for reconstructing Baker's evidence trail.,"Ch. 23, note 41: Eric Lipton, “Worker Tells of Response by FEMA,” New York Times, October 21, 2005."
BKR-0766,PART_3,23,23:44,PRIMARY_CONTEMPORARY_NEWS,B,3,,"cially low settlement amounts for flood victims, and that the claimsassessment process was deeply compromised by involvement from insurance-industry figures",Independent,,,,,"Baker cites this source in chapter 23 in connection with cially low settlement amounts for flood victims, and that the claimsassessment process was deeply compromised by involvement from insurance-industry figures; the OCR text does not preserve a reliable body-note marker for a more precise claim mapping.",,Steve Kanstoroom,1,1,TRUE,FALSE,FALSE,FALSE,TRUE,FALSE,FALSE,Useful corroborating or contextual source for reconstructing Baker's evidence trail.,"Ch. 23, note 44: Steve Kanstoroom, an independent fraud-detection and pattern-recognition expert with twenty-twoyears’ experience, found that FEMA was allowing insurance adjusters to use software that set artificially low settlement amounts for flood victims, and that the claimsassessment process was deeply compromised by involvement from insurance-industry figures."
BKR-0767,PART_3,23,23:46,SECONDARY_BOOK,B,3,,"cials, who ended up choosing the Florida-based environmental services firm AshBritt Inc",,2002,,,,"Baker cites this source in chapter 23 in connection with cials, who ended up choosing the Florida-based environmental services firm AshBritt Inc; the OCR text does not preserve a reliable body-note marker for a more precise claim mapping.",,After Brown; After the; Allbaugh Company; Army Corps of Engineers; AshBritt Inc; Barbour Griffith; Baton Rouge; Joe Allbaugharranged; Joe and Diane’s Allbaugh Company; Kay County; On August; Shaw Group; Shaw’s. Allbaugh,1,1,FALSE,FALSE,FALSE,FALSE,TRUE,FALSE,FALSE,Useful corroborating or contextual source for reconstructing Baker's evidence trail.,"Ch. 23, note 46: In 2002, when an ice storm hit Allbaugh’s native Kay County, Oklahoma, Joe Allbaugharranged a conference call with county officials, who ended up choosing the Florida-based environmental services firm AshBritt Inc. over other firms with much lower competing bids. Later, AshBritt hired Barbour Griffith—and was awarded a $568 million contract by the Army Corps of Engineers to help lead the Katrina cleanup effort. The months after the hurricane saw numerous articles in local media raising questions about AshBritt’s operations, its candor, and its spectacular growth during the Bush years—all through its lucrative subcontracts to other firms that do most of the actual cleanup work. On August 15, 2005, with hurricane season getting under way, Joe and Diane’s Allbaugh Company registered as a lobbyist for Shaw Group, a Baton Rouge engineering and construction firm, which began advertising for workers to man its rebuilding projects before Katrina even struck. After the levees broke, Shaw, which had not been a FEMA contractor during the Clinton years, received two separate hundred-million-dollar federal cleanup contracts and saw its stock price shoot up 50 percent in a few weeks. (After Brown departed FEMA, the agency announced it would rebid some contracts that were given on a noncompetitive basis, including Shaw’s. Allbaugh continued to be well rewarded: according to federal lobbyist registrations, the Shaw group paid Allbaugh Company three hundred thousand dollars in the first six months of 2007 alone.)"
BKR-0768,PART_3,23,23:48,PRIMARY_CONTEMPORARY_NEWS,B,3,Lolita C. Baldor,"Halliburton Subsidiary Taps Contract for Repairs,",Washington Post,"September 5, 2005",,,,"Baker cites this source in chapter 23 in connection with Halliburton Subsidiary Taps Contract for Repairs,; the OCR text does not preserve a reliable body-note marker for a more precise claim mapping.",,Halliburton Subsidiary Taps Contract for Repairs; Lolita C. Baldor; Washington Post,1,1,TRUE,FALSE,FALSE,FALSE,FALSE,FALSE,FALSE,Useful corroborating or contextual source for reconstructing Baker's evidence trail.,"Ch. 23, note 48: Lolita C. Baldor, “Halliburton Subsidiary Taps Contract for Repairs,” Washington Post, September 5, 2005."
BKR-0769,PART_3,23,23:50,SECONDARY_BOOK,B,3,Barton Gellman,Angler: The Cheney Vice Presidency,"New York: Penguin Press, 2008",2008,,,,Baker cites this source in chapter 23 in connection with Angler: The Cheney Vice Presidency; the OCR text does not preserve a reliable body-note marker for a more precise claim mapping.,,Barton Gellman; Penguin Press,1,1,FALSE,FALSE,FALSE,FALSE,FALSE,FALSE,FALSE,Useful corroborating or contextual source for reconstructing Baker's evidence trail.,"Ch. 23, note 50: Barton Gellman, Angler: The Cheney Vice Presidency (New York: Penguin Press, 2008)."
BKR-0770,PART_3,23,23:51,SECONDARY_BOOK,B,3,Michel Crozier,"Samuel Huntington, and Joji Watanuki, The Crisis of Democracy","New York: New York University Press, 1975",1975,,New York University,105,"Baker cites this source in chapter 23 in connection with Samuel Huntington, and Joji Watanuki, The Crisis of Democracy; the OCR text does not preserve a reliable body-note marker for a more precise claim mapping.",,Joji Watanuki; Michel Crozier; Peter Dale Scott; Samuel Huntington; University of California Press,1,1,FALSE,FALSE,TRUE,FALSE,FALSE,FALSE,FALSE,Useful corroborating or contextual source for reconstructing Baker's evidence trail.,"Ch. 23, note 51: Michel Crozier, Samuel Huntington, and Joji Watanuki, The Crisis of Democracy (New York: New York University Press, 1975), p. 105. Also noted in Peter Dale Scott, The Road to 9/11 (Berkeley: University of California Press, 2007), p. 69."
BKR-0771,PART_3,23,23:52,OTHER,C,3,Tim London,"Emergency Management in the Twenty-first Century,",,,files/2,,,"Baker cites this source in chapter 23 in connection with Emergency Management in the Twenty-first Century,; the OCR text does not preserve a reliable body-note marker for a more precise claim mapping.",,Emergency Management; Tim London; Twenty-first Century,1,1,FALSE,FALSE,FALSE,TRUE,TRUE,FALSE,FALSE,Useful corroborating or contextual source for reconstructing Baker's evidence trail.,"Ch. 23, note 52: Tim London, “Emergency Management in the Twenty-first Century,” www.homestead.com/emergencymanagement/files/2 1STCEN2.htm."
BKR-0772,PART_3,23,23:54,OTHER,C,3,Sabrina Eaton,"Interior Officials Join Cheney in Mountain Hideaways,",,"October 7, 2001",,,,"Baker cites this source in chapter 23 in connection with Interior Officials Join Cheney in Mountain Hideaways,; the OCR text does not preserve a reliable body-note marker for a more precise claim mapping.",,Cleveland Plain Dealer; Interior Officials Join Cheney; Mountain Hideaways; Sabrina Eaton,1,1,FALSE,FALSE,FALSE,FALSE,TRUE,FALSE,FALSE,Useful corroborating or contextual source for reconstructing Baker's evidence trail.,"Ch. 23, note 54: Sabrina Eaton, “Interior Officials Join Cheney in Mountain Hideaways,” Cleveland Plain Dealer, October 7, 2001."
BKR-0773,PART_3,23,23:55,PRIMARY_CONTEMPORARY_NEWS,B,3,Executive Order 12656,"Assignment of Emergency Preparedness Responsibilities,",Nation,,,,,"Baker cites this source in chapter 23 in connection with Assignment of Emergency Preparedness Responsibilities,; the OCR text does not preserve a reliable body-note marker for a more precise claim mapping.",,Assignment of Emergency Preparedness Responsibilities; Executive Order,1,1,TRUE,FALSE,FALSE,TRUE,FALSE,FALSE,FALSE,Useful corroborating or contextual source for reconstructing Baker's evidence trail.,"Ch. 23, note 55: Executive Order 12656, “Assignment of Emergency Preparedness Responsibilities,” NationalArchives, www.archives. gov/federal-register/codification/executiveorder/12656.html."
BKR-0774,PART_3,23,23:57,SECONDARY_BOOK,B,3,Ron Suskind,The One Percent Doctrine: Deep Inside America s Pursuit of Its Enemies Since 9/11,"New York: Simon & Schuster, 2006",2006,,,,Baker cites this source in chapter 23 in connection with The One Percent Doctrine: Deep Inside America s Pursuit of Its Enemies Since 9/11; the OCR text does not preserve a reliable body-note marker for a more precise claim mapping.,,Deep Inside America; Pursuit of Its Enemies Since; Ron Suskind; Simon & Schuster,1,1,FALSE,FALSE,FALSE,FALSE,FALSE,FALSE,FALSE,Useful corroborating or contextual source for reconstructing Baker's evidence trail.,"Ch. 23, note 57: Ron Suskind, The One Percent Doctrine: Deep Inside America s Pursuit of Its Enemies Since 9/11 (New York: Simon & Schuster, 2006)."
BKR-0775,PART_3,23,23:58,PRIMARY_CONTEMPORARY_NEWS,B,3,Rachel L. Swarns,"Halliburton Subsidiary Gets Contract to Add Temporary Immigration Detention Centers,",New York Times,"February 4, 2006",,,,"Baker cites this source in chapter 23 in connection with Halliburton Subsidiary Gets Contract to Add Temporary Immigration Detention Centers,; the OCR text does not preserve a reliable body-note marker for a more precise claim mapping.",,Add Temporary Immigration Detention Centers; Halliburton Subsidiary Gets Contract; Rachel L. Swarns,1,1,TRUE,FALSE,FALSE,FALSE,FALSE,FALSE,FALSE,Useful corroborating or contextual source for reconstructing Baker's evidence trail.,"Ch. 23, note 58: Rachel L. Swarns, “Halliburton Subsidiary Gets Contract to Add Temporary Immigration Detention Centers,” New York Times, February 4, 2006."
BKR-0776,PART_3,23,23:59,PRIMARY_CONTEMPORARY_NEWS,B,3,Al Kamen,"At FEMA, ‘X’ Is for Exasperation,",Washington Post,"June 24, 1998",,,,"Baker cites this source in chapter 23 in connection with At FEMA, ‘X’ Is for Exasperation,; the OCR text does not preserve a reliable body-note marker for a more precise claim mapping.",,Al Kamen; Washington Post; X’ Is for Exasperation,1,1,TRUE,FALSE,FALSE,FALSE,FALSE,FALSE,FALSE,Useful corroborating or contextual source for reconstructing Baker's evidence trail.,"Ch. 23, note 59: Al Kamen, “At FEMA, ‘X’ Is for Exasperation,” Washington Post, June 24, 1998."
BKR-0777,PART_3,23,23:60,OTHER,C,3,,"House’s request, to help start the Transportation Security Administration",,,,,,"Baker cites this source in chapter 23 in connection with House’s request, to help start the Transportation Security Administration; the OCR text does not preserve a reliable body-note marker for a more precise claim mapping.",,In December; Transportation Security Administration; White House’s,1,1,FALSE,FALSE,FALSE,TRUE,TRUE,FALSE,FALSE,Useful corroborating or contextual source for reconstructing Baker's evidence trail.,"Ch. 23, note 60: In December, with the country focused on terrorism and on preventing any more attacks, Ma-gaw left FEMA altogether, at the White House’s request, to help start the Transportation Security Administration."
BKR-0778,PART_3,23,23:67,OTHER,C,3,Sally Kestin and Megan O’ Matz,"FEMA Gave $21 Million in Miami-Dade, Where Storms Were‘Like a Severe Thunderstorm,’",,"October 10, 2004",,,,"Baker cites this source in chapter 23 in connection with FEMA Gave $21 Million in Miami-Dade, Where Storms Were‘Like a Severe Thunderstorm,’; the OCR text does not preserve a reliable body-note marker for a more precise claim mapping.",,FEMA Gave; Sally Kestin and Megan O’ Matz; Severe Thunderstorm; South Florida Sun-Sentinel; Where Storms Were,1,1,FALSE,FALSE,FALSE,FALSE,TRUE,FALSE,FALSE,Useful corroborating or contextual source for reconstructing Baker's evidence trail.,"Ch. 23, note 67: Sally Kestin and Megan O’ Matz, “FEMA Gave $21 Million in Miami-Dade, Where Storms Were‘Like a Severe Thunderstorm,’ ” South Florida Sun-Sentinel, October 10, 2004."
BKR-0779,PART_3,23,23:69,OTHER,C,3,Julia Malone,"Bill for FEMA water disputed; Norcross business may be ordered to refund$881,000,",Library of Congress,"July 25, 2007",,Library of Congress,cm,"Baker cites this source in chapter 23 in connection with Bill for FEMA water disputed; Norcross business may be ordered to refund$881,000,; the OCR text does not preserve a reliable body-note marker for a more precise claim mapping.",,Atlanta Journal-Constitution; Bill for FEMA; Bloomsbury Press; DATA Baker; Family of; Fifth Avenue; James Moore Afterword; Julia Malone; Russ Baker All; Russ Baker Foreword; Russ Baker.--; White House,1,1,FALSE,FALSE,TRUE,TRUE,TRUE,FALSE,FALSE,Useful corroborating or contextual source for reconstructing Baker's evidence trail.,"Ch. 23, note 69: Julia Malone, “Bill for FEMA water disputed; Norcross business may be ordered to refund$881,000,” Atlanta Journal-Constitution, July 25, 2007. Copyright © 2009 by Russ Baker Foreword copyright © 2009 by James Moore Afterword copyright © 2009 by Russ Baker All rights reserved. No part of this book may be used or reproduced in any manner whatsoever without written permission from the publisher except in the case of brief quotations embodied in critical articles or reviews. For information address Bloomsbury Press, 175 Fifth Avenue, New York, NY 10010. Published by Bloomsbury Press, New York LIBRARY OF CONGRESS CATALOGING-IN-PUBLICATION DATA Baker, Russ, 1958- Family of secrets : the Bush dynasty, the powerful forces that put it in the White House, and what their influence means for America / by Russ Baker.--1st U.S. ed. p. cm. Includes bibliographical references eISBN: 9781608191925"
BKR-0780,PART_1;PART_2;PART_3,2;5;6;7;8;9;10;11;15;16;17;18;21;22;23,2:89;5:14;6:438;7:2;8:121;9:1;10:5;10:22;11:95;15:67;16:182;17:19;18:3;18:38;18:9;18:2;18:13;18:37;18:5;21:18;22:8;23:3,UNSPECIFIED,D,4,,,,,,,40,"Baker cites this source in chapter 2 in connection with ; the OCR text does not preserve a reliable body-note marker for a more precise claim mapping. | Baker cites this source in chapter 5 in connection with 1961.; the OCR text does not preserve a reliable body-note marker for a more precise claim mapping. | Baker cites this source in chapter 6 in connection with ; the OCR text does not preserve a reliable body-note marker for a more precise claim mapping. | Baker cites this in support of the surrounding discussion: That this sequence of events took place is confirmed by the original Army cable from military intelligence in Texas, declassified a decade later. What is not clear is how close matters ever got to zero hour. | Baker cites this source in chapter 8 in connection with ; the OCR text does not preserve a reliable body-note marker for a more precise claim mapping. | Baker cites this source in chapter 9 in connection with ; the OCR text does not preserve a reliable body-note marker for a more precise claim mapping. | Baker cites this source in chapter 10 in connection with ; the OCR text does not preserve a reliable body-note marker for a more precise claim mapping. | Baker cites this source in chapter 11 in connection with ; the OCR text does not preserve a reliable body-note marker for a more precise claim mapping. | Baker cites this source in chapter 15 in connection with ; the OCR text does not preserve a reliable body-note marker for a more precise claim mapping. | Baker cites this source in chapter 16 in connection with ; the OCR text does not preserve a reliable body-note marker for a more precise claim mapping. | Baker cites this source in chapter 17 in connection with 2004.; the OCR text does not preserve a reliable body-note marker for a more precise claim mapping. | Baker cites this source in chapter 18 in connection with ; the OCR text does not preserve a reliable body-note marker for a more precise claim mapping. | Baker cites this in support of the surrounding discussion: That few noticed was in itself telling. W.’s domestic policy adviser was Claude Allen, a black Republican who had served as campaign spokesman for Senator Jesse Helms, the man the Washington Post’s David Broder once referred to as “the last prominent unabashed white racist politician in this country.” | Baker cites this source in chapter 18 in connection with Ibid., p. 40. The statement was attributed to speech writer Matt Lyon, now deceased, by a friend,Patricia Tierney Alofsin, a longtime fixture in Austin governmental circles.; the OCR text does not preserve a reliable body-note marker for a more precise claim mapping. | Baker cites this source in chapter 18 in connection with Ibid. . David Broder, “Jesse Helms, White Racist,” Washington Post, August 28, 2001. IS Is joo . Holli Chmela, “Ex-Bush Aide Admits Shoplifting and Is Fined,” New York Times, August; the OCR text does not preserve a reliable body-note marker for a more precise claim mapping. | Baker cites this source in chapter 21 in connection with 2008.; the OCR text does not preserve a reliable body-note marker for a more precise claim mapping. | Baker cites this source in chapter 22 in connection with ; the OCR text does not preserve a reliable body-note marker for a more precise claim mapping. | Baker cites this source in chapter 23 in connection with ; the OCR text does not preserve a reliable body-note marker for a more precise claim mapping.",,David Broder; Ex-Bush Aide Admits Shoplifting and Is; Holli Chmela; Jesse Helms; Matt Lyon; Patricia Tierney Alofsin; Washington Post; White Racist,22,18,FALSE,FALSE,FALSE,TRUE,TRUE,TRUE,TRUE,"Peripheral, incomplete, or weakly specified lead retained for completeness.","Ch. 2, note 89:  || Ch. 5, note 14: 1961. || Ch. 6, note 438:  || Ch. 7, note 2:  || Ch. 8, note 121:  || Ch. 9, note 1:  || Ch. 10, note 5:  || Ch. 10, note 22: 1963. || Ch. 11, note 95:  || Ch. 15, note 67:  || Ch. 16, note 182:  || Ch. 17, note 19: 2004. || Ch. 18, note 3:  || Ch. 18, note 38:  || Ch. 18, note 9: Ibid., p. 40. The statement was attributed to speech writer Matt Lyon, now deceased, by a friend,Patricia Tierney Alofsin, a longtime fixture in Austin governmental circles. || Ch. 18, note 2: 2001. || Ch. 18, note 13: 2008. || Ch. 18, note 37: Ibid. . David Broder, “Jesse Helms, White Racist,” Washington Post, August 28, 2001. IS Is joo . Holli Chmela, “Ex-Bush Aide Admits Shoplifting and Is Fined,” New York Times, August || Ch. 18, note 5: 2006. || Ch. 21, note 18: 2008. || Ch. 22, note 8:  || Ch. 23, note 3: "
BKR-0781,PART_1,3,3:3,UNSPECIFIED,D,4,,"For the job, Pearson tasked Yale graduate Richard W. Cutler.",,,,,,"Baker cites this source in chapter 3 in connection with For the job, Pearson tasked Yale graduate Richard W. Cutler.; the OCR text does not preserve a reliable body-note marker for a more precise claim mapping.",,Richard W. Cutler,1,1,FALSE,FALSE,FALSE,FALSE,TRUE,TRUE,TRUE,"Peripheral, incomplete, or weakly specified lead retained for completeness.","Ch. 3, note 3: For the job, Pearson tasked Yale graduate Richard W. Cutler."
BKR-0782,PART_1,3,3:10,UNSPECIFIED,D,4,,"The stories of characters throughout the Bush saga are full of unexplained, lengthy hikingtrips, circumnavigations, and the like, all preceding important new assignments.",,,,,,"Baker cites this source in chapter 3 in connection with The stories of characters throughout the Bush saga are full of unexplained, lengthy hikingtrips, circumnavigations, and the like, all preceding important new assignments.; the OCR text does not preserve a reliable body-note marker for a more precise claim mapping.",,,1,1,FALSE,FALSE,FALSE,FALSE,TRUE,TRUE,TRUE,"Peripheral, incomplete, or weakly specified lead retained for completeness.","Ch. 3, note 10: The stories of characters throughout the Bush saga are full of unexplained, lengthy hikingtrips, circumnavigations, and the like, all preceding important new assignments."
BKR-0783,PART_1,3,3:32,UNSPECIFIED,D,4,,"Even Poppy’s paternal grandfather, Samuel Bush, had Rockefeller connections. William Good-sell Rockefeller, John D. Rockefeller’s brother, was a major backer of the Milwaukee & St. Paul Railroad, where Samuel Bush worked",,,,,,"Baker cites this source in chapter 3 in connection with Even Poppy’s paternal grandfather, Samuel Bush, had Rockefeller connections. William Good-sell Rockefeller, John D. Rockefeller’s brother, was a major backer of the Milwaukee & St. Paul Railroad, where Samuel Bush worked; the OCR text does not preserve a reliable body-note marker for a more precise claim mapping.",,Buckeye Malleable Iron & Coupler Company; Even Poppy’s; John D. Rockefeller’s; Milwaukee & St. Paul Railroad; Samuel Bush; William Good-sell Rockefeller,1,1,FALSE,FALSE,FALSE,FALSE,TRUE,TRUE,TRUE,"Peripheral, incomplete, or weakly specified lead retained for completeness.","Ch. 3, note 32: Even Poppy’s paternal grandfather, Samuel Bush, had Rockefeller connections. William Good-sell Rockefeller, John D. Rockefeller’s brother, was a major backer of the Milwaukee & St. Paul Railroad, where Samuel Bush worked as a top executive at the turn of the nineteenth century. After that, Samuel began running Buckeye Malleable Iron & Coupler Company, a Columbus, Ohio, company backed by John D. Rockefeller’s other brother, Franklin."
BKR-0784,PART_1,3,3:33,UNSPECIFIED,D,4,,"George Bush, Looking Forward.",,,,,,"Baker cites this source in chapter 3 in connection with George Bush, Looking Forward.; the OCR text does not preserve a reliable body-note marker for a more precise claim mapping.",,George Bush; Looking Forward,1,1,FALSE,FALSE,FALSE,FALSE,TRUE,TRUE,TRUE,"Peripheral, incomplete, or weakly specified lead retained for completeness.","Ch. 3, note 33: George Bush, Looking Forward."
BKR-0785,PART_1,3,3:39,UNSPECIFIED,D,4,,"In an odd twist, Dresser Industries had tried, unsuccessfully, to buy out Hughes’s drill bit company years earlier.",,,,,,"Baker cites this source in chapter 3 in connection with In an odd twist, Dresser Industries had tried, unsuccessfully, to buy out Hughes’s drill bit company years earlier.; the OCR text does not preserve a reliable body-note marker for a more precise claim mapping.",,Dresser Industries,1,1,FALSE,FALSE,FALSE,FALSE,TRUE,TRUE,TRUE,"Peripheral, incomplete, or weakly specified lead retained for completeness.","Ch. 3, note 39: In an odd twist, Dresser Industries had tried, unsuccessfully, to buy out Hughes’s drill bit company years earlier."
BKR-0786,PART_1,3,3:42,UNSPECIFIED,D,4,,"These include Theodore Shackley, E. Howard Hunt, Felix Rodriguez, and Porter Goss.",,,,,,"Baker cites this source in chapter 3 in connection with These include Theodore Shackley, E. Howard Hunt, Felix Rodriguez, and Porter Goss.; the OCR text does not preserve a reliable body-note marker for a more precise claim mapping.",,E. Howard Hunt; Felix Rodriguez; Porter Goss; Theodore Shackley,1,1,FALSE,FALSE,FALSE,FALSE,TRUE,TRUE,TRUE,"Peripheral, incomplete, or weakly specified lead retained for completeness.","Ch. 3, note 42: These include Theodore Shackley, E. Howard Hunt, Felix Rodriguez, and Porter Goss."
BKR-0787,PART_1,3,3:43,UNSPECIFIED,D,4,,"The training base for the Bay of Pigs invasion was the plantation of Roberto Alejos Arzu, a powerful and feared figure who would later run a notorious death squad, La Mano Blanca, and chair the local efforts of several B",,,,,,"Baker cites this source in chapter 3 in connection with The training base for the Bay of Pigs invasion was the plantation of Roberto Alejos Arzu, a powerful and feared figure who would later run a notorious death squad, La Mano Blanca, and chair the local efforts of several B; the OCR text does not preserve a reliable body-note marker for a more precise claim mapping.",,Ameri Cares; Bay of Pigs; La Mano Blanca; Robert Macauley; Roberto Alejos Arzu,1,1,FALSE,FALSE,FALSE,FALSE,TRUE,TRUE,TRUE,"Peripheral, incomplete, or weakly specified lead retained for completeness.","Ch. 3, note 43: The training base for the Bay of Pigs invasion was the plantation of Roberto Alejos Arzu, a powerful and feared figure who would later run a notorious death squad, La Mano Blanca, and chair the local efforts of several Bush-backed ventures, including Ameri Cares, the contra-friendly relief organization founded by yet another of Poppy’s college roommates, Connecticut resident Robert Macauley."
BKR-0788,PART_1,3,3:51,UNSPECIFIED,D,4,,"Cited in Trento, Prelude to Terror, p. 21.",,,,,21,"Baker cites this source in chapter 3 in connection with Cited in Trento, Prelude to Terror, p. 21.; the OCR text does not preserve a reliable body-note marker for a more precise claim mapping.",,,1,1,FALSE,FALSE,FALSE,FALSE,TRUE,TRUE,TRUE,"Peripheral, incomplete, or weakly specified lead retained for completeness.","Ch. 3, note 51: Cited in Trento, Prelude to Terror, p. 21."
BKR-0789,PART_1,4,4:16,UNSPECIFIED,D,4,,Tyler lies about ninety miles to the east of Dallas; its population in 1963 was around thirtyeight thousand.,,1963,,,,Baker cites this source in chapter 4 in connection with Tyler lies about ninety miles to the east of Dallas; its population in 1963 was around thirtyeight thousand.; the OCR text does not preserve a reliable body-note marker for a more precise claim mapping.,,,1,1,FALSE,FALSE,FALSE,FALSE,TRUE,TRUE,TRUE,"Peripheral, incomplete, or weakly specified lead retained for completeness.","Ch. 4, note 16: Tyler lies about ninety miles to the east of Dallas; its population in 1963 was around thirtyeight thousand."
BKR-0790,PART_1,4,4:23,UNSPECIFIED,D,4,,"See Grose, Gentleman Spy, pp. 430, 452.",,,,,430,"Baker cites this in support of the surrounding discussion: He went to work for the Greek shipping magnate Stavros Niarchos. That Ulmer had not fully left the espionage racket is suggested in part by Niarchos’s own long history with the CIA, which he assisted with many covert operations.",,CIA; Gentleman Spy,1,1,FALSE,FALSE,FALSE,FALSE,TRUE,TRUE,TRUE,"Peripheral, incomplete, or weakly specified lead retained for completeness.","Ch. 4, note 23: See Grose, Gentleman Spy, pp. 430, 452."
BKR-0791,PART_1,5,5:5,UNSPECIFIED,D,4,,"David L. Francis, former mayor of St. Louis and governor of Missouri.",,,,,,"Baker cites this in support of the surrounding discussion: Emanuel Nobel sold half of the Baku holdings to Standard Oil of New Jersey, with John D. Rockefeller Jr. personally authorizing the payment of $11.",,David L. Francis; St. Louis and,1,1,FALSE,FALSE,FALSE,FALSE,TRUE,TRUE,TRUE,"Peripheral, incomplete, or weakly specified lead retained for completeness.","Ch. 5, note 5: David L. Francis, former mayor of St. Louis and governor of Missouri."
BKR-0792,PART_1,5,5:11,UNSPECIFIED,D,4,,"From the University of Li¢ge, Belgium, 1938.",,1938,,,,"Baker cites this source in chapter 5 in connection with From the University of Li¢ge, Belgium, 1938.; the OCR text does not preserve a reliable body-note marker for a more precise claim mapping.",,From the University of Li,1,1,FALSE,FALSE,FALSE,FALSE,TRUE,TRUE,TRUE,"Peripheral, incomplete, or weakly specified lead retained for completeness.","Ch. 5, note 11: From the University of Li¢ge, Belgium, 1938."
BKR-0793,PART_1,5,5:15,UNSPECIFIED,D,4,,"William F. Buckley Sr. had started Pantepec in Mexico in 1914. After he resisted restrictions placed on American oil companies and land ownership by the Mexican Constitution of 1917, Buckley Sr. was expelled in 1921 by M",,1914,,,,"Baker cites this source in chapter 5 in connection with William F. Buckley Sr. had started Pantepec in Mexico in 1914. After he resisted restrictions placed on American oil companies and land ownership by the Mexican Constitution of 1917, Buckley Sr. was expelled in 1921 by M; the OCR text does not preserve a reliable body-note marker for a more precise claim mapping.",,Alvaro Obregon. The Mexicans; Buckley Sr; Buckley of; Mexican Constitution of; William F. Buckley Sr,1,1,FALSE,FALSE,FALSE,TRUE,TRUE,TRUE,TRUE,"Peripheral, incomplete, or weakly specified lead retained for completeness.","Ch. 5, note 15: William F. Buckley Sr. had started Pantepec in Mexico in 1914. After he resisted restrictions placed on American oil companies and land ownership by the Mexican Constitution of 1917, Buckley Sr. was expelled in 1921 by Mexican president Alvaro Obregon. The Mexicans suspected Buckley of working with other American corporate figures to topple the government."
BKR-0794,PART_1,5,5:22,UNSPECIFIED,D,4,,"Back in the 1930s, Lansky had hit upon the Caribbean as a perfect place to launder illegal profits for mob bosses from the Northeast. He funneled the cash into a wide range of gambling ventures, hotels, and other busines",,,,,,"Baker cites this in support of the surrounding discussion: Neil Mallon had a direct pipeline to Allen Dulles. Prescott Bush noted in a letter around this time that Mallon was “well known to Allen Dulles, and has tried to be helpful to him in the CIA, especially in the procurement of individuals to serve in that important agency.” 12 MEANWHILE, GEORGE DE MOHRENSCHILDT, thrice-married bonvivant, finally met his match, literally and figuratively in 1957 when he became involved with Jeanne LeGon, who would become his fourth wife.",,Allen Dulles; CIA; George de Mohrenschildt; Neil Mallon; Northeast. He; Prescott Bush,1,1,FALSE,FALSE,FALSE,FALSE,TRUE,TRUE,TRUE,"Peripheral, incomplete, or weakly specified lead retained for completeness.","Ch. 5, note 22: Back in the 1930s, Lansky had hit upon the Caribbean as a perfect place to launder illegal profits for mob bosses from the Northeast. He funneled the cash into a wide range of gambling ventures, hotels, and other businesses, as well as the drug trade, and became close to the Cuban authorities."
BKR-0795,PART_1,5,5:30,UNSPECIFIED,D,4,,The 488th Army Intelligence Detachment.,,,,,,Baker cites this source in chapter 5 in connection with The 488th Army Intelligence Detachment.; the OCR text does not preserve a reliable body-note marker for a more precise claim mapping.,,Army Intelligence Detachment,1,1,FALSE,FALSE,FALSE,FALSE,TRUE,TRUE,TRUE,"Peripheral, incomplete, or weakly specified lead retained for completeness.","Ch. 5, note 30: The 488th Army Intelligence Detachment."
BKR-0796,PART_1,5,5:32,UNSPECIFIED,D,4,,"These refineries were not affected, however, since most of the oil they refined came from other countries. Much of it, in fact, came from Venezuela.",,,,,,"Baker cites this source in chapter 5 in connection with These refineries were not affected, however, since most of the oil they refined came from other countries. Much of it, in fact, came from Venezuela.; the OCR text does not preserve a reliable body-note marker for a more precise claim mapping.",,,1,1,FALSE,FALSE,FALSE,FALSE,TRUE,TRUE,TRUE,"Peripheral, incomplete, or weakly specified lead retained for completeness.","Ch. 5, note 32: These refineries were not affected, however, since most of the oil they refined came from other countries. Much of it, in fact, came from Venezuela."
BKR-0797,PART_1,6,6:5,UNSPECIFIED,D,4,,"Frankenheimer also directed the film adaptation of The Manchurian Candidate, Richard Condon’s novel about a brainwashed assassin stalking a president.",,,,,,"Baker cites this source in chapter 6 in connection with Frankenheimer also directed the film adaptation of The Manchurian Candidate, Richard Condon’s novel about a brainwashed assassin stalking a president.; the OCR text does not preserve a reliable body-note marker for a more precise claim mapping.",,Richard Condon’s,1,1,FALSE,FALSE,FALSE,FALSE,TRUE,TRUE,TRUE,"Peripheral, incomplete, or weakly specified lead retained for completeness.","Ch. 6, note 5: Frankenheimer also directed the film adaptation of The Manchurian Candidate, Richard Condon’s novel about a brainwashed assassin stalking a president."
BKR-0798,PART_1,6,6:9,UNSPECIFIED,D,4,,"Cited in Reeves, President Kennedy, p. 622.",,,,,622,"Baker cites this source in chapter 6 in connection with Cited in Reeves, President Kennedy, p. 622.; the OCR text does not preserve a reliable body-note marker for a more precise claim mapping.",,President Kennedy,1,1,FALSE,FALSE,FALSE,FALSE,TRUE,TRUE,TRUE,"Peripheral, incomplete, or weakly specified lead retained for completeness.","Ch. 6, note 9: Cited in Reeves, President Kennedy, p. 622."
BKR-0799,PART_1,6,6:10,UNSPECIFIED,D,4,,"Many prominent oilmen, including Robert Kerr and D. Harold Byrd, were involved with uranium mining.",,,,,,"Baker cites this source in chapter 6 in connection with Many prominent oilmen, including Robert Kerr and D. Harold Byrd, were involved with uranium mining.; the OCR text does not preserve a reliable body-note marker for a more precise claim mapping.",,Robert Kerr and D. Harold Byrd,1,1,FALSE,FALSE,FALSE,FALSE,TRUE,TRUE,TRUE,"Peripheral, incomplete, or weakly specified lead retained for completeness.","Ch. 6, note 10: Many prominent oilmen, including Robert Kerr and D. Harold Byrd, were involved with uranium mining."
BKR-0800,PART_1,6,6:17,UNSPECIFIED,D,4,,"The company’s practices would draw public attention years later with the release of the film Silkwood, starring Meryl Streep as Karen Silkwood, the factory activist who died in a mysterious car crash on her way to hand a",,,,,,"Baker cites this source in chapter 6 in connection with The company’s practices would draw public attention years later with the release of the film Silkwood, starring Meryl Streep as Karen Silkwood, the factory activist who died in a mysterious car crash on her way to hand a; the OCR text does not preserve a reliable body-note marker for a more precise claim mapping.",,Karen Silkwood; Meryl Streep,1,1,FALSE,FALSE,FALSE,TRUE,TRUE,TRUE,TRUE,"Peripheral, incomplete, or weakly specified lead retained for completeness.","Ch. 6, note 17: The company’s practices would draw public attention years later with the release of the film Silkwood, starring Meryl Streep as Karen Silkwood, the factory activist who died in a mysterious car crash on her way to hand a reporter documents about the uranium-related deaths of Kerr-McGee workers."
BKR-0801,PART_1,6,6:24,UNSPECIFIED,D,4,,"Adam Bernstein, “George C. McGhee Dies",,,,,,"Baker cites this in support of the surrounding discussion: On February 16, 1963, de Mohrenschildt wrote to JFK personally, again offering his travelogue. He went out of his way to say that he had also discussed the travelogue with McGhee.",,Adam Bernstein; George C. McGhee Dies,1,1,FALSE,FALSE,FALSE,FALSE,TRUE,TRUE,TRUE,"Peripheral, incomplete, or weakly specified lead retained for completeness.","Ch. 6, note 24: Adam Bernstein, “George C. McGhee Dies"
BKR-0802,PART_1,6,6:43,UNSPECIFIED,D,4,,Multiple government debriefing documents available through the Mary Ferrell Foundation.,Mary Ferrell Foundation,,,Mary Ferrell Foundation,,Baker cites this source in chapter 6 in connection with Multiple government debriefing documents available through the Mary Ferrell Foundation.; the OCR text does not preserve a reliable body-note marker for a more precise claim mapping.,,Mary Ferrell Foundation,1,1,FALSE,FALSE,TRUE,TRUE,TRUE,TRUE,TRUE,"Peripheral, incomplete, or weakly specified lead retained for completeness.","Ch. 6, note 43: Multiple government debriefing documents available through the Mary Ferrell Foundation."
BKR-0803,PART_1,6,6:61,UNSPECIFIED,D,4,,See page 664 for a “speculation and finding” where they merely assert that “the TSBD is a private corporation.”,,,,,,Baker cites this source in chapter 6 in connection with See page 664 for a “speculation and finding” where they merely assert that “the TSBD is a private corporation.”; the OCR text does not preserve a reliable body-note marker for a more precise claim mapping.,,,1,1,FALSE,FALSE,FALSE,FALSE,TRUE,TRUE,TRUE,"Peripheral, incomplete, or weakly specified lead retained for completeness.","Ch. 6, note 61: See page 664 for a “speculation and finding” where they merely assert that “the TSBD is a private corporation.”"
BKR-0804,PART_1,6,6:79,UNSPECIFIED,D,4,,"To watch Ruby making this statement, go to http://video.google.com/videoplay? docid=-177236594543303.",,,,,,"Baker cites this source in chapter 6 in connection with To watch Ruby making this statement, go to http://video.google.com/videoplay? docid=-177236594543303.; the OCR text does not preserve a reliable body-note marker for a more precise claim mapping.",,,1,1,FALSE,FALSE,FALSE,TRUE,TRUE,TRUE,TRUE,"Peripheral, incomplete, or weakly specified lead retained for completeness.","Ch. 6, note 79: To watch Ruby making this statement, go to http://video.google.com/videoplay? docid=-177236594543303."
BKR-0805,PART_1,7,7:6,UNSPECIFIED,D,4,,"See also Scott, Deep Politics, p. 275.",,,,,275,"Baker cites this source in chapter 7 in connection with See also Scott, Deep Politics, p. 275.; the OCR text does not preserve a reliable body-note marker for a more precise claim mapping.",,Deep Politics,1,1,FALSE,FALSE,FALSE,FALSE,TRUE,TRUE,TRUE,"Peripheral, incomplete, or weakly specified lead retained for completeness.","Ch. 7, note 6: See also Scott, Deep Politics, p. 275."
BKR-0806,PART_1,7,7:28,UNSPECIFIED,D,4,,"By 1968, that transformation would already be in process, as Richard Nixon only narrowly lost Texas's big chunk of electoral votes to Hubert Humphrey.",,1968,,,,"Baker cites this in support of the surrounding discussion: In a watershed moment, Poppy and the GOP won a lawsuit they had filed in the fall of 1963 to force the state of Texas to redraw its gerrymandered congressional districts.2/ This victory would play an important role in the state’s gradual shift from the Democratic to the Republican column, which would affect the balance of power in American politics for decades to come. Moreover, it would pave the way for Poppy’s election to the House of Representatives, and later his son’s political rise.",,Hubert Humphrey; Richard Nixon,1,1,FALSE,FALSE,FALSE,FALSE,TRUE,TRUE,TRUE,"Peripheral, incomplete, or weakly specified lead retained for completeness.","Ch. 7, note 28: By 1968, that transformation would already be in process, as Richard Nixon only narrowly lost Texas's big chunk of electoral votes to Hubert Humphrey."
BKR-0807,PART_1,7,7:30,UNSPECIFIED,D,4,,"“Vietnam—Representative Visit Itinerary and Correspondence, 1967-1968.” George bush presidential Library, College Station, Texas.",George bush presidential Library; George Bush Presidential Library,1967,,George bush presidential Library; George Bush Presidential Library,,"Baker cites this source in chapter 7 in connection with “Vietnam—Representative Visit Itinerary and Correspondence, 1967-1968.” George bush presidential Library, College Station, Texas.; the OCR text does not preserve a reliable body-note marker for a more precise claim mapping.",,College Station; Representative Visit Itinerary and Correspondence,1,1,FALSE,FALSE,TRUE,FALSE,TRUE,TRUE,TRUE,"Peripheral, incomplete, or weakly specified lead retained for completeness.","Ch. 7, note 30: “Vietnam—Representative Visit Itinerary and Correspondence, 1967-1968.” George bush presidential Library, College Station, Texas."
BKR-0808,PART_1,7,7:34,UNSPECIFIED,D,4,,Produced under Freedom of Information Act request to in de pendent researcher Bruce Campbell Adamson.,,,,,,Baker cites this source in chapter 7 in connection with Produced under Freedom of Information Act request to in de pendent researcher Bruce Campbell Adamson.; the OCR text does not preserve a reliable body-note marker for a more precise claim mapping.,,Bruce Campbell Adamson; Freedom of Information Act,1,1,FALSE,FALSE,FALSE,FALSE,TRUE,TRUE,TRUE,"Peripheral, incomplete, or weakly specified lead retained for completeness.","Ch. 7, note 34: Produced under Freedom of Information Act request to in de pendent researcher Bruce Campbell Adamson."
BKR-0809,PART_1,8,8:18,UNSPECIFIED,D,4,,"Honneus says that besides Bush, she had no other partners for a considerable period beforeand after that episode.",,,,,,"Baker cites this source in chapter 8 in connection with Honneus says that besides Bush, she had no other partners for a considerable period beforeand after that episode.; the OCR text does not preserve a reliable body-note marker for a more precise claim mapping.",,,1,1,FALSE,FALSE,FALSE,FALSE,TRUE,TRUE,TRUE,"Peripheral, incomplete, or weakly specified lead retained for completeness.","Ch. 8, note 18: Honneus says that besides Bush, she had no other partners for a considerable period beforeand after that episode."
BKR-0810,PART_1,8,8:19,UNSPECIFIED,D,4,,"Ellington Air Force Base press release, March 24, 1970.",,"March 24, 1970",,,,"Baker cites this source in chapter 8 in connection with Ellington Air Force Base press release, March 24, 1970.; the OCR text does not preserve a reliable body-note marker for a more precise claim mapping.",,Ellington Air Force Base,1,1,FALSE,FALSE,FALSE,FALSE,TRUE,TRUE,TRUE,"Peripheral, incomplete, or weakly specified lead retained for completeness.","Ch. 8, note 19: Ellington Air Force Base press release, March 24, 1970."
BKR-0811,PART_1,8,8:25,UNSPECIFIED,D,4,,"Lowman was her maiden name, and she now uses her married name.",,,,,,"Baker cites this source in chapter 8 in connection with Lowman was her maiden name, and she now uses her married name.; the OCR text does not preserve a reliable body-note marker for a more precise claim mapping.",,,1,1,FALSE,FALSE,FALSE,FALSE,TRUE,TRUE,TRUE,"Peripheral, incomplete, or weakly specified lead retained for completeness.","Ch. 8, note 25: Lowman was her maiden name, and she now uses her married name."
BKR-0812,PART_1,8,8:26,UNSPECIFIED,D,4,,Compilation of unpublished reporting by four journalists from separate major news organizations.,,,reporting,,,Baker cites this source in chapter 8 in connection with Compilation of unpublished reporting by four journalists from separate major news organizations.; the OCR text does not preserve a reliable body-note marker for a more precise claim mapping.,,Compilation of,1,1,FALSE,FALSE,FALSE,TRUE,TRUE,TRUE,TRUE,"Peripheral, incomplete, or weakly specified lead retained for completeness.","Ch. 8, note 26: Compilation of unpublished reporting by four journalists from separate major news organizations."
BKR-0813,PART_1,8,8:33,UNSPECIFIED,D,4,,"and Kelley, The Family, pp. 304—S.",,,,,304,"Baker cites this source in chapter 8 in connection with and Kelley, The Family, pp. 304—S.; the OCR text does not preserve a reliable body-note marker for a more precise claim mapping.",,,1,1,FALSE,FALSE,FALSE,FALSE,TRUE,TRUE,TRUE,"Peripheral, incomplete, or weakly specified lead retained for completeness.","Ch. 8, note 33: and Kelley, The Family, pp. 304—S."
BKR-0814,PART_1,8,8:48,UNSPECIFIED,D,4,,"The effort to tap into state and federal grants would be a precursor to a veritable industry in which Republican-favored, minority-headed charities, often with a “faith-based” component, would garner out sized grants.",,,,,,"Baker cites this source in chapter 8 in connection with The effort to tap into state and federal grants would be a precursor to a veritable industry in which Republican-favored, minority-headed charities, often with a “faith-based” component, would garner out sized grants.; the OCR text does not preserve a reliable body-note marker for a more precise claim mapping.",,,1,1,FALSE,FALSE,FALSE,FALSE,TRUE,TRUE,TRUE,"Peripheral, incomplete, or weakly specified lead retained for completeness.","Ch. 8, note 48: The effort to tap into state and federal grants would be a precursor to a veritable industry in which Republican-favored, minority-headed charities, often with a “faith-based” component, would garner out sized grants."
BKR-0815,PART_1,8,8:53,UNSPECIFIED,D,4,,"E-mail to author from Jim Moore, July 22, 2008.",,"July 22, 2008",,,,"Baker cites this source in chapter 8 in connection with E-mail to author from Jim Moore, July 22, 2008.; the OCR text does not preserve a reliable body-note marker for a more precise claim mapping.",,Jim Moore,1,1,FALSE,FALSE,FALSE,FALSE,TRUE,TRUE,TRUE,"Peripheral, incomplete, or weakly specified lead retained for completeness.","Ch. 8, note 53: E-mail to author from Jim Moore, July 22, 2008."
BKR-0816,PART_2,9,9:13,UNSPECIFIED,D,4,,"To be sure, Dresser Industries did not want a union-friendly congressman any more than the local businessmen did. With the end of World War II, labor troubles had become endemic in the American economy. Dresser had been",,,,,,"Baker cites this source in chapter 9 in connection with To be sure, Dresser Industries did not want a union-friendly congressman any more than the local businessmen did. With the end of World War II, labor troubles had become endemic in the American economy. Dresser had been; the OCR text does not preserve a reliable body-note marker for a more precise claim mapping.",,Dresser Industries; With the; World War II,1,1,FALSE,FALSE,FALSE,FALSE,TRUE,TRUE,TRUE,"Peripheral, incomplete, or weakly specified lead retained for completeness.","Ch. 9, note 13: To be sure, Dresser Industries did not want a union-friendly congressman any more than the local businessmen did. With the end of World War II, labor troubles had become endemic in the American economy. Dresser had been racked by union agitation, including work stoppages and strikes."
BKR-0817,PART_2,9,9:33,UNSPECIFIED,D,4,,The oil industry had actually asked Nixon to simply refrain from doing anything. He was to resistefforts to get him involved in reducing the oil depletion allowance and leave it to industry supporters to bottle up the le,,,,,,Baker cites this source in chapter 9 in connection with The oil industry had actually asked Nixon to simply refrain from doing anything. He was to resistefforts to get him involved in reducing the oil depletion allowance and leave it to industry supporters to bottle up the le; the OCR text does not preserve a reliable body-note marker for a more precise claim mapping.,,,1,1,FALSE,FALSE,FALSE,FALSE,TRUE,TRUE,TRUE,"Peripheral, incomplete, or weakly specified lead retained for completeness.","Ch. 9, note 33: The oil industry had actually asked Nixon to simply refrain from doing anything. He was to resistefforts to get him involved in reducing the oil depletion allowance and leave it to industry supporters to bottle up the legislation in Congress."
BKR-0818,PART_2,9,9:37,UNSPECIFIED,D,4,,"Rosen, The Strong Man, pp. 65-114.",,,,,65-114,"Baker cites this source in chapter 9 in connection with Rosen, The Strong Man, pp. 65-114.; the OCR text does not preserve a reliable body-note marker for a more precise claim mapping.",,,1,1,FALSE,FALSE,FALSE,FALSE,TRUE,TRUE,FALSE,"Peripheral, incomplete, or weakly specified lead retained for completeness.","Ch. 9, note 37: Rosen, The Strong Man, pp. 65-114."
BKR-0819,PART_2,10,10:1,UNSPECIFIED,D,4,,"Richard M. Nixon, RN- The Memoirs of Richard Nixon (New York: Grosset & Dunlap), pp. 626-29.",,,,,626-29,"Baker cites this source in chapter 10 in connection with Richard M. Nixon, RN- The Memoirs of Richard Nixon (New York: Grosset & Dunlap), pp. 626-29.; the OCR text does not preserve a reliable body-note marker for a more precise claim mapping.",,Grosset & Dunlap; RN- The Memoirs of Richard Nixon; Richard M. Nixon; Richard Nixon,1,1,FALSE,FALSE,FALSE,FALSE,TRUE,TRUE,TRUE,"Peripheral, incomplete, or weakly specified lead retained for completeness.","Ch. 10, note 1: Richard M. Nixon, RN- The Memoirs of Richard Nixon (New York: Grosset & Dunlap), pp. 626-29."
BKR-0820,PART_2,10,10:13,UNSPECIFIED,D,4,,"February 1, 1966, call from President Lyndon Johnson to Senator Eugene McCarthy, cited by James Rosen, “What’s Hidden in the LBJ Tapes,” Weekly Standard, September 29, 2003.",,"February 1, 1966",,,,"Baker cites this source in chapter 10 in connection with February 1, 1966, call from President Lyndon Johnson to Senator Eugene McCarthy, cited by James Rosen, “What’s Hidden in the LBJ Tapes,” Weekly Standard, September 29, 2003.; the OCR text does not preserve a reliable body-note marker for a more precise claim mapping.",,James Rosen; LBJ Tapes; President Lyndon Johnson; Senator Eugene McCarthy; Weekly Standard; What’s Hidden,1,1,FALSE,FALSE,FALSE,FALSE,TRUE,TRUE,TRUE,"Peripheral, incomplete, or weakly specified lead retained for completeness.","Ch. 10, note 13: February 1, 1966, call from President Lyndon Johnson to Senator Eugene McCarthy, cited by James Rosen, “What’s Hidden in the LBJ Tapes,” Weekly Standard, September 29, 2003."
BKR-0821,PART_2,10,10:15,UNSPECIFIED,D,4,,"Haldeman’s notes were first published in James Rosen’s “An Insider’s Notes from the OvalOffice,” Newsday, April 25, 1994.",,"April 25, 1994",,,,"Baker cites this source in chapter 10 in connection with Haldeman’s notes were first published in James Rosen’s “An Insider’s Notes from the OvalOffice,” Newsday, April 25, 1994.; the OCR text does not preserve a reliable body-note marker for a more precise claim mapping.",,An Insider’s Notes; James Rosen’s,1,1,FALSE,FALSE,FALSE,FALSE,TRUE,TRUE,TRUE,"Peripheral, incomplete, or weakly specified lead retained for completeness.","Ch. 10, note 15: Haldeman’s notes were first published in James Rosen’s “An Insider’s Notes from the OvalOffice,” Newsday, April 25, 1994."
BKR-0822,PART_2,10,10:21,UNSPECIFIED,D,4,,"The Haldeman Diaries, December 16, 1969, pp. 115-16.",,"December 16, 1969",,,115-16,"Baker cites this source in chapter 10 in connection with The Haldeman Diaries, December 16, 1969, pp. 115-16.; the OCR text does not preserve a reliable body-note marker for a more precise claim mapping.",,,1,1,FALSE,FALSE,FALSE,FALSE,TRUE,TRUE,TRUE,"Peripheral, incomplete, or weakly specified lead retained for completeness.","Ch. 10, note 21: The Haldeman Diaries, December 16, 1969, pp. 115-16."
BKR-0823,PART_2,10,10:23,UNSPECIFIED,D,4,,"The Haldeman Diaries, December 11, 1969, p. 114.",,"December 11, 1969",,,114,"Baker cites this source in chapter 10 in connection with The Haldeman Diaries, December 11, 1969, p. 114.; the OCR text does not preserve a reliable body-note marker for a more precise claim mapping.",,,1,1,FALSE,FALSE,FALSE,FALSE,TRUE,TRUE,TRUE,"Peripheral, incomplete, or weakly specified lead retained for completeness.","Ch. 10, note 23: The Haldeman Diaries, December 11, 1969, p. 114."
BKR-0824,PART_2,10;11,10:32;10:58;10:59;11:45;11:48,UNSPECIFIED,D,4,,"Colodny and Gettlin, Silent Coup, p. 96.",,,,,234; 284; 323; 325-27; 96,"Baker cites this source in chapter 10 in connection with Colodny and Gettlin, Silent Coup, p. 96.; the OCR text does not preserve a reliable body-note marker for a more precise claim mapping. | Baker cites this source in chapter 10 in connection with Ibid., p. 234.; the OCR text does not preserve a reliable body-note marker for a more precise claim mapping. | Baker cites this source in chapter 11 in connection with Colodny and Gettlin, Silent Coup, pp. 325-27.; the OCR text does not preserve a reliable body-note marker for a more precise claim mapping.",,Colodny and Gettlin; Silent Coup,5,3,FALSE,FALSE,FALSE,FALSE,TRUE,TRUE,TRUE,"Peripheral, incomplete, or weakly specified lead retained for completeness.","Ch. 10, note 32: Colodny and Gettlin, Silent Coup, p. 96. || Ch. 10, note 58: Colodny and Gettlin, Silent Coup, p. 284. || Ch. 10, note 59: Ibid., p. 234. || Ch. 11, note 45: Colodny and Gettlin, Silent Coup, pp. 325-27. || Ch. 11, note 48: Colodny and Gettlin, Silent Coup, p. 323."
BKR-0825,PART_2,10,10:44,UNSPECIFIED,D,4,,"The so-called Moorer-Radford affair has been documented in several books, notably Silent Coup by Len Colodny and Robert Gettlin.",,,,,,"Baker cites this source in chapter 10 in connection with The so-called Moorer-Radford affair has been documented in several books, notably Silent Coup by Len Colodny and Robert Gettlin.; the OCR text does not preserve a reliable body-note marker for a more precise claim mapping.",,Len Colodny and Robert Gettlin; Silent Coup,1,1,FALSE,FALSE,FALSE,FALSE,TRUE,TRUE,TRUE,"Peripheral, incomplete, or weakly specified lead retained for completeness.","Ch. 10, note 44: The so-called Moorer-Radford affair has been documented in several books, notably Silent Coup by Len Colodny and Robert Gettlin."
BKR-0826,PART_2,10,10:46,UNSPECIFIED,D,4,,"This was the kind of top-level job that few college graduates ever dreamed of, and according to military writer and Green Beret veteran Shelby Stanton, “It sounds like Woodward was being groomed. They would not have assi",,,,,,"Baker cites this source in chapter 10 in connection with This was the kind of top-level job that few college graduates ever dreamed of, and according to military writer and Green Beret veteran Shelby Stanton, “It sounds like Woodward was being groomed. They would not have assi; the OCR text does not preserve a reliable body-note marker for a more precise claim mapping.",,Green Beret; Shelby Stanton,1,1,FALSE,FALSE,FALSE,FALSE,TRUE,TRUE,TRUE,"Peripheral, incomplete, or weakly specified lead retained for completeness.","Ch. 10, note 46: This was the kind of top-level job that few college graduates ever dreamed of, and according to military writer and Green Beret veteran Shelby Stanton, “It sounds like Woodward was being groomed. They would not have assigned just anybody to that ship.”"
BKR-0827,PART_2,10,10:63,UNSPECIFIED,D,4,,"Sam Ervin, Democrat of North Carolina, headed up the committee. The other Democrats were Herman Talmadge of Georgia, Daniel Inouye of Hawaii, and Joseph Montoya of New Mexico. The Republicans were Minority Leader Howard",,,,,,"Baker cites this source in chapter 10 in connection with Sam Ervin, Democrat of North Carolina, headed up the committee. The other Democrats were Herman Talmadge of Georgia, Daniel Inouye of Hawaii, and Joseph Montoya of New Mexico. The Republicans were Minority Leader Howard; the OCR text does not preserve a reliable body-note marker for a more precise claim mapping.",,Daniel Inouye of Hawaii; Democrat of North Carolina; Edward Gumey of Florida; Herman Talmadge of Georgia; Joseph Montoya of New Mexico. The; Lowell Weicker of Connecticut; Minority Leader Howard Baker of Tennessee; Sam Ervin,1,1,FALSE,FALSE,FALSE,FALSE,TRUE,TRUE,TRUE,"Peripheral, incomplete, or weakly specified lead retained for completeness.","Ch. 10, note 63: Sam Ervin, Democrat of North Carolina, headed up the committee. The other Democrats were Herman Talmadge of Georgia, Daniel Inouye of Hawaii, and Joseph Montoya of New Mexico. The Republicans were Minority Leader Howard Baker of Tennessee, Edward Gumey of Florida, and Lowell Weicker of Connecticut."
BKR-0828,PART_2,10,10:65,UNSPECIFIED,D,4,,"In 1988, Weicker decided to support George H. W. Bush, not Robert J. Dole, in the GOP presidential primaries, in part because of Bush’s ties to Connecticut. “For me and all other Republican candidates in Connecticut, the",,1988,,,179,"Baker cites this source in chapter 10 in connection with In 1988, Weicker decided to support George H. W. Bush, not Robert J. Dole, in the GOP presidential primaries, in part because of Bush’s ties to Connecticut. “For me and all other Republican candidates in Connecticut, the; the OCR text does not preserve a reliable body-note marker for a more precise claim mapping.",,Bush and; George H. W. Bush; Robert J. Dole,1,1,FALSE,FALSE,FALSE,FALSE,TRUE,TRUE,TRUE,"Peripheral, incomplete, or weakly specified lead retained for completeness.","Ch. 10, note 65: In 1988, Weicker decided to support George H. W. Bush, not Robert J. Dole, in the GOP presidential primaries, in part because of Bush’s ties to Connecticut. “For me and all other Republican candidates in Connecticut, there was more to gain with Bush at the top of the ticket. I supported Bush and he supported me. If that seems cold and calculated, so be it.” (Weicker, Maverick, p. 179.)"
BKR-0829,PART_2,10;11,10:67;11:30;11:31;11:40;11:43,UNSPECIFIED,D,4,,"Weicker, Maverick, p. 46.",,,,,46; 65; 76; 83; x,"Baker cites this source in chapter 10 in connection with Weicker, Maverick, p. 46.; the OCR text does not preserve a reliable body-note marker for a more precise claim mapping. | Baker cites this source in chapter 11 in connection with Weicker, Maverick, p. 65.; the OCR text does not preserve a reliable body-note marker for a more precise claim mapping. | Baker cites this source in chapter 11 in connection with Ibid., p. x.; the OCR text does not preserve a reliable body-note marker for a more precise claim mapping.",,,5,3,FALSE,FALSE,FALSE,FALSE,TRUE,TRUE,FALSE,"Peripheral, incomplete, or weakly specified lead retained for completeness.","Ch. 10, note 67: Weicker, Maverick, p. 46. || Ch. 11, note 30: Weicker, Maverick, p. 65. || Ch. 11, note 31: Ibid., p. x. || Ch. 11, note 40: Weicker, Maverick, p. 83. || Ch. 11, note 43: Weicker, Maverick, p. 76."
BKR-0830,PART_2,10,10:68,UNSPECIFIED,D,4,,"The six defendants were Bernard Baker, Virgilio Gonzalez, Howard Hunt, Gordon Liddy, Eu-genio Martinez, and Frank Sturgis. James McCord would be sentenced at a later date.",,,,,,"Baker cites this source in chapter 10 in connection with The six defendants were Bernard Baker, Virgilio Gonzalez, Howard Hunt, Gordon Liddy, Eu-genio Martinez, and Frank Sturgis. James McCord would be sentenced at a later date.; the OCR text does not preserve a reliable body-note marker for a more precise claim mapping.",,Bernard Baker; Eu-genio Martinez; Frank Sturgis. James McCord; Gordon Liddy; Howard Hunt; Virgilio Gonzalez,1,1,FALSE,FALSE,FALSE,FALSE,TRUE,TRUE,TRUE,"Peripheral, incomplete, or weakly specified lead retained for completeness.","Ch. 10, note 68: The six defendants were Bernard Baker, Virgilio Gonzalez, Howard Hunt, Gordon Liddy, Eu-genio Martinez, and Frank Sturgis. James McCord would be sentenced at a later date."
BKR-0831,PART_2,11,11:8,UNSPECIFIED,D,4,,"As noted in chapter 6, Kerr also was the staunchest congressional defender of the oil depletion allowance.",,,,,,"Baker cites this source in chapter 11 in connection with As noted in chapter 6, Kerr also was the staunchest congressional defender of the oil depletion allowance.; the OCR text does not preserve a reliable body-note marker for a more precise claim mapping.",,,1,1,FALSE,FALSE,FALSE,FALSE,TRUE,TRUE,TRUE,"Peripheral, incomplete, or weakly specified lead retained for completeness.","Ch. 11, note 8: As noted in chapter 6, Kerr also was the staunchest congressional defender of the oil depletion allowance."
BKR-0832,PART_2,11,11:9,UNSPECIFIED,D,4,,"“How John Dean Came Center Stage,” Jime, June 25, 1973.",,"June 25, 1973",,,,"Baker cites this source in chapter 11 in connection with “How John Dean Came Center Stage,” Jime, June 25, 1973.; the OCR text does not preserve a reliable body-note marker for a more precise claim mapping.",,How John Dean Came Center Stage,1,1,FALSE,FALSE,FALSE,FALSE,TRUE,TRUE,TRUE,"Peripheral, incomplete, or weakly specified lead retained for completeness.","Ch. 11, note 9: “How John Dean Came Center Stage,” Jime, June 25, 1973."
BKR-0833,PART_2,11,11:10,UNSPECIFIED,D,4,,Kleindienst was director of field operations for Goldwater in 1964.,,1964,,,,Baker cites this source in chapter 11 in connection with Kleindienst was director of field operations for Goldwater in 1964.; the OCR text does not preserve a reliable body-note marker for a more precise claim mapping.,,,1,1,FALSE,FALSE,FALSE,FALSE,TRUE,TRUE,TRUE,"Peripheral, incomplete, or weakly specified lead retained for completeness.","Ch. 11, note 10: Kleindienst was director of field operations for Goldwater in 1964."
BKR-0834,PART_2,11,11:15,UNSPECIFIED,D,4,,"For more on Prosterman’s programs, see Mark Dowie, “Behind the Myth of Land Reform,” Mother Jones, June 1981.",,1981,,,,"Baker cites this source in chapter 11 in connection with For more on Prosterman’s programs, see Mark Dowie, “Behind the Myth of Land Reform,” Mother Jones, June 1981.; the OCR text does not preserve a reliable body-note marker for a more precise claim mapping.",,Behind the Myth of Land Reform; Mark Dowie; Mother Jones,1,1,FALSE,FALSE,FALSE,FALSE,TRUE,TRUE,TRUE,"Peripheral, incomplete, or weakly specified lead retained for completeness.","Ch. 11, note 15: For more on Prosterman’s programs, see Mark Dowie, “Behind the Myth of Land Reform,” Mother Jones, June 1981."
BKR-0835,PART_2,11,11:22,UNSPECIFIED,D,4,,"Caulfield worked for Dean throughout 1971, as “Dean’s appetite for political intelligence continuedto increase.” Colodny and Gettlin, Silent Coup, p. 106.",,1971,,,106,"Baker cites this in support of the surrounding discussion: t Allen, sent us back to Maurice Stans [treasurer of CREEP]... who acknowledged that Manuel Ogarrio may have gotten the funds from a Texas campaign contributor but declined to elaborate without talking to his lawyer ... On August 24, another Houston oilman, Roy Winchester of Pennzoil, told agents that in April a Mexican he believed to be Manuel Ogarrio came to his office and gave him four checks valued at “over $80,000,” which Winchester then hand-delivered to [CREEP’s] Hugh Sloan in Washington.",,Colodny and Gettlin; Silent Coup,1,1,FALSE,FALSE,FALSE,FALSE,TRUE,TRUE,TRUE,"Peripheral, incomplete, or weakly specified lead retained for completeness.","Ch. 11, note 22: Caulfield worked for Dean throughout 1971, as “Dean’s appetite for political intelligence continuedto increase.” Colodny and Gettlin, Silent Coup, p. 106."
BKR-0836,PART_2,11,11:23,UNSPECIFIED,D,4,,"See Colodny and Gettlin, Silent Coup, pp. 116-17.",,,,,116-17,"Baker cites this source in chapter 11 in connection with See Colodny and Gettlin, Silent Coup, pp. 116-17.; the OCR text does not preserve a reliable body-note marker for a more precise claim mapping.",,Silent Coup,1,1,FALSE,FALSE,FALSE,FALSE,TRUE,TRUE,TRUE,"Peripheral, incomplete, or weakly specified lead retained for completeness.","Ch. 11, note 23: See Colodny and Gettlin, Silent Coup, pp. 116-17."
BKR-0837,PART_2,11,11:24,UNSPECIFIED,D,4,,"G. Gordon Liddy, Will.",,,,,,"Baker cites this source in chapter 11 in connection with G. Gordon Liddy, Will.; the OCR text does not preserve a reliable body-note marker for a more precise claim mapping.",,G. Gordon Liddy,1,1,FALSE,FALSE,FALSE,FALSE,TRUE,TRUE,TRUE,"Peripheral, incomplete, or weakly specified lead retained for completeness.","Ch. 11, note 24: G. Gordon Liddy, Will."
BKR-0838,PART_2,11,11:25,UNSPECIFIED,D,4,,"Colodny and Gettlin, Silent Coup, pp. 124-25. Magruder has provided varying and inconsistent accounts over the years.",,,,,124-25,"Baker cites this source in chapter 11 in connection with Colodny and Gettlin, Silent Coup, pp. 124-25. Magruder has provided varying and inconsistent accounts over the years.; the OCR text does not preserve a reliable body-note marker for a more precise claim mapping.",,Colodny and Gettlin; Silent Coup,1,1,FALSE,FALSE,FALSE,FALSE,TRUE,TRUE,TRUE,"Peripheral, incomplete, or weakly specified lead retained for completeness.","Ch. 11, note 25: Colodny and Gettlin, Silent Coup, pp. 124-25. Magruder has provided varying and inconsistent accounts over the years."
BKR-0839,PART_2,11,11:25,UNSPECIFIED,D,4,,"For more on this, see Rosen, The Strong Man, pp. 293—",,,,,293,"Baker cites this source in chapter 11 in connection with For more on this, see Rosen, The Strong Man, pp. 293—; the OCR text does not preserve a reliable body-note marker for a more precise claim mapping.",,,1,1,FALSE,FALSE,FALSE,FALSE,TRUE,TRUE,TRUE,"Peripheral, incomplete, or weakly specified lead retained for completeness.","Ch. 11, note 25: For more on this, see Rosen, The Strong Man, pp. 293—"
BKR-0840,PART_2,11,11:27,UNSPECIFIED,D,4,,"Meeting between President Nixon and H. R. Haldeman in the Oval Office, June 23, 1972, 10:04—11:39 A.M., Richard M. Nixon Presidential Library, College Park, Maryland. (The main Nixon library is located in Yorba Linda, Ca",Richard M. Nixon Presidential Library,"June 23, 1972",,Richard M. Nixon Presidential Library,,"Baker cites this source in chapter 11 in connection with Meeting between President Nixon and H. R. Haldeman in the Oval Office, June 23, 1972, 10:04—11:39 A.M., Richard M. Nixon Presidential Library, College Park, Maryland. (The main Nixon library is located in Yorba Linda, Ca; the OCR text does not preserve a reliable body-note marker for a more precise claim mapping.",,College Park; Oval Office; President Nixon and H. R. Haldeman; Richard M. Nixon Presidential Library; Yorba Linda,1,1,FALSE,FALSE,TRUE,FALSE,TRUE,TRUE,TRUE,"Peripheral, incomplete, or weakly specified lead retained for completeness.","Ch. 11, note 27: Meeting between President Nixon and H. R. Haldeman in the Oval Office, June 23, 1972, 10:04—11:39 A.M., Richard M. Nixon Presidential Library, College Park, Maryland. (The main Nixon library is located in Yorba Linda, California.)"
BKR-0841,PART_2,11,11:51,UNSPECIFIED,D,4,,Bellino had been close to the Kennedy family and admitted that he had sought to investigate the source of anti-Catholic literature in the 1960 campaign. But he would heatedly deny engaging in anything like illegal wireta,,1960,,,,Baker cites this source in chapter 11 in connection with Bellino had been close to the Kennedy family and admitted that he had sought to investigate the source of anti-Catholic literature in the 1960 campaign. But he would heatedly deny engaging in anything like illegal wireta; the OCR text does not preserve a reliable body-note marker for a more precise claim mapping.,,,1,1,FALSE,FALSE,FALSE,FALSE,TRUE,TRUE,TRUE,"Peripheral, incomplete, or weakly specified lead retained for completeness.","Ch. 11, note 51: Bellino had been close to the Kennedy family and admitted that he had sought to investigate the source of anti-Catholic literature in the 1960 campaign. But he would heatedly deny engaging in anything like illegal wiretapping or bugging."
BKR-0842,PART_2,11,11:54,UNSPECIFIED,D,4,,See chapter 20.),,,,,,Baker cites this source in chapter 11 in connection with See chapter 20.); the OCR text does not preserve a reliable body-note marker for a more precise claim mapping.,,,1,1,FALSE,FALSE,FALSE,FALSE,TRUE,TRUE,TRUE,"Peripheral, incomplete, or weakly specified lead retained for completeness.","Ch. 11, note 54: See chapter 20.)"
BKR-0843,PART_2,11,11:65,UNSPECIFIED,D,4,,"Gray, In Nixons Web, p. 100.",,,,,100,"Baker cites this source in chapter 11 in connection with Gray, In Nixons Web, p. 100.; the OCR text does not preserve a reliable body-note marker for a more precise claim mapping.",,In Nixons Web,1,1,FALSE,FALSE,FALSE,FALSE,TRUE,TRUE,FALSE,"Peripheral, incomplete, or weakly specified lead retained for completeness.","Ch. 11, note 65: Gray, In Nixons Web, p. 100."
BKR-0844,PART_2,11,11:72,UNSPECIFIED,D,4,,Tbid.,,,,,,Baker cites this source in chapter 11 in connection with Tbid.; the OCR text does not preserve a reliable body-note marker for a more precise claim mapping.,,,1,1,FALSE,FALSE,FALSE,FALSE,TRUE,TRUE,TRUE,"Peripheral, incomplete, or weakly specified lead retained for completeness.","Ch. 11, note 72: Tbid."
BKR-0845,PART_2,11,11:80,UNSPECIFIED,D,4,,"George Bush, A// the Best, pp. 188-91.",,,,,188-91,"Baker cites this source in chapter 11 in connection with George Bush, A// the Best, pp. 188-91.; the OCR text does not preserve a reliable body-note marker for a more precise claim mapping.",,George Bush,1,1,FALSE,FALSE,FALSE,FALSE,TRUE,TRUE,TRUE,"Peripheral, incomplete, or weakly specified lead retained for completeness.","Ch. 11, note 80: George Bush, A// the Best, pp. 188-91."
BKR-0846,PART_2,11,11:83,UNSPECIFIED,D,4,,"“He was an embarrassment,” recalled Sydney M. “Terry” Cone II, a member of the heavily Rockefeller-dominated Council on Foreign Relations. “The man knew nothing. Absolutely nothing. It was my opinion that he had no conce",,,,,287,"Baker cites this in support of the surrounding discussion: Many thanks for the time 22 Bush’s jocular admonition not to ask him about China brings to mind a similar, earlier incident, in which a friend had asked what could possibly qualify Poppy to be U.N. ambassador. At that time, Bush had replied, “Ask me in ten days.” This time around, Ford was clearly in on the joke.",,Foreign Relations; Rockefeller-dominated Council,1,1,FALSE,FALSE,FALSE,FALSE,TRUE,TRUE,TRUE,"Peripheral, incomplete, or weakly specified lead retained for completeness.","Ch. 11, note 83: “He was an embarrassment,” recalled Sydney M. “Terry” Cone II, a member of the heavily Rockefeller-dominated Council on Foreign Relations. “The man knew nothing. Absolutely nothing. It was my opinion that he had no concept of the world; no understanding of foreign policy. He was obviously a political appointee that Nixon had to do something for . . .George was only a meeter and a greeter.” Kelley, The Family, p. 287."
BKR-0847,PART_2,12,12:2,UNSPECIFIED,D,4,,"See the document reproduced at JFK Lancer, www.jfklancer.com/docs.maps/ford1 .gif.",,,JFK Lancer; document reproduced,,,Baker cites this in support of the surrounding discussion: Ford. He had been a member of the Warren Commission and had slightly altered text in the commission’s report in a manner that supported the “lone gunman” scenario.,,JFK Lancer; Warren Commission,1,1,FALSE,FALSE,FALSE,TRUE,TRUE,TRUE,TRUE,"Peripheral, incomplete, or weakly specified lead retained for completeness.","Ch. 12, note 2: See the document reproduced at JFK Lancer, www.jfklancer.com/docs.maps/ford1 .gif."
BKR-0848,PART_2,12,12:5,UNSPECIFIED,D,4,,December 1954 to December 1955.,,1954,,,,Baker cites this source in chapter 12 in connection with December 1954 to December 1955.; the OCR text does not preserve a reliable body-note marker for a more precise claim mapping.,,,1,1,FALSE,FALSE,FALSE,FALSE,TRUE,TRUE,TRUE,"Peripheral, incomplete, or weakly specified lead retained for completeness.","Ch. 12, note 5: December 1954 to December 1955."
BKR-0849,PART_2,12,12:11,UNSPECIFIED,D,4,,"“Of Moles and Molehunters: Spy Stories,” Center for the Study of Intelligence, October 1993,",,1993,,,,"Baker cites this source in chapter 12 in connection with “Of Moles and Molehunters: Spy Stories,” Center for the Study of Intelligence, October 1993,; the OCR text does not preserve a reliable body-note marker for a more precise claim mapping.",,Center for the Study of Intelligence; Of Moles and Molehunters; Spy Stories,1,1,FALSE,FALSE,FALSE,FALSE,TRUE,TRUE,TRUE,"Peripheral, incomplete, or weakly specified lead retained for completeness.","Ch. 12, note 11: “Of Moles and Molehunters: Spy Stories,” Center for the Study of Intelligence, October 1993,"
BKR-0850,PART_2,12,12:18,UNSPECIFIED,D,4,,"Houston Post, November 8, 1975.",,"November 8, 1975",,,,"Baker cites this source in chapter 12 in connection with Houston Post, November 8, 1975.; the OCR text does not preserve a reliable body-note marker for a more precise claim mapping.",,Houston Post,1,1,FALSE,FALSE,FALSE,FALSE,TRUE,TRUE,TRUE,"Peripheral, incomplete, or weakly specified lead retained for completeness.","Ch. 12, note 18: Houston Post, November 8, 1975."
BKR-0851,PART_2,12,12:29;12:43,UNSPECIFIED,D,4,,"De Marenches and Andelman, The Fourth World War, p. 247.",,,,,22-23; 247,"Baker cites this source in chapter 12 in connection with De Marenches and Andelman, The Fourth World War, p. 247.; the OCR text does not preserve a reliable body-note marker for a more precise claim mapping.",,De Marenches and Andelman,2,1,FALSE,FALSE,FALSE,FALSE,TRUE,TRUE,TRUE,"Peripheral, incomplete, or weakly specified lead retained for completeness.","Ch. 12, note 29: De Marenches and Andelman, The Fourth World War, p. 247. || Ch. 12, note 43: De Marenches and Andelman, The Fourth World War, pp. 22-23."
BKR-0852,PART_2,12,12:35,UNSPECIFIED,D,4,,"Epstein himself admitted that Angleton was a key source, two years after the counterintelligence chief's death.",,,,,,"Baker cites this source in chapter 12 in connection with Epstein himself admitted that Angleton was a key source, two years after the counterintelligence chief's death.; the OCR text does not preserve a reliable body-note marker for a more precise claim mapping.",,,1,1,FALSE,FALSE,FALSE,FALSE,TRUE,TRUE,TRUE,"Peripheral, incomplete, or weakly specified lead retained for completeness.","Ch. 12, note 35: Epstein himself admitted that Angleton was a key source, two years after the counterintelligence chief's death."
BKR-0853,PART_2,12,12:46,UNSPECIFIED,D,4,,"Rangely Field, Colorado.",,,,,,"Baker cites this source in chapter 12 in connection with Rangely Field, Colorado.; the OCR text does not preserve a reliable body-note marker for a more precise claim mapping.",,Rangely Field,1,1,FALSE,FALSE,FALSE,FALSE,TRUE,TRUE,TRUE,"Peripheral, incomplete, or weakly specified lead retained for completeness.","Ch. 12, note 46: Rangely Field, Colorado."
BKR-0854,PART_2,13,13:3,UNSPECIFIED,D,4,,Roughly a dozen brothers manage the Bin Laden Brothers for Contracting and Industry— one of the largest construction firms in the Middle East.,,,,,,Baker cites this source in chapter 13 in connection with Roughly a dozen brothers manage the Bin Laden Brothers for Contracting and Industry— one of the largest construction firms in the Middle East.; the OCR text does not preserve a reliable body-note marker for a more precise claim mapping.,,Bin Laden Brothers for Contracting and; Middle East,1,1,FALSE,FALSE,FALSE,FALSE,TRUE,TRUE,TRUE,"Peripheral, incomplete, or weakly specified lead retained for completeness.","Ch. 13, note 3: Roughly a dozen brothers manage the Bin Laden Brothers for Contracting and Industry— one of the largest construction firms in the Middle East."
BKR-0855,PART_2,13,13:4,UNSPECIFIED,D,4,,"There are varying accounts as to Mohammed’s date of death. Some sources say 1967, others say 1968.",,1967,,,,"Baker cites this in support of the surrounding discussion: The Saudis began to play a role comparable to that played earlier by the shah of Iran and the Philippine dictator Ferdinand Marcos as secret benefactors of Richard Nixon. In all, the relationship would result in more than $1.",,Richard Nixon,1,1,FALSE,FALSE,FALSE,FALSE,TRUE,TRUE,TRUE,"Peripheral, incomplete, or weakly specified lead retained for completeness.","Ch. 13, note 4: There are varying accounts as to Mohammed’s date of death. Some sources say 1967, others say 1968."
BKR-0856,PART_2,13,13:17,UNSPECIFIED,D,4,,"E-mail to author from Bill White, May 17, 2008.",,"May 17, 2008",,,,"Baker cites this source in chapter 13 in connection with E-mail to author from Bill White, May 17, 2008.; the OCR text does not preserve a reliable body-note marker for a more precise claim mapping.",,Bill White,1,1,FALSE,FALSE,FALSE,FALSE,TRUE,TRUE,TRUE,"Peripheral, incomplete, or weakly specified lead retained for completeness.","Ch. 13, note 17: E-mail to author from Bill White, May 17, 2008."
BKR-0857,PART_2,13,13:26,UNSPECIFIED,D,4,,"A significant if little-discussed by-product of the embargo was the extent to which American oilcompanies themselves reaped the profits of quadrupled oil prices. By 1974, Exxon overtook General Motors as the biggest Amer",,1974,,,,"Baker cites this source in chapter 13 in connection with A significant if little-discussed by-product of the embargo was the extent to which American oilcompanies themselves reaped the profits of quadrupled oil prices. By 1974, Exxon overtook General Motors as the biggest Amer; the OCR text does not preserve a reliable body-note marker for a more precise claim mapping.",,General Motors,1,1,FALSE,FALSE,FALSE,FALSE,TRUE,TRUE,TRUE,"Peripheral, incomplete, or weakly specified lead retained for completeness.","Ch. 13, note 26: A significant if little-discussed by-product of the embargo was the extent to which American oilcompanies themselves reaped the profits of quadrupled oil prices. By 1974, Exxon overtook General Motors as the biggest American corporation in gross revenues, with its competitors following closely behind."
BKR-0858,PART_2,13,13:30,UNSPECIFIED,D,4,,"For more on the symbiotic relationship between American big oil and its even bigger Saudi brethren, and those who serve them, see, generally, John MacArthur, “The Vast Power of the Saudi Lobby,” Harper s, April 17, 2007",,"April 17, 2007",,,,"Baker cites this source in chapter 13 in connection with For more on the symbiotic relationship between American big oil and its even bigger Saudi brethren, and those who serve them, see, generally, John MacArthur, “The Vast Power of the Saudi Lobby,” Harper s, April 17, 2007; the OCR text does not preserve a reliable body-note marker for a more precise claim mapping.",,John MacArthur,1,1,FALSE,FALSE,FALSE,FALSE,TRUE,TRUE,TRUE,"Peripheral, incomplete, or weakly specified lead retained for completeness.","Ch. 13, note 30: For more on the symbiotic relationship between American big oil and its even bigger Saudi brethren, and those who serve them, see, generally, John MacArthur, “The Vast Power of the Saudi Lobby,” Harper s, April 17, 2007"
BKR-0859,PART_2,13,13:32,UNSPECIFIED,D,4,,"Nixon had labeled as priorities the deregulation of natural gas, development of nuclear energy,and faster exploitation of offshore oil and gas deposits.",,,,,,"Baker cites this source in chapter 13 in connection with Nixon had labeled as priorities the deregulation of natural gas, development of nuclear energy,and faster exploitation of offshore oil and gas deposits.; the OCR text does not preserve a reliable body-note marker for a more precise claim mapping.",,,1,1,FALSE,FALSE,FALSE,FALSE,TRUE,TRUE,TRUE,"Peripheral, incomplete, or weakly specified lead retained for completeness.","Ch. 13, note 32: Nixon had labeled as priorities the deregulation of natural gas, development of nuclear energy,and faster exploitation of offshore oil and gas deposits."
BKR-0860,PART_2,13,13:33,UNSPECIFIED,D,4,,"Dr. Pinkney C. Walker was dean of the University of Missouri school of business administration. A leading Democrat had criticized Walker’s appointment, complaining that he was too close to the power industry.",,,,,,"Baker cites this source in chapter 13 in connection with Dr. Pinkney C. Walker was dean of the University of Missouri school of business administration. A leading Democrat had criticized Walker’s appointment, complaining that he was too close to the power industry.; the OCR text does not preserve a reliable body-note marker for a more precise claim mapping.",,Dr. Pinkney C. Walker; University of Missouri,1,1,FALSE,FALSE,FALSE,FALSE,TRUE,TRUE,TRUE,"Peripheral, incomplete, or weakly specified lead retained for completeness.","Ch. 13, note 33: Dr. Pinkney C. Walker was dean of the University of Missouri school of business administration. A leading Democrat had criticized Walker’s appointment, complaining that he was too close to the power industry."
BKR-0861,PART_2,13,13:38,UNSPECIFIED,D,4,,"The nephew who killed King Faisal, Faisal bin Musa’ id, studied at several American universities,including UC Berkeley, and was described as having drug problems and having undergone psychiatric treatments. In both Saudi",,,,,,"Baker cites this source in chapter 13 in connection with The nephew who killed King Faisal, Faisal bin Musa’ id, studied at several American universities,including UC Berkeley, and was described as having drug problems and having undergone psychiatric treatments. In both Saudi; the OCR text does not preserve a reliable body-note marker for a more precise claim mapping.",,King Faisal; Saudi Arabia; Saudi Arabia and the Arab; UC Berkeley,1,1,FALSE,FALSE,FALSE,FALSE,TRUE,TRUE,TRUE,"Peripheral, incomplete, or weakly specified lead retained for completeness.","Ch. 13, note 38: The nephew who killed King Faisal, Faisal bin Musa’ id, studied at several American universities,including UC Berkeley, and was described as having drug problems and having undergone psychiatric treatments. In both Saudi Arabia and the Arab world in general, popular belief holds that Faisal bin Musa’id was some kind of a pawn in a Western conspiracy."
BKR-0862,PART_2,13,13:47,UNSPECIFIED,D,4,,JB&A was incorporated in Texas in 1976.,,1976,,,,Baker cites this source in chapter 13 in connection with JB&A was incorporated in Texas in 1976.; the OCR text does not preserve a reliable body-note marker for a more precise claim mapping.,,,1,1,FALSE,FALSE,FALSE,FALSE,TRUE,TRUE,TRUE,"Peripheral, incomplete, or weakly specified lead retained for completeness.","Ch. 13, note 47: JB&A was incorporated in Texas in 1976."
BKR-0863,PART_2,14,14:1,UNSPECIFIED,D,4,,"Cited on George W. Bush’s application for Air Force flight training, AF 65, May 28, 1968.",,"May 28, 1968",,,,"Baker cites this source in chapter 14 in connection with Cited on George W. Bush’s application for Air Force flight training, AF 65, May 28, 1968.; the OCR text does not preserve a reliable body-note marker for a more precise claim mapping.",,Air Force; George W. Bush; George W. Bush’s,1,1,FALSE,FALSE,FALSE,FALSE,TRUE,TRUE,TRUE,"Peripheral, incomplete, or weakly specified lead retained for completeness.","Ch. 14, note 1: Cited on George W. Bush’s application for Air Force flight training, AF 65, May 28, 1968."
BKR-0864,PART_2,14,14:27,UNSPECIFIED,D,4,,According to campaign-finance disclosure reports.,,,,,,Baker cites this source in chapter 14 in connection with According to campaign-finance disclosure reports.; the OCR text does not preserve a reliable body-note marker for a more precise claim mapping.,,,1,1,FALSE,FALSE,FALSE,TRUE,TRUE,TRUE,TRUE,"Peripheral, incomplete, or weakly specified lead retained for completeness.","Ch. 14, note 27: According to campaign-finance disclosure reports."
BKR-0865,PART_2;PART_3,15,15:9,UNSPECIFIED,D,4,,"E-mail to the author from Bill White, August 3, 2008.",,"August 3, 2008",,,,"Baker cites this source in chapter 15 in connection with E-mail to the author from Bill White, August 3, 2008.; the OCR text does not preserve a reliable body-note marker for a more precise claim mapping.",,Bill White,1,1,FALSE,FALSE,FALSE,FALSE,TRUE,TRUE,TRUE,"Peripheral, incomplete, or weakly specified lead retained for completeness.","Ch. 15, note 9: E-mail to the author from Bill White, August 3, 2008."
BKR-0866,PART_2;PART_3,15,15:13,UNSPECIFIED,D,4,,"Hance went on to serve six years, and when Bush became governor, Hance even became a Bush enthusiast, switching to the Republican Party.",,,,,,"Baker cites this source in chapter 15 in connection with Hance went on to serve six years, and when Bush became governor, Hance even became a Bush enthusiast, switching to the Republican Party.; the OCR text does not preserve a reliable body-note marker for a more precise claim mapping.",,Republican Party,1,1,FALSE,FALSE,FALSE,FALSE,TRUE,TRUE,TRUE,"Peripheral, incomplete, or weakly specified lead retained for completeness.","Ch. 15, note 13: Hance went on to serve six years, and when Bush became governor, Hance even became a Bush enthusiast, switching to the Republican Party."
BKR-0867,PART_2;PART_3,15,15:20,UNSPECIFIED,D,4,,"About $150,000 in today’s dollars.",,,,,,"Baker cites this source in chapter 15 in connection with About $150,000 in today’s dollars.; the OCR text does not preserve a reliable body-note marker for a more precise claim mapping.",,,1,1,FALSE,FALSE,FALSE,FALSE,TRUE,TRUE,TRUE,"Peripheral, incomplete, or weakly specified lead retained for completeness.","Ch. 15, note 20: About $150,000 in today’s dollars."
BKR-0868,PART_2;PART_3,15,15:21,UNSPECIFIED,D,4,,"The DeWitts became a prominent Cincinnati family, along with Bush family friends the Tafts(founders of Skull and Bones and descendants of a president) and the Mallons (Neil Mallon ran Dresser Industries). Over the years,",,,,,,"Baker cites this source in chapter 15 in connection with The DeWitts became a prominent Cincinnati family, along with Bush family friends the Tafts(founders of Skull and Bones and descendants of a president) and the Mallons (Neil Mallon ran Dresser Industries). Over the years,; the OCR text does not preserve a reliable body-note marker for a more precise claim mapping.",,DeWitt and; DeWitt and Dudley Taft; Dresser Industries; Dudley Taft; Neil Mallon; Over the; Skull and Bones and,1,1,FALSE,FALSE,FALSE,FALSE,TRUE,TRUE,TRUE,"Peripheral, incomplete, or weakly specified lead retained for completeness.","Ch. 15, note 21: The DeWitts became a prominent Cincinnati family, along with Bush family friends the Tafts(founders of Skull and Bones and descendants of a president) and the Mallons (Neil Mallon ran Dresser Industries). Over the years, DeWitt and broadcasting executive Dudley Taft have been part of a small circle that co-invested in many ventures; both DeWitt and Dudley Taft graduated from Yale in the early ’60s."
BKR-0869,PART_2;PART_3,15,15:23,UNSPECIFIED,D,4,,"The company was founded by a DeWitt-Reynolds vice president named J. Thomas Markham, with DeWitt and Reynolds as major shareholders.",,,,,,"Baker cites this in support of the surrounding discussion: These were of a complexion with which the reader is now familiar. In 1986, two years after the duo rescued W., DeWitt and Reynolds were on the ground floor of a new player in the lucrative and often tax-free offshore reinsurance business, a way for insurance companies to protect themselves against unnecessary risk.22 The firm, Midwest Employers Casualty Company (MECC), had an allstar cast, with names that figured in other Bush-related enterprises flavored with a hint of intelligence activity.",,DeWitt and Reynolds; J. Thomas Markham,1,1,FALSE,FALSE,FALSE,FALSE,TRUE,TRUE,TRUE,"Peripheral, incomplete, or weakly specified lead retained for completeness.","Ch. 15, note 23: The company was founded by a DeWitt-Reynolds vice president named J. Thomas Markham, with DeWitt and Reynolds as major shareholders."
BKR-0870,PART_2;PART_3,15,15:27,UNSPECIFIED,D,4,,"E-mail from David Klausmeyer to the author, May 22, 2007.",,"May 22, 2007",,,,"Baker cites this source in chapter 15 in connection with E-mail from David Klausmeyer to the author, May 22, 2007.; the OCR text does not preserve a reliable body-note marker for a more precise claim mapping.",,David Klausmeyer,1,1,FALSE,FALSE,FALSE,FALSE,TRUE,TRUE,TRUE,"Peripheral, incomplete, or weakly specified lead retained for completeness.","Ch. 15, note 27: E-mail from David Klausmeyer to the author, May 22, 2007."
BKR-0871,PART_2;PART_3,15,15:29,UNSPECIFIED,D,4,,"Marting’s father, Walter Marting Sr., ran the Ohio-based Hanna Mining Company, which was founded by Mark Hanna, who was William McKinley’s political mentor and considered a role model for Karl Rove.",,,,,,"Baker cites this source in chapter 15 in connection with Marting’s father, Walter Marting Sr., ran the Ohio-based Hanna Mining Company, which was founded by Mark Hanna, who was William McKinley’s political mentor and considered a role model for Karl Rove.; the OCR text does not preserve a reliable body-note marker for a more precise claim mapping.",,Karl Rove; Mark Hanna; Ohio-based Hanna Mining Company; Walter Marting Sr; William McKinley’s,1,1,FALSE,FALSE,FALSE,FALSE,TRUE,TRUE,TRUE,"Peripheral, incomplete, or weakly specified lead retained for completeness.","Ch. 15, note 29: Marting’s father, Walter Marting Sr., ran the Ohio-based Hanna Mining Company, which was founded by Mark Hanna, who was William McKinley’s political mentor and considered a role model for Karl Rove."
BKR-0872,PART_2;PART_3,16,16:1,UNSPECIFIED,D,4,,"This included more than $600,000 in stock and options—and a consulting contract eventually worth about $220,000 a year in today’s dollars.",,,,,,"Baker cites this source in chapter 16 in connection with This included more than $600,000 in stock and options—and a consulting contract eventually worth about $220,000 a year in today’s dollars.; the OCR text does not preserve a reliable body-note marker for a more precise claim mapping.",,,1,1,FALSE,FALSE,FALSE,FALSE,TRUE,TRUE,TRUE,"Peripheral, incomplete, or weakly specified lead retained for completeness.","Ch. 16, note 1: This included more than $600,000 in stock and options—and a consulting contract eventually worth about $220,000 a year in today’s dollars."
BKR-0873,PART_2;PART_3,16,16:3,UNSPECIFIED,D,4,,"Its proprietor, Phil Kendrick, had grown up working in his family’s oil company, left to becomea stockbroker, and returned to try his own hand at the game. The company, then known as Harken Oil and Gas Inc., started doin",,1980,,,,"Baker cites this in support of the surrounding discussion: In 2002, when the Boston Globe asked for an interview on the subject of Harvard and Harken, Michael Eisenson, managing director and CEO of the Harvard Management Company, who sat on the Harken board with George W. Bush, declined.",,Fastest Growing Companies; George W. Bush; Harken Oil and Gas Inc; Phil Kendrick,1,1,FALSE,FALSE,FALSE,FALSE,TRUE,TRUE,TRUE,"Peripheral, incomplete, or weakly specified lead retained for completeness.","Ch. 16, note 3: Its proprietor, Phil Kendrick, had grown up working in his family’s oil company, left to becomea stockbroker, and returned to try his own hand at the game. The company, then known as Harken Oil and Gas Inc., started doing well enough for itself—by 1980 Inc. magazine listed it as among the “100 Fastest Growing Companies in America”—but by 1983 it was reeling from the industry-wide price collapse and looking to merge or get bought out."
BKR-0874,PART_2;PART_3,16,16:17,UNSPECIFIED,D,4,,"2002. While chatting with one of his employees, I said to her, “One day, you should ask Soros what he knew about the Harken deal and why his company took on Bush.” She blanched and mumbled that she could never raise that",,2002,,,,"Baker cites this source in chapter 16 in connection with 2002. While chatting with one of his employees, I said to her, “One day, you should ask Soros what he knew about the Harken deal and why his company took on Bush.” She blanched and mumbled that she could never raise that; the OCR text does not preserve a reliable body-note marker for a more precise claim mapping.",,Did Soros; Soros. Later; Spectrum 7,1,1,FALSE,FALSE,FALSE,FALSE,TRUE,TRUE,TRUE,"Peripheral, incomplete, or weakly specified lead retained for completeness.","Ch. 16, note 17: 2002. While chatting with one of his employees, I said to her, “One day, you should ask Soros what he knew about the Harken deal and why his company took on Bush.” She blanched and mumbled that she could never raise that with Soros. Later, when I saw the billionaire almost alone, I sidled up to him. “Nice offices,” I said. “But can I ask you about some ancient history?” Sure, he said, with a good-natured smile. What was the deal with Harken buying up Spectrum 7? I inquired. Did Soros know Bush back then? “T didn’t know him,” Soros replied. “He was supposed to bring in the Gulf connection. But it didn’t come to anything. We were buying political influence. That was it. He was not much of a businessman.”"
BKR-0875,PART_2;PART_3,16,16:27,UNSPECIFIED,D,4,,A 1939 Manila directory lists Whitney as president of Casamac Inc.; VP of Southern Cross Mining Corp.; president of Abra Mining Co.; chairman of the board of Consolidated Mines; and department commander of the American L,,1939,,,,Baker cites this source in chapter 16 in connection with A 1939 Manila directory lists Whitney as president of Casamac Inc.; VP of Southern Cross Mining Corp.; president of Abra Mining Co.; chairman of the board of Consolidated Mines; and department commander of the American L; the OCR text does not preserve a reliable body-note marker for a more precise claim mapping.,,Abra Mining Co; American Legion; Casamac Inc; Consolidated Mines; VP of Southern Cross Mining Corp,1,1,FALSE,FALSE,FALSE,FALSE,TRUE,TRUE,TRUE,"Peripheral, incomplete, or weakly specified lead retained for completeness.","Ch. 16, note 27: A 1939 Manila directory lists Whitney as president of Casamac Inc.; VP of Southern Cross Mining Corp.; president of Abra Mining Co.; chairman of the board of Consolidated Mines; and department commander of the American Legion."
BKR-0876,PART_2;PART_3,16,16:28,UNSPECIFIED,D,4,,"After a period, Quasha became the deputy administrator.",,,,,,"Baker cites this source in chapter 16 in connection with After a period, Quasha became the deputy administrator.; the OCR text does not preserve a reliable body-note marker for a more precise claim mapping.",,,1,1,FALSE,FALSE,FALSE,FALSE,TRUE,TRUE,TRUE,"Peripheral, incomplete, or weakly specified lead retained for completeness.","Ch. 16, note 28: After a period, Quasha became the deputy administrator."
BKR-0877,PART_2;PART_3,16,16:41,UNSPECIFIED,D,4,,"In later years, Poppy would serve on the advisory board of Barrick Gold Company, which minesfor strategic metals in Central Africa. eS)",,,,,,"Baker cites this source in chapter 16 in connection with In later years, Poppy would serve on the advisory board of Barrick Gold Company, which minesfor strategic metals in Central Africa. eS); the OCR text does not preserve a reliable body-note marker for a more precise claim mapping.",,Barrick Gold Company; Central Africa,1,1,FALSE,FALSE,FALSE,FALSE,TRUE,TRUE,TRUE,"Peripheral, incomplete, or weakly specified lead retained for completeness.","Ch. 16, note 41: In later years, Poppy would serve on the advisory board of Barrick Gold Company, which minesfor strategic metals in Central Africa. eS)"
BKR-0878,PART_2;PART_3,16,16:44,UNSPECIFIED,D,4,,"Nugan Hand had been involved in drug-trafficking operations that originated in Southeast Asiaduring the Vietnam War. When the bank got into trouble in the Philippines, its operatives turned to Quasha for legal help. Acco",,,,,,"Baker cites this source in chapter 16 in connection with Nugan Hand had been involved in drug-trafficking operations that originated in Southeast Asiaduring the Vietnam War. When the bank got into trouble in the Philippines, its operatives turned to Quasha for legal help. Acco; the OCR text does not preserve a reliable body-note marker for a more precise claim mapping.",,Nugan Hand; Quasha for; Southeast Asiaduring the Vietnam War. When,1,1,FALSE,FALSE,FALSE,FALSE,TRUE,TRUE,TRUE,"Peripheral, incomplete, or weakly specified lead retained for completeness.","Ch. 16, note 44: Nugan Hand had been involved in drug-trafficking operations that originated in Southeast Asiaduring the Vietnam War. When the bank got into trouble in the Philippines, its operatives turned to Quasha for legal help. According to one Nugan Hand salesman, Quasha gave them atypical legal advice—urging them to flee the country. “He said, “You could wind up in jail.’ ”"
BKR-0879,PART_2;PART_3,16,16:55,UNSPECIFIED,D,4,,www.kosa.org/documents/Swiss_campaign_amici_curiae.pdf,,,,,,Baker cites this source in chapter 16 in connection with www.kosa.org/documents/Swiss_campaign_amici_curiae.pdf; the OCR text does not preserve a reliable body-note marker for a more precise claim mapping.,,,1,1,FALSE,FALSE,FALSE,TRUE,TRUE,TRUE,TRUE,"Peripheral, incomplete, or weakly specified lead retained for completeness.","Ch. 16, note 55: www.kosa.org/documents/Swiss_campaign_amici_curiae.pdf"
BKR-0880,PART_2;PART_3,16,16:57,UNSPECIFIED,D,4,,"Amoco had already advanced in talks with Bahrain and had an inside track. The tiny emirate,strongly allied with Saudi Arabia, hadn’t hit paydirt since 1932, but seismic surveys showed a large undersea geological formatio",,1932,,,,"Baker cites this source in chapter 16 in connection with Amoco had already advanced in talks with Bahrain and had an inside track. The tiny emirate,strongly allied with Saudi Arabia, hadn’t hit paydirt since 1932, but seismic surveys showed a large undersea geological formatio; the OCR text does not preserve a reliable body-note marker for a more precise claim mapping.",,Bahrain and; Saudi Arabia,1,1,FALSE,FALSE,FALSE,FALSE,TRUE,TRUE,TRUE,"Peripheral, incomplete, or weakly specified lead retained for completeness.","Ch. 16, note 57: Amoco had already advanced in talks with Bahrain and had an inside track. The tiny emirate,strongly allied with Saudi Arabia, hadn’t hit paydirt since 1932, but seismic surveys showed a large undersea geological formation—potentially worth billions."
BKR-0881,PART_2;PART_3,16,16:66,UNSPECIFIED,D,4,,"Alan Quasha’s ties to Hillary Clinton’s presidential campaign were detailed in Baker and Fed-erman, “‘Hillary’s Mystery Money Men.”",,,,,,"Baker cites this source in chapter 16 in connection with Alan Quasha’s ties to Hillary Clinton’s presidential campaign were detailed in Baker and Fed-erman, “‘Hillary’s Mystery Money Men.”; the OCR text does not preserve a reliable body-note marker for a more precise claim mapping.",,Alan Quasha’s; Baker and Fed-erman; Hillary Clinton’s; Hillary’s Mystery Money Men,1,1,FALSE,FALSE,FALSE,FALSE,TRUE,TRUE,TRUE,"Peripheral, incomplete, or weakly specified lead retained for completeness.","Ch. 16, note 66: Alan Quasha’s ties to Hillary Clinton’s presidential campaign were detailed in Baker and Fed-erman, “‘Hillary’s Mystery Money Men.”"
BKR-0882,PART_3,17,17:1,UNSPECIFIED,D,4,,"Prescott Bush was captain of the varsity baseball team at Yale, where he played first base. George H. W. Bush lacked his father’s physical prowess, and batted near the bottom of the lineup, but he too eventually served a",,,,,,"Baker cites this source in chapter 17 in connection with Prescott Bush was captain of the varsity baseball team at Yale, where he played first base. George H. W. Bush lacked his father’s physical prowess, and batted near the bottom of the lineup, but he too eventually served a; the OCR text does not preserve a reliable body-note marker for a more precise claim mapping.",,George H. W. Bush; Prescott Bush,1,1,FALSE,FALSE,FALSE,FALSE,TRUE,TRUE,TRUE,"Peripheral, incomplete, or weakly specified lead retained for completeness.","Ch. 17, note 1: Prescott Bush was captain of the varsity baseball team at Yale, where he played first base. George H. W. Bush lacked his father’s physical prowess, and batted near the bottom of the lineup, but he too eventually served as Yale team captain. W. “played sparingly” for the Yale freshman team."
BKR-0883,PART_3,17,17:14,UNSPECIFIED,D,4,,"Attorney Glenn Sodd, who represented plaintiffs in the suit against the Rangers’ owners, said that he had been led to believe that Eisner may have been one of the investors in W.’s owner group.",,,,,,"Baker cites this source in chapter 17 in connection with Attorney Glenn Sodd, who represented plaintiffs in the suit against the Rangers’ owners, said that he had been led to believe that Eisner may have been one of the investors in W.’s owner group.; the OCR text does not preserve a reliable body-note marker for a more precise claim mapping.",,Attorney Glenn Sodd,1,1,FALSE,FALSE,FALSE,FALSE,TRUE,TRUE,TRUE,"Peripheral, incomplete, or weakly specified lead retained for completeness.","Ch. 17, note 14: Attorney Glenn Sodd, who represented plaintiffs in the suit against the Rangers’ owners, said that he had been led to believe that Eisner may have been one of the investors in W.’s owner group."
BKR-0884,PART_3,17,17:15,UNSPECIFIED,D,4,,"“Yale Corporation Members,” Yale Herald, October 5, 2001, www.yaleherald.com/archive/xxxii/10.05.01/news/p3yalecorp.html.",,"October 5, 2001",,,,"Baker cites this source in chapter 17 in connection with “Yale Corporation Members,” Yale Herald, October 5, 2001, www.yaleherald.com/archive/xxxii/10.05.01/news/p3yalecorp.html.; the OCR text does not preserve a reliable body-note marker for a more precise claim mapping.",,Yale Corporation Members; Yale Herald,1,1,FALSE,FALSE,FALSE,TRUE,TRUE,TRUE,TRUE,"Peripheral, incomplete, or weakly specified lead retained for completeness.","Ch. 17, note 15: “Yale Corporation Members,” Yale Herald, October 5, 2001, www.yaleherald.com/archive/xxxii/10.05.01/news/p3yalecorp.html."
BKR-0885,PART_3,17,17:18;17:24;17:27,UNSPECIFIED,D,4,,"Johnston, Free Lunch, p. 80.",,,,,77-78; 80; 82,"Baker cites this source in chapter 17 in connection with Johnston, Free Lunch, p. 80.; the OCR text does not preserve a reliable body-note marker for a more precise claim mapping. | Baker cites this in support of the surrounding discussion: Since its founding in 1823, the original Texas Rangers, heroic upholders of law and order, have attained a near-mythic aura based on exploits that range from routing Comanches and Mexican soldiers to chasing down outlaws such as John Wesley Hardin. Years later, W. would refer to his Ranger years as simply “a win-win for everyone involved.”",,Free Lunch; Texas Rangers,3,2,FALSE,FALSE,FALSE,FALSE,TRUE,TRUE,FALSE,"Peripheral, incomplete, or weakly specified lead retained for completeness.","Ch. 17, note 18: Johnston, Free Lunch, p. 80. || Ch. 17, note 24: Johnston, Free Lunch, p. 82. || Ch. 17, note 27: Johnston, Free Lunch, pp. 77-78."
BKR-0886,PART_3,17,17:19,UNSPECIFIED,D,4,,"“Best and Worst Legislators Since 1973,” Texas Monthly, www.texasmonthly.com/bestworst.",,1973,,,,"Baker cites this source in chapter 17 in connection with “Best and Worst Legislators Since 1973,” Texas Monthly, www.texasmonthly.com/bestworst.; the OCR text does not preserve a reliable body-note marker for a more precise claim mapping.",,Best and Worst Legislators Since; Texas Monthly,1,1,FALSE,FALSE,FALSE,TRUE,TRUE,TRUE,TRUE,"Peripheral, incomplete, or weakly specified lead retained for completeness.","Ch. 17, note 19: “Best and Worst Legislators Since 1973,” Texas Monthly, www.texasmonthly.com/bestworst."
BKR-0887,PART_3,17,17:23,UNSPECIFIED,D,4,,"U.S. Environmental Protection Agency, “Richard E. Greene Appointed EPA Region 6 Administrator,’March 17, 2003, yosemite.epa.gov/opa/admpress.nsf/e8f4ff7£7970934e85257359004 00c2e/a03 865 1 8e18d1d88852570d6005e7e4 1 !Ope",,"March 17, 2003",,,,"Baker cites this source in chapter 17 in connection with U.S. Environmental Protection Agency, “Richard E. Greene Appointed EPA Region 6 Administrator,’March 17, 2003, yosemite.epa.gov/opa/admpress.nsf/e8f4ff7£7970934e85257359004 00c2e/a03 865 1 8e18d1d88852570d6005e7e4 1 !Ope; the OCR text does not preserve a reliable body-note marker for a more precise claim mapping.",,Richard E. Greene Appointed EPA Region; U.S. Environmental Protection Agency,1,1,FALSE,FALSE,FALSE,FALSE,TRUE,TRUE,TRUE,"Peripheral, incomplete, or weakly specified lead retained for completeness.","Ch. 17, note 23: U.S. Environmental Protection Agency, “Richard E. Greene Appointed EPA Region 6 Administrator,’March 17, 2003, yosemite.epa.gov/opa/admpress.nsf/e8f4ff7£7970934e85257359004 00c2e/a03 865 1 8e18d1d88852570d6005e7e4 1 !OpenDocument"
BKR-0888,PART_3,18,18:1,UNSPECIFIED,D,4,,"Tucker Carlson, Inside Politics, CNN, October 4, 2000.",,"October 4, 2000",,,,"Baker cites this source in chapter 18 in connection with Tucker Carlson, Inside Politics, CNN, October 4, 2000.; the OCR text does not preserve a reliable body-note marker for a more precise claim mapping.",,Inside Politics; Tucker Carlson,1,1,FALSE,FALSE,FALSE,FALSE,TRUE,TRUE,TRUE,"Peripheral, incomplete, or weakly specified lead retained for completeness.","Ch. 18, note 1: Tucker Carlson, Inside Politics, CNN, October 4, 2000."
BKR-0889,PART_3,18,18:5,UNSPECIFIED,D,4,,"Atwater, who built his arsenal based on weapons he and Rove first developed in the College Republicans,was a notoriously brash dirty trickster and claimed to think of politics as war. He spearheaded a smear on behalf of",,,,,,"Baker cites this source in chapter 18 in connection with Atwater, who built his arsenal based on weapons he and Rove first developed in the College Republicans,was a notoriously brash dirty trickster and claimed to think of politics as war. He spearheaded a smear on behalf of; the OCR text does not preserve a reliable body-note marker for a more precise claim mapping.",,Although Horton; College Republicans; Dukakis. Horton; William R. Horton,1,1,FALSE,FALSE,FALSE,FALSE,TRUE,TRUE,TRUE,"Peripheral, incomplete, or weakly specified lead retained for completeness.","Ch. 18, note 5: Atwater, who built his arsenal based on weapons he and Rove first developed in the College Republicans,was a notoriously brash dirty trickster and claimed to think of politics as war. He spearheaded a smear on behalf of Poppy’s campaign that sought to exploit Dukakis’s liberal political stances on such topics as gun control, environmental policy, mandatory pledge of allegiance in schools, and the death penalty, among others. Atwater’s most famous attempt to “strip the bark off the little bastard” was an attack-ad project that employed the image of convicted murderer William R. Horton, who was furloughed under a program begun by a Republican governor but supported by Dukakis. Horton kidnapped a couple, torturing the man and raping his girlfriend. Although Horton went by “William,” Atwater rebranded him “Willie” for the television ads."
BKR-0890,PART_3,18,18:7,UNSPECIFIED,D,4,,"In the same period, Taliaferro’s partner, publisher Chris Hearne, remembers going to the P.O. box and finding that someone had mailed in bricks—postage due.",,,,,,"Baker cites this source in chapter 18 in connection with In the same period, Taliaferro’s partner, publisher Chris Hearne, remembers going to the P.O. box and finding that someone had mailed in bricks—postage due.; the OCR text does not preserve a reliable body-note marker for a more precise claim mapping.",,Chris Hearne,1,1,FALSE,FALSE,FALSE,FALSE,TRUE,TRUE,TRUE,"Peripheral, incomplete, or weakly specified lead retained for completeness.","Ch. 18, note 7: In the same period, Taliaferro’s partner, publisher Chris Hearne, remembers going to the P.O. box and finding that someone had mailed in bricks—postage due."
BKR-0891,PART_3,18,18:12,UNSPECIFIED,D,4,,"See Moore and Slater, Bush's Brain, p. 34.",,,,,34,"Baker cites this source in chapter 18 in connection with See Moore and Slater, Bush's Brain, p. 34.; the OCR text does not preserve a reliable body-note marker for a more precise claim mapping.",,Bush's Brain,1,1,FALSE,FALSE,FALSE,FALSE,TRUE,TRUE,TRUE,"Peripheral, incomplete, or weakly specified lead retained for completeness.","Ch. 18, note 12: See Moore and Slater, Bush's Brain, p. 34."
BKR-0892,PART_3,19,19:11,UNSPECIFIED,D,4,,"Graham also played to his friends’ prejudices, telling Nixon, who periodically complained about Jews, that he believed they had a “stranglehold” on the media. See “Graham Regrets Jewish Slur,” BBC News, March 2, 2002.",,"March 2, 2002",,,,"Baker cites this source in chapter 19 in connection with Graham also played to his friends’ prejudices, telling Nixon, who periodically complained about Jews, that he believed they had a “stranglehold” on the media. See “Graham Regrets Jewish Slur,” BBC News, March 2, 2002.; the OCR text does not preserve a reliable body-note marker for a more precise claim mapping.",,BBC News; Graham Regrets Jewish Slur,1,1,FALSE,FALSE,FALSE,FALSE,TRUE,TRUE,TRUE,"Peripheral, incomplete, or weakly specified lead retained for completeness.","Ch. 19, note 11: Graham also played to his friends’ prejudices, telling Nixon, who periodically complained about Jews, that he believed they had a “stranglehold” on the media. See “Graham Regrets Jewish Slur,” BBC News, March 2, 2002."
BKR-0893,PART_3,19,19:18,UNSPECIFIED,D,4,,"“Author: I Should Give Tapes to Bush,” CNN.com, February 21, 2005.",,"February 21, 2005",,,,"Baker cites this source in chapter 19 in connection with “Author: I Should Give Tapes to Bush,” CNN.com, February 21, 2005.; the OCR text does not preserve a reliable body-note marker for a more precise claim mapping.",,Should Give Tapes,1,1,FALSE,FALSE,FALSE,FALSE,TRUE,TRUE,TRUE,"Peripheral, incomplete, or weakly specified lead retained for completeness.","Ch. 19, note 18: “Author: I Should Give Tapes to Bush,” CNN.com, February 21, 2005."
BKR-0894,PART_3,20,20:10,UNSPECIFIED,D,4,,"There were additional factors in their firing, also related to allegations of Guard corruption.",,,,,,"Baker cites this source in chapter 20 in connection with There were additional factors in their firing, also related to allegations of Guard corruption.; the OCR text does not preserve a reliable body-note marker for a more precise claim mapping.",,,1,1,FALSE,FALSE,FALSE,FALSE,TRUE,TRUE,TRUE,"Peripheral, incomplete, or weakly specified lead retained for completeness.","Ch. 20, note 10: There were additional factors in their firing, also related to allegations of Guard corruption."
BKR-0895,PART_3,20,20:17,UNSPECIFIED,D,4,,"Harriet Miers may not have been informed that a “Barnes problem” existed, but others on the staff seem to have known. As early as March 1996, Allbaugh had been making inquiries about the lottery contract, though perhaps",,1996,,,,"Baker cites this source in chapter 20 in connection with Harriet Miers may not have been informed that a “Barnes problem” existed, but others on the staff seem to have known. As early as March 1996, Allbaugh had been making inquiries about the lottery contract, though perhaps; the OCR text does not preserve a reliable body-note marker for a more precise claim mapping.",,Democrats. Miers; Harriet Miers,1,1,FALSE,FALSE,FALSE,FALSE,TRUE,TRUE,TRUE,"Peripheral, incomplete, or weakly specified lead retained for completeness.","Ch. 20, note 17: Harriet Miers may not have been informed that a “Barnes problem” existed, but others on the staff seem to have known. As early as March 1996, Allbaugh had been making inquiries about the lottery contract, though perhaps that was only because it was identified with Democrats. Miers, appointed to the chair by Bush, had sent Allbaugh notebooks of lottery meetings and details on the operator’s contract, according to a note from her to Allbaugh dated March 7, 1996."
BKR-0896,PART_3,20,20:24,UNSPECIFIED,D,4,,"A colleague who had accompanied me to Spellings’s office spoke to him by phone the next day. In that subsequent conversation, Spellings confirmed that he knew George W. Bush in 1968, when he worked for Barnes.",,1968,,,,"Baker cites this in support of the surrounding discussion: But videotaping a private meeting with a print journalist in which note taking and audio recording are the norm seemed in this instance an effort to intimidate. When Spellings insisted on this, I left.",,George W. Bush,1,1,FALSE,FALSE,FALSE,FALSE,TRUE,TRUE,TRUE,"Peripheral, incomplete, or weakly specified lead retained for completeness.","Ch. 20, note 24: A colleague who had accompanied me to Spellings’s office spoke to him by phone the next day. In that subsequent conversation, Spellings confirmed that he knew George W. Bush in 1968, when he worked for Barnes."
BKR-0897,PART_3,21,21:5,UNSPECIFIED,D,4,,"Project for the New American Century, Rebuilding America’s Defenses: Strategy, Forces and Resources for a New Century, September 2000, p. 51.",,2000,,,51,"Baker cites this source in chapter 21 in connection with Project for the New American Century, Rebuilding America’s Defenses: Strategy, Forces and Resources for a New Century, September 2000, p. 51.; the OCR text does not preserve a reliable body-note marker for a more precise claim mapping.",,Forces and Resources for; New Century; Project for the New American Century; Rebuilding America’s Defenses,1,1,FALSE,FALSE,FALSE,FALSE,TRUE,TRUE,TRUE,"Peripheral, incomplete, or weakly specified lead retained for completeness.","Ch. 21, note 5: Project for the New American Century, Rebuilding America’s Defenses: Strategy, Forces and Resources for a New Century, September 2000, p. 51."
BKR-0898,PART_3,21,21:23,UNSPECIFIED,D,4,,"See among others Cockburn, Rumsfeld, pp. 1-10",,,,,1-10,"Baker cites this source in chapter 21 in connection with See among others Cockburn, Rumsfeld, pp. 1-10; the OCR text does not preserve a reliable body-note marker for a more precise claim mapping.",,,1,1,FALSE,FALSE,FALSE,FALSE,TRUE,TRUE,TRUE,"Peripheral, incomplete, or weakly specified lead retained for completeness.","Ch. 21, note 23: See among others Cockburn, Rumsfeld, pp. 1-10"
BKR-0899,PART_3,21,21:24,UNSPECIFIED,D,4,,"Late Edition with Wolf Blitzer, CNN, September 8, 2002.",,"September 8, 2002",,,,"Baker cites this in support of the surrounding discussion: Now years later, the worst nightmare has come to haunt the Americans—a protracted and messy jury trial following a lethal and embarrassing military operation in Panama—all designed to get rid of the rat they should never have hired in the first place . . . If you do, after all, hire the rat, and are ultimately forced to get rid of him, then by all means do so quickly and permanently.",,Late Edition; Wolf Blitzer,1,1,FALSE,FALSE,FALSE,FALSE,TRUE,TRUE,TRUE,"Peripheral, incomplete, or weakly specified lead retained for completeness.","Ch. 21, note 24: Late Edition with Wolf Blitzer, CNN, September 8, 2002."
BKR-0900,PART_3,21,21:44,UNSPECIFIED,D,4,,"“To Sell a War,” The Fifth Estate, Canadian Broadcasting Corporation, January 1992.",,1992,,,,"Baker cites this source in chapter 21 in connection with “To Sell a War,” The Fifth Estate, Canadian Broadcasting Corporation, January 1992.; the OCR text does not preserve a reliable body-note marker for a more precise claim mapping.",,Canadian Broadcasting Corporation,1,1,FALSE,FALSE,FALSE,FALSE,TRUE,TRUE,TRUE,"Peripheral, incomplete, or weakly specified lead retained for completeness.","Ch. 21, note 44: “To Sell a War,” The Fifth Estate, Canadian Broadcasting Corporation, January 1992."
BKR-0901,PART_3,22,22:5,UNSPECIFIED,D,4,,Based on unpublished reporting by the author and Stefanie Von Brochowski.,,,reporting,,,"Baker cites this in support of the surrounding discussion: One could not prove them real beyond question, but could they be proven fake? In a somewhat parallel case, the distinguished investigative reporter Seymour Hersh had used what he believed to be letters from Marilyn Monroe to sign a $2.",,Stefanie Von Brochowski,1,1,FALSE,FALSE,FALSE,TRUE,TRUE,TRUE,TRUE,"Peripheral, incomplete, or weakly specified lead retained for completeness.","Ch. 22, note 5: Based on unpublished reporting by the author and Stefanie Von Brochowski."
BKR-0902,PART_3,22,22:11,UNSPECIFIED,D,4,,"World News Tonight with Peter Jennings, ABC, February 12, 2004.",,"February 12, 2004",,,,"Baker cites this source in chapter 22 in connection with World News Tonight with Peter Jennings, ABC, February 12, 2004.; the OCR text does not preserve a reliable body-note marker for a more precise claim mapping.",,Peter Jennings; World News Tonight,1,1,FALSE,FALSE,FALSE,FALSE,TRUE,TRUE,TRUE,"Peripheral, incomplete, or weakly specified lead retained for completeness.","Ch. 22, note 11: World News Tonight with Peter Jennings, ABC, February 12, 2004."
BKR-0903,PART_3,22,22:12,UNSPECIFIED,D,4,,"NBC Nightly News, February 12, 2004.",,"February 12, 2004",,,,"Baker cites this source in chapter 22 in connection with NBC Nightly News, February 12, 2004.; the OCR text does not preserve a reliable body-note marker for a more precise claim mapping.",,NBC Nightly News,1,1,FALSE,FALSE,FALSE,FALSE,TRUE,TRUE,TRUE,"Peripheral, incomplete, or weakly specified lead retained for completeness.","Ch. 22, note 12: NBC Nightly News, February 12, 2004."
BKR-0904,PART_3,22,22:20,UNSPECIFIED,D,4,,"“Wolf Blitzer Reports,” CNN, March 8, 2004.",,"March 8, 2004",,,,"Baker cites this source in chapter 22 in connection with “Wolf Blitzer Reports,” CNN, March 8, 2004.; the OCR text does not preserve a reliable body-note marker for a more precise claim mapping.",,Wolf Blitzer Reports,1,1,FALSE,FALSE,FALSE,TRUE,TRUE,TRUE,TRUE,"Peripheral, incomplete, or weakly specified lead retained for completeness.","Ch. 22, note 20: “Wolf Blitzer Reports,” CNN, March 8, 2004."
BKR-0905,PART_3,22,22:24,UNSPECIFIED,D,4,,"Media Matters for America survey, August 25, 2004, http://mediamatters.org/items/200408250006.",,"August 25, 2004",,,,"Baker cites this in support of the surrounding discussion: First it was picked up by two conservative blogs, Power Line and Little Green Footballs. It went quickly from blogs to online magazines, starting with Rupert Murdoch’s conservative opinion publication the Weekly Standard, which cited document experts who pronounced the memos probable forgeries.",,Media Matters for America,1,1,FALSE,FALSE,FALSE,TRUE,TRUE,TRUE,TRUE,"Peripheral, incomplete, or weakly specified lead retained for completeness.","Ch. 22, note 24: Media Matters for America survey, August 25, 2004, http://mediamatters.org/items/200408250006."
BKR-0906,PART_3,22,22:31,UNSPECIFIED,D,4,,"“New Questions on Bush Guard Duty,” CBS News, September 20, 2004.",,"September 20, 2004",,,,"Baker cites this source in chapter 22 in connection with “New Questions on Bush Guard Duty,” CBS News, September 20, 2004.; the OCR text does not preserve a reliable body-note marker for a more precise claim mapping.",,Bush Guard Duty; CBS News; New Questions,1,1,FALSE,FALSE,FALSE,FALSE,TRUE,TRUE,TRUE,"Peripheral, incomplete, or weakly specified lead retained for completeness.","Ch. 22, note 31: “New Questions on Bush Guard Duty,” CBS News, September 20, 2004."
BKR-0907,PART_3,22,22:32,UNSPECIFIED,D,4,,"Message board post by “TankerKC,” FreeRepublic.com, September 8, 2004, 17:19:00 PDT.",,"September 8, 2004",,,,"Baker cites this source in chapter 22 in connection with Message board post by “TankerKC,” FreeRepublic.com, September 8, 2004, 17:19:00 PDT.; the OCR text does not preserve a reliable body-note marker for a more precise claim mapping.",,,1,1,FALSE,FALSE,FALSE,FALSE,TRUE,TRUE,TRUE,"Peripheral, incomplete, or weakly specified lead retained for completeness.","Ch. 22, note 32: Message board post by “TankerKC,” FreeRepublic.com, September 8, 2004, 17:19:00 PDT."
BKR-0908,PART_3,22,22:33,UNSPECIFIED,D,4,,"Message board post by “Buckhead,” FreeRepublic.com, September 8, 2004, 23:59:43 EDT.",,"September 8, 2004",,,,"Baker cites this source in chapter 22 in connection with Message board post by “Buckhead,” FreeRepublic.com, September 8, 2004, 23:59:43 EDT.; the OCR text does not preserve a reliable body-note marker for a more precise claim mapping.",,,1,1,FALSE,FALSE,FALSE,FALSE,TRUE,TRUE,TRUE,"Peripheral, incomplete, or weakly specified lead retained for completeness.","Ch. 22, note 33: Message board post by “Buckhead,” FreeRepublic.com, September 8, 2004, 23:59:43 EDT."
BKR-0909,PART_3,22,22:35,UNSPECIFIED,D,4,,"Message board post by “Buckhead,” FreeRepublic.com, September 9, 2004, 22:51:04 EDT.",,"September 9, 2004",,,,"Baker cites this source in chapter 22 in connection with Message board post by “Buckhead,” FreeRepublic.com, September 9, 2004, 22:51:04 EDT.; the OCR text does not preserve a reliable body-note marker for a more precise claim mapping.",,,1,1,FALSE,FALSE,FALSE,FALSE,TRUE,TRUE,TRUE,"Peripheral, incomplete, or weakly specified lead retained for completeness.","Ch. 22, note 35: Message board post by “Buckhead,” FreeRepublic.com, September 9, 2004, 22:51:04 EDT."
BKR-0910,PART_3,22,22:36,UNSPECIFIED,D,4,,"Message board post by “NYCVirago,” FreeRepublic.com, September 9, 2004, 23:02:27 EDT.",,"September 9, 2004",,,,"Baker cites this source in chapter 22 in connection with Message board post by “NYCVirago,” FreeRepublic.com, September 9, 2004, 23:02:27 EDT.; the OCR text does not preserve a reliable body-note marker for a more precise claim mapping.",,,1,1,FALSE,FALSE,FALSE,FALSE,TRUE,TRUE,TRUE,"Peripheral, incomplete, or weakly specified lead retained for completeness.","Ch. 22, note 36: Message board post by “NYCVirago,” FreeRepublic.com, September 9, 2004, 23:02:27 EDT."
BKR-0911,PART_3,22,22:37,UNSPECIFIED,D,4,,"Message board post by “Barlowmaker,” FreeRepublic.com, September 9, 2004, 23:06:26 EDT.",,"September 9, 2004",,,,"Baker cites this source in chapter 22 in connection with Message board post by “Barlowmaker,” FreeRepublic.com, September 9, 2004, 23:06:26 EDT.; the OCR text does not preserve a reliable body-note marker for a more precise claim mapping.",,,1,1,FALSE,FALSE,FALSE,FALSE,TRUE,TRUE,TRUE,"Peripheral, incomplete, or weakly specified lead retained for completeness.","Ch. 22, note 37: Message board post by “Barlowmaker,” FreeRepublic.com, September 9, 2004, 23:06:26 EDT."
BKR-0912,PART_3,22,22:40,UNSPECIFIED,D,4,,"There was even a historic Bush connection. Bush family investment bank Brown Brothers Harrimanhad played a key role in helping CBS chief executive William Paley expand the network, and Paley’s good friend Prescott Bush h",,,,,,"Baker cites this source in chapter 22 in connection with There was even a historic Bush connection. Bush family investment bank Brown Brothers Harrimanhad played a key role in helping CBS chief executive William Paley expand the network, and Paley’s good friend Prescott Bush h; the OCR text does not preserve a reliable body-note marker for a more precise claim mapping.",,Brown Brothers Harrimanhad; Prescott Bush; William Paley,1,1,FALSE,FALSE,FALSE,FALSE,TRUE,TRUE,TRUE,"Peripheral, incomplete, or weakly specified lead retained for completeness.","Ch. 22, note 40: There was even a historic Bush connection. Bush family investment bank Brown Brothers Harrimanhad played a key role in helping CBS chief executive William Paley expand the network, and Paley’s good friend Prescott Bush had sat on the CBS board for two decades."
BKR-0913,PART_3,23,23:1,UNSPECIFIED,D,4,,"These included Kuwait and Saudi Arabia, along with funds from Texas oil baron Edwin L. Cox Sr. and other tycoons.",,,,,,"Baker cites this source in chapter 23 in connection with These included Kuwait and Saudi Arabia, along with funds from Texas oil baron Edwin L. Cox Sr. and other tycoons.; the OCR text does not preserve a reliable body-note marker for a more precise claim mapping.",,Edwin L. Cox Sr. and; Kuwait and Saudi Arabia; Saudi Arabia,1,1,FALSE,FALSE,FALSE,FALSE,TRUE,TRUE,TRUE,"Peripheral, incomplete, or weakly specified lead retained for completeness.","Ch. 23, note 1: These included Kuwait and Saudi Arabia, along with funds from Texas oil baron Edwin L. Cox Sr. and other tycoons."
BKR-0914,PART_3,23,23:6,UNSPECIFIED,D,4,,Presidents--United States--Biography. 7. United States-Politics and government--1945-1989. 8. United States--Politics and government--1989-9. Business and politics--United States. I. Title. E904.B35 2009 973.93 1092--de2,,1945,,,,Baker cites this source in chapter 23 in connection with Presidents--United States--Biography. 7. United States-Politics and government--1945-1989. 8. United States--Politics and government--1989-9. Business and politics--United States. I. Title. E904.B35 2009 973.93 1092--de2; the OCR text does not preserve a reliable body-note marker for a more precise claim mapping.,,Bloomsbury Press; Business and; E-book ISBN; Presidents--United States--Biography; United States--Politics and; United States-Politics and; United States. I. Title,1,1,FALSE,FALSE,FALSE,TRUE,TRUE,TRUE,TRUE,"Peripheral, incomplete, or weakly specified lead retained for completeness.","Ch. 23, note 6: Presidents--United States--Biography. 7. United States-Politics and government--1945-1989. 8. United States--Politics and government--1989-9. Business and politics--United States. I. Title. E904.B35 2009 973.93 1092--de22 [B] 2008037433 First published by Bloomsbury Press in 2009 This e-book edition published in 2010 E-book ISBN: 978-1-60819-192-5 www.bloomsburypress.com"
BKR-0915,PART_3,23,23:7,UNSPECIFIED,D,4,,"Foreign Intelligence Surveillance Act (FISA) annual reports to Congress, available through the Federation of American Scientists, www.fas.org/irp/agency/doj/fisa/#rept.",,,,,,"Baker cites this source in chapter 23 in connection with Foreign Intelligence Surveillance Act (FISA) annual reports to Congress, available through the Federation of American Scientists, www.fas.org/irp/agency/doj/fisa/#rept.; the OCR text does not preserve a reliable body-note marker for a more precise claim mapping.",,Federation of American Scientists; Foreign Intelligence Surveillance Act,1,1,FALSE,FALSE,FALSE,TRUE,TRUE,TRUE,TRUE,"Peripheral, incomplete, or weakly specified lead retained for completeness.","Ch. 23, note 7: Foreign Intelligence Surveillance Act (FISA) annual reports to Congress, available through the Federation of American Scientists, www.fas.org/irp/agency/doj/fisa/#rept."
BKR-0916,PART_3,23,23:9,UNSPECIFIED,D,4,,Wilson had been deputy chief of mission in Iraq during the first Gulf War under Poppy Bushand had been sent to Niger under W. to investigate claims that Saddam had sought socalled yellowcake uranium.,,,,,,Baker cites this source in chapter 23 in connection with Wilson had been deputy chief of mission in Iraq during the first Gulf War under Poppy Bushand had been sent to Niger under W. to investigate claims that Saddam had sought socalled yellowcake uranium.; the OCR text does not preserve a reliable body-note marker for a more precise claim mapping.,,Gulf War; Iraq; Poppy Bushand,1,1,FALSE,FALSE,FALSE,FALSE,TRUE,TRUE,TRUE,"Peripheral, incomplete, or weakly specified lead retained for completeness.","Ch. 23, note 9: Wilson had been deputy chief of mission in Iraq during the first Gulf War under Poppy Bushand had been sent to Niger under W. to investigate claims that Saddam had sought socalled yellowcake uranium."
BKR-0917,PART_3,23,23:24,UNSPECIFIED,D,4,,"“Welcome to the Hackocracy,” New Republic, October 17, 2005.",,"October 17, 2005",,,,"Baker cites this source in chapter 23 in connection with “Welcome to the Hackocracy,” New Republic, October 17, 2005.; the OCR text does not preserve a reliable body-note marker for a more precise claim mapping.",,New Republic,1,1,FALSE,FALSE,FALSE,FALSE,TRUE,TRUE,TRUE,"Peripheral, incomplete, or weakly specified lead retained for completeness.","Ch. 23, note 24: “Welcome to the Hackocracy,” New Republic, October 17, 2005."
BKR-0918,PART_3,23,23:30,UNSPECIFIED,D,4,,"“No Bush Left Behind,” BusinessWeek, October 16, 2006.",,"October 16, 2006",,,,"Baker cites this source in chapter 23 in connection with “No Bush Left Behind,” BusinessWeek, October 16, 2006.; the OCR text does not preserve a reliable body-note marker for a more precise claim mapping.",,No Bush Left Behind,1,1,FALSE,FALSE,FALSE,FALSE,TRUE,TRUE,TRUE,"Peripheral, incomplete, or weakly specified lead retained for completeness.","Ch. 23, note 30: “No Bush Left Behind,” BusinessWeek, October 16, 2006."
BKR-0919,PART_3,23,23:33,UNSPECIFIED,D,4,,"Ladd was made a partner in the Monroe, Louisiana—based Pro Set Inc., which makes spray-on plastic coating, or polyurea. Up until a certain point, Pro Set was a pretty obscure operation. Its projects included working on t",,2000,reporting,,,"Baker cites this source in chapter 23 in connection with Ladd was made a partner in the Monroe, Louisiana—based Pro Set Inc., which makes spray-on plastic coating, or polyurea. Up until a certain point, Pro Set was a pretty obscure operation. Its projects included working on t; the OCR text does not preserve a reliable body-note marker for a more precise claim mapping.",,George Bush; Louisiana Baptist Children’s Home and; Pro Set Inc,1,1,FALSE,FALSE,FALSE,TRUE,TRUE,TRUE,TRUE,"Peripheral, incomplete, or weakly specified lead retained for completeness.","Ch. 23, note 33: Ladd was made a partner in the Monroe, Louisiana—based Pro Set Inc., which makes spray-on plastic coating, or polyurea. Up until a certain point, Pro Set was a pretty obscure operation. Its projects included working on the roof of the Louisiana Baptist Children’s Home and getting rid of the odor from the bathrooms of a minor league baseball team. Then, in late 2000, as the presidential general election approached and George Bush was locked in a close race with Al Gore, Pro Set began getting work from military contractors. Soon, naval research offices were reporting that in tests, hardened polyurea coating had been found to stop large-caliber bullets and protect a dummy driver when a Humvee gets bombed. After 9/11, Pro Set also began stressing the value of its product in reducing federal bomb-proofing requirements."
BKR-0920,PART_3,23,23:38,UNSPECIFIED,D,4,,"The administration wanted its attorneys to concentrate on voter fraud, an issue that can disenfranchise the poor, the elderly, and recent immigrants—all groups that tend to vote Democrat.",,,,,,"Baker cites this source in chapter 23 in connection with The administration wanted its attorneys to concentrate on voter fraud, an issue that can disenfranchise the poor, the elderly, and recent immigrants—all groups that tend to vote Democrat.; the OCR text does not preserve a reliable body-note marker for a more precise claim mapping.",,,1,1,FALSE,FALSE,FALSE,FALSE,TRUE,TRUE,TRUE,"Peripheral, incomplete, or weakly specified lead retained for completeness.","Ch. 23, note 38: The administration wanted its attorneys to concentrate on voter fraud, an issue that can disenfranchise the poor, the elderly, and recent immigrants—all groups that tend to vote Democrat."
BKR-0921,PART_3,23,23:42,UNSPECIFIED,D,4,,Stickney had been had been an engineer in the Environmental Protection Agency and later headed New Hampshire’s Department of Transportation.,,,,,,Baker cites this source in chapter 23 in connection with Stickney had been had been an engineer in the Environmental Protection Agency and later headed New Hampshire’s Department of Transportation.; the OCR text does not preserve a reliable body-note marker for a more precise claim mapping.,,Environmental Protection Agency and; New Hampshire’s Department of Transportation,1,1,FALSE,FALSE,FALSE,FALSE,TRUE,TRUE,TRUE,"Peripheral, incomplete, or weakly specified lead retained for completeness.","Ch. 23, note 42: Stickney had been had been an engineer in the Environmental Protection Agency and later headed New Hampshire’s Department of Transportation."
BKR-0922,PART_3,23,23:47,UNSPECIFIED,D,4,,"Barbour was elected governor of Mississippi in 2004, which put him in the limelight as he led Hurricane Katrina recovery efforts in his devastated state.",,2004,,,,"Baker cites this source in chapter 23 in connection with Barbour was elected governor of Mississippi in 2004, which put him in the limelight as he led Hurricane Katrina recovery efforts in his devastated state.; the OCR text does not preserve a reliable body-note marker for a more precise claim mapping.",,Hurricane Katrina,1,1,FALSE,FALSE,FALSE,FALSE,TRUE,TRUE,TRUE,"Peripheral, incomplete, or weakly specified lead retained for completeness.","Ch. 23, note 47: Barbour was elected governor of Mississippi in 2004, which put him in the limelight as he led Hurricane Katrina recovery efforts in his devastated state."
BKR-0923,PART_3,23,23:61,UNSPECIFIED,D,4,,"CNN Sunday Morning, November 27, 2005.",,"November 27, 2005",,,,"Baker cites this source in chapter 23 in connection with CNN Sunday Morning, November 27, 2005.; the OCR text does not preserve a reliable body-note marker for a more precise claim mapping.",,CNN Sunday Morning,1,1,FALSE,FALSE,FALSE,FALSE,TRUE,TRUE,TRUE,"Peripheral, incomplete, or weakly specified lead retained for completeness.","Ch. 23, note 61: CNN Sunday Morning, November 27, 2005."
BKR-0924,PART_3,23,23:62,UNSPECIFIED,D,4,,"Brown moved quickly after his arrival in Edmond into a job with the state legislature, where hehelped draft legislation creating the Oklahoma Municipal Power Authority (OMPA), a little-known public-power entity that he w",,,,,,"Baker cites this source in chapter 23 in connection with Brown moved quickly after his arrival in Edmond into a job with the state legislature, where hehelped draft legislation creating the Oklahoma Municipal Power Authority (OMPA), a little-known public-power entity that he w; the OCR text does not preserve a reliable body-note marker for a more precise claim mapping.",,Oklahoma Municipal Power Authority; When Brown,1,1,FALSE,FALSE,FALSE,FALSE,TRUE,TRUE,TRUE,"Peripheral, incomplete, or weakly specified lead retained for completeness.","Ch. 23, note 62: Brown moved quickly after his arrival in Edmond into a job with the state legislature, where hehelped draft legislation creating the Oklahoma Municipal Power Authority (OMPA), a little-known public-power entity that he would later chair. The attraction of the unpaid OMPA position was that it allowed him to interact with major bond-underwriting firms, all clamoring for the group’s lucrative business. When Brown was forced to relinquish his seat on the utility board because he had moved from Edmond, he found his way back by persuading the town of Goltry, Oklahoma, with a population of eight hundred and one stoplight, to join the energy consortium and make him its representative."
