article_id,canonical_url,title,published_timestamp,updated_timestamp,year,series,tags,paywall_state,access_level,source_origin,export_post_id,publication_status,audience,source_reference,discovery_sources,http_status,word_count,author_paragraph_count,content_hash,archive_path,indexed,failure_reason,publication_review_status,duplicate_of
WR-000155,https://thewhiterabbitreport.substack.com/p/usaid-and-the-cia-series-part-6-network,USAID & The CIA: The Network (Part 6/7),2026-10-01T23:01:34.242Z,,2026,,,public_or_owner_full,FULL_AUTHOR_EXPORT,author_export,218227805.usaid-and-the-cia-series-part-6-network,published,only_paid,posts/218227805.usaid-and-the-cia-series-part-6-network.html,author_export:posts.csv,,6561,88,sha256:0ce93013315225f74bcd7045c4264014664815e25fef32c8a1608b49736de703,C:\Users\domin\PycharmProjects\White-Rabbit-Article-Research-Team\research_library\previous_white_rabbit_articles\articles\2026\usaid-and-the-cia-series-part-6-network\article.md,true,,CURRENT,
WR-000149,https://thewhiterabbitreport.substack.com/p/fauci-ebola-diary-army-experiments-secrecy,Fauci’s Ebola Diary: The Army Experiments He Wanted Classified,2026-09-28T16:18:32.290Z,,2026,,,public_or_owner_full,FULL_AUTHOR_EXPORT,author_export,217846675.fauci-ebola-diary-army-experiments-secrecy,published,everyone,posts/217846675.fauci-ebola-diary-army-experiments-secrecy.html,author_export:posts.csv,,1633,25,sha256:f97bba9be56b42ea1e711db81e3d843b206a8d9a8185c638e92bcc6c96ec56dc,C:\Users\domin\PycharmProjects\White-Rabbit-Article-Research-Team\research_library\previous_white_rabbit_articles\articles\2026\fauci-ebola-diary-army-experiments-secrecy\article.md,true,,CURRENT,
WR-000154,https://thewhiterabbitreport.substack.com/p/usaid-and-the-cia-series-part-5-operation-two-fold,USAID & The CIA: Project Two-Fold (Part 5/7),2026-09-27T18:23:20.179Z,,2026,,,public_or_owner_full,FULL_AUTHOR_EXPORT,author_export,217617120.usaid-and-the-cia-series-part-5-operation-two-fold,published,only_paid,posts/217617120.usaid-and-the-cia-series-part-5-operation-two-fold.html,author_export:posts.csv,,6273,95,sha256:987cfe71b2ccf976d75959e5f51ae5ac76b11635e90683ea827a5e44d1d0f5eb,C:\Users\domin\PycharmProjects\White-Rabbit-Article-Research-Team\research_library\previous_white_rabbit_articles\articles\2026\usaid-and-the-cia-series-part-5-operation-two-fold\article.md,true,,CURRENT,
WR-000150,https://thewhiterabbitreport.substack.com/p/jeffrey-epstein-crypto-network-coinbase-bitcoin-sovereign-money,EPSTEIN’S SECRET CRYPTO NETWORK,2026-09-26T15:02:07.750Z,,2026,,,public_or_owner_full,FULL_AUTHOR_EXPORT,author_export,217130247.jeffrey-epstein-crypto-network-coinbase-bitcoin-sovereign-money,published,everyone,posts/217130247.jeffrey-epstein-crypto-network-coinbase-bitcoin-sovereign-money.html,author_export:posts.csv,,4506,68,sha256:b7268d09adbe5cd11da840fa95ff449698b86de62aecf60f6e451393d33b94dc,C:\Users\domin\PycharmProjects\White-Rabbit-Article-Research-Team\research_library\previous_white_rabbit_articles\articles\2026\jeffrey-epstein-crypto-network-coinbase-bitcoin-sovereign-money\article.md,true,,CURRENT,
WR-000156,https://thewhiterabbitreport.substack.com/p/usaid-cia-part-4-handoff,USAID & The CIA: The Handoff (Part 4/7),2026-09-24T23:01:30.878Z,,2026,,,public_or_owner_full,FULL_AUTHOR_EXPORT,author_export,217185242.usaid-cia-part-4-handoff,published,only_paid,posts/217185242.usaid-cia-part-4-handoff.html,author_export:posts.csv,,4525,43,sha256:9d8418626d6343a1ffe5a853662d5bb6b521c7159ce0ffe49ec7cb2e564561d8,C:\Users\domin\PycharmProjects\White-Rabbit-Article-Research-Team\research_library\previous_white_rabbit_articles\articles\2026\usaid-cia-part-4-handoff\article.md,true,,CURRENT,
WR-000153,https://thewhiterabbitreport.substack.com/p/usaid-and-the-cia-series-part-3-drug-pipeline,USAID & The CIA: The Drug Pipeline (Part 3/7),2026-09-22T23:01:26.208Z,,2026,,,public_or_owner_full,FULL_AUTHOR_EXPORT,author_export,216330089.usaid-and-the-cia-series-part-3-drug-pipeline,published,only_paid,posts/216330089.usaid-and-the-cia-series-part-3-drug-pipeline.html,author_export:posts.csv,,6632,100,sha256:cfbcce70020ad74aa10cb52afd64c6fa40f49b44816f35a73ccef219a657f88a,C:\Users\domin\PycharmProjects\White-Rabbit-Article-Research-Team\research_library\previous_white_rabbit_articles\articles\2026\usaid-and-the-cia-series-part-3-drug-pipeline\article.md,true,,CURRENT,
WR-000152,https://thewhiterabbitreport.substack.com/p/usaid-and-the-cia-series-part-2,USAID & The CIA: The Academy & The Agency (Part 2/7),2026-09-17T23:01:02.499Z,,2026,,,public_or_owner_full,FULL_AUTHOR_EXPORT,author_export,216092075.usaid-and-the-cia-series-part-2,published,only_paid,posts/216092075.usaid-and-the-cia-series-part-2.html,author_export:posts.csv,,3455,42,sha256:45c2363e6131ae3deb14683e3da97cf667461e0246a7777e33a4dbdef45692d9,C:\Users\domin\PycharmProjects\White-Rabbit-Article-Research-Team\research_library\previous_white_rabbit_articles\articles\2026\usaid-and-the-cia-series-part-2\article.md,true,,CURRENT,
WR-000151,https://thewhiterabbitreport.substack.com/p/usaid-and-the-cia-series-part-1,USAID & The CIA: The Aid Memo That Built a Global Police System (Part 1/7),2026-09-16T23:01:32.821Z,,2026,,,public_or_owner_full,FULL_AUTHOR_EXPORT,author_export,215602082.usaid-and-the-cia-series-part-1,published,everyone,posts/215602082.usaid-and-the-cia-series-part-1.html,author_export:posts.csv,,4389,69,sha256:99c098f523c19ea5c52317ab752f18c50481f27fd20c071f859541e9523b3a4d,C:\Users\domin\PycharmProjects\White-Rabbit-Article-Research-Team\research_library\previous_white_rabbit_articles\articles\2026\usaid-and-the-cia-series-part-1\article.md,true,,CURRENT,
WR-000146,https://thewhiterabbitreport.substack.com/p/cast-thy-bread-israel-biological-warfare-1948,Cast Thy Bread: Israel’s Secret 1948 Biological Warfare Program,2026-09-12T15:01:49.916Z,,2026,,,public_or_owner_full,FULL_AUTHOR_EXPORT,author_export,215260243.cast-thy-bread-israel-biological-warfare-1948,published,only_paid,posts/215260243.cast-thy-bread-israel-biological-warfare-1948.html,author_export:posts.csv,,5710,87,sha256:3925c5ff61544390acbad973b6736e507ef16b0964e856168ed7b4105860dcba,C:\Users\domin\PycharmProjects\White-Rabbit-Article-Research-Team\research_library\previous_white_rabbit_articles\articles\2026\cast-thy-bread-israel-biological-warfare-1948\article.md,true,,CURRENT,
WR-000148,https://thewhiterabbitreport.substack.com/p/operation-susannah-israel-false-flag-lavon-affair,OPERATION SUSANNAH: THE ISRAELI FALSE FLAG THAT REALLY HAPPENED,2026-09-10T23:01:49.067Z,,2026,,,public_or_owner_full,FULL_AUTHOR_EXPORT,author_export,214220820.operation-susannah-israel-false-flag-lavon-affair,published,only_paid,posts/214220820.operation-susannah-israel-false-flag-lavon-affair.html,author_export:posts.csv,,6459,100,sha256:29c6639fcef17ad3ee416b2e0acb75ea8452cf375237030f8cd45a72d67ee44d,C:\Users\domin\PycharmProjects\White-Rabbit-Article-Research-Team\research_library\previous_white_rabbit_articles\articles\2026\operation-susannah-israel-false-flag-lavon-affair\article.md,true,,CURRENT,
WR-000147,https://thewhiterabbitreport.substack.com/p/flock-safety-conspiracy-surveillance-network-police-ai,Flock Safety: America Outsourced the Surveillance State,2026-08-28T23:01:26.119Z,,2026,,,public_or_owner_full,FULL_AUTHOR_EXPORT,author_export,212862462.flock-safety-conspiracy-surveillance-network-police-ai,published,only_paid,posts/212862462.flock-safety-conspiracy-surveillance-network-police-ai.html,author_export:posts.csv,,5836,65,sha256:7e6887d5d38f74544b4944b33f0cb9161199089e84cdbfbad786065e0b919c08,C:\Users\domin\PycharmProjects\White-Rabbit-Article-Research-Team\research_library\previous_white_rabbit_articles\articles\2026\flock-safety-conspiracy-surveillance-network-police-ai\article.md,true,,CURRENT,
WR-000040,https://thewhiterabbitreport.substack.com/p/glitter-conspiracy-secret-buyer-military-surveillance,THE GLITTER CONSPIRACY: THE SECRET INDUSTRY HIDING IN PLAIN SIGHT,2026-08-27T00:30:36.917Z,,2026,,,public_or_owner_full,FULL_AUTHOR_EXPORT,author_export,211446205.glitter-conspiracy-secret-buyer-military-surveillance,published,everyone,posts/211446205.glitter-conspiracy-secret-buyer-military-surveillance.html,author_export:posts.csv,,7255,87,sha256:b7b817c6040c270c71411bc804ab0990b52efe2283966cda987724717b947d8b,C:\Users\domin\PycharmProjects\White-Rabbit-Article-Research-Team\research_library\previous_white_rabbit_articles\articles\2026\glitter-conspiracy-secret-buyer-military-surveillance\article.md,true,,CURRENT,
WR-000067,https://thewhiterabbitreport.substack.com/p/larry-silverstein-9-11-israel,The Curious Case of Larry Silverstein: A 9/11 Mystery,2026-07-30T23:15:54.823Z,,2026,,,public_or_owner_full,FULL_AUTHOR_EXPORT,author_export,208695417.larry-silverstein-9-11-israel,published,only_paid,posts/208695417.larry-silverstein-9-11-israel.html,author_export:posts.csv,,12636,156,sha256:f456294316e05ca23fd4912e04d9b7b02b407092844eae27d0f1e96c995c6b33,C:\Users\domin\PycharmProjects\White-Rabbit-Article-Research-Team\research_library\previous_white_rabbit_articles\articles\2026\larry-silverstein-9-11-israel\article.md,true,,CURRENT,
WR-000045,https://thewhiterabbitreport.substack.com/p/help-spread-the-truth-invite-friends,Help Spread the Truth – Invite Friends & Unlock Exclusive Perks,2026-07-26T22:31:56.126Z,,2026,,,public_or_owner_full,FULL_AUTHOR_EXPORT,author_export,187788048.help-spread-the-truth-invite-friends,published,everyone,posts/187788048.help-spread-the-truth-invite-friends.html,author_export:posts.csv,,259,5,sha256:143ee2eef35546d880710393dd7e59d68e8ab510fa906b86c63a86631112e28b,C:\Users\domin\PycharmProjects\White-Rabbit-Article-Research-Team\research_library\previous_white_rabbit_articles\articles\2026\help-spread-the-truth-invite-friends\article.md,true,,CURRENT,
WR-000087,https://thewhiterabbitreport.substack.com/p/phoenix-program-template-for-endless-wars-operation-gladio,THE PHOENIX PROGRAM: THE TEMPLATE FOR ENDLESS WARS,2026-07-23T23:02:28.806Z,,2026,,,public_or_owner_full,FULL_AUTHOR_EXPORT,author_export,207316024.phoenix-program-template-for-endless-wars-operation-gladio,published,only_paid,posts/207316024.phoenix-program-template-for-endless-wars-operation-gladio.html,author_export:posts.csv,,14279,177,sha256:fa365afd21e5ff780db0bfe473f62e8364bcc5c30df6bfc2c4c06fa541ccd9da,C:\Users\domin\PycharmProjects\White-Rabbit-Article-Research-Team\research_library\previous_white_rabbit_articles\articles\2026\phoenix-program-template-for-endless-wars-operation-gladio\article.md,true,,CURRENT,
WR-000124,https://thewhiterabbitreport.substack.com/p/thomas-jefferson-original-declaration-slavery,Thomas Jefferson's Original Declaration of Independence: The Anti-Slavery Passages They Took Out,2026-07-04T12:30:35.705Z,,2026,,,public_or_owner_full,FULL_AUTHOR_EXPORT,author_export,205003003.thomas-jefferson-original-declaration-slavery,published,everyone,posts/205003003.thomas-jefferson-original-declaration-slavery.html,author_export:posts.csv,,3223,38,sha256:b1ae27afb1ab2c27f1397753d2debb2f5d1befbf569524903f509908332edfb2,C:\Users\domin\PycharmProjects\White-Rabbit-Article-Research-Team\research_library\previous_white_rabbit_articles\articles\2026\thomas-jefferson-original-declaration-slavery\article.md,true,,CURRENT,
WR-000073,https://thewhiterabbitreport.substack.com/p/moon-landing-hoax-apollo-11-questions,The Moon Landing (Hoax?): 7 Questions That Still Haunt The Apollo Program,2026-06-30T23:01:28.109Z,,2026,,,public_or_owner_full,FULL_AUTHOR_EXPORT,author_export,194953870.moon-landing-hoax-apollo-11-questions,published,only_paid,posts/194953870.moon-landing-hoax-apollo-11-questions.html,author_export:posts.csv,,4439,66,sha256:f7d4d4e8805d7b41df514194090554b31841af1966081a85ddfe33f5105d3cb5,C:\Users\domin\PycharmProjects\White-Rabbit-Article-Research-Team\research_library\previous_white_rabbit_articles\articles\2026\moon-landing-hoax-apollo-11-questions\article.md,true,,CURRENT,
WR-000043,https://thewhiterabbitreport.substack.com/p/haarp-weather-control-weather-modification-warfare-sky,HAARP Weather Control: Weather Warfare and the War for the Sky,2026-06-18T23:01:49.442Z,,2026,,,public_or_owner_full,FULL_AUTHOR_EXPORT,author_export,196556157.haarp-weather-control-weather-modification-warfare-sky,published,only_paid,posts/196556157.haarp-weather-control-weather-modification-warfare-sky.html,author_export:posts.csv,,4419,46,sha256:d68ef0b9fef52c1c3540b8d81f1371da6af377663780f754bfc97fb444f17ac7,C:\Users\domin\PycharmProjects\White-Rabbit-Article-Research-Team\research_library\previous_white_rabbit_articles\articles\2026\haarp-weather-control-weather-modification-warfare-sky\article.md,true,,CURRENT,
WR-000065,https://thewhiterabbitreport.substack.com/p/is-hantavirus-a-black-swan-event,Is Hantavirus a Black Swan Event? The Cruise Ship Outbreak Explained,2026-05-26T00:01:45.738Z,,2026,,,public_or_owner_full,FULL_AUTHOR_EXPORT,author_export,197535691.is-hantavirus-a-black-swan-event,published,everyone,posts/197535691.is-hantavirus-a-black-swan-event.html,author_export:posts.csv,,4314,55,sha256:c9623207dd700f04119e9d85393499cf6dbd56f1cda48409ac3c859fe3af4519,C:\Users\domin\PycharmProjects\White-Rabbit-Article-Research-Team\research_library\previous_white_rabbit_articles\articles\2026\is-hantavirus-a-black-swan-event\article.md,true,,CURRENT,
WR-000077,https://thewhiterabbitreport.substack.com/p/operation-gladio-in-america-watergate-operation-40-dea-syndicate,"Operation Gladio in America: Operation 40, Watergate, and More (Part 2/2)",2026-05-02T23:30:13.174Z,,2026,,,public_or_owner_full,FULL_AUTHOR_EXPORT,author_export,195916149.operation-gladio-in-america-watergate-operation-40-dea-syndicate,published,only_paid,posts/195916149.operation-gladio-in-america-watergate-operation-40-dea-syndicate.html,author_export:posts.csv,,7988,89,sha256:0b250276355bd5e0b37a4ccea0b5034b7c9e8d457f7b5eb41b909f97a264655f,C:\Users\domin\PycharmProjects\White-Rabbit-Article-Research-Team\research_library\previous_white_rabbit_articles\articles\2026\operation-gladio-in-america-watergate-operation-40-dea-syndicate\article.md,true,,CURRENT,
WR-000076,https://thewhiterabbitreport.substack.com/p/operation-gladio-in-america-nixon,"Operation Gladio in America: Nixon, Narcotics, and the CIA Pipeline (Part 1/2)",2026-04-29T23:01:28.878Z,,2026,,,public_or_owner_full,FULL_AUTHOR_EXPORT,author_export,195651748.operation-gladio-in-america-nixon,published,everyone,posts/195651748.operation-gladio-in-america-nixon.html,author_export:posts.csv,,4526,47,sha256:d9797bfecaa8b9f45e31eccca1d836ec321f187855d17913e668554587765655,C:\Users\domin\PycharmProjects\White-Rabbit-Article-Research-Team\research_library\previous_white_rabbit_articles\articles\2026\operation-gladio-in-america-nixon\article.md,true,,CURRENT,
WR-000022,https://thewhiterabbitreport.substack.com/p/epstein-files-7-jeffrey-epstein-death-conspiracy-suicide-murder-escape,"The Epstein Files: Suicide, Hit or Houdini Escape? – The Death Conspiracy (Part 7/7)",2026-04-19T00:00:23.100Z,,2026,,,public_or_owner_full,FULL_AUTHOR_EXPORT,author_export,187971955.epstein-files-7-jeffrey-epstein-death-conspiracy-suicide-murder-escape,published,only_paid,posts/187971955.epstein-files-7-jeffrey-epstein-death-conspiracy-suicide-murder-escape.html,author_export:posts.csv,,5693,66,sha256:9d9542785c9722b4127e87771203b98b1a1180f3e647cfaa88161c40cb85755f,C:\Users\domin\PycharmProjects\White-Rabbit-Article-Research-Team\research_library\previous_white_rabbit_articles\articles\2026\epstein-files-7-jeffrey-epstein-death-conspiracy-suicide-murder-escape\article.md,true,,CURRENT,
WR-000025,https://thewhiterabbitreport.substack.com/p/fbi-january-6-foreknowledge-memos-stood-down-planning,The FBI Knew January 6 Was Coming — And Did Nothing,2026-04-10T20:02:56.311Z,,2026,,,public_or_owner_full,FULL_AUTHOR_EXPORT,author_export,193827383.fbi-january-6-foreknowledge-memos-stood-down-planning,published,everyone,posts/193827383.fbi-january-6-foreknowledge-memos-stood-down-planning.html,author_export:posts.csv,,2706,44,sha256:0c72078805058dadd126da0d35568ce2672cfec88b3180263437b1872939f490,C:\Users\domin\PycharmProjects\White-Rabbit-Article-Research-Team\research_library\previous_white_rabbit_articles\articles\2026\fbi-january-6-foreknowledge-memos-stood-down-planning\article.md,true,,CURRENT,
WR-000098,https://thewhiterabbitreport.substack.com/p/ssri-in-children-risks-side-effects-mass-shooting,Natural Born Killer: SSRIs in Children and the Hidden Risks Behind Rising Prescriptions,2026-04-09T23:01:14.144Z,,2026,,,public_or_owner_full,FULL_AUTHOR_EXPORT,author_export,193090839.ssri-in-children-risks-side-effects-mass-shooting,published,only_paid,posts/193090839.ssri-in-children-risks-side-effects-mass-shooting.html,author_export:posts.csv,,7623,89,sha256:18a7c71e716f75b7aca03ee0672351ace3c1d0dadb6c50d75e59a5104efc416a,C:\Users\domin\PycharmProjects\White-Rabbit-Article-Research-Team\research_library\previous_white_rabbit_articles\articles\2026\ssri-in-children-risks-side-effects-mass-shooting\article.md,true,,CURRENT,
WR-000023,https://thewhiterabbitreport.substack.com/p/epstein-files-part-6-most-disturbing-evidence-emails,The Epstein Files: The Most Disturbing Emails Uncovered (Part 6/7),2026-04-02T23:01:40.969Z,,2026,,,public_or_owner_full,FULL_AUTHOR_EXPORT,author_export,187971833.epstein-files-part-6-most-disturbing-evidence-emails,published,only_paid,posts/187971833.epstein-files-part-6-most-disturbing-evidence-emails.html,author_export:posts.csv,,7402,82,sha256:e9a726606bd8fc574cc5285e1648aaf7e0de1a72999bf63719323e881b26b3e6,C:\Users\domin\PycharmProjects\White-Rabbit-Article-Research-Team\research_library\previous_white_rabbit_articles\articles\2026\epstein-files-part-6-most-disturbing-evidence-emails\article.md,true,,CURRENT,
WR-000021,https://thewhiterabbitreport.substack.com/p/epstein-files-5-follow-the-money,The Epstein Files: Follow The Money (Part 5/7),2026-03-23T23:01:08.932Z,,2026,,,public_or_owner_full,FULL_AUTHOR_EXPORT,author_export,187971637.epstein-files-5-follow-the-money,published,only_paid,posts/187971637.epstein-files-5-follow-the-money.html,author_export:posts.csv,,5880,41,sha256:e1d6e7e127fa2aacc553bb185360cc95d662c8ed2649c44428295af9af61ad4c,C:\Users\domin\PycharmProjects\White-Rabbit-Article-Research-Team\research_library\previous_white_rabbit_articles\articles\2026\epstein-files-5-follow-the-money\article.md,true,,CURRENT,
WR-000086,https://thewhiterabbitreport.substack.com/p/pearl-harbor-false-flag-theory,PEARL HARBOR COVER-UP: The False Flag That Launched World War II,2026-03-17T23:00:54.219Z,,2026,,,public_or_owner_full,FULL_AUTHOR_EXPORT,author_export,180619273.pearl-harbor-false-flag-theory,published,everyone,posts/180619273.pearl-harbor-false-flag-theory.html,author_export:posts.csv,,6416,65,sha256:d9216483724e0e68c6d93c72380c30c7f1fb9130fdb06fd45c69a69c07e1038f,C:\Users\domin\PycharmProjects\White-Rabbit-Article-Research-Team\research_library\previous_white_rabbit_articles\articles\2026\pearl-harbor-false-flag-theory\article.md,true,,CURRENT,
WR-000020,https://thewhiterabbitreport.substack.com/p/epstein-files-4-les-wexner-billionaire-enabler-mega-group,The Epstein Files: Les Wexner – Billionaire Enabler & Mega Group Secrets (Part 4/7),2026-03-06T23:15:41.724Z,,2026,,,public_or_owner_full,FULL_AUTHOR_EXPORT,author_export,187971466.epstein-files-4-les-wexner-billionaire-enabler-mega-group,published,only_paid,posts/187971466.epstein-files-4-les-wexner-billionaire-enabler-mega-group.html,author_export:posts.csv,,8010,73,sha256:5c322055a9387e74888e5e08c25e5a21a51e9e5dc0a918e41ce5b812515ebc8e,C:\Users\domin\PycharmProjects\White-Rabbit-Article-Research-Team\research_library\previous_white_rabbit_articles\articles\2026\epstein-files-4-les-wexner-billionaire-enabler-mega-group\article.md,true,,CURRENT,
WR-000019,https://thewhiterabbitreport.substack.com/p/epstein-files-3-maxwell-dynasty-mossad-grooming,The Epstein Files: The Maxwell Dynasty – Mossad Roots & Grooming Machine (Part 3/7),2026-02-27T00:00:27.656Z,,2026,,,public_or_owner_full,FULL_AUTHOR_EXPORT,author_export,187971141.epstein-files-3-maxwell-dynasty-mossad-grooming,published,only_paid,posts/187971141.epstein-files-3-maxwell-dynasty-mossad-grooming.html,author_export:posts.csv,,5538,55,sha256:a1d5ac9bdbf091cb349853b6a67d82b19859339e40261cb4b39ec50822ac1bd5,C:\Users\domin\PycharmProjects\White-Rabbit-Article-Research-Team\research_library\previous_white_rabbit_articles\articles\2026\epstein-files-3-maxwell-dynasty-mossad-grooming\article.md,true,,CURRENT,
WR-000018,https://thewhiterabbitreport.substack.com/p/epstein-files-2-dropout-to-israeli-spy-improbable-rise,The Epstein Files: From Dropout to Spy – The Improbable Rise (Part 2/7),2026-02-20T00:05:38.329Z,,2026,,,public_or_owner_full,FULL_AUTHOR_EXPORT,author_export,187970803.epstein-files-2-dropout-to-israeli-spy-improbable-rise,published,only_paid,posts/187970803.epstein-files-2-dropout-to-israeli-spy-improbable-rise.html,author_export:posts.csv,,6273,66,sha256:a121eed2d257ec7422e1b20cd92d9b9859246507aa6af5be4960ff4e29f66413,C:\Users\domin\PycharmProjects\White-Rabbit-Article-Research-Team\research_library\previous_white_rabbit_articles\articles\2026\epstein-files-2-dropout-to-israeli-spy-improbable-rise\article.md,true,,CURRENT,
WR-000017,https://thewhiterabbitreport.substack.com/p/epstein-files-1-epstein-scandal-teaser-blackmail-empire-exposed,The Epstein Files: Unraveling the Blackmail Empire – (Part 1/7),2026-02-20T00:01:03.946Z,,2026,,,public_or_owner_full,FULL_AUTHOR_EXPORT,author_export,187970117.epstein-files-1-epstein-scandal-teaser-blackmail-empire-exposed,published,everyone,posts/187970117.epstein-files-1-epstein-scandal-teaser-blackmail-empire-exposed.html,author_export:posts.csv,,1751,19,sha256:ab62159e5db3281aa4ed19ef743ae298af41127b97e04990e0767dd919d28709,C:\Users\domin\PycharmProjects\White-Rabbit-Article-Research-Team\research_library\previous_white_rabbit_articles\articles\2026\epstein-files-1-epstein-scandal-teaser-blackmail-empire-exposed\article.md,true,,CURRENT,
WR-000001,https://thewhiterabbitreport.substack.com/p/2020-election-fraud-the-evidence,2020 ELECTION FRAUD: The Evidence They Don't Want You to See,2026-02-12T00:05:11.899Z,,2026,,,public_or_owner_full,FULL_AUTHOR_EXPORT,author_export,186761704.2020-election-fraud-the-evidence,published,everyone,posts/186761704.2020-election-fraud-the-evidence.html,author_export:posts.csv,,6190,68,sha256:c3165e5eed82c97c91fad219f026bad753c7c37dd67d43d0b67dde24be6bea6c,C:\Users\domin\PycharmProjects\White-Rabbit-Article-Research-Team\research_library\previous_white_rabbit_articles\articles\2026\2020-election-fraud-the-evidence\article.md,true,,CURRENT,
WR-000089,https://thewhiterabbitreport.substack.com/p/project-sun-streak-cia-psychic-warfare-remote-viewing,PROJECT SUN STREAK: The Intelligence Program That Wasn’t Supposed to Work,2026-02-01T23:45:24.121Z,,2026,,,public_or_owner_full,FULL_AUTHOR_EXPORT,author_export,180620075.project-sun-streak-cia-psychic-warfare-remote-viewing,published,everyone,posts/180620075.project-sun-streak-cia-psychic-warfare-remote-viewing.html,author_export:posts.csv,,3357,19,sha256:76b94ef7c38a9ef17ae6745b753c58d600d5482d7e29ee7ad517741f6c5ce637,C:\Users\domin\PycharmProjects\White-Rabbit-Article-Research-Team\research_library\previous_white_rabbit_articles\articles\2026\project-sun-streak-cia-psychic-warfare-remote-viewing\article.md,true,,CURRENT,
WR-000109,https://thewhiterabbitreport.substack.com/p/the-grinch-was-right-real-christmas-villain,The Grinch Was Right: Who’s the Real Villain of Christmas?,2025-12-24T00:00:56.940Z,,2025,,,public_or_owner_full,FULL_AUTHOR_EXPORT,author_export,182335912.the-grinch-was-right-real-christmas-villain,published,everyone,posts/182335912.the-grinch-was-right-real-christmas-villain.html,author_export:posts.csv,,2052,15,sha256:00d3c48c7b975467541274e5deb8202ffeedaa385d19f9fa01a1e7d40e9f6a9a,C:\Users\domin\PycharmProjects\White-Rabbit-Article-Research-Team\research_library\previous_white_rabbit_articles\articles\2025\the-grinch-was-right-real-christmas-villain\article.md,true,,CURRENT,
WR-000014,https://thewhiterabbitreport.substack.com/p/darpa-wireless-brain-computer-interface-new-mkultra,The Rebirth of MK-ULTRA: DARPA’s Wireless Brain-Computer Interface,2025-12-13T00:15:23.309Z,,2025,,,public_or_owner_full,FULL_AUTHOR_EXPORT,author_export,181172795.darpa-wireless-brain-computer-interface-new-mkultra,published,only_paid,posts/181172795.darpa-wireless-brain-computer-interface-new-mkultra.html,author_export:posts.csv,,5141,42,sha256:e976f9614d278d0d52a208a146741d9514070211ff667c0578d3cf900ce7d052,C:\Users\domin\PycharmProjects\White-Rabbit-Article-Research-Team\research_library\previous_white_rabbit_articles\articles\2025\darpa-wireless-brain-computer-interface-new-mkultra\article.md,true,,CURRENT,
WR-000092,https://thewhiterabbitreport.substack.com/p/real-reasons-gaddafi-was-killed-cia-mi6-nato,The Assassination of Gaddafi: Why He Had to Die,2025-12-06T00:02:33.103Z,,2025,,,public_or_owner_full,FULL_AUTHOR_EXPORT,author_export,180619092.real-reasons-gaddafi-was-killed-cia-mi6-nato,published,only_paid,posts/180619092.real-reasons-gaddafi-was-killed-cia-mi6-nato.html,author_export:posts.csv,,4841,55,sha256:f494bf514aa2d4de763e6c32b7bcc48102995411ca6abf7b8a308d685053a855,C:\Users\domin\PycharmProjects\White-Rabbit-Article-Research-Team\research_library\previous_white_rabbit_articles\articles\2025\real-reasons-gaddafi-was-killed-cia-mi6-nato\article.md,true,,CURRENT,
WR-000053,https://thewhiterabbitreport.substack.com/p/venezuela-election-psy-op-cia-smartmatic-maduro,The Venezuela Election Psy-Op: How the CIA Uses Smartmatic to Blame Maduro for Their Own Crimes,2025-12-04T00:03:08.165Z,,2025,,,public_or_owner_full,FULL_AUTHOR_EXPORT,author_export,180119809.venezuela-election-psy-op-cia-smartmatic-maduro,published,everyone,posts/180119809.venezuela-election-psy-op-cia-smartmatic-maduro.html,author_export:posts.csv,,3404,50,sha256:8a2fefddd207c5de73d7afa346126ee724382156cfd458cf8b4d60ec968ff43f,C:\Users\domin\PycharmProjects\White-Rabbit-Article-Research-Team\research_library\previous_white_rabbit_articles\articles\2025\venezuela-election-psy-op-cia-smartmatic-maduro\article.md,true,,CURRENT,
WR-000090,https://thewhiterabbitreport.substack.com/p/rahmanullah-lakanwal-cia-commando-white-house-shooting,From CIA Commando to White House Shooter: The Story of Rahmanullah Lakanwal,2025-11-27T02:38:36.554Z,,2025,,,public_or_owner_full,FULL_AUTHOR_EXPORT,author_export,180072300.rahmanullah-lakanwal-cia-commando-white-house-shooting,published,everyone,posts/180072300.rahmanullah-lakanwal-cia-commando-white-house-shooting.html,author_export:posts.csv,,1802,25,sha256:6c5ce7ba6f97d4c03519756018dbfb1e58b7670b6449215ba934ce304fb9edd2,C:\Users\domin\PycharmProjects\White-Rabbit-Article-Research-Team\research_library\previous_white_rabbit_articles\articles\2025\rahmanullah-lakanwal-cia-commando-white-house-shooting\article.md,true,,CURRENT,
WR-000041,https://thewhiterabbitreport.substack.com/p/governors-school-clinton-indoctrination-camp-gate-conspiracy,The Governor's School: The Clinton Indoctrination Camp,2025-11-21T00:05:41.222Z,,2025,,,public_or_owner_full,FULL_AUTHOR_EXPORT,author_export,161022103.governors-school-clinton-indoctrination-camp-gate-conspiracy,published,everyone,posts/161022103.governors-school-clinton-indoctrination-camp-gate-conspiracy.html,author_export:posts.csv,,4399,74,sha256:2181cb3dea7ca2eed8b2a94f70657bcb0852159156c50b6c7d3cce1767d3a36c,C:\Users\domin\PycharmProjects\White-Rabbit-Article-Research-Team\research_library\previous_white_rabbit_articles\articles\2025\governors-school-clinton-indoctrination-camp-gate-conspiracy\article.md,true,,CURRENT,
WR-000084,https://thewhiterabbitreport.substack.com/p/osama-bin-laden-cia-connection,Osama Bin Laden and the CIA: The Secret Alliance Behind Al-Qaeda,2025-11-14T23:12:42.172Z,,2025,,,public_or_owner_full,FULL_AUTHOR_EXPORT,author_export,178706427.osama-bin-laden-cia-connection,published,everyone,posts/178706427.osama-bin-laden-cia-connection.html,author_export:posts.csv,,6671,81,sha256:97ad335b9215ce06419c1c9029b39d7341760b09bcb526d6c07f6253bb2de0e9,C:\Users\domin\PycharmProjects\White-Rabbit-Article-Research-Team\research_library\previous_white_rabbit_articles\articles\2025\osama-bin-laden-cia-connection\article.md,true,,CURRENT,
WR-000010,https://thewhiterabbitreport.substack.com/p/charles-manson-murders-cia-jolly-west-mkultra,CHARLES MANSON & THE CIA: How Dr. Jolly West Programmed a Killer,2025-10-25T00:08:36.611Z,,2025,,,public_or_owner_full,FULL_AUTHOR_EXPORT,author_export,176768831.charles-manson-murders-cia-jolly-west-mkultra,published,everyone,posts/176768831.charles-manson-murders-cia-jolly-west-mkultra.html,author_export:posts.csv,,8043,119,sha256:55c9c69b9df51dec309d7024cd4da056b588506ef6fe2a8cb445fe1b3ba98d2f,C:\Users\domin\PycharmProjects\White-Rabbit-Article-Research-Team\research_library\previous_white_rabbit_articles\articles\2025\charles-manson-murders-cia-jolly-west-mkultra\article.md,true,,CURRENT,
WR-000141,https://thewhiterabbitreport.substack.com/p/what-is-mall-world-gate-conspiracy-part-6-gatekeepers,GATEKeepers Pt 6 | MALL WORLD,2025-10-21T23:06:38.581Z,,2025,,,public_or_owner_full,FULL_AUTHOR_EXPORT,author_export,176240570.what-is-mall-world-gate-conspiracy-part-6-gatekeepers,published,only_paid,posts/176240570.what-is-mall-world-gate-conspiracy-part-6-gatekeepers.html,author_export:posts.csv,,4328,64,sha256:75a1de01e52c0422df20d96e72b6e12ee701e35b6405d6f93430347213b07dc2,C:\Users\domin\PycharmProjects\White-Rabbit-Article-Research-Team\research_library\previous_white_rabbit_articles\articles\2025\what-is-mall-world-gate-conspiracy-part-6-gatekeepers\article.md,true,,CURRENT,
WR-000094,https://thewhiterabbitreport.substack.com/p/russian-dossier-jfk-assassination-secrets,The Russian Dossier on the JFK Assassination: What Moscow’s Files Reveal That America Won’t,2025-10-17T16:48:48.337Z,,2025,,,public_or_owner_full,FULL_AUTHOR_EXPORT,author_export,176422661.russian-dossier-jfk-assassination-secrets,published,everyone,posts/176422661.russian-dossier-jfk-assassination-secrets.html,author_export:posts.csv,,7132,110,sha256:cd6a52f7db369fbe166cd2f92e17cbaa99baa068cbce9e7ad2518df2810970f2,C:\Users\domin\PycharmProjects\White-Rabbit-Article-Research-Team\research_library\previous_white_rabbit_articles\articles\2025\russian-dossier-jfk-assassination-secrets\article.md,true,,CURRENT,
WR-000096,https://thewhiterabbitreport.substack.com/p/sidney-gottlieb-cia-mkultra-mind-control,Sidney Gottlieb : The Mind Behind MK-ULTRA,2025-10-15T23:00:47.820Z,,2025,,,public_or_owner_full,FULL_AUTHOR_EXPORT,author_export,169152642.sidney-gottlieb-cia-mkultra-mind-control,published,everyone,posts/169152642.sidney-gottlieb-cia-mkultra-mind-control.html,author_export:posts.csv,,7365,118,sha256:acb1110f4d9706009d78ac17db626743508e459a90b0cfa891930519f4f267b0,C:\Users\domin\PycharmProjects\White-Rabbit-Article-Research-Team\research_library\previous_white_rabbit_articles\articles\2025\sidney-gottlieb-cia-mkultra-mind-control\article.md,true,,CURRENT,
WR-000115,https://thewhiterabbitreport.substack.com/p/the-mk-ultra-files-project-monarch,The MK-Ultra Files | PROJECT MONARCH (Part 5 of 5),2025-10-09T23:00:59.345Z,,2025,,,public_or_owner_full,FULL_AUTHOR_EXPORT,author_export,170929879.the-mk-ultra-files-project-monarch,published,only_paid,posts/170929879.the-mk-ultra-files-project-monarch.html,author_export:posts.csv,,6086,78,sha256:e660eb26f0a985f04f22d46144b256eba8d31057f65e3fae3de690ff9de082ae,C:\Users\domin\PycharmProjects\White-Rabbit-Article-Research-Team\research_library\previous_white_rabbit_articles\articles\2025\the-mk-ultra-files-project-monarch\article.md,true,,CURRENT,
WR-000112,https://thewhiterabbitreport.substack.com/p/the-mk-ultra-files-bizarre-experiments-part-4,The MK-Ultra Files | The Bizarre Experiments (Part 4 of 5),2025-10-08T22:35:09.941Z,,2025,,,public_or_owner_full,FULL_AUTHOR_EXPORT,author_export,157591355.the-mk-ultra-files-bizarre-experiments-part-4,published,only_paid,posts/157591355.the-mk-ultra-files-bizarre-experiments-part-4.html,author_export:posts.csv,,5632,67,sha256:a66a77735be1317c9a8243e32a7843d764b6dce42374db37796b6e9345510c11,C:\Users\domin\PycharmProjects\White-Rabbit-Article-Research-Team\research_library\previous_white_rabbit_articles\articles\2025\the-mk-ultra-files-bizarre-experiments-part-4\article.md,true,,CURRENT,
WR-000113,https://thewhiterabbitreport.substack.com/p/the-mk-ultra-files-climax-lsd-operation-part-3,"The MK-Ultra Files | Sex, LSD & Human Experiments (Part 3 of 5)",2025-10-07T23:05:23.264Z,,2025,,,public_or_owner_full,FULL_AUTHOR_EXPORT,author_export,157555268.the-mk-ultra-files-climax-lsd-operation-part-3,published,only_paid,posts/157555268.the-mk-ultra-files-climax-lsd-operation-part-3.html,author_export:posts.csv,,2715,30,sha256:e98754f446586f5cf11da194b91ee483dd4c355b8a9e269b599234ea3665dee1,C:\Users\domin\PycharmProjects\White-Rabbit-Article-Research-Team\research_library\previous_white_rabbit_articles\articles\2025\the-mk-ultra-files-climax-lsd-operation-part-3\article.md,true,,CURRENT,
WR-000071,https://thewhiterabbitreport.substack.com/p/mk-ultra-files-drugs-lsd-mind-games-part-2,The MK-Ultra Files | Drugs & Mind Games (Part 2 of 5),2025-10-06T22:58:25.582Z,,2025,,,public_or_owner_full,FULL_AUTHOR_EXPORT,author_export,156795813.mk-ultra-files-drugs-lsd-mind-games-part-2,published,only_paid,posts/156795813.mk-ultra-files-drugs-lsd-mind-games-part-2.html,author_export:posts.csv,,5552,75,sha256:649c91cb9bf40d0b385e3f11dd42cbf7a3a0f10e92ac08920c99f7449868a071,C:\Users\domin\PycharmProjects\White-Rabbit-Article-Research-Team\research_library\previous_white_rabbit_articles\articles\2025\mk-ultra-files-drugs-lsd-mind-games-part-2\article.md,true,,CURRENT,
WR-000114,https://thewhiterabbitreport.substack.com/p/the-mk-ultra-files-part-one-the-origins-of-mind-control,The MK-Ultra Files | The Origins of Mind Control (Part 1 of 5),2025-10-03T22:46:00.112Z,,2025,,,public_or_owner_full,FULL_AUTHOR_EXPORT,author_export,156739020.the-mk-ultra-files-part-one-the-origins-of-mind-control,published,everyone,posts/156739020.the-mk-ultra-files-part-one-the-origins-of-mind-control.html,author_export:posts.csv,,5309,58,sha256:c41f4af131acdd8a5e28cabdedfc16f03f19368bab5da186c89aaf847b55d939,C:\Users\domin\PycharmProjects\White-Rabbit-Article-Research-Team\research_library\previous_white_rabbit_articles\articles\2025\the-mk-ultra-files-part-one-the-origins-of-mind-control\article.md,true,,CURRENT,
WR-000121,https://thewhiterabbitreport.substack.com/p/the-trans-illusion-big-pharma-politics-identity,"The Trans Illusion: How Big Pharma, Politics, and Ideology Turned Identity Into a Weapon",2025-10-01T22:36:11.929Z,,2025,,,public_or_owner_full,FULL_AUTHOR_EXPORT,author_export,173379310.the-trans-illusion-big-pharma-politics-identity,published,everyone,posts/173379310.the-trans-illusion-big-pharma-politics-identity.html,author_export:posts.csv,,5499,72,sha256:fd8cfedf226926627fd4d0ca1c22dc841d80d34ee4a0f97c6bbfa53fd1be9e79,C:\Users\domin\PycharmProjects\White-Rabbit-Article-Research-Team\research_library\previous_white_rabbit_articles\articles\2025\the-trans-illusion-big-pharma-politics-identity\article.md,true,,CURRENT,
WR-000006,https://thewhiterabbitreport.substack.com/p/blackrocks-aladdin-the-ai-quietly,BlackRock's Aladdin: The AI Quietly Running the World?,2025-09-25T01:03:36.273Z,,2025,,,public_or_owner_full,FULL_AUTHOR_EXPORT,author_export,174442880.blackrocks-aladdin-the-ai-quietly,published,everyone,posts/174442880.blackrocks-aladdin-the-ai-quietly.html,author_export:posts.csv,,3466,57,sha256:b9090bc67c0bc87eb0784fff99b6586b6fcb0d7a482dcac73436b76b2886d9de,C:\Users\domin\PycharmProjects\White-Rabbit-Article-Research-Team\research_library\previous_white_rabbit_articles\articles\2025\blackrocks-aladdin-the-ai-quietly\article.md,true,,CURRENT,
WR-000072,https://thewhiterabbitreport.substack.com/p/montauk-project-stranger-things-inspiration,The Montauk Project: Deep Dive on The Real Inspiration for Stranger Things,2025-09-09T23:00:33.482Z,,2025,,,public_or_owner_full,FULL_AUTHOR_EXPORT,author_export,173113625.montauk-project-stranger-things-inspiration,published,everyone,posts/173113625.montauk-project-stranger-things-inspiration.html,author_export:posts.csv,,7146,113,sha256:cca7d1224ce1e7cd8c592a114afa7cc05d67f74fba11233e865cf718517b3e03,C:\Users\domin\PycharmProjects\White-Rabbit-Article-Research-Team\research_library\previous_white_rabbit_articles\articles\2025\montauk-project-stranger-things-inspiration\article.md,true,,CURRENT,
WR-000042,https://thewhiterabbitreport.substack.com/p/gulf-of-tonkin-incident-lie-vietnam-war,The Gulf of Tonkin Incident: The Lie That Sparked the Vietnam War,2025-08-27T12:03:04.696Z,,2025,,,public_or_owner_full,FULL_AUTHOR_EXPORT,author_export,171956954.gulf-of-tonkin-incident-lie-vietnam-war,published,everyone,posts/171956954.gulf-of-tonkin-incident-lie-vietnam-war.html,author_export:posts.csv,,2282,27,sha256:cdbb9fcaeee6057190fd3a04c54fa34d38ee5f9df62e7d71d2e49b4df738cd9c,C:\Users\domin\PycharmProjects\White-Rabbit-Article-Research-Team\research_library\previous_white_rabbit_articles\articles\2025\gulf-of-tonkin-incident-lie-vietnam-war\article.md,true,,CURRENT,
WR-000139,https://thewhiterabbitreport.substack.com/p/was-january-6-a-set-up-16-clues-of,Was January 6 a Set Up? 16 Clues of a Deep State Plot,2025-08-20T23:44:05.370Z,,2025,,,public_or_owner_full,FULL_AUTHOR_EXPORT,author_export,159651569.was-january-6-a-set-up-16-clues-of,published,everyone,posts/159651569.was-january-6-a-set-up-16-clues-of.html,author_export:posts.csv,,9109,102,sha256:44c7db1783c870e1bec603a85dea43538b7e76feeda2169a9bd48ec999149bb0,C:\Users\domin\PycharmProjects\White-Rabbit-Article-Research-Team\research_library\previous_white_rabbit_articles\articles\2025\was-january-6-a-set-up-16-clues-of\article.md,true,,CURRENT,
WR-000030,https://thewhiterabbitreport.substack.com/p/five-star-trust-part-5-robert-ferrera-cia-black-eagle,The Five Star Trust: The Phantom General – Robert Ferrera (Part 5/5),2025-07-29T23:42:52.261Z,,2025,,,public_or_owner_full,FULL_AUTHOR_EXPORT,author_export,167615133.five-star-trust-part-5-robert-ferrera-cia-black-eagle,published,only_paid,posts/167615133.five-star-trust-part-5-robert-ferrera-cia-black-eagle.html,author_export:posts.csv,,5575,66,sha256:23e6eba7a5189149651af39d908e38f17809e66e2076679bb47118d237a74270,C:\Users\domin\PycharmProjects\White-Rabbit-Article-Research-Team\research_library\previous_white_rabbit_articles\articles\2025\five-star-trust-part-5-robert-ferrera-cia-black-eagle\article.md,true,,CURRENT,
WR-000029,https://thewhiterabbitreport.substack.com/p/five-star-trust-part-4-betrayal-courts-deep-state,The Five Star Trust: The Trillion Dollar War (Part 4/5),2025-07-28T23:03:12.387Z,,2025,,,public_or_owner_full,FULL_AUTHOR_EXPORT,author_export,167615092.five-star-trust-part-4-betrayal-courts-deep-state,published,only_paid,posts/167615092.five-star-trust-part-4-betrayal-courts-deep-state.html,author_export:posts.csv,,2007,27,sha256:344a0c71d4dea34e000400ed7bfd29b29ba0b917322ca66b3e11de1f903159d8,C:\Users\domin\PycharmProjects\White-Rabbit-Article-Research-Team\research_library\previous_white_rabbit_articles\articles\2025\five-star-trust-part-4-betrayal-courts-deep-state\article.md,true,,CURRENT,
WR-000028,https://thewhiterabbitreport.substack.com/p/five-star-trust-part-3-cia-black-budget-bank-structure,The Five Star Trust: Black Money (Part 3/5),2025-07-25T23:00:29.241Z,,2025,,,public_or_owner_full,FULL_AUTHOR_EXPORT,author_export,167615050.five-star-trust-part-3-cia-black-budget-bank-structure,published,only_paid,posts/167615050.five-star-trust-part-3-cia-black-budget-bank-structure.html,author_export:posts.csv,,4749,67,sha256:a534035e4110063e242d92e30d61c059f5920ac59a463c3679f5224a3896e971,C:\Users\domin\PycharmProjects\White-Rabbit-Article-Research-Team\research_library\previous_white_rabbit_articles\articles\2025\five-star-trust-part-3-cia-black-budget-bank-structure\article.md,true,,CURRENT,
WR-000027,https://thewhiterabbitreport.substack.com/p/five-star-trust-part-2-phoenix-program-japan-connection,The Five Star Trust: Loose Ends (Part 2/5),2025-07-24T23:01:00.360Z,,2025,,,public_or_owner_full,FULL_AUTHOR_EXPORT,author_export,167615035.five-star-trust-part-2-phoenix-program-japan-connection,published,only_paid,posts/167615035.five-star-trust-part-2-phoenix-program-japan-connection.html,author_export:posts.csv,,4235,53,sha256:7068cc9471f085000120edf17fa7b99a0fbdeb2e579d155b46d8b9233f52849f,C:\Users\domin\PycharmProjects\White-Rabbit-Article-Research-Team\research_library\previous_white_rabbit_articles\articles\2025\five-star-trust-part-2-phoenix-program-japan-connection\article.md,true,,CURRENT,
WR-000026,https://thewhiterabbitreport.substack.com/p/five-star-trust-part-1-kennedy-file-cia-black-budget,The Five Star Trust: The Kennedy File and the CIA’s Secret Bank Account (Part 1/5),2025-07-23T23:48:17.021Z,,2025,,,public_or_owner_full,FULL_AUTHOR_EXPORT,author_export,167207162.five-star-trust-part-1-kennedy-file-cia-black-budget,published,everyone,posts/167207162.five-star-trust-part-1-kennedy-file-cia-black-budget.html,author_export:posts.csv,,5182,63,sha256:492b0f4bdb11319faec39ef9f47ddbdf27b375f53d6da8fd774db04497871ac4,C:\Users\domin\PycharmProjects\White-Rabbit-Article-Research-Team\research_library\previous_white_rabbit_articles\articles\2025\five-star-trust-part-1-kennedy-file-cia-black-budget\article.md,true,,CURRENT,
WR-000130,https://thewhiterabbitreport.substack.com/p/tulsi-gabbard-obama-russia-hoax-expose,Tulsi Gabbard vs. the Deep State: Inside the Obama-Era Russia Hoax,2025-07-19T23:32:35.617Z,,2025,,,public_or_owner_full,FULL_AUTHOR_EXPORT,author_export,168711935.tulsi-gabbard-obama-russia-hoax-expose,published,everyone,posts/168711935.tulsi-gabbard-obama-russia-hoax-expose.html,author_export:posts.csv,,8266,121,sha256:d93f1e479a7bd0015fbf2dcf46ac0c7050b50ca3f2afdabf60abe73c27c35367,C:\Users\domin\PycharmProjects\White-Rabbit-Article-Research-Team\research_library\previous_white_rabbit_articles\articles\2025\tulsi-gabbard-obama-russia-hoax-expose\article.md,true,,CURRENT,
WR-000038,https://thewhiterabbitreport.substack.com/p/gatekeepers-pt-5-the-gate-curriculum-cia-psychic-worksheets-conspiracy,GATEKeepers Pt 5 | The GATE Curriculum,2025-06-30T12:47:19.511Z,,2025,,,public_or_owner_full,FULL_AUTHOR_EXPORT,author_export,163483681.gatekeepers-pt-5-the-gate-curriculum-cia-psychic-worksheets-conspiracy,published,only_paid,posts/163483681.gatekeepers-pt-5-the-gate-curriculum-cia-psychic-worksheets-conspiracy.html,author_export:posts.csv,,6381,65,sha256:4102385c931e3d9b9831f90d7e01c623ab2fe6027da9975244a81cd17e4f7858,C:\Users\domin\PycharmProjects\White-Rabbit-Article-Research-Team\research_library\previous_white_rabbit_articles\articles\2025\gatekeepers-pt-5-the-gate-curriculum-cia-psychic-worksheets-conspiracy\article.md,true,,CURRENT,
WR-000062,https://thewhiterabbitreport.substack.com/p/international-syndicate-new-world-order-playbook-mi6-cia-nato-mossad,"The International Syndicate: How the West Manufactures Enemies, Wars, and Control (Part 5/5)",2025-06-27T12:40:23.831Z,,2025,,,public_or_owner_full,FULL_AUTHOR_EXPORT,author_export,166352665.international-syndicate-new-world-order-playbook-mi6-cia-nato-mossad,published,only_paid,posts/166352665.international-syndicate-new-world-order-playbook-mi6-cia-nato-mossad.html,author_export:posts.csv,,2578,20,sha256:454110a7597164da765d57cedcfd1c1c452fb0756d085f6a262ac5d79a43cddb,C:\Users\domin\PycharmProjects\White-Rabbit-Article-Research-Team\research_library\previous_white_rabbit_articles\articles\2025\international-syndicate-new-world-order-playbook-mi6-cia-nato-mossad\article.md,true,,CURRENT,
WR-000064,https://thewhiterabbitreport.substack.com/p/international-syndicate-psyops-media-control-cia-mi6-nato,"The International Syndicate: How the West Manufactures Enemies, Wars, and Control (Part 4/5)",2025-06-26T23:27:13.307Z,,2025,,,public_or_owner_full,FULL_AUTHOR_EXPORT,author_export,166352710.international-syndicate-psyops-media-control-cia-mi6-nato,published,only_paid,posts/166352710.international-syndicate-psyops-media-control-cia-mi6-nato.html,author_export:posts.csv,,5475,49,sha256:e32a79dd1bfdb23f274640a63b92ccc9b828bf7b0aee2b3be7dd81820f719995,C:\Users\domin\PycharmProjects\White-Rabbit-Article-Research-Team\research_library\previous_white_rabbit_articles\articles\2025\international-syndicate-psyops-media-control-cia-mi6-nato\article.md,true,,CURRENT,
WR-000061,https://thewhiterabbitreport.substack.com/p/international-syndicate-funding-drugs-trafficking-cia-nato-mi6,"The International Syndicate: How the West Manufactures Enemies, Wars, and Control (Part 3/5)",2025-06-22T00:19:18.592Z,,2025,,,public_or_owner_full,FULL_AUTHOR_EXPORT,author_export,166352587.international-syndicate-funding-drugs-trafficking-cia-nato-mi6,published,only_paid,posts/166352587.international-syndicate-funding-drugs-trafficking-cia-nato-mi6.html,author_export:posts.csv,,3180,26,sha256:3063316bb2abd0497c5ea7328271203a3f255196096cfcfea319ac9ab2ff421d,C:\Users\domin\PycharmProjects\White-Rabbit-Article-Research-Team\research_library\previous_white_rabbit_articles\articles\2025\international-syndicate-funding-drugs-trafficking-cia-nato-mi6\article.md,true,,CURRENT,
WR-000063,https://thewhiterabbitreport.substack.com/p/international-syndicate-power-structure-cia-nato-mi6,"The International Syndicate: How the West Manufactures Enemies, Wars, and Control (Part 2/5)",2025-06-20T23:30:29.269Z,,2025,,,public_or_owner_full,FULL_AUTHOR_EXPORT,author_export,166352575.international-syndicate-power-structure-cia-nato-mi6,published,only_paid,posts/166352575.international-syndicate-power-structure-cia-nato-mi6.html,author_export:posts.csv,,1580,25,sha256:f5016264e2ac58b82e5a11b0259bb5584e847a3485be90525a5236a9063d58fc,C:\Users\domin\PycharmProjects\White-Rabbit-Article-Research-Team\research_library\previous_white_rabbit_articles\articles\2025\international-syndicate-power-structure-cia-nato-mi6\article.md,true,,CURRENT,
WR-000060,https://thewhiterabbitreport.substack.com/p/international-syndicate-cia-mi6-nato-global-control-gladio,"The International Syndicate: How the West Manufactures Enemies, Wars, and Control (Part 1/5)",2025-06-20T00:38:22.470Z,,2025,,,public_or_owner_full,FULL_AUTHOR_EXPORT,author_export,166182761.international-syndicate-cia-mi6-nato-global-control-gladio,published,everyone,posts/166182761.international-syndicate-cia-mi6-nato-global-control-gladio.html,author_export:posts.csv,,1691,23,sha256:0b883cc09cf2c63f1f322f72306cd89c6a36e200e023b362629fccdff810bfaf,C:\Users\domin\PycharmProjects\White-Rabbit-Article-Research-Team\research_library\previous_white_rabbit_articles\articles\2025\international-syndicate-cia-mi6-nato-global-control-gladio\article.md,true,,CURRENT,
WR-000135,https://thewhiterabbitreport.substack.com/p/uss-liberty-false-flag-israel-iran-war,The USS Liberty Cover-Up: Blueprint for War with Iran?,2025-06-17T22:30:17.462Z,,2025,,,public_or_owner_full,FULL_AUTHOR_EXPORT,author_export,166115960.uss-liberty-false-flag-israel-iran-war,published,everyone,posts/166115960.uss-liberty-false-flag-israel-iran-war.html,author_export:posts.csv,,3708,40,sha256:e1240b13ca5e240241dfd3f525586cb852d5857cd5714cd8f01606f9fbd78778,C:\Users\domin\PycharmProjects\White-Rabbit-Article-Research-Team\research_library\previous_white_rabbit_articles\articles\2025\uss-liberty-false-flag-israel-iran-war\article.md,true,,CURRENT,
WR-000083,https://thewhiterabbitreport.substack.com/p/origins-israeli-palestine-conflict,Lines in the Sand: How the Israeli-Palestinian Conflict Was Made (1/2),2025-06-13T22:30:36.036Z,,2025,,,public_or_owner_full,FULL_AUTHOR_EXPORT,author_export,165875255.origins-israeli-palestine-conflict,published,everyone,posts/165875255.origins-israeli-palestine-conflict.html,author_export:posts.csv,,2914,49,sha256:d0b15c9a86d39da0dffb8c5487d6097219304e73f88761b309768b0d170bfb37,C:\Users\domin\PycharmProjects\White-Rabbit-Article-Research-Team\research_library\previous_white_rabbit_articles\articles\2025\origins-israeli-palestine-conflict\article.md,true,,CURRENT,
WR-000068,https://thewhiterabbitreport.substack.com/p/lines-in-the-sand-how-the-israeli,Lines in the Sand: How the Israeli-Palestinian Conflict Was Made (2/2),2025-06-13T22:30:33.853Z,,2025,,,public_or_owner_full,FULL_AUTHOR_EXPORT,author_export,165890884.lines-in-the-sand-how-the-israeli,published,only_paid,posts/165890884.lines-in-the-sand-how-the-israeli.html,author_export:posts.csv,,2692,51,sha256:59f85a541ca3dbde6fe61527e1d8fe3a8866ee969533166686dc0d83fbe0eff7,C:\Users\domin\PycharmProjects\White-Rabbit-Article-Research-Team\research_library\previous_white_rabbit_articles\articles\2025\lines-in-the-sand-how-the-israeli\article.md,true,,CURRENT,
WR-000093,https://thewhiterabbitreport.substack.com/p/rfk-assassination-declassified-documents,New Declassified Documents on RFK Assassination Reveal Shocking Details,2025-06-13T01:18:18.286Z,,2025,,,public_or_owner_full,FULL_AUTHOR_EXPORT,author_export,165795976.rfk-assassination-declassified-documents,published,everyone,posts/165795976.rfk-assassination-declassified-documents.html,author_export:posts.csv,,6013,99,sha256:483b3a44a86853e09970a69306496222ad2e68d465f590128416d241b39c04a8,C:\Users\domin\PycharmProjects\White-Rabbit-Article-Research-Team\research_library\previous_white_rabbit_articles\articles\2025\rfk-assassination-declassified-documents\article.md,true,,CURRENT,
WR-000106,https://thewhiterabbitreport.substack.com/p/the-good-shepherd-gladio-cia-mi6-nato,"The Good Shepherd: Part 3/3 – NATO, MI6, CIA & The Making of a Covert Empire",2025-05-17T15:39:25.739Z,,2025,,,public_or_owner_full,FULL_AUTHOR_EXPORT,author_export,160358005.the-good-shepherd-gladio-cia-mi6-nato,published,only_paid,posts/160358005.the-good-shepherd-gladio-cia-mi6-nato.html,author_export:posts.csv,,5947,79,sha256:a36d76dc3d97cc8eb4d6d9456a81c284137c579f4e08ca2ac960390a38d7e519,C:\Users\domin\PycharmProjects\White-Rabbit-Article-Research-Team\research_library\previous_white_rabbit_articles\articles\2025\the-good-shepherd-gladio-cia-mi6-nato\article.md,true,,CURRENT,
WR-000107,https://thewhiterabbitreport.substack.com/p/the-good-shepherd-real-men-behind-movie,The Good Shepherd: Part 2/3 – The Real Men Behind the Movie,2025-05-16T23:01:16.622Z,,2025,,,public_or_owner_full,FULL_AUTHOR_EXPORT,author_export,160357987.the-good-shepherd-real-men-behind-movie,published,only_paid,posts/160357987.the-good-shepherd-real-men-behind-movie.html,author_export:posts.csv,,6942,92,sha256:0e32a0449af9516eee7f62bb957145447a25be15b4c7ddf356ce3d270028bd4e,C:\Users\domin\PycharmProjects\White-Rabbit-Article-Research-Team\research_library\previous_white_rabbit_articles\articles\2025\the-good-shepherd-real-men-behind-movie\article.md,true,,CURRENT,
WR-000108,https://thewhiterabbitreport.substack.com/p/the-good-shepherd-unmasking-cia-mi6-hidden-history,The Good Shepherd: Part 1/3 – Unmasking the CIA and MI6’s Hidden History,2025-05-16T10:15:26.772Z,,2025,,,public_or_owner_full,FULL_AUTHOR_EXPORT,author_export,160201738.the-good-shepherd-unmasking-cia-mi6-hidden-history,published,everyone,posts/160201738.the-good-shepherd-unmasking-cia-mi6-hidden-history.html,author_export:posts.csv,,3900,48,sha256:db38df938db6a810d777a6c00497387ebd865f8ce18bc2b6128708f26d777371,C:\Users\domin\PycharmProjects\White-Rabbit-Article-Research-Team\research_library\previous_white_rabbit_articles\articles\2025\the-good-shepherd-unmasking-cia-mi6-hidden-history\article.md,true,,CURRENT,
WR-000117,https://thewhiterabbitreport.substack.com/p/the-playbook-8-red-flags-of-a-cia-regime-change,THE PLAYBOOK: 8 Red Flags of a CIA-Backed Regime Change,2025-05-13T00:01:23.042Z,,2025,,,public_or_owner_full,FULL_AUTHOR_EXPORT,author_export,163091985.the-playbook-8-red-flags-of-a-cia-regime-change,published,everyone,posts/163091985.the-playbook-8-red-flags-of-a-cia-regime-change.html,author_export:posts.csv,,1220,15,sha256:fdb8fe368f806e22ee6473f498008487dd7ada7a8cd6743c2383e106feaa8f33,C:\Users\domin\PycharmProjects\White-Rabbit-Article-Research-Team\research_library\previous_white_rabbit_articles\articles\2025\the-playbook-8-red-flags-of-a-cia-regime-change\article.md,true,,CURRENT,
WR-000116,https://thewhiterabbitreport.substack.com/p/the-papal-pope-prophecy-secrets-signs,"The Papal Prophecy: Secrets, Signs, and the Future of the Pope",2025-05-07T19:20:21.302Z,,2025,,,public_or_owner_full,FULL_AUTHOR_EXPORT,author_export,163070209.the-papal-pope-prophecy-secrets-signs,published,everyone,posts/163070209.the-papal-pope-prophecy-secrets-signs.html,author_export:posts.csv,,3431,42,sha256:8b8f84427cd9e5d81b80c2e2dd7514373a5ff8bffff9682d65f6a26ed6fb68b4,C:\Users\domin\PycharmProjects\White-Rabbit-Article-Research-Team\research_library\previous_white_rabbit_articles\articles\2025\the-papal-pope-prophecy-secrets-signs\article.md,true,,CURRENT,
WR-000037,https://thewhiterabbitreport.substack.com/p/gatekeepers-pt-4-the-profile-of-a-gifted-talented-student-selection-cia-mkultra-conspiracy,GATEKeepers Pt 4 | The Profile of a GATE Student,2025-05-04T17:18:29.803Z,,2025,,,public_or_owner_full,FULL_AUTHOR_EXPORT,author_export,162687781.gatekeepers-pt-4-the-profile-of-a-gifted-talented-student-selection-cia-mkultra-conspiracy,published,only_paid,posts/162687781.gatekeepers-pt-4-the-profile-of-a-gifted-talented-student-selection-cia-mkultra-conspiracy.html,author_export:posts.csv,,6397,73,sha256:018e5f0c2521b8598d0e1c0c04ef2aa459089665e5ef5b842a8e0b45bf6e6951,C:\Users\domin\PycharmProjects\White-Rabbit-Article-Research-Team\research_library\previous_white_rabbit_articles\articles\2025\gatekeepers-pt-4-the-profile-of-a-gifted-talented-student-selection-cia-mkultra-conspiracy\article.md,true,,CURRENT,
WR-000101,https://thewhiterabbitreport.substack.com/p/the-blueprint-pt-3-the-cia-global-coup-history-today,The Blueprint Pt 3/3: The CIA’s Global Coup Machine (Today),2025-05-01T00:01:02.368Z,,2025,,,public_or_owner_full,FULL_AUTHOR_EXPORT,author_export,162170330.the-blueprint-pt-3-the-cia-global-coup-history-today,published,only_paid,posts/162170330.the-blueprint-pt-3-the-cia-global-coup-history-today.html,author_export:posts.csv,,6039,73,sha256:11dbc3dd60b18676fbba2e0b3bb86823a4850236754c1f7005d2b156d440877b,C:\Users\domin\PycharmProjects\White-Rabbit-Article-Research-Team\research_library\previous_white_rabbit_articles\articles\2025\the-blueprint-pt-3-the-cia-global-coup-history-today\article.md,true,,CURRENT,
WR-000007,https://thewhiterabbitreport.substack.com/p/blueprint-for-empire-cia-coups-2-history-1980s-2020,The Blueprint Pt 2/3: The CIA’s Global Coup Machine (1980s–2020),2025-04-26T01:44:07.165Z,,2025,,,public_or_owner_full,FULL_AUTHOR_EXPORT,author_export,161758113.blueprint-for-empire-cia-coups-2-history-1980s-2020,published,only_paid,posts/161758113.blueprint-for-empire-cia-coups-2-history-1980s-2020.html,author_export:posts.csv,,9670,94,sha256:c7f8b5fed9275bd0e412a8d956df3f78dcfef997a6d44bd133267904f6fb44bb,C:\Users\domin\PycharmProjects\White-Rabbit-Article-Research-Team\research_library\previous_white_rabbit_articles\articles\2025\blueprint-for-empire-cia-coups-2-history-1980s-2020\article.md,true,,CURRENT,
WR-000008,https://thewhiterabbitreport.substack.com/p/blueprint-for-empire-cia-coups-history-1950s-1970s,The Blueprint Pt 1/3: The CIA’s Global Coup Machine (1950s–70s),2025-04-19T02:40:18.279Z,,2025,,,public_or_owner_full,FULL_AUTHOR_EXPORT,author_export,161640899.blueprint-for-empire-cia-coups-history-1950s-1970s,published,everyone,posts/161640899.blueprint-for-empire-cia-coups-history-1950s-1970s.html,author_export:posts.csv,,5010,70,sha256:d3e2e95affa59d3ea25cdbc25a4c11fd7e232b3e59d9406742a2794f690ef714,C:\Users\domin\PycharmProjects\White-Rabbit-Article-Research-Team\research_library\previous_white_rabbit_articles\articles\2025\blueprint-for-empire-cia-coups-history-1950s-1970s\article.md,true,,CURRENT,
WR-000091,https://thewhiterabbitreport.substack.com/p/ray-dalio-explain-tariffs-lemonade-stand-analogy,What Ray Dalio’s Tariff Warning Really Means (Explained with a Lemonade Stand),2025-04-15T11:15:50.556Z,,2025,,,public_or_owner_full,FULL_AUTHOR_EXPORT,author_export,160907628.ray-dalio-explain-tariffs-lemonade-stand-analogy,published,everyone,posts/160907628.ray-dalio-explain-tariffs-lemonade-stand-analogy.html,author_export:posts.csv,,4800,70,sha256:ca3f43f984d0a7c345bf898d4ea552f6aeb68e1fdb3460fccf2beafbdb211211,C:\Users\domin\PycharmProjects\White-Rabbit-Article-Research-Team\research_library\previous_white_rabbit_articles\articles\2025\ray-dalio-explain-tariffs-lemonade-stand-analogy\article.md,true,,CURRENT,
WR-000036,https://thewhiterabbitreport.substack.com/p/gatekeepers-cia-gifted-education-conspiracy-1960s-1970s,"GATEKeepers Pt 3 | The 60s, 70s, and the CIA",2025-04-14T02:14:06.017Z,,2025,,,public_or_owner_full,FULL_AUTHOR_EXPORT,author_export,160749567.gatekeepers-cia-gifted-education-conspiracy-1960s-1970s,published,only_paid,posts/160749567.gatekeepers-cia-gifted-education-conspiracy-1960s-1970s.html,author_export:posts.csv,,4952,52,sha256:17ef6dc3be9c889fa53fd15c73aed35bf964a21f05f79c56ce4f5991fb09b7d0,C:\Users\domin\PycharmProjects\White-Rabbit-Article-Research-Team\research_library\previous_white_rabbit_articles\articles\2025\gatekeepers-cia-gifted-education-conspiracy-1960s-1970s\article.md,true,,CURRENT,
WR-000039,https://thewhiterabbitreport.substack.com/p/gatekeepers-pt2-origins-of-the-gate-conspiracy,GATEKeepers Pt. 2 | The Origins of the GATE Conspiracy,2025-04-09T00:30:50.803Z,,2025,,,public_or_owner_full,FULL_AUTHOR_EXPORT,author_export,160002531.gatekeepers-pt2-origins-of-the-gate-conspiracy,published,only_paid,posts/160002531.gatekeepers-pt2-origins-of-the-gate-conspiracy.html,author_export:posts.csv,,4014,52,sha256:0fae4eb17d89f61809e3b280732d97725e7cb773f3a21b6d54398a80ec04f0bb,C:\Users\domin\PycharmProjects\White-Rabbit-Article-Research-Team\research_library\previous_white_rabbit_articles\articles\2025\gatekeepers-pt2-origins-of-the-gate-conspiracy\article.md,true,,CURRENT,
WR-000070,https://thewhiterabbitreport.substack.com/p/mandela-effect-reason-government-psyop,Is the Mandela Effect a Government Psy-Op?,2025-04-06T20:18:20.268Z,,2025,,,public_or_owner_full,FULL_AUTHOR_EXPORT,author_export,160712625.mandela-effect-reason-government-psyop,published,everyone,posts/160712625.mandela-effect-reason-government-psyop.html,author_export:posts.csv,,2713,42,sha256:0ceebc0de45cb435da3d4d48d1f806972438a0f62aa0ceb1a992436ae86721e3,C:\Users\domin\PycharmProjects\White-Rabbit-Article-Research-Team\research_library\previous_white_rabbit_articles\articles\2025\mandela-effect-reason-government-psyop\article.md,true,,CURRENT,
WR-000131,https://thewhiterabbitreport.substack.com/p/universe-25-experiment-mouse-utopia-collapse-human-society-warning,Universe 25: What a Mouse Apocalypse Says About Human Society,2025-04-03T01:26:31.199Z,,2025,,,public_or_owner_full,FULL_AUTHOR_EXPORT,author_export,160413057.universe-25-experiment-mouse-utopia-collapse-human-society-warning,published,everyone,posts/160413057.universe-25-experiment-mouse-utopia-collapse-human-society-warning.html,author_export:posts.csv,,4250,59,sha256:47d237a1012bd56ca3b8c63fb991149ee757c6465a092aab2bb097e68253fd84,C:\Users\domin\PycharmProjects\White-Rabbit-Article-Research-Team\research_library\previous_white_rabbit_articles\articles\2025\universe-25-experiment-mouse-utopia-collapse-human-society-warning\article.md,true,,CURRENT,
WR-000137,https://thewhiterabbitreport.substack.com/p/villain-by-design-how-russia-became,Villain by Design: How Russia became the Boogeyman of the West,2025-03-30T00:30:45.724Z,,2025,,,public_or_owner_full,FULL_AUTHOR_EXPORT,author_export,160082845.villain-by-design-how-russia-became,published,everyone,posts/160082845.villain-by-design-how-russia-became.html,author_export:posts.csv,,6337,79,sha256:d701720c2d133b5fdfe2f3e286790ada1d3db43ad0d8c6d017a569716f6ce151,C:\Users\domin\PycharmProjects\White-Rabbit-Article-Research-Team\research_library\previous_white_rabbit_articles\articles\2025\villain-by-design-how-russia-became\article.md,true,,CURRENT,
WR-000012,https://thewhiterabbitreport.substack.com/p/cia-project-artichoke-hypnosis-training-video,CIA’s Project Artichoke File Reveals Hypnosis Training Video Leak,2025-03-28T13:20:42.829Z,,2025,,,public_or_owner_full,FULL_AUTHOR_EXPORT,author_export,160036705.cia-project-artichoke-hypnosis-training-video,published,everyone,posts/160036705.cia-project-artichoke-hypnosis-training-video.html,author_export:posts.csv,,3204,51,sha256:47336811909b4ea45bcc623349444dd2a7e0f385129bf54a248fe6e65d089bd5,C:\Users\domin\PycharmProjects\White-Rabbit-Article-Research-Team\research_library\previous_white_rabbit_articles\articles\2025\cia-project-artichoke-hypnosis-training-video\article.md,true,,CURRENT,
WR-000095,https://thewhiterabbitreport.substack.com/p/scarface-cia-oliver-stone-drug-trade,Scarface & the CIA: Oliver Stone’s Shocking Drug Trade Revelation,2025-03-26T13:13:30.629Z,,2025,,,public_or_owner_full,FULL_AUTHOR_EXPORT,author_export,159780342.scarface-cia-oliver-stone-drug-trade,published,everyone,posts/159780342.scarface-cia-oliver-stone-drug-trade.html,author_export:posts.csv,,6311,92,sha256:0d177b57fb07641de149f1661aea37a98043d92089b0d0ab4d6d23adf4ad6bd3,C:\Users\domin\PycharmProjects\White-Rabbit-Article-Research-Team\research_library\previous_white_rabbit_articles\articles\2025\scarface-cia-oliver-stone-drug-trade\article.md,true,,CURRENT,
WR-000035,https://thewhiterabbitreport.substack.com/p/gate-program-cia-mkultra-gifted-education,"GATEkeepers Pt 1: The CIA, GATE, and the Gifted Student Pipeline",2025-03-22T18:47:53.683Z,,2025,,,public_or_owner_full,FULL_AUTHOR_EXPORT,author_export,159189791.gate-program-cia-mkultra-gifted-education,published,everyone,posts/159189791.gate-program-cia-mkultra-gifted-education.html,author_export:posts.csv,,5395,75,sha256:6e61eb126aae1d11909098f197597973a2f2b2833140c4a794c94ba465ef321e,C:\Users\domin\PycharmProjects\White-Rabbit-Article-Research-Team\research_library\previous_white_rabbit_articles\articles\2025\gate-program-cia-mkultra-gifted-education\article.md,true,,CURRENT,
WR-000079,https://thewhiterabbitreport.substack.com/p/operation-gladio-natos-covert-war,"Operation Gladio: NATO’s Covert War, Secret Armies, and Hidden Agendas",2025-03-16T16:31:35.736Z,,2025,,,public_or_owner_full,FULL_AUTHOR_EXPORT,author_export,158733760.operation-gladio-natos-covert-war,published,everyone,posts/158733760.operation-gladio-natos-covert-war.html,author_export:posts.csv,,4216,59,sha256:3c8eed2c858bec921b0a932b90f6e6fb4251b54120028fbfdab02c96d4f0fbd4,C:\Users\domin\PycharmProjects\White-Rabbit-Article-Research-Team\research_library\previous_white_rabbit_articles\articles\2025\operation-gladio-natos-covert-war\article.md,true,,CURRENT,
WR-000069,https://thewhiterabbitreport.substack.com/p/mahmoud-khalil-refugee-advocate-or,Mahmoud Khalil: Refugee Advocate or Pawn in a Global Game,2025-03-15T13:50:14.923Z,,2025,,,public_or_owner_full,FULL_AUTHOR_EXPORT,author_export,158962230.mahmoud-khalil-refugee-advocate-or,published,everyone,posts/158962230.mahmoud-khalil-refugee-advocate-or.html,author_export:posts.csv,,2553,36,sha256:385ea4f2558f469920fa3a7ce787e2433b415eece837ccc992a17781ffd5fa1f,C:\Users\domin\PycharmProjects\White-Rabbit-Article-Research-Team\research_library\previous_white_rabbit_articles\articles\2025\mahmoud-khalil-refugee-advocate-or\article.md,true,,CURRENT,
WR-000074,https://thewhiterabbitreport.substack.com/p/nitric-oxide-bodybuildings-boost,Nitric Oxide: Bodybuilding’s Boost That Butchered a Man’s Dick,2025-03-09T19:02:22.839Z,,2025,,,public_or_owner_full,FULL_AUTHOR_EXPORT,author_export,158705889.nitric-oxide-bodybuildings-boost,published,everyone,posts/158705889.nitric-oxide-bodybuildings-boost.html,author_export:posts.csv,,3775,44,sha256:b5c9d2873ade6d58b266114cac2cb9c8354b71f44ff89cfbb9bb577e61b3d593,C:\Users\domin\PycharmProjects\White-Rabbit-Article-Research-Team\research_library\previous_white_rabbit_articles\articles\2025\nitric-oxide-bodybuildings-boost\article.md,true,,CURRENT,
WR-000034,https://thewhiterabbitreport.substack.com/p/from-gladio-to-guyana-jonestown-and-f71,From Gladio to Guyana: Jonestown and the CIA (Part 3/3),2025-03-09T00:40:04.253Z,,2025,,,public_or_owner_full,FULL_AUTHOR_EXPORT,author_export,158535624.from-gladio-to-guyana-jonestown-and-f71,published,only_paid,posts/158535624.from-gladio-to-guyana-jonestown-and-f71.html,author_export:posts.csv,,3389,37,sha256:d7736409644993959e712a297431407de397a3534faff1770e304ecfa20c9f12,C:\Users\domin\PycharmProjects\White-Rabbit-Article-Research-Team\research_library\previous_white_rabbit_articles\articles\2025\from-gladio-to-guyana-jonestown-and-f71\article.md,true,,CURRENT,
WR-000033,https://thewhiterabbitreport.substack.com/p/from-gladio-to-guyana-jonestown-and-2a5,From Gladio to Guyana: Jonestown and the CIA (Part 2/3),2025-03-09T00:34:46.579Z,,2025,,,public_or_owner_full,FULL_AUTHOR_EXPORT,author_export,157997495.from-gladio-to-guyana-jonestown-and-2a5,published,only_paid,posts/157997495.from-gladio-to-guyana-jonestown-and-2a5.html,author_export:posts.csv,,4799,58,sha256:be8b1e4dd2905df2a81704f7b7de41c1c4277d6a7825e543486dceb8c0242bbe,C:\Users\domin\PycharmProjects\White-Rabbit-Article-Research-Team\research_library\previous_white_rabbit_articles\articles\2025\from-gladio-to-guyana-jonestown-and-2a5\article.md,true,,CURRENT,
WR-000032,https://thewhiterabbitreport.substack.com/p/from-gladio-to-guyana-jonestown-and,From Gladio to Guyana: Jonestown and the CIA (Part 1/3),2025-03-08T23:51:16.052Z,,2025,,,public_or_owner_full,FULL_AUTHOR_EXPORT,author_export,157717210.from-gladio-to-guyana-jonestown-and,published,everyone,posts/157717210.from-gladio-to-guyana-jonestown-and.html,author_export:posts.csv,,3906,42,sha256:7a7b4b94a001077967cdcffed621a74264d79d1ea7bb539f1c39ad70267b636d,C:\Users\domin\PycharmProjects\White-Rabbit-Article-Research-Team\research_library\previous_white_rabbit_articles\articles\2025\from-gladio-to-guyana-jonestown-and\article.md,true,,CURRENT,
WR-000024,https://thewhiterabbitreport.substack.com/p/false-profits-the-chemonics-usaid,False Profits: The Chemonics- USAID Scandal,2025-02-19T00:33:14.336Z,,2025,,,public_or_owner_full,FULL_AUTHOR_EXPORT,author_export,157077754.false-profits-the-chemonics-usaid,published,everyone,posts/157077754.false-profits-the-chemonics-usaid.html,author_export:posts.csv,,6560,81,sha256:eecd20c0cc0187f0e02b12bc241c0cd4f28f379fdfac8dc22e034a272e915345,C:\Users\domin\PycharmProjects\White-Rabbit-Article-Research-Team\research_library\previous_white_rabbit_articles\articles\2025\false-profits-the-chemonics-usaid\article.md,true,,CURRENT,
WR-000046,https://thewhiterabbitreport.substack.com/p/hollywoods-darkest-secret-the-hidden,Hollywood’s Darkest Secret: The Hidden Web of Pedophilia in Tinseltown,2025-02-08T15:38:44.458Z,,2025,,,public_or_owner_full,FULL_AUTHOR_EXPORT,author_export,153730984.hollywoods-darkest-secret-the-hidden,published,everyone,posts/153730984.hollywoods-darkest-secret-the-hidden.html,author_export:posts.csv,,3504,34,sha256:25dd7781b333391ca44255ace986aeab9354b3595071859336470cf9d276556c,C:\Users\domin\PycharmProjects\White-Rabbit-Article-Research-Team\research_library\previous_white_rabbit_articles\articles\2025\hollywoods-darkest-secret-the-hidden\article.md,true,,CURRENT,
WR-000050,https://thewhiterabbitreport.substack.com/p/trumps-big-bet-can-a-sovereign-wealth,Trump’s Big Bet: Can a Sovereign Wealth Fund & Tariffs Rebuild America,2025-02-07T21:52:45.746Z,,2025,,,public_or_owner_full,FULL_AUTHOR_EXPORT,author_export,156687127.trumps-big-bet-can-a-sovereign-wealth,published,everyone,posts/156687127.trumps-big-bet-can-a-sovereign-wealth.html,author_export:posts.csv,,3777,30,sha256:5bb89792b9628b7c95049e17bb676bf9c5660db772f0f703fca8bec7a979e159,C:\Users\domin\PycharmProjects\White-Rabbit-Article-Research-Team\research_library\previous_white_rabbit_articles\articles\2025\trumps-big-bet-can-a-sovereign-wealth\article.md,true,,CURRENT,
WR-000100,https://thewhiterabbitreport.substack.com/p/state-street-how-power-shapes-our,State Street: How Power Shapes Our Economy,2024-12-27T21:57:03.686Z,,2024,,,public_or_owner_full,FULL_AUTHOR_EXPORT,author_export,153688906.state-street-how-power-shapes-our,published,everyone,posts/153688906.state-street-how-power-shapes-our.html,author_export:posts.csv,,3688,48,sha256:1f0d3d373ed605c0e70e78abd039d3329d2e74c7c02e3ebf14386a2c11648c6c,C:\Users\domin\PycharmProjects\White-Rabbit-Article-Research-Team\research_library\previous_white_rabbit_articles\articles\2024\state-street-how-power-shapes-our\article.md,true,,CURRENT,
WR-000118,https://thewhiterabbitreport.substack.com/p/the-power-of-vanguard-how-this-financial,The Power of Vanguard: How This Financial Giant Shapes the World,2024-12-27T18:52:43.734Z,,2024,,,public_or_owner_full,FULL_AUTHOR_EXPORT,author_export,152777063.the-power-of-vanguard-how-this-financial,published,everyone,posts/152777063.the-power-of-vanguard-how-this-financial.html,author_export:posts.csv,,1796,26,sha256:589d035750b178608a7458632cc3d82021ac437d1963c2cc2bb8d98bffbf5b92,C:\Users\domin\PycharmProjects\White-Rabbit-Article-Research-Team\research_library\previous_white_rabbit_articles\articles\2024\the-power-of-vanguard-how-this-financial\article.md,true,,CURRENT,
WR-000138,https://thewhiterabbitreport.substack.com/p/voices-in-your-head-it-may-be-the,Voices in your Head? It may be the government.,2024-12-16T20:19:45.837Z,,2024,,,public_or_owner_full,FULL_AUTHOR_EXPORT,author_export,153138538.voices-in-your-head-it-may-be-the,published,everyone,posts/153138538.voices-in-your-head-it-may-be-the.html,author_export:posts.csv,,2768,36,sha256:6fae2cc1375ad5c8e15520ca2486f5b92c1023c2be4bea8a7844ee5c4933fed2,C:\Users\domin\PycharmProjects\White-Rabbit-Article-Research-Team\research_library\previous_white_rabbit_articles\articles\2024\voices-in-your-head-it-may-be-the\article.md,true,,CURRENT,
WR-000125,https://thewhiterabbitreport.substack.com/p/top-9-facts-that-911-was-an-inside,Top 9 Facts That 9/11 Was an Inside Job,2024-12-15T19:38:37.050Z,,2024,,,public_or_owner_full,FULL_AUTHOR_EXPORT,author_export,153131080.top-9-facts-that-911-was-an-inside,published,everyone,posts/153131080.top-9-facts-that-911-was-an-inside.html,author_export:posts.csv,,2060,19,sha256:e47598813158bf9e1b478664c09a0a5aca6ea163d047119f52a59e4bfa6451d2,C:\Users\domin\PycharmProjects\White-Rabbit-Article-Research-Team\research_library\previous_white_rabbit_articles\articles\2024\top-9-facts-that-911-was-an-inside\article.md,true,,CURRENT,
WR-000011,https://thewhiterabbitreport.substack.com/p/cia-files-operation-mockingbird,CIA Files: Operation Mockingbird,2024-12-14T18:03:20.501Z,,2024,,,public_or_owner_full,FULL_AUTHOR_EXPORT,author_export,153027889.cia-files-operation-mockingbird,published,everyone,posts/153027889.cia-files-operation-mockingbird.html,author_export:posts.csv,,2138,28,sha256:10a49586daa188cb2bc7217b3496445e34cc9a26afc841b1cc5c44a52dc8f5ca,C:\Users\domin\PycharmProjects\White-Rabbit-Article-Research-Team\research_library\previous_white_rabbit_articles\articles\2024\cia-files-operation-mockingbird\article.md,true,,CURRENT,
WR-000075,https://thewhiterabbitreport.substack.com/p/operation-earnest-voice-the-future,Operation Earnest Voice: The Future of Propaganda (Mockingbird 2.0),2024-12-14T17:47:25.460Z,,2024,,,public_or_owner_full,FULL_AUTHOR_EXPORT,author_export,153078383.operation-earnest-voice-the-future,published,everyone,posts/153078383.operation-earnest-voice-the-future.html,author_export:posts.csv,,2831,38,sha256:6800bfebb40d3b76f73b09772371cfe2f2c062a299e3a097b8c1a9d3fa50eb18,C:\Users\domin\PycharmProjects\White-Rabbit-Article-Research-Team\research_library\previous_white_rabbit_articles\articles\2024\operation-earnest-voice-the-future\article.md,true,,CURRENT,
WR-000004,https://thewhiterabbitreport.substack.com/p/behind-sednayas-walls-tragedy-and,Behind Sednaya's walls: Tragedy & Propaganda,2024-12-12T16:11:11.591Z,,2024,,,public_or_owner_full,FULL_AUTHOR_EXPORT,author_export,152920357.behind-sednayas-walls-tragedy-and,published,everyone,posts/152920357.behind-sednayas-walls-tragedy-and.html,author_export:posts.csv,,3420,42,sha256:8054195572a20e0ffb91b707e6b0746c300ae30739b13648b7481f0f94259add,C:\Users\domin\PycharmProjects\White-Rabbit-Article-Research-Team\research_library\previous_white_rabbit_articles\articles\2024\behind-sednayas-walls-tragedy-and\article.md,true,,CURRENT,
WR-000104,https://thewhiterabbitreport.substack.com/p/the-fall-of-assad-another-cia-overthrow,The Fall of Assad: Another CIA Overthrow,2024-12-08T22:03:29.833Z,,2024,,,public_or_owner_full,FULL_AUTHOR_EXPORT,author_export,152809120.the-fall-of-assad-another-cia-overthrow,published,everyone,posts/152809120.the-fall-of-assad-another-cia-overthrow.html,author_export:posts.csv,,3360,45,sha256:91cd05677e1ec0be88f665acc3f06a589d2587e2be6b9232adf702bbcce9ddbd,C:\Users\domin\PycharmProjects\White-Rabbit-Article-Research-Team\research_library\previous_white_rabbit_articles\articles\2024\the-fall-of-assad-another-cia-overthrow\article.md,true,,CURRENT,
WR-000058,https://thewhiterabbitreport.substack.com/p/informed-immunity-the-truth-behind,Informed Immunity: The Truth Behind Vaccines (Part 1/3),2024-12-07T19:02:26.960Z,,2024,,,public_or_owner_full,FULL_AUTHOR_EXPORT,author_export,151515029.informed-immunity-the-truth-behind,published,everyone,posts/151515029.informed-immunity-the-truth-behind.html,author_export:posts.csv,,1849,23,sha256:e22410b465daa57108dbfb5ea6b19e577a1c0e033190df2bceb4a5b9545182b9,C:\Users\domin\PycharmProjects\White-Rabbit-Article-Research-Team\research_library\previous_white_rabbit_articles\articles\2024\informed-immunity-the-truth-behind\article.md,true,,CURRENT,
WR-000057,https://thewhiterabbitreport.substack.com/p/informed-immunity-autism-anonymous,Informed Immunity: Autism Anonymous (Part 2/3),2024-12-07T19:01:15.011Z,,2024,,,public_or_owner_full,FULL_AUTHOR_EXPORT,author_export,152582379.informed-immunity-autism-anonymous,published,only_paid,posts/152582379.informed-immunity-autism-anonymous.html,author_export:posts.csv,,3696,54,sha256:19c9f1e0be021634efe9ee5c50960c98b5e46fcaaf0a911f1bcfd5e0f6a58221,C:\Users\domin\PycharmProjects\White-Rabbit-Article-Research-Team\research_library\previous_white_rabbit_articles\articles\2024\informed-immunity-autism-anonymous\article.md,true,,CURRENT,
WR-000056,https://thewhiterabbitreport.substack.com/p/informed-immunity-are-all-vaccines,Informed Immunity: Are All Vaccines Necessary? (Part 3/3),2024-12-07T19:00:16.463Z,,2024,,,public_or_owner_full,FULL_AUTHOR_EXPORT,author_export,152759761.informed-immunity-are-all-vaccines,published,only_paid,posts/152759761.informed-immunity-are-all-vaccines.html,author_export:posts.csv,,4016,56,sha256:b8fe965062bd27c10bf26fae91228d62a410e005c26f4f170a00ba7d77012a8f,C:\Users\domin\PycharmProjects\White-Rabbit-Article-Research-Team\research_library\previous_white_rabbit_articles\articles\2024\informed-immunity-are-all-vaccines\article.md,true,,CURRENT,
WR-000051,https://thewhiterabbitreport.substack.com/p/ukraine-the-psy-op-that-fooled-the,UKRAINE: The Psy-Op That Fooled The World,2024-12-01T00:41:40.465Z,,2024,,,public_or_owner_full,FULL_AUTHOR_EXPORT,author_export,152338202.ukraine-the-psy-op-that-fooled-the,published,everyone,posts/152338202.ukraine-the-psy-op-that-fooled-the.html,author_export:posts.csv,,7110,109,sha256:71dc7b3c794e987dc46a456b57f3e1829cef4938c0319e019b5c5fa5811695d9,C:\Users\domin\PycharmProjects\White-Rabbit-Article-Research-Team\research_library\previous_white_rabbit_articles\articles\2024\ukraine-the-psy-op-that-fooled-the\article.md,true,,CURRENT,
WR-000122,https://thewhiterabbitreport.substack.com/p/the-truth-behind-teen-pregnancy-in,The Truth Behind Teen Pregnancy in the U.S.,2024-11-27T22:28:31.834Z,,2024,,,public_or_owner_full,FULL_AUTHOR_EXPORT,author_export,152201514.the-truth-behind-teen-pregnancy-in,published,everyone,posts/152201514.the-truth-behind-teen-pregnancy-in.html,author_export:posts.csv,,3800,41,sha256:bc974831b27ac9b1b17a494a56305b662b5d88accb3465d3fd86dbae1fcbcf4f,C:\Users\domin\PycharmProjects\White-Rabbit-Article-Research-Team\research_library\previous_white_rabbit_articles\articles\2024\the-truth-behind-teen-pregnancy-in\article.md,true,,CURRENT,
WR-000099,https://thewhiterabbitreport.substack.com/p/stalins-cannibal-island,Stalin's Cannibal Island,2024-11-21T19:26:47.440Z,,2024,,,public_or_owner_full,FULL_AUTHOR_EXPORT,author_export,151937829.stalins-cannibal-island,published,everyone,posts/151937829.stalins-cannibal-island.html,author_export:posts.csv,,3421,60,sha256:a5e1e02dbab04a08b90951bbd365582bea4e2e340912b9863587674eba542182,C:\Users\domin\PycharmProjects\White-Rabbit-Article-Research-Team\research_library\previous_white_rabbit_articles\articles\2024\stalins-cannibal-island\article.md,true,,CURRENT,
WR-000134,https://thewhiterabbitreport.substack.com/p/unraveling-the-thread-how-the-cia,Unraveling The Thread: How the CIA created Google and the NSA,2024-11-10T20:43:13.702Z,,2024,,,public_or_owner_full,FULL_AUTHOR_EXPORT,author_export,151465328.unraveling-the-thread-how-the-cia,published,everyone,posts/151465328.unraveling-the-thread-how-the-cia.html,author_export:posts.csv,,2392,20,sha256:d81c29afe9fddbb765be0c3d99ef9ce50652aeab9083d7a6d5c74d5459c18b76,C:\Users\domin\PycharmProjects\White-Rabbit-Article-Research-Team\research_library\previous_white_rabbit_articles\articles\2024\unraveling-the-thread-how-the-cia\article.md,true,,CURRENT,
WR-000144,https://thewhiterabbitreport.substack.com/p/why-so-many-voted-for-trump-a-new,Why So Many Voted for Trump: A New Kind of Movement,2024-11-07T19:13:33.753Z,,2024,,,public_or_owner_full,FULL_AUTHOR_EXPORT,author_export,151328706.why-so-many-voted-for-trump-a-new,published,everyone,posts/151328706.why-so-many-voted-for-trump-a-new.html,author_export:posts.csv,,3167,42,sha256:40ed544217664f3594c73b0d665e6dae14ada1fe729ed1ac46df631d242014d7,C:\Users\domin\PycharmProjects\White-Rabbit-Article-Research-Team\research_library\previous_white_rabbit_articles\articles\2024\why-so-many-voted-for-trump-a-new\article.md,true,,CURRENT,
WR-000128,https://thewhiterabbitreport.substack.com/p/trumps-plan-to-demolish-the-doe-a-953,Trump's Plan to Demolish the DOE: A Deep Dive (Part 3 of 3),2024-10-10T12:57:47.307Z,,2024,,,public_or_owner_full,FULL_AUTHOR_EXPORT,author_export,149895905.trumps-plan-to-demolish-the-doe-a-953,published,only_paid,posts/149895905.trumps-plan-to-demolish-the-doe-a-953.html,author_export:posts.csv,,2888,20,sha256:cb2bc2a9be869b2488295eecdbd353ef4b977f8608fd599496cc46ead14a2fd0,C:\Users\domin\PycharmProjects\White-Rabbit-Article-Research-Team\research_library\previous_white_rabbit_articles\articles\2024\trumps-plan-to-demolish-the-doe-a-953\article.md,true,,CURRENT,
WR-000129,https://thewhiterabbitreport.substack.com/p/trumps-plan-to-demolish-the-doe-a-d54,Trump's Plan to Demolish the DOE: A Deep Dive (Part 2 of 3),2024-10-09T16:16:47.039Z,,2024,,,public_or_owner_full,FULL_AUTHOR_EXPORT,author_export,149893827.trumps-plan-to-demolish-the-doe-a-d54,published,only_paid,posts/149893827.trumps-plan-to-demolish-the-doe-a-d54.html,author_export:posts.csv,,2838,37,sha256:be91904391c428a02ab083031fd6f7718af688e8c9420a5118ff0ded09649392,C:\Users\domin\PycharmProjects\White-Rabbit-Article-Research-Team\research_library\previous_white_rabbit_articles\articles\2024\trumps-plan-to-demolish-the-doe-a-d54\article.md,true,,CURRENT,
WR-000127,https://thewhiterabbitreport.substack.com/p/trumps-plan-to-demolish-the-doe-a,Trump's Plan to Demolish the DOE: A Deep Dive (Part 1 of 3),2024-10-07T11:28:11.773Z,,2024,,,public_or_owner_full,FULL_AUTHOR_EXPORT,author_export,149880969.trumps-plan-to-demolish-the-doe-a,published,everyone,posts/149880969.trumps-plan-to-demolish-the-doe-a.html,author_export:posts.csv,,3134,43,sha256:512ddbd8569ac4adc56009df199211d0f0256bb7f6c838e151f9c264bbd7282f,C:\Users\domin\PycharmProjects\White-Rabbit-Article-Research-Team\research_library\previous_white_rabbit_articles\articles\2024\trumps-plan-to-demolish-the-doe-a\article.md,true,,CURRENT,
WR-000052,https://thewhiterabbitreport.substack.com/p/unlocking-the-mind-the-cias-secret,Unlocking the Mind: The CIA's Secret Gateway Process for Consciousness Expansion,2024-10-02T00:03:44.846Z,,2024,,,public_or_owner_full,FULL_AUTHOR_EXPORT,author_export,149563463.unlocking-the-mind-the-cias-secret,published,everyone,posts/149563463.unlocking-the-mind-the-cias-secret.html,author_export:posts.csv,,2840,34,sha256:b6d76e3ab4c73f34e40ff809d125b95d55551bb212397cd904f2f677cf6b8a84,C:\Users\domin\PycharmProjects\White-Rabbit-Article-Research-Team\research_library\previous_white_rabbit_articles\articles\2024\unlocking-the-mind-the-cias-secret\article.md,true,,CURRENT,
WR-000002,https://thewhiterabbitreport.substack.com/p/2024-ila-shipping-union-strike-what,2024 ILA Shipping Union Strike: What To Expect,2024-10-01T17:53:11.381Z,,2024,,,public_or_owner_full,FULL_AUTHOR_EXPORT,author_export,149669390.2024-ila-shipping-union-strike-what,published,everyone,posts/149669390.2024-ila-shipping-union-strike-what.html,author_export:posts.csv,,2122,12,sha256:eaeb8b621967df49331c5c0436d4381e003fe5f9a059c7b61cfa0751f4d9c109,C:\Users\domin\PycharmProjects\White-Rabbit-Article-Research-Team\research_library\previous_white_rabbit_articles\articles\2024\2024-ila-shipping-union-strike-what\article.md,true,,CURRENT,
WR-000016,https://thewhiterabbitreport.substack.com/p/deep-state-vocabulary-false-flags-64e,"Deep State Vocabulary (False Flags, Psy Ops, and More) | Part 2",2024-09-29T12:31:10.517Z,,2024,,,public_or_owner_full,FULL_AUTHOR_EXPORT,author_export,149539501.deep-state-vocabulary-false-flags-64e,published,everyone,posts/149539501.deep-state-vocabulary-false-flags-64e.html,author_export:posts.csv,,2507,46,sha256:678ee4be4f0942fe5a3805e21c97f6a1367650da75419752ddfc0b29bdcfb475,C:\Users\domin\PycharmProjects\White-Rabbit-Article-Research-Team\research_library\previous_white_rabbit_articles\articles\2024\deep-state-vocabulary-false-flags-64e\article.md,true,,CURRENT,
WR-000015,https://thewhiterabbitreport.substack.com/p/deep-state-vocabulary-false-flags,"Deep State Vocabulary (False Flags, Psy Ops, and More) | Part 1",2024-09-28T19:05:01.690Z,,2024,,,public_or_owner_full,FULL_AUTHOR_EXPORT,author_export,149513708.deep-state-vocabulary-false-flags,published,everyone,posts/149513708.deep-state-vocabulary-false-flags.html,author_export:posts.csv,,2423,37,sha256:d4fa3938316d3c1b16ceeb20c48215ee95f10823017a6c2733ae88ccf6661bf5,C:\Users\domin\PycharmProjects\White-Rabbit-Article-Research-Team\research_library\previous_white_rabbit_articles\articles\2024\deep-state-vocabulary-false-flags\article.md,true,,CURRENT,
WR-000082,https://thewhiterabbitreport.substack.com/p/operation-northwoods-the-secret-us,Operation Northwoods: The Secret U.S. Military Plan You’ve Never Heard Of,2024-09-27T22:12:12.764Z,,2024,,,public_or_owner_full,FULL_AUTHOR_EXPORT,author_export,149508696.operation-northwoods-the-secret-us,published,everyone,posts/149508696.operation-northwoods-the-secret-us.html,author_export:posts.csv,,1647,19,sha256:6e677463fbd77a0bc5c6900dfa2c4770972a1073dbbad6a31fafecd44cfa510a,C:\Users\domin\PycharmProjects\White-Rabbit-Article-Research-Team\research_library\previous_white_rabbit_articles\articles\2024\operation-northwoods-the-secret-us\article.md,true,,CURRENT,
WR-000145,https://thewhiterabbitreport.substack.com/p/your-digital-twin-is-here,Your Digital Twin is Here,2024-09-24T18:29:32.443Z,,2024,,,public_or_owner_full,FULL_AUTHOR_EXPORT,author_export,149361892.your-digital-twin-is-here,published,everyone,posts/149361892.your-digital-twin-is-here.html,author_export:posts.csv,,2544,30,sha256:877ae61fb0bbbd88cff0a933a60b1c02284a184c24ed5fed3e211a7dea645426,C:\Users\domin\PycharmProjects\White-Rabbit-Article-Research-Team\research_library\previous_white_rabbit_articles\articles\2024\your-digital-twin-is-here\article.md,true,,CURRENT,
WR-000003,https://thewhiterabbitreport.substack.com/p/23andme-board-walkout-whats-behind,23andMe Board Walkout: What’s Behind the Sudden Departure?,2024-09-24T16:30:00.705Z,,2024,,,public_or_owner_full,FULL_AUTHOR_EXPORT,author_export,149356312.23andme-board-walkout-whats-behind,published,everyone,posts/149356312.23andme-board-walkout-whats-behind.html,author_export:posts.csv,,1737,22,sha256:a036594201c95b24569aef9e64c55086210d35c4d24c73dd1ed78a7aaadb533f,C:\Users\domin\PycharmProjects\White-Rabbit-Article-Research-Team\research_library\previous_white_rabbit_articles\articles\2024\23andme-board-walkout-whats-behind\article.md,true,,CURRENT,
WR-000103,https://thewhiterabbitreport.substack.com/p/the-diddler,The Diddler,2024-09-22T21:53:53.727Z,,2024,,,public_or_owner_full,FULL_AUTHOR_EXPORT,author_export,149266587.the-diddler,published,everyone,posts/149266587.the-diddler.html,author_export:posts.csv,,2466,37,sha256:d6be13c90aed43daecdfbe32dcfb262a7071acf21b2c960567d80efc0ee497cb,C:\Users\domin\PycharmProjects\White-Rabbit-Article-Research-Team\research_library\previous_white_rabbit_articles\articles\2024\the-diddler\article.md,true,,CURRENT,
WR-000143,https://thewhiterabbitreport.substack.com/p/who-is-blackrock-a-deep-dive-into,Who is BlackRock? A Deep Dive into the World’s Largest Asset Manager,2024-09-22T19:49:29.440Z,,2024,,,public_or_owner_full,FULL_AUTHOR_EXPORT,author_export,149261995.who-is-blackrock-a-deep-dive-into,published,everyone,posts/149261995.who-is-blackrock-a-deep-dive-into.html,author_export:posts.csv,,7181,73,sha256:5d72028c79eb3056c46a43bbb03d12111ab5eb439264ebfabd3a68cd626fc24f,C:\Users\domin\PycharmProjects\White-Rabbit-Article-Research-Team\research_library\previous_white_rabbit_articles\articles\2024\who-is-blackrock-a-deep-dive-into\article.md,true,,CURRENT,
WR-000120,https://thewhiterabbitreport.substack.com/p/the-rise-of-the-wuhan-institute-of,The Rise of the Wuhan Institute of Virology: The Lab That Shaped the Future,2024-09-22T16:11:16.492Z,,2024,,,public_or_owner_full,FULL_AUTHOR_EXPORT,author_export,149252595.the-rise-of-the-wuhan-institute-of,published,everyone,posts/149252595.the-rise-of-the-wuhan-institute-of.html,author_export:posts.csv,,3721,22,sha256:5eed1c40f9c1966b72b28995ac7c07bfe8355bf1ea4e8c3cfe255b8d1af9a928,C:\Users\domin\PycharmProjects\White-Rabbit-Article-Research-Team\research_library\previous_white_rabbit_articles\articles\2024\the-rise-of-the-wuhan-institute-of\article.md,true,,CURRENT,
WR-000133,https://thewhiterabbitreport.substack.com/p/unmasking-the-aids-controversy-is,Unmasking the AIDS Controversy: Is HIV the Only Culprit?,2024-09-22T01:54:09.799Z,,2024,,,public_or_owner_full,FULL_AUTHOR_EXPORT,author_export,149231269.unmasking-the-aids-controversy-is,published,everyone,posts/149231269.unmasking-the-aids-controversy-is.html,author_export:posts.csv,,7456,118,sha256:e31a6bb52f56d154deadb1df5e26428b58f76e0a198480762d43e8350c25a826,C:\Users\domin\PycharmProjects\White-Rabbit-Article-Research-Team\research_library\previous_white_rabbit_articles\articles\2024\unmasking-the-aids-controversy-is\article.md,true,,CURRENT,
WR-000031,https://thewhiterabbitreport.substack.com/p/freemasons-and-their-influence-in,Freemasons and Their Influence in Global Affairs: Myths and Realities,2024-09-22T01:50:00.268Z,,2024,,,public_or_owner_full,FULL_AUTHOR_EXPORT,author_export,149231060.freemasons-and-their-influence-in,published,everyone,posts/149231060.freemasons-and-their-influence-in.html,author_export:posts.csv,,4509,33,sha256:7bbd15acb576d21b921fde59b5debd144b6ddbb47cec86cbf280114caaf7fc4f,C:\Users\domin\PycharmProjects\White-Rabbit-Article-Research-Team\research_library\previous_white_rabbit_articles\articles\2024\freemasons-and-their-influence-in\article.md,true,,CURRENT,
WR-000088,https://thewhiterabbitreport.substack.com/p/pizzagate-the-theory-that-shook-social,Pizzagate: The Theory that Shook Social Media,2024-09-22T01:40:31.839Z,,2024,,,public_or_owner_full,FULL_AUTHOR_EXPORT,author_export,149230920.pizzagate-the-theory-that-shook-social,published,everyone,posts/149230920.pizzagate-the-theory-that-shook-social.html,author_export:posts.csv,,1209,19,sha256:b17f49900e13646292018ed63370861817dc1d77c6fb0a2631a3916650dada85,C:\Users\domin\PycharmProjects\White-Rabbit-Article-Research-Team\research_library\previous_white_rabbit_articles\articles\2024\pizzagate-the-theory-that-shook-social\article.md,true,,CURRENT,
WR-000097,https://thewhiterabbitreport.substack.com/p/skull-and-bones-fraternity-history,"Skull and Bones Fraternity: History, Members, Rituals, and Controversies",2024-09-22T01:28:56.028Z,,2024,,,public_or_owner_full,FULL_AUTHOR_EXPORT,author_export,149230680.skull-and-bones-fraternity-history,published,everyone,posts/149230680.skull-and-bones-fraternity-history.html,author_export:posts.csv,,4001,25,sha256:b56d1d69ec8ae2711d38ed18efbe9b809408b8d2742563967c7276368b089824,C:\Users\domin\PycharmProjects\White-Rabbit-Article-Research-Team\research_library\previous_white_rabbit_articles\articles\2024\skull-and-bones-fraternity-history\article.md,true,,CURRENT,
WR-000059,https://thewhiterabbitreport.substack.com/p/inside-the-bilderberg-group-secrets,"Inside the Bilderberg Group: Secrets, Power Players, and High-Security Meetings",2024-09-22T01:25:21.439Z,,2024,,,public_or_owner_full,FULL_AUTHOR_EXPORT,author_export,149230606.inside-the-bilderberg-group-secrets,published,everyone,posts/149230606.inside-the-bilderberg-group-secrets.html,author_export:posts.csv,,1819,25,sha256:061882dd431be9a7a490a58175c4d413f905837cf09669003a3706e17559fde0,C:\Users\domin\PycharmProjects\White-Rabbit-Article-Research-Team\research_library\previous_white_rabbit_articles\articles\2024\inside-the-bilderberg-group-secrets\article.md,true,,CURRENT,
WR-000110,https://thewhiterabbitreport.substack.com/p/the-illuminati-history-influence,"The Illuminati: History, Influence, and Modern Myths",2024-09-22T01:21:44.317Z,,2024,,,public_or_owner_full,FULL_AUTHOR_EXPORT,author_export,149230342.the-illuminati-history-influence,published,everyone,posts/149230342.the-illuminati-history-influence.html,author_export:posts.csv,,2108,27,sha256:7194e1f78aecd1c6a56ac38cd2b0b4c84a97308b4556a994d04ac26ef887c6a1,C:\Users\domin\PycharmProjects\White-Rabbit-Article-Research-Team\research_library\previous_white_rabbit_articles\articles\2024\the-illuminati-history-influence\article.md,true,,CURRENT,
WR-000111,https://thewhiterabbitreport.substack.com/p/the-life-and-legacy-of-john-mcafee,The Life and Legacy of John McAfee: Cybersecurity Pioneer and Fugitive,2024-09-22T01:11:17.682Z,,2024,,,public_or_owner_full,FULL_AUTHOR_EXPORT,author_export,149230113.the-life-and-legacy-of-john-mcafee,published,everyone,posts/149230113.the-life-and-legacy-of-john-mcafee.html,author_export:posts.csv,,1193,21,sha256:e3636b41bbe124ee2dd6b1b0480d42664d34a932c82c7e5f13367e90b2cbd5af,C:\Users\domin\PycharmProjects\White-Rabbit-Article-Research-Team\research_library\previous_white_rabbit_articles\articles\2024\the-life-and-legacy-of-john-mcafee\article.md,true,,CURRENT,
WR-000123,https://thewhiterabbitreport.substack.com/p/the-vaccine-mandate-debate-balancing,The Vaccine Mandate Debate: Balancing Public Health and Personal Freedom,2024-09-22T01:01:53.490Z,,2024,,,public_or_owner_full,FULL_AUTHOR_EXPORT,author_export,149229895.the-vaccine-mandate-debate-balancing,published,everyone,posts/149229895.the-vaccine-mandate-debate-balancing.html,author_export:posts.csv,,2298,33,sha256:aff9bc5ae15eaee6f80bd5f09238c1f95b80b13a7be492d2507ab066d0ecdcc0,C:\Users\domin\PycharmProjects\White-Rabbit-Article-Research-Team\research_library\previous_white_rabbit_articles\articles\2024\the-vaccine-mandate-debate-balancing\article.md,true,,CURRENT,
WR-000136,https://thewhiterabbitreport.substack.com/p/vaccines-and-rising-allergies-in,Vaccines and Rising Allergies in Children: Uncovering the Hidden Data,2024-09-22T00:52:49.729Z,,2024,,,public_or_owner_full,FULL_AUTHOR_EXPORT,author_export,149229710.vaccines-and-rising-allergies-in,published,everyone,posts/149229710.vaccines-and-rising-allergies-in.html,author_export:posts.csv,,1606,20,sha256:00fc8ddbb932947a7993b143513e44cf39b13376521bf5a8033c6932fd300fd3,C:\Users\domin\PycharmProjects\White-Rabbit-Article-Research-Team\research_library\previous_white_rabbit_articles\articles\2024\vaccines-and-rising-allergies-in\article.md,true,,CURRENT,
WR-000102,https://thewhiterabbitreport.substack.com/p/the-dangers-of-ozempic-why-the-fda,The Dangers of Ozempic: Why the FDA Continues to Push a Controversial Drug,2024-09-22T00:44:11.555Z,,2024,,,public_or_owner_full,FULL_AUTHOR_EXPORT,author_export,149229659.the-dangers-of-ozempic-why-the-fda,published,everyone,posts/149229659.the-dangers-of-ozempic-why-the-fda.html,author_export:posts.csv,,2008,27,sha256:66eea6b0ca582f06717b35504c5554ac1b765b06fa553a93fd650de412fb6c8b,C:\Users\domin\PycharmProjects\White-Rabbit-Article-Research-Team\research_library\previous_white_rabbit_articles\articles\2024\the-dangers-of-ozempic-why-the-fda\article.md,true,,CURRENT,
WR-000048,https://thewhiterabbitreport.substack.com/p/how-big-pharma-shapes-healthcare,How Big Pharma Shapes Healthcare: The Invisible Hand Behind Medicine,2024-09-22T00:42:29.215Z,,2024,,,public_or_owner_full,FULL_AUTHOR_EXPORT,author_export,149229527.how-big-pharma-shapes-healthcare,published,everyone,posts/149229527.how-big-pharma-shapes-healthcare.html,author_export:posts.csv,,1360,18,sha256:693f5f14e506f1474d99044fb94e75fe70e636e868a5ae57f0bc4d3d79588330,C:\Users\domin\PycharmProjects\White-Rabbit-Article-Research-Team\research_library\previous_white_rabbit_articles\articles\2024\how-big-pharma-shapes-healthcare\article.md,true,,CURRENT,
WR-000047,https://thewhiterabbitreport.substack.com/p/how-big-pharma-controls-the-fda-lobbying,How Big Pharma Controls the FDA: Lobbying and Fast-Tracked Approvals,2024-09-22T00:35:33.215Z,,2024,,,public_or_owner_full,FULL_AUTHOR_EXPORT,author_export,149229468.how-big-pharma-controls-the-fda-lobbying,published,everyone,posts/149229468.how-big-pharma-controls-the-fda-lobbying.html,author_export:posts.csv,,2246,31,sha256:186a005b6c96dc20b3b907962a0703ee199741418997e738c15bdad269e7ae9c,C:\Users\domin\PycharmProjects\White-Rabbit-Article-Research-Team\research_library\previous_white_rabbit_articles\articles\2024\how-big-pharma-controls-the-fda-lobbying\article.md,true,,CURRENT,
WR-000005,https://thewhiterabbitreport.substack.com/p/big-pharmas-role-in-americas-opioid,Big Pharma’s Role in America’s Opioid Crisis: A Public Health Catastrophe,2024-09-22T00:31:00.526Z,,2024,,,public_or_owner_full,FULL_AUTHOR_EXPORT,author_export,149229319.big-pharmas-role-in-americas-opioid,published,everyone,posts/149229319.big-pharmas-role-in-americas-opioid.html,author_export:posts.csv,,2106,28,sha256:3a2ba8d289a15dc955a746085779d84018ad3cd55231f0e3173c5a9d5652ff0e,C:\Users\domin\PycharmProjects\White-Rabbit-Article-Research-Team\research_library\previous_white_rabbit_articles\articles\2024\big-pharmas-role-in-americas-opioid\article.md,true,,CURRENT,
WR-000085,https://thewhiterabbitreport.substack.com/p/patent-extensions-the-complex-dynamics,Pharmaceutical Evergreening: How Drug Patents Are Extended to Keep Prices High,2024-09-22T00:26:27.345Z,,2024,,,public_or_owner_full,FULL_AUTHOR_EXPORT,author_export,149229179.patent-extensions-the-complex-dynamics,published,everyone,posts/149229179.patent-extensions-the-complex-dynamics.html,author_export:posts.csv,,1739,22,sha256:ea56364df4cd0c7dd181f22d78e4c08bf755b4c9512626ae40d7a9c59254dd80,C:\Users\domin\PycharmProjects\White-Rabbit-Article-Research-Team\research_library\previous_white_rabbit_articles\articles\2024\patent-extensions-the-complex-dynamics\article.md,true,,CURRENT,
WR-000132,https://thewhiterabbitreport.substack.com/p/unmasking-gladio-how-cold-war-tactics,Unmasking Gladio: How Cold War Tactics Influenced Domestic Terrorism in Italy,2024-09-22T00:21:12.253Z,,2024,,,public_or_owner_full,FULL_AUTHOR_EXPORT,author_export,149229095.unmasking-gladio-how-cold-war-tactics,published,everyone,posts/149229095.unmasking-gladio-how-cold-war-tactics.html,author_export:posts.csv,,1802,30,sha256:d951d1c803869a58503b9b3f823a0892a9e91327ad868bb7579a8f0fda8ac1fb,C:\Users\domin\PycharmProjects\White-Rabbit-Article-Research-Team\research_library\previous_white_rabbit_articles\articles\2024\unmasking-gladio-how-cold-war-tactics\article.md,true,,CURRENT,
WR-000081,https://thewhiterabbitreport.substack.com/p/operation-gladios-influence-on-modern,Operation Gladio's Influence on Modern False Flag Attacks and Terrorism,2024-09-22T00:12:33.721Z,,2024,,,public_or_owner_full,FULL_AUTHOR_EXPORT,author_export,149228891.operation-gladios-influence-on-modern,published,everyone,posts/149228891.operation-gladios-influence-on-modern.html,author_export:posts.csv,,1754,25,sha256:81ab16b6fe9bbf45262c672085f066f602d2d31881b8364cf408948e2a5a322c,C:\Users\domin\PycharmProjects\White-Rabbit-Article-Research-Team\research_library\previous_white_rabbit_articles\articles\2024\operation-gladios-influence-on-modern\article.md,true,,CURRENT,
WR-000080,https://thewhiterabbitreport.substack.com/p/operation-gladio-the-hidden-history,Operation Gladio: The Hidden History of NATO’s Secret Armies and Political Manipulation,2024-09-22T00:09:07.989Z,,2024,,,public_or_owner_full,FULL_AUTHOR_EXPORT,author_export,149228839.operation-gladio-the-hidden-history,published,everyone,posts/149228839.operation-gladio-the-hidden-history.html,author_export:posts.csv,,2080,33,sha256:b2c4d2b5b334805d2804e80dc18557c896dc630c53e6e50fcbf5dfc83f51c8af,C:\Users\domin\PycharmProjects\White-Rabbit-Article-Research-Team\research_library\previous_white_rabbit_articles\articles\2024\operation-gladio-the-hidden-history\article.md,true,,CURRENT,
WR-000078,https://thewhiterabbitreport.substack.com/p/operation-gladio-in-belgium-the-brabant,Operation Gladio in Belgium: The Brabant Massacres and Political Instability,2024-09-22T00:04:30.325Z,,2024,,,public_or_owner_full,FULL_AUTHOR_EXPORT,author_export,149228724.operation-gladio-in-belgium-the-brabant,published,everyone,posts/149228724.operation-gladio-in-belgium-the-brabant.html,author_export:posts.csv,,2032,31,sha256:246717dcbeda5923fb97af1db0b5084987e69ca330478d1ff3eca4757709c95d,C:\Users\domin\PycharmProjects\White-Rabbit-Article-Research-Team\research_library\previous_white_rabbit_articles\articles\2024\operation-gladio-in-belgium-the-brabant\article.md,true,,CURRENT,
WR-000142,https://thewhiterabbitreport.substack.com/p/whistleblowers-vs-the-deep-state,Whistleblowers vs. The Deep State: Heroes or Villains?,2024-09-22T00:01:54.261Z,,2024,,,public_or_owner_full,FULL_AUTHOR_EXPORT,author_export,149228660.whistleblowers-vs-the-deep-state,published,everyone,posts/149228660.whistleblowers-vs-the-deep-state.html,author_export:posts.csv,,2180,32,sha256:b86ff832c189cd12a54cfe3e013b83c9bd9b9f28f56ba0495ea4da332ade3847,C:\Users\domin\PycharmProjects\White-Rabbit-Article-Research-Team\research_library\previous_white_rabbit_articles\articles\2024\whistleblowers-vs-the-deep-state\article.md,true,,CURRENT,
WR-000049,https://thewhiterabbitreport.substack.com/p/the-weaponization-of-government-is,The Weaponization of Government: Is Political Influence Corrupting Federal Agencies?,2024-09-21T23:46:24.722Z,,2024,,,public_or_owner_full,FULL_AUTHOR_EXPORT,author_export,149228153.the-weaponization-of-government-is,published,everyone,posts/149228153.the-weaponization-of-government-is.html,author_export:posts.csv,,2149,32,sha256:d343e7969f39f04727ac5e77c866aa856cee112727770de7e692cd7e4645b23e,C:\Users\domin\PycharmProjects\White-Rabbit-Article-Research-Team\research_library\previous_white_rabbit_articles\articles\2024\the-weaponization-of-government-is\article.md,true,,CURRENT,
WR-000119,https://thewhiterabbitreport.substack.com/p/the-rise-of-ai-in-warfare-transforming,The Rise of AI in Warfare: Transforming Global Military Strategies,2024-09-21T23:38:01.966Z,,2024,,,public_or_owner_full,FULL_AUTHOR_EXPORT,author_export,149228096.the-rise-of-ai-in-warfare-transforming,published,everyone,posts/149228096.the-rise-of-ai-in-warfare-transforming.html,author_export:posts.csv,,2098,33,sha256:834f2a7881aa7b755b367156b8879e8d3162d4f92bc55c3e6c5ea7bcbdff4ee4,C:\Users\domin\PycharmProjects\White-Rabbit-Article-Research-Team\research_library\previous_white_rabbit_articles\articles\2024\the-rise-of-ai-in-warfare-transforming\article.md,true,,CURRENT,
WR-000054,https://thewhiterabbitreport.substack.com/p/how-the-deep-state-shapes-us-foreign,How the Deep State Shapes U.S. Foreign Policy: Unelected Power in Global Affairs,2024-09-21T23:35:36.624Z,,2024,,,public_or_owner_full,FULL_AUTHOR_EXPORT,author_export,149228026.how-the-deep-state-shapes-us-foreign,published,everyone,posts/149228026.how-the-deep-state-shapes-us-foreign.html,author_export:posts.csv,,1974,29,sha256:4d3af7a831123578cd7c44b5dfecaca04dfa701e2c9d382bf88b1d3d052fee91,C:\Users\domin\PycharmProjects\White-Rabbit-Article-Research-Team\research_library\previous_white_rabbit_articles\articles\2024\how-the-deep-state-shapes-us-foreign\article.md,true,,CURRENT,
WR-000044,https://thewhiterabbitreport.substack.com/p/has-the-deep-state-ever-been-exposed,Has the Deep State Ever Been Exposed?,2024-09-21T23:33:08.556Z,,2024,,,public_or_owner_full,FULL_AUTHOR_EXPORT,author_export,149227907.has-the-deep-state-ever-been-exposed,published,everyone,posts/149227907.has-the-deep-state-ever-been-exposed.html,author_export:posts.csv,,1816,24,sha256:f2be492ed9000c2d6af6c2ed9fd284dfb3b1d5d29280dc18ceb90c27ae8aaa51,C:\Users\domin\PycharmProjects\White-Rabbit-Article-Research-Team\research_library\previous_white_rabbit_articles\articles\2024\has-the-deep-state-ever-been-exposed\article.md,true,,CURRENT,
WR-000009,https://thewhiterabbitreport.substack.com/p/brics-expansion-how-its-shifting,BRICS Expansion: How It’s Shifting the Global Balance of Power,2024-09-21T18:03:52.903Z,,2024,,,public_or_owner_full,FULL_AUTHOR_EXPORT,author_export,149215824.brics-expansion-how-its-shifting,published,everyone,posts/149215824.brics-expansion-how-its-shifting.html,author_export:posts.csv,,1806,25,sha256:e19bfca3dd680b9b948c06fa94abd9294706a9da43efed9bf29f78778c6182bb,C:\Users\domin\PycharmProjects\White-Rabbit-Article-Research-Team\research_library\previous_white_rabbit_articles\articles\2024\brics-expansion-how-its-shifting\article.md,true,,CURRENT,
WR-000055,https://thewhiterabbitreport.substack.com/p/hunter-biden-laptop-scandal-media,Hunter Biden Laptop Scandal: Media Suppression and the Role of Big Tech,2024-09-21T18:01:26.384Z,,2024,,,public_or_owner_full,FULL_AUTHOR_EXPORT,author_export,149215576.hunter-biden-laptop-scandal-media,published,everyone,posts/149215576.hunter-biden-laptop-scandal-media.html,author_export:posts.csv,,1519,21,sha256:7ddb86c55a7330cf101a9e28351c69d269eb0c4fe2fd59639e0c1be9d30ef7b7,C:\Users\domin\PycharmProjects\White-Rabbit-Article-Research-Team\research_library\previous_white_rabbit_articles\articles\2024\hunter-biden-laptop-scandal-media\article.md,true,,CURRENT,
WR-000066,https://thewhiterabbitreport.substack.com/p/january-6-prisoners-denial-of-justice,January 6 Prisoners: Denial of Justice and the Right to a Speedy Trial,2024-09-21T17:49:30.854Z,,2024,,,public_or_owner_full,FULL_AUTHOR_EXPORT,author_export,149215250.january-6-prisoners-denial-of-justice,published,everyone,posts/149215250.january-6-prisoners-denial-of-justice.html,author_export:posts.csv,,1968,26,sha256:662d17dddc70903ff53937510482e2afbb6e69f5f7296979e06f6f2ce7747a61,C:\Users\domin\PycharmProjects\White-Rabbit-Article-Research-Team\research_library\previous_white_rabbit_articles\articles\2024\january-6-prisoners-denial-of-justice\article.md,true,,CURRENT,
WR-000105,https://thewhiterabbitreport.substack.com/p/the-free-speech-debate-social-media,The Free Speech Debate: Social Media Censorship and Its Impact on Political Discourse,2024-09-21T17:46:09.375Z,,2024,,,public_or_owner_full,FULL_AUTHOR_EXPORT,author_export,149214968.the-free-speech-debate-social-media,published,everyone,posts/149214968.the-free-speech-debate-social-media.html,author_export:posts.csv,,1992,27,sha256:4c170a3f7a32de938d709a5d4a446ae1bfd3f4b81b34abc5f340027dd7fc61ed,C:\Users\domin\PycharmProjects\White-Rabbit-Article-Research-Team\research_library\previous_white_rabbit_articles\articles\2024\the-free-speech-debate-social-media\article.md,true,,CURRENT,
WR-000126,https://thewhiterabbitreport.substack.com/p/trump-assassination-attempt-examining,Trump Assassination Attempt: Examining Political Rhetoric and Violence,2024-09-21T17:39:14.446Z,,2024,,,public_or_owner_full,FULL_AUTHOR_EXPORT,author_export,149214775.trump-assassination-attempt-examining,published,everyone,posts/149214775.trump-assassination-attempt-examining.html,author_export:posts.csv,,1936,25,sha256:878f3eec7e50dd7478da685d9117b35feada6aa862b5f952febf34323c2b5804,C:\Users\domin\PycharmProjects\White-Rabbit-Article-Research-Team\research_library\previous_white_rabbit_articles\articles\2024\trump-assassination-attempt-examining\article.md,true,,CURRENT,
WR-000140,https://thewhiterabbitreport.substack.com/p/weaponization-of-government-agencies,Weaponization of Government Agencies: Political Influence in Federal Institutions,2024-09-21T17:34:00.160Z,,2024,,,public_or_owner_full,FULL_AUTHOR_EXPORT,author_export,149214324.weaponization-of-government-agencies,published,everyone,posts/149214324.weaponization-of-government-agencies.html,author_export:posts.csv,,1585,22,sha256:77289679f89fb0bdb09184e5494b0886a1997897deea02c52e0bc464963a3449,C:\Users\domin\PycharmProjects\White-Rabbit-Article-Research-Team\research_library\previous_white_rabbit_articles\articles\2024\weaponization-of-government-agencies\article.md,true,,CURRENT,
WR-000013,https://thewhiterabbitreport.substack.com/p/coming-soon,Coming soon,2024-09-21T17:21:07.345Z,,2024,,,title_only,TITLE_ONLY,author_export,149214256.coming-soon,published,everyone,posts/149214256.coming-soon.html,author_export:posts.csv,,8,0,sha256:a6c1729ee03c6504655307b0762469e5ce3620830357cd0a50250b36d793166b,C:\Users\domin\PycharmProjects\White-Rabbit-Article-Research-Team\research_library\previous_white_rabbit_articles\articles\2024\coming-soon\article.md,true,,CURRENT,
