origin,relative_path,filename,extension,bytes,sha256,source_type,duplicate_status,duplicate_group_size,canonical_copy
part-07,series_projects/usaid-office-of-public-safety/articles/part-07-what-survived-inside-foreign-aid/sources/9-000-16-001-s.pdf,9-000-16-001-s.pdf,.pdf,923456,6922231ea6de2c2612987c30cfcec0454a55154cae5857a0261b6742dc33d410,unclassified/mixed,duplicate-content,3,yes
part-07,series_projects/usaid-office-of-public-safety/articles/part-07-what-survived-inside-foreign-aid/sources/_OceanofPDF.com_Covert_Regime_Change_-_Lindsey_A_ORourke.pdf,_OceanofPDF.com_Covert_Regime_Change_-_Lindsey_A_ORourke.pdf,.pdf,2017178,d79b6da4d063f2fd7e571e8958a026b64ae4fc9b5a9d3b70208c92e42dc8b38c,secondary/book-or-monograph,unique,1,yes
part-07,series_projects/usaid-office-of-public-safety/articles/part-07-what-survived-inside-foreign-aid/sources/_OceanofPDF.com_Global_Capitalism_and_the_Crisis_of_Humanity_-_William_I_Robinson.epub,_OceanofPDF.com_Global_Capitalism_and_the_Crisis_of_Humanity_-_William_I_Robinson.epub,.epub,1652228,c310032d44c407f6c6343aa5ce34dc680e5be3504d12ea9657caf2c627467215,secondary/book-or-monograph,unique,1,yes
part-07,series_projects/usaid-office-of-public-safety/articles/part-07-what-survived-inside-foreign-aid/sources/_OceanofPDF.com_Global_Civil_War_Capitalism_Post-Pandemic_-_William_I_Robinson.epub,_OceanofPDF.com_Global_Civil_War_Capitalism_Post-Pandemic_-_William_I_Robinson.epub,.epub,3191665,68f993c8940bea1a7ee0ea85d8ab9b111ed3ad5878eab3a25f92dd4f90816f66,secondary/book-or-monograph,unique,1,yes
part-07,series_projects/usaid-office-of-public-safety/articles/part-07-what-survived-inside-foreign-aid/sources/_OceanofPDF.com_Meddling_in_the_Ballot_Box_-_Dov_H_Levin.epub,_OceanofPDF.com_Meddling_in_the_Ballot_Box_-_Dov_H_Levin.epub,.epub,2502248,7bce979014783a96663f8e18722d7a2e1f1edb43db2784dff10226ae2a23f9a1,secondary/book-or-monograph,unique,1,yes
part-07,series_projects/usaid-office-of-public-safety/articles/part-07-what-survived-inside-foreign-aid/sources/_OceanofPDF.com_Mighty_Wurlitzer_How_the_CIA_Played_America_-_Hugh_Wilford.pdf,_OceanofPDF.com_Mighty_Wurlitzer_How_the_CIA_Played_America_-_Hugh_Wilford.pdf,.pdf,1070490,f3d5e41948c5d96cfe5cdf48ffebdeabd391bb192e6ec4e588750c5b0c7135c9,secondary/book-or-monograph,unique,1,yes
part-07,series_projects/usaid-office-of-public-safety/articles/part-07-what-survived-inside-foreign-aid/sources/_OceanofPDF.com_The_Cultural_Cold_War_-_Frances_Stonor_Saunders.epub,_OceanofPDF.com_The_Cultural_Cold_War_-_Frances_Stonor_Saunders.epub,.epub,2735053,8caaf349e6fa8bc7be2a356339ff10c706613fd53f7b0b460dc58e1f0261c913,secondary/book-or-monograph,unique,1,yes
part-07,series_projects/usaid-office-of-public-safety/articles/part-07-what-survived-inside-foreign-aid/sources/Democratic Transition Framework for Venezuela.pdf,Democratic Transition Framework for Venezuela.pdf,.pdf,416514,7e27b2d06ef2d8805fe204c31f9ce4d3836579970f1480685cc078c0bc5f5834,unclassified/mixed,unique,1,yes
part-07,series_projects/usaid-office-of-public-safety/articles/part-07-what-survived-inside-foreign-aid/sources/From Promoting Political Polyarchy to Defeating Participatory Democracy.pdf,From Promoting Political Polyarchy to Defeating Participatory Democracy.pdf,.pdf,186747,ea209b0c3d122a338776e149f3cc10addeeea501dcdb63eb0203bfb4be4147cd,unclassified/mixed,unique,1,yes
part-07,series_projects/usaid-office-of-public-safety/articles/part-07-what-survived-inside-foreign-aid/sources/gao-26-108754.pdf,gao-26-108754.pdf,.pdf,1511115,e8fda01e4825e228103a0876ad25167308a425576424c017ea73bbb25d4694fb,primary/government-or-contemporaneous-record,unique,1,yes
part-07,series_projects/usaid-office-of-public-safety/articles/part-07-what-survived-inside-foreign-aid/sources/SAR-Final (2).pdf,SAR-Final (2).pdf,.pdf,1562983,da5149ea1f8cac82b8aa974b777cd74263a65eb9c9e80b9e730bcb0fa9c887dc,unclassified/mixed,duplicate-content,2,yes
part-07,series_projects/usaid-office-of-public-safety/articles/part-07-what-survived-inside-foreign-aid/sources/SAR-Final.pdf,SAR-Final.pdf,.pdf,1562983,da5149ea1f8cac82b8aa974b777cd74263a65eb9c9e80b9e730bcb0fa9c887dc,unclassified/mixed,duplicate-content,2,no
part-07,series_projects/usaid-office-of-public-safety/articles/part-07-what-survived-inside-foreign-aid/sources/the-global-police-state_compress.pdf,the-global-police-state_compress.pdf,.pdf,1268940,d5c1658b7565fe445860401a2a0d56bc43b5aedb71bd187a3091378ff7cce8b9,secondary/book-or-monograph,unique,1,yes
shared-series,series_projects/usaid-office-of-public-safety/shared_sources/1-524-25-006-R_0.pdf,1-524-25-006-R_0.pdf,.pdf,268893,eabd175f6f6d362ac306f61ae52c12e67cacf007f27fbbc4000f66f09b222173,unclassified/mixed,unique,1,yes
shared-series,series_projects/usaid-office-of-public-safety/shared_sources/9-000-16-001-s.pdf,9-000-16-001-s.pdf,.pdf,923456,6922231ea6de2c2612987c30cfcec0454a55154cae5857a0261b6742dc33d410,unclassified/mixed,duplicate-content,3,no
shared-series,series_projects/usaid-office-of-public-safety/shared_sources/9-000-21-005-P_0.pdf,9-000-21-005-P_0.pdf,.pdf,864746,40f689c3ce35e1d0e351df4293c8d9421e1d30c01661763202ac40c9a1ad459d,unclassified/mixed,unique,1,yes
shared-series,series_projects/usaid-office-of-public-safety/shared_sources/9-524-20-034-R.pdf,9-524-20-034-R.pdf,.pdf,68586,b95b6caae9f7d6edbd99a8e114750c4c80608e927325090a984021f93a660242,unclassified/mixed,unique,1,yes
shared-series,series_projects/usaid-office-of-public-safety/shared_sources/_SOURCE_CROSSWALK.txt,_SOURCE_CROSSWALK.txt,.txt,3405,7cc6283b1d592914894e956e9b119b3d8988b9243cdc891b64c2628af6abdf2d,unclassified/mixed,unique,1,yes
shared-series,series_projects/usaid-office-of-public-safety/shared_sources/Aid or Abuse_ A Review of U.S. Police Assistance Programs in Lati.pdf,Aid or Abuse_ A Review of U.S. Police Assistance Programs in Lati.pdf,.pdf,1016984,ede4d6be3ab73f4b7616f417d0e4159a649cf4430705a014038ab5e4854bad5f,unclassified/mixed,unique,1,yes
shared-series,series_projects/usaid-office-of-public-safety/shared_sources/CIA-RDP03-01541R000200420004-8 (1).pdf,CIA-RDP03-01541R000200420004-8 (1).pdf,.pdf,7294205,b8e739dfe841531a77c5dc56d90f05dcb6fde74803e63433b2fea3bf9f2ff38f,primary/government-or-contemporaneous-record,unique,1,yes
shared-series,series_projects/usaid-office-of-public-safety/shared_sources/CIA-RDP80B01083A000100120014-7.pdf,CIA-RDP80B01083A000100120014-7.pdf,.pdf,3153693,2705fed1c2d4b5f87f91fc478479a7114e47a97625d5961114ac4ec897f01d05,primary/government-or-contemporaneous-record,unique,1,yes
shared-series,series_projects/usaid-office-of-public-safety/shared_sources/Cold War Anthropology.pdf,Cold War Anthropology.pdf,.pdf,4054269,f06f91cb6284b682fd8ab3403a9a61d3552f36c991ce849c95203c3af922f492,secondary/book-or-monograph,unique,1,yes
shared-series,series_projects/usaid-office-of-public-safety/shared_sources/Dan Mitrione  August 6 Nixon Pacheco communication.pdf,Dan Mitrione  August 6 Nixon Pacheco communication.pdf,.pdf,425906,cd542fa466b1500450e0349184d9713bb911ea59c6d4206f579618a512004843,unclassified/mixed,unique,1,yes
shared-series,series_projects/usaid-office-of-public-safety/shared_sources/Dan Mitrione  July 31 1970 kidnapping notification.pdf,Dan Mitrione  July 31 1970 kidnapping notification.pdf,.pdf,83848,4c5a4b4f2e34974fcce20d5098d761525e67f99f99c2b4d1320ee121f7eb60c2,unclassified/mixed,unique,1,yes
shared-series,series_projects/usaid-office-of-public-safety/shared_sources/Dan Mitrione Ambassador's reply mentioning the Escuadrón de Muerte.pdf,Dan Mitrione Ambassador's reply mentioning the Escuadrón de Muerte.pdf,.pdf,133475,ae55ff92e6403efa081b1aab8b33c49a295f4fe13ef98e690437f522141e49ad,unclassified/mixed,unique,1,yes
shared-series,series_projects/usaid-office-of-public-safety/shared_sources/Dan Mitrione August 9 State Department “threat to kill Sendic” cable.pdf,Dan Mitrione August 9 State Department “threat to kill Sendic” cable.pdf,.pdf,47462,214085f35de16b35ea45a191445f3db396d90f4575937a01f7a8ca2649003d02,primary/government-or-contemporaneous-record,unique,1,yes
shared-series,series_projects/usaid-office-of-public-safety/shared_sources/dokumen.pub_badges-without-borders-how-global-counterinsurgency-transformed-american-policing-9780520295612-9780520968332-0520968336.azw3,dokumen.pub_badges-without-borders-how-global-counterinsurgency-transformed-american-policing-9780520295612-9780520968332-0520968336.azw3,.azw3,2274592,3405ba586a604ed745e80376ba46344db788610dac712f1ce8d80f73978fc3bf,unclassified/mixed,unique,1,yes
shared-series,series_projects/usaid-office-of-public-safety/shared_sources/Family_jewels_of_the_Central_Intelligence_Agency.pdf,Family_jewels_of_the_Central_Intelligence_Agency.pdf,.pdf,24829831,ae3c235c036fd74c33cbfd3078af6aac143ab4e827d57e17d0672038fd783d5a,primary/government-or-contemporaneous-record,unique,1,yes
shared-series,series_projects/usaid-office-of-public-safety/shared_sources/GPO-CRECB-1972-pt3-2.pdf,GPO-CRECB-1972-pt3-2.pdf,.pdf,37106435,624c6a0b3bc72beea590ae41b0526b59a5e49f7f60d2ec28cf4d8cecdb3aeac7,primary/government-or-contemporaneous-record,unique,1,yes
shared-series,series_projects/usaid-office-of-public-safety/shared_sources/GPO-CRECB-1973-pt25-3-2 (1).pdf,GPO-CRECB-1973-pt25-3-2 (1).pdf,.pdf,63618708,ae7cb10cb07fa291103e643902559c962d8ae59b4acb6c0f20494f0459d6e47d,primary/government-or-contemporaneous-record,unique,1,yes
shared-series,series_projects/usaid-office-of-public-safety/shared_sources/GPO-CRECB-1974-pt8-4-1.pdf,GPO-CRECB-1974-pt8-4-1.pdf,.pdf,26331521,b371092e7f35c176f80549d941c1a11ea01ef541bb6dbb467a53dc8a74860680,primary/government-or-contemporaneous-record,unique,1,yes
shared-series,"series_projects/usaid-office-of-public-safety/shared_sources/GRANT to FREEDOM HOUSE, INC. _ USAspending.pdf","GRANT to FREEDOM HOUSE, INC. _ USAspending.pdf",.pdf,213160,6e476f2d83af5a27203698898b3f54ed672e3e8eac6b0915ffb61e3c13b79bab,primary/government-or-contemporaneous-record,unique,1,yes
shared-series,series_projects/usaid-office-of-public-safety/shared_sources/Growing Up USAID _ The New Yorker.pdf,Growing Up USAID _ The New Yorker.pdf,.pdf,335438,fc884549c4b4dc33778bee7691f01320e33a3462438fec5378851bc5254e9fc8,unclassified/mixed,unique,1,yes
shared-series,series_projects/usaid-office-of-public-safety/shared_sources/Historical Documents - Office of the Historian-2.pdf,Historical Documents - Office of the Historian-2.pdf,.pdf,349254,c7247837dd5517190c296a55989060d6bb21b06d3fe1e382e78108714033e313,unclassified/mixed,unique,1,yes
shared-series,series_projects/usaid-office-of-public-safety/shared_sources/How US govt-funded Nicaraguan anti-Sandinista media spread fake news - and lied about me - Geopolitical Economy Report.pdf,How US govt-funded Nicaraguan anti-Sandinista media spread fake news - and lied about me - Geopolitical Economy Report.pdf,.pdf,3162986,2891ce3894473aaff19b6ccb535b89d35147cafad738e6d805b2516dc8373d83,unclassified/mixed,unique,1,yes
shared-series,series_projects/usaid-office-of-public-safety/shared_sources/id-76-5 (1).pdf,id-76-5 (1).pdf,.pdf,5882107,dd57dcb94bc399bdaeef3b8d893adff2815fca63bd2492ce42c07af10379bb66,unclassified/mixed,unique,1,yes
shared-series,series_projects/usaid-office-of-public-safety/shared_sources/Idea to Reality_ NED at 30 - NATIONAL ENDOWMENT FOR DEMOCRACY.pdf,Idea to Reality_ NED at 30 - NATIONAL ENDOWMENT FOR DEMOCRACY.pdf,.pdf,405334,7bd4f8467e4871ac218f5001c853d218d968601e2754f13abacb00a8cefe7e7f,unclassified/mixed,unique,1,yes
shared-series,series_projects/usaid-office-of-public-safety/shared_sources/INNOCENCE ABROAD_ THE NEW WORLD OF SPYLESS COUPS - The Washington Post.pdf,INNOCENCE ABROAD_ THE NEW WORLD OF SPYLESS COUPS - The Washington Post.pdf,.pdf,86744,58ee888705f37088418218fe8e1bea233cd62bf491efab8808d882b97fd7c7bb,unclassified/mixed,unique,1,yes
shared-series,series_projects/usaid-office-of-public-safety/shared_sources/Inside Nicaragua's Sandinista Revolution_ 43 years resisting imperialism - Geopolitical Economy Report.pdf,Inside Nicaragua's Sandinista Revolution_ 43 years resisting imperialism - Geopolitical Economy Report.pdf,.pdf,5673783,5ff843b571947f404da7fb253f30889f210331b299dd282e8bd1b63de5612f3c,unclassified/mixed,unique,1,yes
shared-series,series_projects/usaid-office-of-public-safety/shared_sources/Is USAID the New CIA - Agency Secretly Built Cuban Twitter Program to Fuel Anti-Castro Protests.pdf,Is USAID the New CIA - Agency Secretly Built Cuban Twitter Program to Fuel Anti-Castro Protests.pdf,.pdf,150127,76841eed61978bde823476c86827b19c06d093b8b89e8f2f8ef10d2175c777e1,unclassified/mixed,unique,1,yes
shared-series,series_projects/usaid-office-of-public-safety/shared_sources/Item 08.pdf,Item 08.pdf,.pdf,125893,0c162d206d38a0e1fb0775ad2d5731f3a58c98709fc168b7b944850dc5a50d82,unclassified/mixed,unique,1,yes
shared-series,series_projects/usaid-office-of-public-safety/shared_sources/JFKNSF-319-004/JFKNSF-319-004-p0001.jpg,JFKNSF-319-004-p0001.jpg,.jpg,642885,0f9f2a973dca7ff6865b3a24ef1386390073585beba337a0dad8aa9c8835c96d,unclassified/mixed,unique,1,yes
shared-series,series_projects/usaid-office-of-public-safety/shared_sources/JFKNSF-319-004/JFKNSF-319-004-p0002.jpg,JFKNSF-319-004-p0002.jpg,.jpg,1121692,9abd7c707140d3fbc9fcd9a4c49d830fed38e9751a3bb1e7caee0a7858ee3812,unclassified/mixed,unique,1,yes
shared-series,series_projects/usaid-office-of-public-safety/shared_sources/JFKNSF-319-004/JFKNSF-319-004-p0003.jpg,JFKNSF-319-004-p0003.jpg,.jpg,1139677,88c5ce10c04c47e04d3f3795c5da51b6b2dc97cac9e7b8e00f14bfb0481c3a14,unclassified/mixed,unique,1,yes
shared-series,series_projects/usaid-office-of-public-safety/shared_sources/JFKNSF-319-004/JFKNSF-319-004-p0004.jpg,JFKNSF-319-004-p0004.jpg,.jpg,1166859,3e66f1a98cc820da14568c5573ff8b0bcaadace438b83836310d798eb35003ed,unclassified/mixed,unique,1,yes
shared-series,series_projects/usaid-office-of-public-safety/shared_sources/JFKNSF-319-004/JFKNSF-319-004-p0005.jpg,JFKNSF-319-004-p0005.jpg,.jpg,908428,084fa71b9414e380facb97df20fbdee2df58557d45eb75cea55df50c6f72c986,unclassified/mixed,unique,1,yes
shared-series,series_projects/usaid-office-of-public-safety/shared_sources/JFKNSF-319-004/JFKNSF-319-004-p0006.jpg,JFKNSF-319-004-p0006.jpg,.jpg,1117917,3e6c5ba68ea97aca8d0e598e599aff12a84cbaf433e811ce0fb5e17ccae95b30,unclassified/mixed,unique,1,yes
shared-series,series_projects/usaid-office-of-public-safety/shared_sources/JFKNSF-319-004/JFKNSF-319-004-p0007.jpg,JFKNSF-319-004-p0007.jpg,.jpg,1065602,27b866b36fb265b2778d98b69ba9d3f382296925a9607ee4062361d6b7e59a0c,unclassified/mixed,unique,1,yes
shared-series,series_projects/usaid-office-of-public-safety/shared_sources/JFKNSF-319-004/JFKNSF-319-004-p0008.jpg,JFKNSF-319-004-p0008.jpg,.jpg,1114533,eda1a2daaac214d53d0571ec2ef4df0bfe5854214b605060d6ab74a0d01a6808,unclassified/mixed,unique,1,yes
shared-series,series_projects/usaid-office-of-public-safety/shared_sources/JFKNSF-319-004/JFKNSF-319-004-p0009.jpg,JFKNSF-319-004-p0009.jpg,.jpg,847625,d780ede2d45e17522190ed490fb80a398bf60c6fd622db245c05683131db6daa,unclassified/mixed,unique,1,yes
shared-series,series_projects/usaid-office-of-public-safety/shared_sources/JFKNSF-319-004/JFKNSF-319-004-p0010.jpg,JFKNSF-319-004-p0010.jpg,.jpg,153508,c2713ac2decb2116982e613de531db1e7823276a4b028e108fb2918a3588b360,unclassified/mixed,unique,1,yes
shared-series,series_projects/usaid-office-of-public-safety/shared_sources/JFKNSF-319-004/JFKNSF-319-004-p0011.jpg,JFKNSF-319-004-p0011.jpg,.jpg,566971,08581f61bf7acbb854d544c7c844dfc3a819cfe9fa9978f5cc6e46740b1ca8cc,unclassified/mixed,unique,1,yes
shared-series,series_projects/usaid-office-of-public-safety/shared_sources/JFKNSF-319-004/JFKNSF-319-004-p0012.jpg,JFKNSF-319-004-p0012.jpg,.jpg,611942,498685321cc56b82bb23ca120208e43522d6d481dec1ca3af771902aee174277,unclassified/mixed,unique,1,yes
shared-series,series_projects/usaid-office-of-public-safety/shared_sources/JFKNSF-319-004/JFKNSF-319-004-p0013.jpg,JFKNSF-319-004-p0013.jpg,.jpg,613646,dd5c0b449ed66d37f579453a56a632f3a82d8ffeff2c9bd617725bce90b90c95,unclassified/mixed,unique,1,yes
shared-series,series_projects/usaid-office-of-public-safety/shared_sources/JFKNSF-319-004/JFKNSF-319-004-p0014.jpg,JFKNSF-319-004-p0014.jpg,.jpg,317739,63344f857bc0ce95fa1ed23908a4a82dd35bf00969ab18d1672c345cf978cf28,unclassified/mixed,unique,1,yes
shared-series,series_projects/usaid-office-of-public-safety/shared_sources/JFKNSF-319-004/JFKNSF-319-004-p0015.jpg,JFKNSF-319-004-p0015.jpg,.jpg,606113,3e18f384955210b5436d67ecb0e95828d698da197ae39d64997b8db08287f0ba,unclassified/mixed,unique,1,yes
shared-series,series_projects/usaid-office-of-public-safety/shared_sources/JFKNSF-319-004/JFKNSF-319-004-p0016.jpg,JFKNSF-319-004-p0016.jpg,.jpg,631023,350a3eb809d64a05a8f3d5805848b4c9cc118282a8a0d512a6a3ec7830ca1301,unclassified/mixed,unique,1,yes
shared-series,series_projects/usaid-office-of-public-safety/shared_sources/JFKNSF-319-004/JFKNSF-319-004-p0017.jpg,JFKNSF-319-004-p0017.jpg,.jpg,621853,7f1749e6c7bc8e0cfe1b5e3b85799f0631e971b552df72b9ea513878d05e919b,unclassified/mixed,unique,1,yes
shared-series,series_projects/usaid-office-of-public-safety/shared_sources/JFKNSF-319-004/JFKNSF-319-004-p0018.jpg,JFKNSF-319-004-p0018.jpg,.jpg,682098,3764055a29df6937efb5230055bb1349dd9376a5fac04212550cca8b7bda6fcd,unclassified/mixed,unique,1,yes
shared-series,series_projects/usaid-office-of-public-safety/shared_sources/JFKNSF-319-004/JFKNSF-319-004-p0019.jpg,JFKNSF-319-004-p0019.jpg,.jpg,410152,88b625ad3ab9aa93f066da5389a1d12a34a16a952c0b7748001faa43a4378d1a,unclassified/mixed,unique,1,yes
shared-series,series_projects/usaid-office-of-public-safety/shared_sources/JFKNSF-319-004/JFKNSF-319-004-p0020.jpg,JFKNSF-319-004-p0020.jpg,.jpg,528277,189eef492b0bd6d245c4bc07f9db9f319a7760c06f33aaffe723c4521723900a,unclassified/mixed,unique,1,yes
shared-series,series_projects/usaid-office-of-public-safety/shared_sources/JFKNSF-319-004/JFKNSF-319-004-p0021.jpg,JFKNSF-319-004-p0021.jpg,.jpg,458138,65b5df672c97e2f7676ebb5e4af368385b38e897b01b7f47a5d8de015c684cbd,unclassified/mixed,unique,1,yes
shared-series,series_projects/usaid-office-of-public-safety/shared_sources/JFKNSF-319-004/JFKNSF-319-004-p0022.jpg,JFKNSF-319-004-p0022.jpg,.jpg,746167,cd484180c94fba69a1dc6a0264d71c54c5acc7ccbece03fc983d7d8eeabc9468,unclassified/mixed,unique,1,yes
shared-series,series_projects/usaid-office-of-public-safety/shared_sources/JFKNSF-319-004/JFKNSF-319-004-p0023.jpg,JFKNSF-319-004-p0023.jpg,.jpg,368386,5a3e4957ea4a22d0d54c2409c49f844ffe2da7ef369175f93142f5f46e915883,unclassified/mixed,unique,1,yes
shared-series,series_projects/usaid-office-of-public-safety/shared_sources/JFKNSF-319-004/JFKNSF-319-004-p0024.jpg,JFKNSF-319-004-p0024.jpg,.jpg,365083,ce1066d71b33bf8f16ff4040a14087ec4c48a01c91c471f46d64c6407a3cb612,unclassified/mixed,unique,1,yes
shared-series,series_projects/usaid-office-of-public-safety/shared_sources/JFKNSF-319-004/JFKNSF-319-004-p0025.jpg,JFKNSF-319-004-p0025.jpg,.jpg,384732,31ae684e6c26bd73cdc0b831964e2bc72aff3c91ab2a89622d52fd569591982a,unclassified/mixed,unique,1,yes
shared-series,series_projects/usaid-office-of-public-safety/shared_sources/JFKNSF-319-004/JFKNSF-319-004-p0026.jpg,JFKNSF-319-004-p0026.jpg,.jpg,796513,2643352911f04cbcc459410ab15e26e02f172e9f4a5ed7985d721ab0dac80a52,unclassified/mixed,unique,1,yes
shared-series,series_projects/usaid-office-of-public-safety/shared_sources/JFKNSF-319-004/JFKNSF-319-004-p0027.jpg,JFKNSF-319-004-p0027.jpg,.jpg,751032,a759dd9441c9293b630b0d1c4a8fd4b3b7f5a9d05f409aa0f7348d2f27ee9bd5,unclassified/mixed,unique,1,yes
shared-series,series_projects/usaid-office-of-public-safety/shared_sources/JFKNSF-319-004/JFKNSF-319-004-p0028.jpg,JFKNSF-319-004-p0028.jpg,.jpg,714444,1f2b13aba74eead6bcb3f5154418a9ec5ec6d6148d20f2f521eb250d1d7f7b79,unclassified/mixed,unique,1,yes
shared-series,series_projects/usaid-office-of-public-safety/shared_sources/JFKNSF-319-004/JFKNSF-319-004-p0029.jpg,JFKNSF-319-004-p0029.jpg,.jpg,364783,f9baa40aa3ebe8e964a0744208da5749228e760128592ca0ce4937f58ad2d420,unclassified/mixed,unique,1,yes
shared-series,series_projects/usaid-office-of-public-safety/shared_sources/JFKNSF-319-004/JFKNSF-319-004-p0030.jpg,JFKNSF-319-004-p0030.jpg,.jpg,524336,e7f80781fc9a696a0017dc6c1a6ab03d4edfc6713b0329283c975b95418a7d30,unclassified/mixed,unique,1,yes
shared-series,series_projects/usaid-office-of-public-safety/shared_sources/JFKNSF-319-004/JFKNSF-319-004-p0031.jpg,JFKNSF-319-004-p0031.jpg,.jpg,696570,76230b2f84b38ba1ab6816e314a1c673c3dca58d30e0241f8fb530324d44f703,unclassified/mixed,unique,1,yes
shared-series,series_projects/usaid-office-of-public-safety/shared_sources/JFKNSF-319-004/JFKNSF-319-004-p0032.jpg,JFKNSF-319-004-p0032.jpg,.jpg,592270,8b48c645802d4e09952a769568d9be00f810e6ae2e53e1f7c503475e8e26034b,unclassified/mixed,unique,1,yes
shared-series,series_projects/usaid-office-of-public-safety/shared_sources/JFKNSF-319-004/JFKNSF-319-004-p0033.jpg,JFKNSF-319-004-p0033.jpg,.jpg,609655,27130577291b0fb6a03a34078dda81bd29d62347588d775b99ee2379a3f27841,unclassified/mixed,unique,1,yes
shared-series,series_projects/usaid-office-of-public-safety/shared_sources/JFKNSF-319-004/JFKNSF-319-004-p0034.jpg,JFKNSF-319-004-p0034.jpg,.jpg,284728,bc874bbb8036e2d988bbf0ffe56940b0031a2328a777cf42c253371ac8610d94,unclassified/mixed,unique,1,yes
shared-series,series_projects/usaid-office-of-public-safety/shared_sources/JFKNSF-319-004/JFKNSF-319-004-p0035.jpg,JFKNSF-319-004-p0035.jpg,.jpg,360760,b55646c7c85ab7b1c6b7c944798658571e75ee929c41ff2c2d2a51ec938b1395,unclassified/mixed,unique,1,yes
shared-series,series_projects/usaid-office-of-public-safety/shared_sources/JFKNSF-319-004/JFKNSF-319-004-p0036.jpg,JFKNSF-319-004-p0036.jpg,.jpg,270756,cc6eac7693836550cf9335205fec95d07cf621b1c48077be0b05f1ddb27e2cf2,unclassified/mixed,unique,1,yes
shared-series,series_projects/usaid-office-of-public-safety/shared_sources/JFKNSF-319-004/JFKNSF-319-004-p0037.jpg,JFKNSF-319-004-p0037.jpg,.jpg,687567,153e2f50a7e8c5f001133e7ac41162d2c61b6d621c7fd4b1db7aee3aacee679d,unclassified/mixed,unique,1,yes
shared-series,series_projects/usaid-office-of-public-safety/shared_sources/JFKNSF-319-004/JFKNSF-319-004-p0038.jpg,JFKNSF-319-004-p0038.jpg,.jpg,694561,354696d3db9944a8d2d47d3ab0f480b53dd72bd234122f498204f758381c6326,unclassified/mixed,unique,1,yes
shared-series,series_projects/usaid-office-of-public-safety/shared_sources/JFKNSF-319-004/JFKNSF-319-004-p0039.jpg,JFKNSF-319-004-p0039.jpg,.jpg,479682,883864985dc0911ce09f2be63be6cc03d5e7ef74073d3c0503b6e0ad42624939,unclassified/mixed,unique,1,yes
shared-series,series_projects/usaid-office-of-public-safety/shared_sources/JFKNSF-319-004/JFKNSF-319-004-p0040.jpg,JFKNSF-319-004-p0040.jpg,.jpg,384929,6ec0f2d4d753eff37dd712de8713a532b73e536cc578f3f50788193f59b131cc,unclassified/mixed,unique,1,yes
shared-series,series_projects/usaid-office-of-public-safety/shared_sources/JFKNSF-319-004/JFKNSF-319-004-p0041.jpg,JFKNSF-319-004-p0041.jpg,.jpg,1058844,b23bf5eea8e494b6036aee000922ad657561caee72a5463b6c308f23c369e6da,unclassified/mixed,unique,1,yes
shared-series,series_projects/usaid-office-of-public-safety/shared_sources/JFKNSF-319-004/JFKNSF-319-004-p0042.jpg,JFKNSF-319-004-p0042.jpg,.jpg,1144656,baa04b7d8eb321de1db18c0ed1932b5c5ba17f98738009c429208c0e619c8d79,unclassified/mixed,unique,1,yes
shared-series,series_projects/usaid-office-of-public-safety/shared_sources/JFKNSF-319-004/JFKNSF-319-004-p0043.jpg,JFKNSF-319-004-p0043.jpg,.jpg,1095698,e979356f8918b4bf6e1e47b5c81fba4f3e62d7a10251a25a097a65cd762a44a2,unclassified/mixed,unique,1,yes
shared-series,series_projects/usaid-office-of-public-safety/shared_sources/JFKNSF-319-004/JFKNSF-319-004-p0044.jpg,JFKNSF-319-004-p0044.jpg,.jpg,467640,661db9b973a4c4422307f73c88a1f085dd5d346d8652b1ec6e8ddb72ce09b70d,unclassified/mixed,unique,1,yes
shared-series,series_projects/usaid-office-of-public-safety/shared_sources/JFKNSF-319-004/JFKNSF-319-004-p0045.jpg,JFKNSF-319-004-p0045.jpg,.jpg,679269,059d1b2e81eb144d8becfbea7883fe8813c759f1648521c8dfffc8c6eb71d070,unclassified/mixed,unique,1,yes
shared-series,series_projects/usaid-office-of-public-safety/shared_sources/JFKNSF-319-004/JFKNSF-319-004-p0046.jpg,JFKNSF-319-004-p0046.jpg,.jpg,817260,42a54b098da50b85396d813749511d5b6cafd12e4bac5bd9664777efe2d7ea15,unclassified/mixed,unique,1,yes
shared-series,series_projects/usaid-office-of-public-safety/shared_sources/JFKNSF-319-004/JFKNSF-319-004-p0047.jpg,JFKNSF-319-004-p0047.jpg,.jpg,481033,fdaa079cea6a40e882e34c87407f860fc779d17df0e3e7b23354231583ab1288,unclassified/mixed,unique,1,yes
shared-series,series_projects/usaid-office-of-public-safety/shared_sources/JFKNSF-319-004/JFKNSF-319-004-p0048.jpg,JFKNSF-319-004-p0048.jpg,.jpg,397987,962d91ac4dd2c20447343b38e4cd7748f45a561e9259f1fdf8c2ab888b1759d2,unclassified/mixed,unique,1,yes
shared-series,series_projects/usaid-office-of-public-safety/shared_sources/JFKNSF-319-004/JFKNSF-319-004-p0049.jpg,JFKNSF-319-004-p0049.jpg,.jpg,328392,8a32dadc0a611218bcbb52522a6d298d9590fcfe3758a618e576f67ed1d154cc,unclassified/mixed,unique,1,yes
shared-series,series_projects/usaid-office-of-public-safety/shared_sources/JFKNSF-319-004/JFKNSF-319-004-p0050.jpg,JFKNSF-319-004-p0050.jpg,.jpg,609703,f03ad1bfb0ab1bccb9ea17eba255b0d072d55c84e4c11b645cec48e65e74291b,unclassified/mixed,unique,1,yes
shared-series,series_projects/usaid-office-of-public-safety/shared_sources/JFKNSF-319-004/JFKNSF-319-004-p0051.jpg,JFKNSF-319-004-p0051.jpg,.jpg,487535,9fefe467f26cf6489e5638a91b876dcccc73a7db7c0ecb6850ffaa289896c93c,unclassified/mixed,unique,1,yes
shared-series,series_projects/usaid-office-of-public-safety/shared_sources/JFKNSF-319-004/JFKNSF-319-004-p0052.jpg,JFKNSF-319-004-p0052.jpg,.jpg,690045,435ca5f1b2fa3819c6ae331a6092fce36f40169bc089c27d57f3b2b09960c4f7,unclassified/mixed,unique,1,yes
shared-series,series_projects/usaid-office-of-public-safety/shared_sources/JFKNSF-319-004/JFKNSF-319-004-p0053.jpg,JFKNSF-319-004-p0053.jpg,.jpg,1004953,6f84c10e1ace4e384d94ce245dea7d90306d63e46623eeb62c4d0eb78513e90d,unclassified/mixed,unique,1,yes
shared-series,series_projects/usaid-office-of-public-safety/shared_sources/JFKNSF-319-004/JFKNSF-319-004-p0054.jpg,JFKNSF-319-004-p0054.jpg,.jpg,1024631,ce8d1a1e00a2638a8c4dc314de805726739d51b9420d1cfe86ae840bde117588,unclassified/mixed,unique,1,yes
shared-series,series_projects/usaid-office-of-public-safety/shared_sources/JFKNSF-319-004/JFKNSF-319-004-p0055.jpg,JFKNSF-319-004-p0055.jpg,.jpg,383125,626e37fb78487a762d5047df192c0e1e650f2265cb434fd7f6e6279eb4e324cd,unclassified/mixed,unique,1,yes
shared-series,series_projects/usaid-office-of-public-safety/shared_sources/JFKNSF-319-004/JFKNSF-319-004-p0056.jpg,JFKNSF-319-004-p0056.jpg,.jpg,486611,651f1ed109c74eed6125e5e9fd62eff1f6fcfa97280a8ccb7d516853ac6037e6,unclassified/mixed,unique,1,yes
shared-series,series_projects/usaid-office-of-public-safety/shared_sources/JFKNSF-319-004/JFKNSF-319-004-p0057.jpg,JFKNSF-319-004-p0057.jpg,.jpg,666273,dfacc773410d66ecc78ccad94182dbda77f83c499fd019a56820dc5dd63ea91e,unclassified/mixed,unique,1,yes
shared-series,series_projects/usaid-office-of-public-safety/shared_sources/JFKNSF-319-004/JFKNSF-319-004-p0058.jpg,JFKNSF-319-004-p0058.jpg,.jpg,958083,239b534c2af51af27eabffdcac862592cbeb2c18faaf90895f0aa9b04e9c666b,unclassified/mixed,unique,1,yes
shared-series,series_projects/usaid-office-of-public-safety/shared_sources/JFKNSF-319-004/JFKNSF-319-004-p0059.jpg,JFKNSF-319-004-p0059.jpg,.jpg,1067844,2403f0a4f9f0cd68390b661470c22c1cb55b5179e146d7ee413ad5c01e73ea15,unclassified/mixed,unique,1,yes
shared-series,series_projects/usaid-office-of-public-safety/shared_sources/JFKNSF-319-004/JFKNSF-319-004-p0060.jpg,JFKNSF-319-004-p0060.jpg,.jpg,911793,a66fedae6e9cced7d56fc48343583978455f303bd5ec33c1af8de82baa1a6960,unclassified/mixed,unique,1,yes
shared-series,series_projects/usaid-office-of-public-safety/shared_sources/JFKNSF-319-004/JFKNSF-319-004-p0061.jpg,JFKNSF-319-004-p0061.jpg,.jpg,378333,0d3220c0394ef90f053bd29c7dbc7a776c6e05e73ab45b339e89c61a01311dbc,unclassified/mixed,unique,1,yes
shared-series,series_projects/usaid-office-of-public-safety/shared_sources/JFKNSF-319-004/JFKNSF-319-004-p0062.jpg,JFKNSF-319-004-p0062.jpg,.jpg,461272,f859b827c46962ba67b204de848092efb66311d48de5550b0fbdc189487e9393,unclassified/mixed,unique,1,yes
shared-series,series_projects/usaid-office-of-public-safety/shared_sources/JFKNSF-319-004/JFKNSF-319-004-p0063.jpg,JFKNSF-319-004-p0063.jpg,.jpg,724708,c2baa871cdb9eba9f4d3da2300b43ebf5c92f3beba6c16c734b84b19b0c18683,unclassified/mixed,unique,1,yes
shared-series,series_projects/usaid-office-of-public-safety/shared_sources/JFKNSF-319-004/JFKNSF-319-004-p0064.jpg,JFKNSF-319-004-p0064.jpg,.jpg,770054,8a61628b99feed3ea2d8e1d82c8cdcedb39b7d071031add57c31f42441dd9004,unclassified/mixed,unique,1,yes
shared-series,series_projects/usaid-office-of-public-safety/shared_sources/JFKNSF-319-004/JFKNSF-319-004-p0065.jpg,JFKNSF-319-004-p0065.jpg,.jpg,295823,adc776c1dd7cfe4986f691076ee1bd52d62598a747ad8f89f4b3ba6feaa71774,unclassified/mixed,unique,1,yes
shared-series,series_projects/usaid-office-of-public-safety/shared_sources/JFKNSF-319-004/JFKNSF-319-004-p0066.jpg,JFKNSF-319-004-p0066.jpg,.jpg,395458,6c28722a18a71e6590facda65d9641ed001ac8a92418c843151fedf852375f1e,unclassified/mixed,unique,1,yes
shared-series,series_projects/usaid-office-of-public-safety/shared_sources/JFKNSF-319-004/JFKNSF-319-004-p0067.jpg,JFKNSF-319-004-p0067.jpg,.jpg,296570,efbf23068d072b9bbcaefeca862d10603c7e23184b87cbd1ef5891388626d463,unclassified/mixed,unique,1,yes
shared-series,series_projects/usaid-office-of-public-safety/shared_sources/JFKNSF-319-004/JFKNSF-319-004-p0068.jpg,JFKNSF-319-004-p0068.jpg,.jpg,389889,6c659c7313d5c095dd3aae50bd4b1968f4fc52b610a4ab243aec7c49fa0dc969,unclassified/mixed,unique,1,yes
shared-series,series_projects/usaid-office-of-public-safety/shared_sources/JFKNSF-319-004/JFKNSF-319-004-p0069.jpg,JFKNSF-319-004-p0069.jpg,.jpg,1103003,1317ffc621befc78ea7a4ee76a13d491666eda373c9e18fa8cd1b85f76dca8ff,unclassified/mixed,unique,1,yes
shared-series,series_projects/usaid-office-of-public-safety/shared_sources/JFKNSF-319-004/JFKNSF-319-004-p0070.jpg,JFKNSF-319-004-p0070.jpg,.jpg,1134902,c416b55a8f27c3d7bcddb798c0264ef17a9aa6caba0cef4203dda63b8cfe1664,unclassified/mixed,unique,1,yes
shared-series,series_projects/usaid-office-of-public-safety/shared_sources/JFKNSF-319-004/JFKNSF-319-004-p0071.jpg,JFKNSF-319-004-p0071.jpg,.jpg,1072207,50f2ef969eaaf49546f428a4a56fead585b370e84e0391e9a33e2787a4bf7044,unclassified/mixed,unique,1,yes
shared-series,series_projects/usaid-office-of-public-safety/shared_sources/JFKNSF-319-004/JFKNSF-319-004-p0072.jpg,JFKNSF-319-004-p0072.jpg,.jpg,777445,b1b1985b9148315e5e6015fbb51b39df62a1caf2728db9a07b4abccd5c2f6261,unclassified/mixed,unique,1,yes
shared-series,series_projects/usaid-office-of-public-safety/shared_sources/JFKNSF-319-004/JFKNSF-319-004-p0073.jpg,JFKNSF-319-004-p0073.jpg,.jpg,712206,b2bb2b2608331c64554693e5ef70b9c065f60f04e36286e337d8a79f1410ce2d,unclassified/mixed,unique,1,yes
shared-series,series_projects/usaid-office-of-public-safety/shared_sources/JFKNSF-319-004/JFKNSF-319-004-p0074.jpg,JFKNSF-319-004-p0074.jpg,.jpg,531527,04a49c811770a85fc3f66c2fac6940c433b8434f1c1ed49e7d95605ea886879a,unclassified/mixed,unique,1,yes
shared-series,series_projects/usaid-office-of-public-safety/shared_sources/JFKNSF-319-004/JFKNSF-319-004-p0075.jpg,JFKNSF-319-004-p0075.jpg,.jpg,663702,281846440d55b0166da40ae7f994661658b4ceddd2af1575da06bf80f8a84713,unclassified/mixed,unique,1,yes
shared-series,series_projects/usaid-office-of-public-safety/shared_sources/JFKNSF-319-004/JFKNSF-319-004-p0076.jpg,JFKNSF-319-004-p0076.jpg,.jpg,681924,59c681d0d1cf8c320a6a386f8acd55ab52a566e06023027d29129f0bce14ac4a,unclassified/mixed,unique,1,yes
shared-series,series_projects/usaid-office-of-public-safety/shared_sources/JFKNSF-319-004/JFKNSF-319-004-p0077.jpg,JFKNSF-319-004-p0077.jpg,.jpg,691876,f4af700f3d02a761415ac965209f60e15880b7ec367d526b0004ff164c2c956a,unclassified/mixed,unique,1,yes
shared-series,series_projects/usaid-office-of-public-safety/shared_sources/JFKNSF-319-004/JFKNSF-319-004-p0078.jpg,JFKNSF-319-004-p0078.jpg,.jpg,663685,11e6a98e0456d52d5cc2d15785a90d94aff165ca47573051ac0535b0ea9ec5e4,unclassified/mixed,unique,1,yes
shared-series,series_projects/usaid-office-of-public-safety/shared_sources/JFKNSF-319-004/JFKNSF-319-004-p0079.jpg,JFKNSF-319-004-p0079.jpg,.jpg,1158535,21c394ff06ea8a917fbcb67ca1636ae0af5a3eea5dfa1c6c2506e0f6884a902a,unclassified/mixed,unique,1,yes
shared-series,series_projects/usaid-office-of-public-safety/shared_sources/JFKNSF-319-004/JFKNSF-319-004-p0080.jpg,JFKNSF-319-004-p0080.jpg,.jpg,1116898,4da312541ebaf2a4cb23e784e4df4a4a12ccf648b83bdc1a42b0cb68708c4e9d,unclassified/mixed,unique,1,yes
shared-series,series_projects/usaid-office-of-public-safety/shared_sources/JFKNSF-319-004/JFKNSF-319-004-p0081.jpg,JFKNSF-319-004-p0081.jpg,.jpg,1286774,a52c7dfd82fe2d45b7af56c7d0903ac91f4ab4e36a2b5a7c8ebd96762d0dadca,unclassified/mixed,unique,1,yes
shared-series,series_projects/usaid-office-of-public-safety/shared_sources/JFKNSF-319-004/JFKNSF-319-004-p0082.jpg,JFKNSF-319-004-p0082.jpg,.jpg,315946,e9b9f5ed8d1d109320bd013e8e0b5c3c6049959256f931e7a035a1aefb00f08b,unclassified/mixed,unique,1,yes
shared-series,series_projects/usaid-office-of-public-safety/shared_sources/JFKNSF-319-004/JFKNSF-319-004-p0083.jpg,JFKNSF-319-004-p0083.jpg,.jpg,554671,8a3ceb1ce405f4a561fc6ea87d5d0a27474cbf20d7725df6da44a850319e240e,unclassified/mixed,unique,1,yes
shared-series,series_projects/usaid-office-of-public-safety/shared_sources/JFKNSF-319-004/JFKNSF-319-004-p0084.jpg,JFKNSF-319-004-p0084.jpg,.jpg,1037932,914ace2f1f64ac9aa36f18525120693bad1d55d87f42cb249d730d773dd0ee60,unclassified/mixed,unique,1,yes
shared-series,series_projects/usaid-office-of-public-safety/shared_sources/JFKNSF-319-004/JFKNSF-319-004-p0085.jpg,JFKNSF-319-004-p0085.jpg,.jpg,795864,ac81a117d51c8e5c8114f2155feec2b3228c3b4c234fd10ef01a38485e21dcd5,unclassified/mixed,unique,1,yes
shared-series,series_projects/usaid-office-of-public-safety/shared_sources/JFKNSF-319-004/JFKNSF-319-004-p0086.jpg,JFKNSF-319-004-p0086.jpg,.jpg,317164,9cdb0182e2ccdc951450c7f9fc4d48f6175debfc71a5a6e36467a8a82bafe83d,unclassified/mixed,unique,1,yes
shared-series,series_projects/usaid-office-of-public-safety/shared_sources/JFKNSF-319-004/JFKNSF-319-004-p0087.jpg,JFKNSF-319-004-p0087.jpg,.jpg,598802,697437db78b7415e89979c8dfe9f3130bfd48d883f8b0481583861526a25adfa,unclassified/mixed,unique,1,yes
shared-series,series_projects/usaid-office-of-public-safety/shared_sources/JFKNSF-319-004/JFKNSF-319-004-p0088.jpg,JFKNSF-319-004-p0088.jpg,.jpg,331431,12fc0d4918381ead55b57306e134aa84c0a51956b06f2f3d6f8cff9d933ffa72,unclassified/mixed,unique,1,yes
shared-series,series_projects/usaid-office-of-public-safety/shared_sources/JFKNSF-319-004/JFKNSF-319-004-p0089.jpg,JFKNSF-319-004-p0089.jpg,.jpg,1001032,9dbeb2601fb7e3a91b65cd8d75b2fbe84a549dbfead760de07f9e9eb80973938,unclassified/mixed,unique,1,yes
shared-series,series_projects/usaid-office-of-public-safety/shared_sources/JFKNSF-319-004/JFKNSF-319-004-p0090.jpg,JFKNSF-319-004-p0090.jpg,.jpg,1117348,4b6abe94017777ad10b967bf3125e513a99ef9ba5c4441cc73b0528390bde4dc,unclassified/mixed,unique,1,yes
shared-series,series_projects/usaid-office-of-public-safety/shared_sources/JFKNSF-319-004/JFKNSF-319-004-p0091.jpg,JFKNSF-319-004-p0091.jpg,.jpg,631246,0a878ea94953750821b2560dc64013ebde16ebac19e2925a20b1ec9c1b25078d,unclassified/mixed,unique,1,yes
shared-series,series_projects/usaid-office-of-public-safety/shared_sources/JFKNSF-319-004/JFKNSF-319-004-p0092.jpg,JFKNSF-319-004-p0092.jpg,.jpg,584905,d314951e4b5af56293f5bc22b29cfe7ba41cb53a379993908145f32bbb0ce56e,unclassified/mixed,unique,1,yes
shared-series,series_projects/usaid-office-of-public-safety/shared_sources/JFKNSF-319-004/JFKNSF-319-004-p0093.jpg,JFKNSF-319-004-p0093.jpg,.jpg,657485,66432fef9f00e573e3a872db596c20626c97aa824b81e779b6c7260ac314c444,unclassified/mixed,unique,1,yes
shared-series,series_projects/usaid-office-of-public-safety/shared_sources/JFKNSF-319-004/JFKNSF-319-004-p0094.jpg,JFKNSF-319-004-p0094.jpg,.jpg,700620,ce5051b5506da4458c32b2cb6f6829a183effc947a3e6dab399a00227d76cb17,unclassified/mixed,unique,1,yes
shared-series,series_projects/usaid-office-of-public-safety/shared_sources/JFKNSF-319-004/JFKNSF-319-004-p0095.jpg,JFKNSF-319-004-p0095.jpg,.jpg,315268,5297fd352bf330891891aa51f96b2006bed58fd8e62ab641a74d055b3992f08f,unclassified/mixed,unique,1,yes
shared-series,series_projects/usaid-office-of-public-safety/shared_sources/JFKNSF-319-004/JFKNSF-319-004-p0096.jpg,JFKNSF-319-004-p0096.jpg,.jpg,558305,8179248f45cacfb8e5ec5a28135f6718ceb451aa634aa8e9922fc4ca7768aaa7,unclassified/mixed,unique,1,yes
shared-series,series_projects/usaid-office-of-public-safety/shared_sources/JFKNSF-319-004/JFKNSF-319-004-p0097.jpg,JFKNSF-319-004-p0097.jpg,.jpg,283922,b6a5f6df27b770f49342d6280799b533af67c0035ff7b3a34f92450926cdd464,unclassified/mixed,unique,1,yes
shared-series,series_projects/usaid-office-of-public-safety/shared_sources/JFKNSF-319-004/JFKNSF-319-004-p0098.jpg,JFKNSF-319-004-p0098.jpg,.jpg,1093196,b827c058ec9f63537a4bb43e22a0975a27e25c2513244f0d2ed84e1ce46790d5,unclassified/mixed,unique,1,yes
shared-series,series_projects/usaid-office-of-public-safety/shared_sources/JFKNSF-319-004/JFKNSF-319-004-p0099.jpg,JFKNSF-319-004-p0099.jpg,.jpg,1235302,bf75f2439e3e2634ace3284432b7f7e814f168ff8fa8eabd6349c09c945470b1,unclassified/mixed,unique,1,yes
shared-series,series_projects/usaid-office-of-public-safety/shared_sources/JFKNSF-319-004/JFKNSF-319-004-p0100.jpg,JFKNSF-319-004-p0100.jpg,.jpg,1034035,41083d75a4035b3ff8da767a841a1baa2c238683759ebe708c958e302a539251,unclassified/mixed,unique,1,yes
shared-series,series_projects/usaid-office-of-public-safety/shared_sources/JFKNSF-319-004/JFKNSF-319-004-p0101.jpg,JFKNSF-319-004-p0101.jpg,.jpg,434401,033e7eeb32d766c4aa2e498926087dc3d86250b59ed229836251249ad1ecab51,unclassified/mixed,unique,1,yes
shared-series,series_projects/usaid-office-of-public-safety/shared_sources/JFKNSF-319-004/JFKNSF-319-004-p0102.jpg,JFKNSF-319-004-p0102.jpg,.jpg,332689,c271e7c322c88f06effc245c170c8aea029c05f8cecc5e070e3c5229474f69bc,unclassified/mixed,unique,1,yes
shared-series,series_projects/usaid-office-of-public-safety/shared_sources/JFKNSF-319-004/JFKNSF-319-004-p0103.jpg,JFKNSF-319-004-p0103.jpg,.jpg,545814,c7630f6a9df3ef69b84b1bb154829e52bef36627a4c003db73e2773295237e32,unclassified/mixed,unique,1,yes
shared-series,series_projects/usaid-office-of-public-safety/shared_sources/JFKNSF-319-004/JFKNSF-319-004-p0104.jpg,JFKNSF-319-004-p0104.jpg,.jpg,407901,2792076151bd535a007a21a0bbbc3632137745f6c7b9d6759bfe019af1b27dfb,unclassified/mixed,unique,1,yes
shared-series,series_projects/usaid-office-of-public-safety/shared_sources/JFKNSF-319-004/JFKNSF-319-004-p0105.jpg,JFKNSF-319-004-p0105.jpg,.jpg,557480,a2f7171e48bee69f0315ca735cc5e971c1e1c0384ccb6d52d57fea31d8b43147,unclassified/mixed,unique,1,yes
shared-series,series_projects/usaid-office-of-public-safety/shared_sources/JFKNSF-319-004/JFKNSF-319-004-p0106.jpg,JFKNSF-319-004-p0106.jpg,.jpg,980066,bcd797575fc655e1efd34c736d6dcfb86d69bd398e9bff21ed90c29ed100e2e4,unclassified/mixed,unique,1,yes
shared-series,series_projects/usaid-office-of-public-safety/shared_sources/JFKNSF-319-004/JFKNSF-319-004-p0107.jpg,JFKNSF-319-004-p0107.jpg,.jpg,1090058,217fa7011aec55de1dc671ac7b53ecd330cb0065fc6263c03fa8a1207ae48c71,unclassified/mixed,unique,1,yes
shared-series,series_projects/usaid-office-of-public-safety/shared_sources/JFKNSF-319-004/JFKNSF-319-004-p0108.jpg,JFKNSF-319-004-p0108.jpg,.jpg,1134604,f7bac16fb71909af775cef56567e5f9cd498d0d590f4d26e93d1ad59b3edd6bd,unclassified/mixed,unique,1,yes
shared-series,series_projects/usaid-office-of-public-safety/shared_sources/JFKNSF-319-004/JFKNSF-319-004-p0109.jpg,JFKNSF-319-004-p0109.jpg,.jpg,1219709,1f3fd45e6bc6f8ad41e2d472c410a205f88ad47f2c6d3daca4799c34633c58a2,unclassified/mixed,unique,1,yes
shared-series,series_projects/usaid-office-of-public-safety/shared_sources/JFKNSF-319-004/JFKNSF-319-004-p0110.jpg,JFKNSF-319-004-p0110.jpg,.jpg,440149,47cb3e927e4957fb49a3afab5daf0fb9abcb5a08158281a404c5cc83b659f91b,unclassified/mixed,unique,1,yes
shared-series,series_projects/usaid-office-of-public-safety/shared_sources/JFKNSF-319-004/JFKNSF-319-004-p0111.jpg,JFKNSF-319-004-p0111.jpg,.jpg,460743,c23dc4dcac3bcfa123363fde1309577870225e0518e61f3050a95c30ad3381ea,unclassified/mixed,unique,1,yes
shared-series,series_projects/usaid-office-of-public-safety/shared_sources/JFKNSF-319-004/JFKNSF-319-004-p0112.jpg,JFKNSF-319-004-p0112.jpg,.jpg,309906,e77206c286cdb78e6641778492b121c62d7b10c1ba4af9de24f124af3d207d49,unclassified/mixed,unique,1,yes
shared-series,series_projects/usaid-office-of-public-safety/shared_sources/JFKNSF-319-004/JFKNSF-319-004-p0113.jpg,JFKNSF-319-004-p0113.jpg,.jpg,1007304,b3e49f71ba64853746d074d5b22eaf70b4b51de73738d189efe0c850287679a6,unclassified/mixed,unique,1,yes
shared-series,series_projects/usaid-office-of-public-safety/shared_sources/JFKNSF-319-004/JFKNSF-319-004-p0114.jpg,JFKNSF-319-004-p0114.jpg,.jpg,1092773,769eab3a98888dcb04885925c925612648b33bdadc123567fae1da158a287c4f,unclassified/mixed,unique,1,yes
shared-series,series_projects/usaid-office-of-public-safety/shared_sources/JFKNSF-319-004/JFKNSF-319-004-p0115.jpg,JFKNSF-319-004-p0115.jpg,.jpg,736515,b4030d2acd5c07595295d0a0b706bcc25eebd43ebcd899789e03cc6627ed3638,unclassified/mixed,unique,1,yes
shared-series,series_projects/usaid-office-of-public-safety/shared_sources/JFKNSF-319-004/JFKNSF-319-004-p0116.jpg,JFKNSF-319-004-p0116.jpg,.jpg,5275214,3294a638cdb941bd150192a71bfde1f20d80363daa16bd53c2419fc24f277768,unclassified/mixed,unique,1,yes
shared-series,series_projects/usaid-office-of-public-safety/shared_sources/JFKNSF-319-004/JFKNSF-319-004-p0117.jpg,JFKNSF-319-004-p0117.jpg,.jpg,590686,5455aacfd3b9ad22fda767cb3d59f60a476bfe30c59bbd3133fc5af41859dbd0,unclassified/mixed,unique,1,yes
shared-series,series_projects/usaid-office-of-public-safety/shared_sources/JFKNSF-319-004/JFKNSF-319-004-p0118.jpg,JFKNSF-319-004-p0118.jpg,.jpg,342888,fd247d04584527cb42541ce207407cf69a7a5178f6935ec249ac72944817d934,unclassified/mixed,unique,1,yes
shared-series,series_projects/usaid-office-of-public-safety/shared_sources/JFKNSF-319-004/JFKNSF-319-004-p0119.jpg,JFKNSF-319-004-p0119.jpg,.jpg,330086,f0ba46726583b3aff53a7429af24a48340ecdc29cedc198ae6a4aaf92e39c4f4,unclassified/mixed,unique,1,yes
shared-series,series_projects/usaid-office-of-public-safety/shared_sources/JFKNSF-319-004/JFKNSF-319-004-p0120.jpg,JFKNSF-319-004-p0120.jpg,.jpg,641452,4da24274d50b231c8e696d9c0bb1545b1fb3c14c699f41577f69b1af1f320d1b,unclassified/mixed,unique,1,yes
shared-series,series_projects/usaid-office-of-public-safety/shared_sources/JFKNSF-319-004/JFKNSF-319-004-p0121.jpg,JFKNSF-319-004-p0121.jpg,.jpg,475361,76e96e7e97c8f2e1f7382074c39d807603407b1f2c7af9af99d2929048fdf46c,unclassified/mixed,unique,1,yes
shared-series,series_projects/usaid-office-of-public-safety/shared_sources/JFKNSF-319-004/JFKNSF-319-004-p0122.jpg,JFKNSF-319-004-p0122.jpg,.jpg,1031880,d5b94e701e3a1bbdcc961db34adf42fab862818a6297d1b0d227e8428226dcba,unclassified/mixed,unique,1,yes
shared-series,series_projects/usaid-office-of-public-safety/shared_sources/JFKNSF-319-004/JFKNSF-319-004-p0123.jpg,JFKNSF-319-004-p0123.jpg,.jpg,1155202,a70069448f523c3d9c41160eac526f7a3b3d1956bf9dbda8ce9c968a9fbfbc8c,unclassified/mixed,unique,1,yes
shared-series,series_projects/usaid-office-of-public-safety/shared_sources/JFKNSF-319-004/JFKNSF-319-004-p0124.jpg,JFKNSF-319-004-p0124.jpg,.jpg,1120166,dc2df64d39c7ea7ba29411ff32360386ef0eb5aea30e8444cb8ff07bdd2b0f98,unclassified/mixed,unique,1,yes
shared-series,series_projects/usaid-office-of-public-safety/shared_sources/JFKNSF-319-004/JFKNSF-319-004-p0125.jpg,JFKNSF-319-004-p0125.jpg,.jpg,394130,2b60beb7666b18a41c532b552ff9db4d05212b1ee93c2f30f258cee5ba6559a6,unclassified/mixed,unique,1,yes
shared-series,series_projects/usaid-office-of-public-safety/shared_sources/JFKNSF-319-004/JFKNSF-319-004-p0126.jpg,JFKNSF-319-004-p0126.jpg,.jpg,1167832,fbec19325088b0ed290c831bb4254c470ef43598bf70ebea17ca5597b1098909,unclassified/mixed,unique,1,yes
shared-series,series_projects/usaid-office-of-public-safety/shared_sources/JFKNSF-319-004/JFKNSF-319-004-p0127.jpg,JFKNSF-319-004-p0127.jpg,.jpg,809842,3f8c7652f639902a46c77e518c040abe9754b27a578670059960b620a95db6c7,unclassified/mixed,unique,1,yes
shared-series,series_projects/usaid-office-of-public-safety/shared_sources/JFKNSF-319-004/JFKNSF-319-004-p0128.jpg,JFKNSF-319-004-p0128.jpg,.jpg,630811,a9d48e0cd14d58b5287bd207658b13d6298cef0c468a27efbe6114eed444dd04,unclassified/mixed,unique,1,yes
shared-series,series_projects/usaid-office-of-public-safety/shared_sources/JFKNSF-319-004/JFKNSF-319-004-p0129.jpg,JFKNSF-319-004-p0129.jpg,.jpg,289139,ea98fc2f112ac2e8df47c69e1edf80a4f58a1a038af56a540eb7f5200b903031,unclassified/mixed,unique,1,yes
shared-series,series_projects/usaid-office-of-public-safety/shared_sources/JFKNSF-319-004/JFKNSF-319-004-p0130.jpg,JFKNSF-319-004-p0130.jpg,.jpg,801759,6f61779e1dff1a4792e895dc6de3cb6436dc639a7bc0c6aa5244b46a869f3566,unclassified/mixed,unique,1,yes
shared-series,series_projects/usaid-office-of-public-safety/shared_sources/JFKNSF-319-004/JFKNSF-319-004-p0131.jpg,JFKNSF-319-004-p0131.jpg,.jpg,1096592,cc4ff3a94747cb9cee7266b0ef2570ca7b407dd92a4ea6ae445ae901acb0c08b,unclassified/mixed,unique,1,yes
shared-series,series_projects/usaid-office-of-public-safety/shared_sources/JFKNSF-319-004/JFKNSF-319-004-p0132.jpg,JFKNSF-319-004-p0132.jpg,.jpg,925263,0c9d4187e3e00c4f26a302ae752d562893881eccfbe5470c2a2536c983695998,unclassified/mixed,unique,1,yes
shared-series,series_projects/usaid-office-of-public-safety/shared_sources/JFKNSF-319-004/JFKNSF-319-004-p0133.jpg,JFKNSF-319-004-p0133.jpg,.jpg,271415,29bd8f47f7e2be98929913ecab49eb9a5bc8caa0264b2f9be245e2226c70d3f1,unclassified/mixed,unique,1,yes
shared-series,series_projects/usaid-office-of-public-safety/shared_sources/JFKNSF-319-004/JFKNSF-319-004-p0134.jpg,JFKNSF-319-004-p0134.jpg,.jpg,739307,d84147a22799578fb80e0811ec94a9bdf33c5ea87e96fb42ff82d4af9ace6fab,unclassified/mixed,unique,1,yes
shared-series,series_projects/usaid-office-of-public-safety/shared_sources/JFKNSF-319-004/JFKNSF-319-004-p0135.jpg,JFKNSF-319-004-p0135.jpg,.jpg,919078,d0fd7d9bd7655d2ed2ea0b3b236d4a1b77010e254227d7cdb91bc118d1075481,unclassified/mixed,unique,1,yes
shared-series,series_projects/usaid-office-of-public-safety/shared_sources/JFKNSF-319-004/JFKNSF-319-004-p0136.jpg,JFKNSF-319-004-p0136.jpg,.jpg,911231,116a68cfe760b962077f25047d5fa31493cf153760bdb67e83e52e0084ce3288,unclassified/mixed,unique,1,yes
shared-series,series_projects/usaid-office-of-public-safety/shared_sources/JFKNSF-319-004/JFKNSF-319-004-p0137.jpg,JFKNSF-319-004-p0137.jpg,.jpg,951968,ffa9dbd1607c7c542c406e985efcb153bc87df939b4837552ff317d0cb4eb3c2,unclassified/mixed,unique,1,yes
shared-series,series_projects/usaid-office-of-public-safety/shared_sources/JFKNSF-319-004/JFKNSF-319-004-p0138.jpg,JFKNSF-319-004-p0138.jpg,.jpg,721193,d2ce1c854e7d17f56f5661001b6525894b14b7fa6fea1c54e13f03f7aa28f9e2,unclassified/mixed,unique,1,yes
shared-series,series_projects/usaid-office-of-public-safety/shared_sources/JFKNSF-319-004/JFKNSF-319-004-p0139.jpg,JFKNSF-319-004-p0139.jpg,.jpg,791361,96042b8defdb473c1ad7a799f8d3624f79f9c3de234c022ac354df1befb41571,unclassified/mixed,unique,1,yes
shared-series,series_projects/usaid-office-of-public-safety/shared_sources/JFKNSF-319-004/JFKNSF-319-004-p0140.jpg,JFKNSF-319-004-p0140.jpg,.jpg,850223,d5792913ef531bac8864ac606805f36dd866ecc7c29faac02fa73baac2ec544f,unclassified/mixed,unique,1,yes
shared-series,series_projects/usaid-office-of-public-safety/shared_sources/JFKNSF-319-004/JFKNSF-319-004-p0141.jpg,JFKNSF-319-004-p0141.jpg,.jpg,878237,40025a616b85c1185bc9e11c1ab0c6388582c3b95b3c69ce7261ad3a1aca4ac0,unclassified/mixed,unique,1,yes
shared-series,series_projects/usaid-office-of-public-safety/shared_sources/JFKNSF-319-004/JFKNSF-319-004-p0142.jpg,JFKNSF-319-004-p0142.jpg,.jpg,530606,ab3f1baa0e6daddc23a5c89354c76b0bcea35003a9d5a1cd5be06b6140888caf,unclassified/mixed,unique,1,yes
shared-series,series_projects/usaid-office-of-public-safety/shared_sources/JFKNSF-319-004/JFKNSF-319-004-p0143.jpg,JFKNSF-319-004-p0143.jpg,.jpg,544596,d98d5ae0eaa98a74a7bdedb8f3e492a5567ebe860a9c08fe6cbe38fd95b782c6,unclassified/mixed,unique,1,yes
shared-series,series_projects/usaid-office-of-public-safety/shared_sources/JFKNSF-319-004/JFKNSF-319-004-p0144.jpg,JFKNSF-319-004-p0144.jpg,.jpg,346492,2a07b48057564f75b6e80d4ea1a79eb9638ad36a04e2c5d88b1fdb78447ef78d,unclassified/mixed,unique,1,yes
shared-series,series_projects/usaid-office-of-public-safety/shared_sources/JFKNSF-319-004/JFKNSF-319-004-p0145.jpg,JFKNSF-319-004-p0145.jpg,.jpg,693310,6214f8af6c0bf62591928a918acbddd34cf7162b212996ffaeb6dc265d29e06a,unclassified/mixed,unique,1,yes
shared-series,series_projects/usaid-office-of-public-safety/shared_sources/JFKNSF-319-004/JFKNSF-319-004-p0146.jpg,JFKNSF-319-004-p0146.jpg,.jpg,613700,96b76460e18e7a30730ab4ec273545aef173172d4e028753db8f80e53b679c18,unclassified/mixed,unique,1,yes
shared-series,series_projects/usaid-office-of-public-safety/shared_sources/JFKNSF-319-004/JFKNSF-319-004-p0147.jpg,JFKNSF-319-004-p0147.jpg,.jpg,559917,639670bda20c8144f03713de647568a51955372b7e44b34af919b8a2ed4e8b59,unclassified/mixed,unique,1,yes
shared-series,series_projects/usaid-office-of-public-safety/shared_sources/JFKNSF-319-004/JFKNSF-319-004-p0148.jpg,JFKNSF-319-004-p0148.jpg,.jpg,967097,f96fb6851402cf7a67f1e20122c8a48bbfb1202ee47e179663adf61942d7a6f8,unclassified/mixed,unique,1,yes
shared-series,series_projects/usaid-office-of-public-safety/shared_sources/JFKNSF-319-004/JFKNSF-319-004-p0149.jpg,JFKNSF-319-004-p0149.jpg,.jpg,946448,fdbed6a1b06ecb4d2a2e037b04a4bfb52db31f04ccd2dcc70fd5cc0cc9c1e290,unclassified/mixed,unique,1,yes
shared-series,series_projects/usaid-office-of-public-safety/shared_sources/JFKNSF-319-004/JFKNSF-319-004-p0150.jpg,JFKNSF-319-004-p0150.jpg,.jpg,520511,0fce0e04a95c9f31c86452db57d2b2dd3b9e75873f230bf98706b6c653004fa1,unclassified/mixed,unique,1,yes
shared-series,series_projects/usaid-office-of-public-safety/shared_sources/JFKNSF-319-004/JFKNSF-319-004-p0151.jpg,JFKNSF-319-004-p0151.jpg,.jpg,274298,f2c3358071bd21e19e28a15a541c5c1a271a3fc893f492f1d3f250426910dad9,unclassified/mixed,unique,1,yes
shared-series,series_projects/usaid-office-of-public-safety/shared_sources/JFKNSF-319-004/JFKNSF-319-004-p0152.jpg,JFKNSF-319-004-p0152.jpg,.jpg,609325,df744b4c6854a98301eeddf60aa8bbd786f66ea20b720df9f73cffcbf2e6b216,unclassified/mixed,unique,1,yes
shared-series,series_projects/usaid-office-of-public-safety/shared_sources/JFKNSF-319-004/JFKNSF-319-004-p0153.jpg,JFKNSF-319-004-p0153.jpg,.jpg,359048,ad5dc42285bcb7a5aed837108536b485e5164faee65d1e6dbcea37234b70d97c,unclassified/mixed,unique,1,yes
shared-series,series_projects/usaid-office-of-public-safety/shared_sources/JFKNSF-319-004/JFKNSF-319-004-p0154.jpg,JFKNSF-319-004-p0154.jpg,.jpg,684131,6bf42ff0a632360f38b42d15eebd311c0465d25af0112c616e39d1e456b1782c,unclassified/mixed,unique,1,yes
shared-series,series_projects/usaid-office-of-public-safety/shared_sources/JFKNSF-319-004/JFKNSF-319-004-p0155.jpg,JFKNSF-319-004-p0155.jpg,.jpg,725648,6c723877c7055719bdd34e285a6620e1b5457908316490af6112df351069d37c,unclassified/mixed,unique,1,yes
shared-series,series_projects/usaid-office-of-public-safety/shared_sources/JFKNSF-319-004/JFKNSF-319-004-p0156.jpg,JFKNSF-319-004-p0156.jpg,.jpg,527918,b97350e6ef5f878a0817c36d48d45efc68420a698743bdcadcc2097ea1a87a8d,unclassified/mixed,unique,1,yes
shared-series,series_projects/usaid-office-of-public-safety/shared_sources/JFKNSF-319-004/JFKNSF-319-004-p0157.jpg,JFKNSF-319-004-p0157.jpg,.jpg,461392,2c8df3feceaf4096d3a4eb5e30aa8f0b590a01f4a5a69e70721858fe0355aeb8,unclassified/mixed,unique,1,yes
shared-series,series_projects/usaid-office-of-public-safety/shared_sources/JFKNSF-319-004/JFKNSF-319-004-p0158.jpg,JFKNSF-319-004-p0158.jpg,.jpg,708685,6fff1559a012aba85bb00027336acfe00c04bc307a373c5bf43be939b2e61ddf,unclassified/mixed,unique,1,yes
shared-series,series_projects/usaid-office-of-public-safety/shared_sources/JFKNSF-319-004/JFKNSF-319-004-p0159.jpg,JFKNSF-319-004-p0159.jpg,.jpg,615992,907a53ec3b1624c27bb33ffa039ec2158e180b8bf4bdc1fa2bf9e8fa87044264,unclassified/mixed,unique,1,yes
shared-series,series_projects/usaid-office-of-public-safety/shared_sources/JFKNSF-319-004/JFKNSF-319-004-p0160.jpg,JFKNSF-319-004-p0160.jpg,.jpg,666248,b2608df2b4d4ae861ce73574d544016ea4815ede128c35eb19cd18af3273f7d8,unclassified/mixed,unique,1,yes
shared-series,series_projects/usaid-office-of-public-safety/shared_sources/JFKNSF-319-004/JFKNSF-319-004-p0161.jpg,JFKNSF-319-004-p0161.jpg,.jpg,238477,56818dbd9c117fc33a1a127c7df6d939f3aaefff795dee282288aacb52d847c7,unclassified/mixed,unique,1,yes
shared-series,series_projects/usaid-office-of-public-safety/shared_sources/JFKNSF-319-004/JFKNSF-319-004-p0162.jpg,JFKNSF-319-004-p0162.jpg,.jpg,326553,eb76b4be8dc76af2560d64215b60ecf3aabe7bd1b34c0b4292de01bce3549355,unclassified/mixed,unique,1,yes
shared-series,series_projects/usaid-office-of-public-safety/shared_sources/JFKNSF-319-004/JFKNSF-319-004-p0163.jpg,JFKNSF-319-004-p0163.jpg,.jpg,502626,051447bb04d2abb177cf4be6866e1cacbec0f2997e9e52ca05a657818a8d4b0e,unclassified/mixed,unique,1,yes
shared-series,series_projects/usaid-office-of-public-safety/shared_sources/JFKNSF-319-004/JFKNSF-319-004-p0164.jpg,JFKNSF-319-004-p0164.jpg,.jpg,1034791,92174c0e7f38ed76fe5663dc2f93448db97cf7ef11fd296a284c33d87e10771e,unclassified/mixed,unique,1,yes
shared-series,series_projects/usaid-office-of-public-safety/shared_sources/JFKNSF-319-004/JFKNSF-319-004-p0165.jpg,JFKNSF-319-004-p0165.jpg,.jpg,1269539,58a9a621c1cdd6d14f9796f3461f83813a1588c53a910185f7f3d5bddc64980e,unclassified/mixed,unique,1,yes
shared-series,series_projects/usaid-office-of-public-safety/shared_sources/JFKNSF-319-004/JFKNSF-319-004-p0166.jpg,JFKNSF-319-004-p0166.jpg,.jpg,915740,b9f6929965677349f37b4ee28614a8539241be66c0b1ea8c7b39014debf7a08f,unclassified/mixed,unique,1,yes
shared-series,series_projects/usaid-office-of-public-safety/shared_sources/JFKNSF-319-004/JFKNSF-319-004-p0167.jpg,JFKNSF-319-004-p0167.jpg,.jpg,364901,f9333bbc4ef2b9e428b31a24be68e5cbeeee046006042ea1c201fd159d09a1a5,unclassified/mixed,unique,1,yes
shared-series,series_projects/usaid-office-of-public-safety/shared_sources/JFKNSF-319-004/JFKNSF-319-004-p0168.jpg,JFKNSF-319-004-p0168.jpg,.jpg,573957,56e3eba85e5e5a0c9f1a91ed3f75fbbda9c1233d3469dc607135ab9026aa6f10,unclassified/mixed,unique,1,yes
shared-series,series_projects/usaid-office-of-public-safety/shared_sources/JFKNSF-319-004/JFKNSF-319-004-p0169.jpg,JFKNSF-319-004-p0169.jpg,.jpg,621451,bf99e2d962fa4d348d911d771e42c2b4d0bf6da9cf184cfe4fb4d220d8ba4031,unclassified/mixed,unique,1,yes
shared-series,series_projects/usaid-office-of-public-safety/shared_sources/JFKNSF-319-004/JFKNSF-319-004-p0170.jpg,JFKNSF-319-004-p0170.jpg,.jpg,221600,d9cd2a9cb0e80a375073f00065d06bc0ddc6f09ac6f99d002c24feaa5e9787e9,unclassified/mixed,unique,1,yes
shared-series,series_projects/usaid-office-of-public-safety/shared_sources/JFKNSF-319-004/JFKNSF-319-004-p0171.jpg,JFKNSF-319-004-p0171.jpg,.jpg,724222,1bce200b4a62857d7c910b9d52868e1944f5d4fff8ccf89342d47530944a7861,unclassified/mixed,unique,1,yes
shared-series,series_projects/usaid-office-of-public-safety/shared_sources/JFKNSF-319-004/JFKNSF-319-004-p0172.jpg,JFKNSF-319-004-p0172.jpg,.jpg,349945,2861051c89b45b9c796ab09b20b35f7bd12873e1461379388329f65a5d67538b,unclassified/mixed,unique,1,yes
shared-series,series_projects/usaid-office-of-public-safety/shared_sources/JFKNSF-319-004/JFKNSF-319-004-p0173.jpg,JFKNSF-319-004-p0173.jpg,.jpg,381972,f082a2b39642c3ed5d9c04a881162ed27f0d46143e7d4eb79defd4ef9fbeac5a,unclassified/mixed,unique,1,yes
shared-series,series_projects/usaid-office-of-public-safety/shared_sources/JFKNSF-319-004/JFKNSF-319-004-p0174.jpg,JFKNSF-319-004-p0174.jpg,.jpg,625440,db1aaf96647d30e4610cecdae39d64462db49810567f10b40565c13a4b870ed2,unclassified/mixed,unique,1,yes
shared-series,series_projects/usaid-office-of-public-safety/shared_sources/JFKNSF-319-004/JFKNSF-319-004-p0175.jpg,JFKNSF-319-004-p0175.jpg,.jpg,302200,181e03eb89560a626e3df3cc9991a22d05deb5f24ff177ea254855b0ce23eb22,unclassified/mixed,unique,1,yes
shared-series,series_projects/usaid-office-of-public-safety/shared_sources/JFKNSF-319-004/JFKNSF-319-004-p0176.jpg,JFKNSF-319-004-p0176.jpg,.jpg,1103367,0270d49174f7772d813fe380faab4f7e7ba92b698d717549cadd231d94121651,unclassified/mixed,unique,1,yes
shared-series,series_projects/usaid-office-of-public-safety/shared_sources/JFKNSF-319-004/JFKNSF-319-004-p0177.jpg,JFKNSF-319-004-p0177.jpg,.jpg,1049578,002ddec33a0a15200c7c608f92200d506412edc68176b9c7da49bca7abf59f4b,unclassified/mixed,unique,1,yes
shared-series,series_projects/usaid-office-of-public-safety/shared_sources/JFKNSF-319-004/JFKNSF-319-004-p0178.jpg,JFKNSF-319-004-p0178.jpg,.jpg,891427,230d4d8b19ec6913d3c26d63d2bdcf915f135f011d093c87d67982439d717889,unclassified/mixed,unique,1,yes
shared-series,series_projects/usaid-office-of-public-safety/shared_sources/JFKNSF-319-004/JFKNSF-319-004-p0179.jpg,JFKNSF-319-004-p0179.jpg,.jpg,776489,51122b7968f1f5035462a253380830e1ac92a0a5b45dd4fe21870f7a6d598527,unclassified/mixed,unique,1,yes
shared-series,series_projects/usaid-office-of-public-safety/shared_sources/JFKNSF-319-004/JFKNSF-319-004-p0180.jpg,JFKNSF-319-004-p0180.jpg,.jpg,680827,2f7859013f5cbfac6517c9ec68aaaa4c6e7c13a1fb4ce6c243f38e623f65eb60,unclassified/mixed,unique,1,yes
shared-series,series_projects/usaid-office-of-public-safety/shared_sources/JFKNSF-319-004/JFKNSF-319-004-p0181.jpg,JFKNSF-319-004-p0181.jpg,.jpg,317733,b9011a1d5b74b48a563955f3cefd4c695eac8af815dce488976661482013b1e4,unclassified/mixed,unique,1,yes
shared-series,series_projects/usaid-office-of-public-safety/shared_sources/JFKNSF-319-004/JFKNSF-319-004-p0182.jpg,JFKNSF-319-004-p0182.jpg,.jpg,375485,2b435e20d4736af0c96a0d9e78ae03b0c99aa7e0d6af69e6034c1377cc56f6b7,unclassified/mixed,unique,1,yes
shared-series,series_projects/usaid-office-of-public-safety/shared_sources/JFKNSF-319-004/JFKNSF-319-004-p0183.jpg,JFKNSF-319-004-p0183.jpg,.jpg,522636,e210b05576a76565ca3b076e260a095330df594caa5f8c8983dd2bb6c7e1239c,unclassified/mixed,unique,1,yes
shared-series,series_projects/usaid-office-of-public-safety/shared_sources/JFKNSF-319-004/JFKNSF-319-004-p0184.jpg,JFKNSF-319-004-p0184.jpg,.jpg,326462,26c3f4ed4f1a0d3cacea95ee89e2a8a0731591904f6589391d523c660dcc2de1,unclassified/mixed,unique,1,yes
shared-series,series_projects/usaid-office-of-public-safety/shared_sources/JFKNSF-319-004/JFKNSF-319-004-p0185.jpg,JFKNSF-319-004-p0185.jpg,.jpg,887825,fc1dcf913c53e7fb11ac43a17099b2874db23c905eb3e85472ddf6740011c315,unclassified/mixed,unique,1,yes
shared-series,series_projects/usaid-office-of-public-safety/shared_sources/JFKNSF-319-004/JFKNSF-319-004-p0186.jpg,JFKNSF-319-004-p0186.jpg,.jpg,1017917,e9c65626350ec7462e2a145b0d3af577d57fc16cf6f6f2668144ccab6e61693b,unclassified/mixed,unique,1,yes
shared-series,series_projects/usaid-office-of-public-safety/shared_sources/JFKNSF-319-004/JFKNSF-319-004-p0187.jpg,JFKNSF-319-004-p0187.jpg,.jpg,625116,9345394b33f44466c8b109343098274a7a370be2260e12d2c5cac3b29c7acbeb,unclassified/mixed,unique,1,yes
shared-series,series_projects/usaid-office-of-public-safety/shared_sources/JFKNSF-319-004/JFKNSF-319-004-p0188.jpg,JFKNSF-319-004-p0188.jpg,.jpg,363250,b9370e05558c61d3ad2488fa48e9e27dcf99ef37e14b6de331853db7c13aedc6,unclassified/mixed,unique,1,yes
shared-series,series_projects/usaid-office-of-public-safety/shared_sources/JFKNSF-319-004/JFKNSF-319-004-p0189.jpg,JFKNSF-319-004-p0189.jpg,.jpg,553559,7911a789ce1013ccd45c995646a5de338da9ed47e925c0fc0e897e5209e5d82b,unclassified/mixed,unique,1,yes
shared-series,series_projects/usaid-office-of-public-safety/shared_sources/JFKNSF-319-004/JFKNSF-319-004-p0190.jpg,JFKNSF-319-004-p0190.jpg,.jpg,798210,82bb166e5c1d57d82bb3063072aba68b1ae642996b1687f1c791702df4e3cfeb,unclassified/mixed,unique,1,yes
shared-series,series_projects/usaid-office-of-public-safety/shared_sources/JFKNSF-319-004/JFKNSF-319-004-p0191.jpg,JFKNSF-319-004-p0191.jpg,.jpg,597091,3971af0ded27adfe9dcd29a8016dd79eaccaa7585a835af11530aeef265dcb7d,unclassified/mixed,unique,1,yes
shared-series,series_projects/usaid-office-of-public-safety/shared_sources/JFKNSF-319-004/JFKNSF-319-004-p0192.jpg,JFKNSF-319-004-p0192.jpg,.jpg,367282,0655c737ce096d9454d4a170fe06b2c2d6f8510731eed395fcd1393008007f29,unclassified/mixed,unique,1,yes
shared-series,series_projects/usaid-office-of-public-safety/shared_sources/JFKNSF-319-004/JFKNSF-319-004-p0193.jpg,JFKNSF-319-004-p0193.jpg,.jpg,460628,64d5a3d08b52956eab9a19c7e751f042e4b79ac46b69f54038027f4c382c412d,unclassified/mixed,unique,1,yes
shared-series,series_projects/usaid-office-of-public-safety/shared_sources/JFKNSF-319-004/JFKNSF-319-004-p0194.jpg,JFKNSF-319-004-p0194.jpg,.jpg,291920,49d7b3d278f6afb6a5e859440f065fd35d5c68fe4a9432229c8ffec143a4f6ed,unclassified/mixed,unique,1,yes
shared-series,series_projects/usaid-office-of-public-safety/shared_sources/JFKNSF-319-004/JFKNSF-319-004-p0195.jpg,JFKNSF-319-004-p0195.jpg,.jpg,364370,df7475cd1a5aeea23f8072faad3321dddd346313f4fa2bd0dc4ad79bce90b6c4,unclassified/mixed,unique,1,yes
shared-series,series_projects/usaid-office-of-public-safety/shared_sources/JFKNSF-319-004/JFKNSF-319-004-p0196.jpg,JFKNSF-319-004-p0196.jpg,.jpg,512071,077b6768c10742a65517e5aec354ebe668cd7fc1ebf844ce597c79dae61051e2,unclassified/mixed,unique,1,yes
shared-series,series_projects/usaid-office-of-public-safety/shared_sources/JFKNSF-319-004/JFKNSF-319-004-p0197.jpg,JFKNSF-319-004-p0197.jpg,.jpg,340484,d66e2ba5c05c4aabdaff5e2eb48d4da90118daf031ca613d93556ddf7dd2979f,unclassified/mixed,unique,1,yes
shared-series,series_projects/usaid-office-of-public-safety/shared_sources/JFKNSF-319-004/JFKNSF-319-004-p0198.jpg,JFKNSF-319-004-p0198.jpg,.jpg,501605,7720a05bb735976c6dd27c988f8b4fda80e8b15d8e766547af72d92fddcc05d0,unclassified/mixed,unique,1,yes
shared-series,series_projects/usaid-office-of-public-safety/shared_sources/JFKNSF-319-004/JFKNSF-319-004-p0199.jpg,JFKNSF-319-004-p0199.jpg,.jpg,342369,a850f753d649ded36411d195d721b22d5a0acb453c4462483478c773a98018ac,unclassified/mixed,unique,1,yes
shared-series,series_projects/usaid-office-of-public-safety/shared_sources/JFKNSF-319-004/JFKNSF-319-004-p0200.jpg,JFKNSF-319-004-p0200.jpg,.jpg,744576,ee32ce8441d4cb5cbf1d0fc72a451ac0fcd458b7836c6502f7ad3535c92c1dbd,unclassified/mixed,unique,1,yes
shared-series,series_projects/usaid-office-of-public-safety/shared_sources/JFKNSF-319-004/JFKNSF-319-004-p0201.jpg,JFKNSF-319-004-p0201.jpg,.jpg,648129,eb52c74c132b607c822043df9ae667fdfef73c58b50fb1cbc5680a127021d634,unclassified/mixed,unique,1,yes
shared-series,series_projects/usaid-office-of-public-safety/shared_sources/JFKNSF-319-004/JFKNSF-319-004-p0202.jpg,JFKNSF-319-004-p0202.jpg,.jpg,249490,064ad0f2b54cdb79793c01a115a9244800d693278e7c1554e03b373a17ca613a,unclassified/mixed,unique,1,yes
shared-series,series_projects/usaid-office-of-public-safety/shared_sources/JFKNSF-319-004/JFKNSF-319-004-p0203.jpg,JFKNSF-319-004-p0203.jpg,.jpg,292081,b78a39d6b080ac3f684ca3c5b5e204a8746608c3950753a1fdfbd10457155533,unclassified/mixed,unique,1,yes
shared-series,series_projects/usaid-office-of-public-safety/shared_sources/JFKNSF-319-004/JFKNSF-319-004-p0204.jpg,JFKNSF-319-004-p0204.jpg,.jpg,337625,f023fcf3916e37f89ea3d33dabd8178d0be75ec1b0cc5b5c1e4536e5d9146b30,unclassified/mixed,unique,1,yes
shared-series,series_projects/usaid-office-of-public-safety/shared_sources/JFKNSF-319-004/JFKNSF-319-004-p0205.jpg,JFKNSF-319-004-p0205.jpg,.jpg,724314,18072bd63970d700e0820a98a2d30d2556b040429f58d85dc17122b793eb52e4,unclassified/mixed,unique,1,yes
shared-series,series_projects/usaid-office-of-public-safety/shared_sources/JFKNSF-319-004/JFKNSF-319-004-p0206.jpg,JFKNSF-319-004-p0206.jpg,.jpg,751055,ac9aa484b6c1de2941f05f267cdc5b3d940dfabb481d37ef640b16008f6ede27,unclassified/mixed,unique,1,yes
shared-series,series_projects/usaid-office-of-public-safety/shared_sources/JFKNSF-319-004/JFKNSF-319-004-p0207.jpg,JFKNSF-319-004-p0207.jpg,.jpg,395183,f24731951c4326849265820f2fdf00df6b213d90cad5abee5c5452697dd59da0,unclassified/mixed,unique,1,yes
shared-series,series_projects/usaid-office-of-public-safety/shared_sources/JFKNSF-319-004/JFKNSF-319-004-p0208.jpg,JFKNSF-319-004-p0208.jpg,.jpg,451320,b1aaaa9866bacbbc12af725eaab4028477ce971d1870a43820c7d69104ccc7f2,unclassified/mixed,unique,1,yes
shared-series,series_projects/usaid-office-of-public-safety/shared_sources/JFKNSF-319-004/JFKNSF-319-004-p0209.jpg,JFKNSF-319-004-p0209.jpg,.jpg,314369,070dce2eec485f5f483bdcf0fe606505a16e0e1996d24f9087b7c2ffdcfe2c9c,unclassified/mixed,unique,1,yes
shared-series,series_projects/usaid-office-of-public-safety/shared_sources/JFKNSF-319-004/JFKNSF-319-004-p0210.jpg,JFKNSF-319-004-p0210.jpg,.jpg,714322,7e6f5659885711134a41280d60bdb93f08142338676420e165e918c32b9278c2,unclassified/mixed,unique,1,yes
shared-series,series_projects/usaid-office-of-public-safety/shared_sources/JFKNSF-319-004/JFKNSF-319-004-p0211.jpg,JFKNSF-319-004-p0211.jpg,.jpg,698505,140be681907a7877a36ef239205d3059d788492ee49896c11d298d0d0a7f21a3,unclassified/mixed,unique,1,yes
shared-series,series_projects/usaid-office-of-public-safety/shared_sources/JFKNSF-319-004/JFKNSF-319-004-p0212.jpg,JFKNSF-319-004-p0212.jpg,.jpg,553558,4f6fe891b54d57afac796a605cac50946fc561cfb042a03825408f1634e014f8,unclassified/mixed,unique,1,yes
shared-series,series_projects/usaid-office-of-public-safety/shared_sources/JFKNSF-319-004/JFKNSF-319-004-p0213.jpg,JFKNSF-319-004-p0213.jpg,.jpg,331839,d59751a9e504116304daedae51b5bc0d0f17766c9e6872e94f9db5078a050090,unclassified/mixed,unique,1,yes
shared-series,series_projects/usaid-office-of-public-safety/shared_sources/JFKNSF-319-004/JFKNSF-319-004-p0214.jpg,JFKNSF-319-004-p0214.jpg,.jpg,1254790,988d184ee92df83b615e0287caf753476ae8e65d9cb13202e301a1266fa2d410,unclassified/mixed,unique,1,yes
shared-series,series_projects/usaid-office-of-public-safety/shared_sources/JFKNSF-319-004/JFKNSF-319-004-p0215.jpg,JFKNSF-319-004-p0215.jpg,.jpg,233495,b7e8e544e11237d1a463e236d43f85b9c3feb5c547d0aa3ff9bbc802d12cbbcb,unclassified/mixed,unique,1,yes
shared-series,series_projects/usaid-office-of-public-safety/shared_sources/JFKNSF-319-004/JFKNSF-319-004-p0216.jpg,JFKNSF-319-004-p0216.jpg,.jpg,409613,feb4e5ba05aff8081f16a15cc978b74c796c8dcad941991636982287eb8601f5,unclassified/mixed,unique,1,yes
shared-series,series_projects/usaid-office-of-public-safety/shared_sources/JFKNSF-319-004/JFKNSF-319-004-p0217.jpg,JFKNSF-319-004-p0217.jpg,.jpg,291699,60c40b0f13cc6e042d1cc10235ce365d11e189517404425ff340d5619b641dc0,unclassified/mixed,unique,1,yes
shared-series,series_projects/usaid-office-of-public-safety/shared_sources/JFKNSF-319-004/JFKNSF-319-004-p0218.jpg,JFKNSF-319-004-p0218.jpg,.jpg,363442,b9308c0e2d10ebc01a8258e8877530c5a9e04f38c86f0cc1f57e492a0bd69800,unclassified/mixed,unique,1,yes
shared-series,series_projects/usaid-office-of-public-safety/shared_sources/JFKNSF-319-004/JFKNSF-319-004-p0220.jpg,JFKNSF-319-004-p0220.jpg,.jpg,554825,01f0f69b6cf920e4e0df4ae08f276d2af149b47cf35eb6cc26c34d6ec7b58721,unclassified/mixed,unique,1,yes
shared-series,series_projects/usaid-office-of-public-safety/shared_sources/JFKNSF-319-004/JFKNSF-319-004-p0221.jpg,JFKNSF-319-004-p0221.jpg,.jpg,331128,9582928a582837d3c42693f7a4adf8e6fe7f7090f168e61e597fcd9a195baea2,unclassified/mixed,unique,1,yes
shared-series,series_projects/usaid-office-of-public-safety/shared_sources/JFKNSF-319-004/JFKNSF-319-004_image-only.pdf,JFKNSF-319-004_image-only.pdf,.pdf,148732226,b99de4b2488056d7aa5f77cf128e14b07487c3b02de51f270f24b4a564d0c47b,unclassified/mixed,unique,1,yes
shared-series,series_projects/usaid-office-of-public-safety/shared_sources/JFKNSF-319-004/JFKNSF-319-004_ocr-text.txt,JFKNSF-319-004_ocr-text.txt,.txt,170480,abca9de504e780978f5160f2993e3d9a5106d9303fb759568fac11f2922c8100,unclassified/mixed,unique,1,yes
shared-series,series_projects/usaid-office-of-public-safety/shared_sources/JFKNSF-319-004/JFKNSF-319-004_searchable.pdf,JFKNSF-319-004_searchable.pdf,.pdf,126969222,a1d55c29abc0c34852ec0565eea24fd8515996eeb9a12f0716c32d2dd2f59cb1,unclassified/mixed,unique,1,yes
shared-series,series_projects/usaid-office-of-public-safety/shared_sources/JFKNSF-319-004/pages.txt,pages.txt,.txt,36960,8a965f56fb19e0234d13d24dc6d73dd9402907e417a0f832c2ed4717d3808a55,unclassified/mixed,unique,1,yes
shared-series,series_projects/usaid-office-of-public-safety/shared_sources/JFKNSF-319-004.zip,JFKNSF-319-004.zip,.zip,145419571,bfa230491e15bae4cccc4064af1c2cda5c4bf936e7a9f03839e328c485b29746,unclassified/mixed,unique,1,yes
shared-series,series_projects/usaid-office-of-public-safety/shared_sources/JFKNSF-338-004/JFKNSF-338-004-p0001.jpg,JFKNSF-338-004-p0001.jpg,.jpg,889898,58bfbf058b8985c9cd76d2d9304986c4f6117d7f5c815e79e0eb62ee617c83ff,unclassified/mixed,unique,1,yes
shared-series,series_projects/usaid-office-of-public-safety/shared_sources/JFKNSF-338-004/JFKNSF-338-004-p0002.jpg,JFKNSF-338-004-p0002.jpg,.jpg,979168,4266fd2634cb2edb813739bdce0633f3c3e42635358c850cc7ad22e69c23933a,unclassified/mixed,unique,1,yes
shared-series,series_projects/usaid-office-of-public-safety/shared_sources/JFKNSF-338-004/JFKNSF-338-004-p0003.jpg,JFKNSF-338-004-p0003.jpg,.jpg,999837,d98afe6016733f4708e9f763814f577a81f9e02b774591615a71f188c264a75b,unclassified/mixed,unique,1,yes
shared-series,series_projects/usaid-office-of-public-safety/shared_sources/JFKNSF-338-004/JFKNSF-338-004-p0004.jpg,JFKNSF-338-004-p0004.jpg,.jpg,695021,8bbd81a2f3a81c7277b77752a280cc5c9c6f10a47dcfe494a974bcdf3b99101e,unclassified/mixed,unique,1,yes
shared-series,series_projects/usaid-office-of-public-safety/shared_sources/JFKNSF-338-004/JFKNSF-338-004-p0005.jpg,JFKNSF-338-004-p0005.jpg,.jpg,758120,e1cbefb3d1bb77e458f028fa852be01a6155e8fafb0bd62539303048d1e3e13f,unclassified/mixed,unique,1,yes
shared-series,series_projects/usaid-office-of-public-safety/shared_sources/JFKNSF-338-004/JFKNSF-338-004-p0006.jpg,JFKNSF-338-004-p0006.jpg,.jpg,557504,69b57b7dd9df37ceabe287c64d3cd5e8f868d7a9e54e3ff8e3e4a0ac7703b41e,unclassified/mixed,unique,1,yes
shared-series,series_projects/usaid-office-of-public-safety/shared_sources/JFKNSF-338-004/JFKNSF-338-004-p0007.jpg,JFKNSF-338-004-p0007.jpg,.jpg,467298,b10a6fc1fb1381672b5afa3cacf9057b655512f6c838098e52bc047b3fd4d1b2,unclassified/mixed,unique,1,yes
shared-series,series_projects/usaid-office-of-public-safety/shared_sources/JFKNSF-338-004/JFKNSF-338-004-p0008.jpg,JFKNSF-338-004-p0008.jpg,.jpg,930576,8ac0d31d13c9db81d021886b3d2758cb0f207a8e21fea9846cba5ae36b320848,unclassified/mixed,unique,1,yes
shared-series,series_projects/usaid-office-of-public-safety/shared_sources/JFKNSF-338-004/JFKNSF-338-004-p0009.jpg,JFKNSF-338-004-p0009.jpg,.jpg,325484,9d47d697773ab3f74fc1a5ef8e7d6717499cb73f98483ff414689a5ac9a8291e,unclassified/mixed,unique,1,yes
shared-series,series_projects/usaid-office-of-public-safety/shared_sources/JFKNSF-338-004/JFKNSF-338-004-p0010.jpg,JFKNSF-338-004-p0010.jpg,.jpg,236259,ef7ce71873385680c9a9526d29131dbcd7d658b7b3b558dd92ae944958147491,unclassified/mixed,unique,1,yes
shared-series,series_projects/usaid-office-of-public-safety/shared_sources/JFKNSF-338-004/JFKNSF-338-004-p0011.jpg,JFKNSF-338-004-p0011.jpg,.jpg,460974,f952065c8987dcd3c379de0330e60f4eff2ee4fdc964657de8c81769f6dad5db,unclassified/mixed,unique,1,yes
shared-series,series_projects/usaid-office-of-public-safety/shared_sources/JFKNSF-338-004/JFKNSF-338-004-p0012.jpg,JFKNSF-338-004-p0012.jpg,.jpg,476773,b3d7e8544e4120cde168177ae8d6215e747a926716e389edbbc443dc970327cf,unclassified/mixed,unique,1,yes
shared-series,series_projects/usaid-office-of-public-safety/shared_sources/JFKNSF-338-004/JFKNSF-338-004-p0013.jpg,JFKNSF-338-004-p0013.jpg,.jpg,460148,bbdc2411d686bad06d15444c644610e3f5d3713acf487c21cfae2ac9767de395,unclassified/mixed,unique,1,yes
shared-series,series_projects/usaid-office-of-public-safety/shared_sources/JFKNSF-338-004/JFKNSF-338-004-p0014.jpg,JFKNSF-338-004-p0014.jpg,.jpg,438921,8df2ca9ae9ebc8790d89acc988e0da65de8084f867b502f28088d1aeef185d1d,unclassified/mixed,unique,1,yes
shared-series,series_projects/usaid-office-of-public-safety/shared_sources/JFKNSF-338-004/JFKNSF-338-004-p0015.jpg,JFKNSF-338-004-p0015.jpg,.jpg,490959,c4512b982ce3a158a7a0644201074541b932773706725988a6edab29515fd008,unclassified/mixed,unique,1,yes
shared-series,series_projects/usaid-office-of-public-safety/shared_sources/JFKNSF-338-004/JFKNSF-338-004-p0016.jpg,JFKNSF-338-004-p0016.jpg,.jpg,501397,17bd8be0c60a4a2d2330c971c93bef34296cdcc27dfcbf5869f2913a30ba9b1f,unclassified/mixed,unique,1,yes
shared-series,series_projects/usaid-office-of-public-safety/shared_sources/JFKNSF-338-004/JFKNSF-338-004-p0017.jpg,JFKNSF-338-004-p0017.jpg,.jpg,411778,0cf8da11dcf1313362ded6db653190b48a5160bfb27e830ad296fa060773ca91,unclassified/mixed,unique,1,yes
shared-series,series_projects/usaid-office-of-public-safety/shared_sources/JFKNSF-338-004/JFKNSF-338-004-p0018.jpg,JFKNSF-338-004-p0018.jpg,.jpg,443554,10052aea42a2827a546051b1e78254250b09040bd714438a8d275eaea81bc9fc,unclassified/mixed,unique,1,yes
shared-series,series_projects/usaid-office-of-public-safety/shared_sources/JFKNSF-338-004/JFKNSF-338-004-p0019.jpg,JFKNSF-338-004-p0019.jpg,.jpg,1063963,3fbb147f793f646b30759e9354e7c2b85c7913d8338a9ce17e178d803b2e1c27,unclassified/mixed,unique,1,yes
shared-series,series_projects/usaid-office-of-public-safety/shared_sources/JFKNSF-338-004/JFKNSF-338-004-p0020.jpg,JFKNSF-338-004-p0020.jpg,.jpg,978536,1af94e9f18c36d63891ea3e982ee09fe9186bbfeb2a60b6046fc46c0bfe84ac1,unclassified/mixed,unique,1,yes
shared-series,series_projects/usaid-office-of-public-safety/shared_sources/JFKNSF-338-004/JFKNSF-338-004-p0021.jpg,JFKNSF-338-004-p0021.jpg,.jpg,807250,f3a8a48545ca829e6a6f67dc826578b7ae095176fc413d0e522afb262bed1928,unclassified/mixed,unique,1,yes
shared-series,series_projects/usaid-office-of-public-safety/shared_sources/JFKNSF-338-004/JFKNSF-338-004-p0022.jpg,JFKNSF-338-004-p0022.jpg,.jpg,331793,9b29e76da2fb90b9e0a858eb61df971c31893b30ee6f27995015a2a55332d997,unclassified/mixed,unique,1,yes
shared-series,series_projects/usaid-office-of-public-safety/shared_sources/JFKNSF-338-004/JFKNSF-338-004-p0023.jpg,JFKNSF-338-004-p0023.jpg,.jpg,218750,7720a0eca23679b0c25f75974c726bc3be40c18419c2bb40b3b1a996ba703ee8,unclassified/mixed,unique,1,yes
shared-series,series_projects/usaid-office-of-public-safety/shared_sources/JFKNSF-338-004/JFKNSF-338-004-p0024.jpg,JFKNSF-338-004-p0024.jpg,.jpg,284600,e9b2eec1eccb6cfdfdcf1bbdaf76c50f2e4ed74ce31b11294f2c4fb3105330ca,unclassified/mixed,unique,1,yes
shared-series,series_projects/usaid-office-of-public-safety/shared_sources/JFKNSF-338-004/JFKNSF-338-004-p0025.jpg,JFKNSF-338-004-p0025.jpg,.jpg,200076,1931da7bf7789e9f45ef53cf0210ad991e84c8961efea228ed6c96fff7a1b545,unclassified/mixed,unique,1,yes
shared-series,series_projects/usaid-office-of-public-safety/shared_sources/JFKNSF-338-004/JFKNSF-338-004-p0026.jpg,JFKNSF-338-004-p0026.jpg,.jpg,693488,2867a647f836af1e526d7a20d5d5ee8ed9d32b37f2aa2741a38b7ecc592f36c3,unclassified/mixed,unique,1,yes
shared-series,series_projects/usaid-office-of-public-safety/shared_sources/JFKNSF-338-004/JFKNSF-338-004-p0027.jpg,JFKNSF-338-004-p0027.jpg,.jpg,695501,b8538ee6fa5d50501b48969f84af178a1be6660395da2a360dde8607a3a1e21c,unclassified/mixed,unique,1,yes
shared-series,series_projects/usaid-office-of-public-safety/shared_sources/JFKNSF-338-004/JFKNSF-338-004-p0028.jpg,JFKNSF-338-004-p0028.jpg,.jpg,333199,231a1868d0cda042e1c07a9c4014232c75526506bef1122b1b0959d9f3bf2b15,unclassified/mixed,unique,1,yes
shared-series,series_projects/usaid-office-of-public-safety/shared_sources/JFKNSF-338-004/JFKNSF-338-004-p0029.jpg,JFKNSF-338-004-p0029.jpg,.jpg,225245,b7068fe01394c25b9e561ba1f94044904bb9e80dff8128024cbb1daa2fbf02a2,unclassified/mixed,unique,1,yes
shared-series,series_projects/usaid-office-of-public-safety/shared_sources/JFKNSF-338-004/JFKNSF-338-004-p0030.jpg,JFKNSF-338-004-p0030.jpg,.jpg,290218,ba5a936fa5e763d1e0c68ef45c3f37b18e0021cdcc2ae9e74c2c9a6bb9a17da0,unclassified/mixed,unique,1,yes
shared-series,series_projects/usaid-office-of-public-safety/shared_sources/JFKNSF-338-004/JFKNSF-338-004-p0031.jpg,JFKNSF-338-004-p0031.jpg,.jpg,250993,ebe13c163fda062cabcb955ac09d0e8e04b51474db0f6a920949037676a72155,unclassified/mixed,unique,1,yes
shared-series,series_projects/usaid-office-of-public-safety/shared_sources/JFKNSF-338-004/JFKNSF-338-004-p0032.jpg,JFKNSF-338-004-p0032.jpg,.jpg,265746,7f4dad5434c0c1c4a58bc325faa7592d4760ad00fbf20a5be2363353ddc9f215,unclassified/mixed,unique,1,yes
shared-series,series_projects/usaid-office-of-public-safety/shared_sources/JFKNSF-338-004/JFKNSF-338-004-p0033.jpg,JFKNSF-338-004-p0033.jpg,.jpg,278827,d8d6aa3071a140e0692fcc10a5082c7a4f917f09af704c7349732a2ac7ed50b1,unclassified/mixed,unique,1,yes
shared-series,series_projects/usaid-office-of-public-safety/shared_sources/JFKNSF-338-004/JFKNSF-338-004-p0034.jpg,JFKNSF-338-004-p0034.jpg,.jpg,415466,834c7b0de70036e862d9fb271f940520f6b824f69d5a92dbd6b90499be4d179f,unclassified/mixed,unique,1,yes
shared-series,series_projects/usaid-office-of-public-safety/shared_sources/JFKNSF-338-004/JFKNSF-338-004-p0035.jpg,JFKNSF-338-004-p0035.jpg,.jpg,244573,db8ecceec8394777b750b6e83dae2cf1e189ca8ccdd6222ec3c9244c03028dca,unclassified/mixed,unique,1,yes
shared-series,series_projects/usaid-office-of-public-safety/shared_sources/JFKNSF-338-004/JFKNSF-338-004-p0036.jpg,JFKNSF-338-004-p0036.jpg,.jpg,614633,6409f5306d972e088b11fa3687c46a7cdd1f744be6df447a519d45757731a22d,unclassified/mixed,unique,1,yes
shared-series,series_projects/usaid-office-of-public-safety/shared_sources/JFKNSF-338-004/JFKNSF-338-004-p0037.jpg,JFKNSF-338-004-p0037.jpg,.jpg,432852,bed1e0c3c1f5a22ee57ef9f38dd1db8acd13b876a5c42276ec76c07d8909406a,unclassified/mixed,unique,1,yes
shared-series,series_projects/usaid-office-of-public-safety/shared_sources/JFKNSF-338-004/JFKNSF-338-004-p0038.jpg,JFKNSF-338-004-p0038.jpg,.jpg,294964,31a9ab3f0fb55e7f55c0f076c09589c5dd059c81c807744677b6e47ac5d3a81e,unclassified/mixed,unique,1,yes
shared-series,series_projects/usaid-office-of-public-safety/shared_sources/JFKNSF-338-004/JFKNSF-338-004-p0039.jpg,JFKNSF-338-004-p0039.jpg,.jpg,677440,a0cf259b124519604bc24328b83904b68a1c9c0b1b61cb52f62030ee6ccf1529,unclassified/mixed,unique,1,yes
shared-series,series_projects/usaid-office-of-public-safety/shared_sources/JFKNSF-338-004/JFKNSF-338-004-p0040.jpg,JFKNSF-338-004-p0040.jpg,.jpg,560107,b8f1df855a07a4e0c291e8db6df0d7306e5342f23c8a07566bedc05722238e95,unclassified/mixed,unique,1,yes
shared-series,series_projects/usaid-office-of-public-safety/shared_sources/JFKNSF-338-004/JFKNSF-338-004-p0041.jpg,JFKNSF-338-004-p0041.jpg,.jpg,469963,bf97e62460910d1db527ec0b4dce20245606b5ae8677faa39e2c34103add0cb8,unclassified/mixed,unique,1,yes
shared-series,series_projects/usaid-office-of-public-safety/shared_sources/JFKNSF-338-004/JFKNSF-338-004-p0042.jpg,JFKNSF-338-004-p0042.jpg,.jpg,477377,d739561fb541ec010e0d450683caf448967444b0fa45c45a9f72a7fea768ccd0,unclassified/mixed,unique,1,yes
shared-series,series_projects/usaid-office-of-public-safety/shared_sources/JFKNSF-338-004/JFKNSF-338-004-p0043.jpg,JFKNSF-338-004-p0043.jpg,.jpg,420071,cd8d6d4a829b544d8ce8a4f3794658ea2b9118263c0e26306b0d732dd8bf57ae,unclassified/mixed,unique,1,yes
shared-series,series_projects/usaid-office-of-public-safety/shared_sources/JFKNSF-338-004/JFKNSF-338-004-p0044.jpg,JFKNSF-338-004-p0044.jpg,.jpg,501604,8fc9b1b0686f84b54f192d69af5cce9f0a77c788095b82f0405ee0f380482666,unclassified/mixed,unique,1,yes
shared-series,series_projects/usaid-office-of-public-safety/shared_sources/JFKNSF-338-004/JFKNSF-338-004-p0045.jpg,JFKNSF-338-004-p0045.jpg,.jpg,575498,bf68b4eba8e36ae578e31835703278f41e99a05e2515ed877a3b451c4ddabbc2,unclassified/mixed,unique,1,yes
shared-series,series_projects/usaid-office-of-public-safety/shared_sources/JFKNSF-338-004/JFKNSF-338-004-p0046.jpg,JFKNSF-338-004-p0046.jpg,.jpg,610803,ff5baa8b070b14f0e39d059c89331f875bc7a8662189ce97b43fd5740c55c831,unclassified/mixed,unique,1,yes
shared-series,series_projects/usaid-office-of-public-safety/shared_sources/JFKNSF-338-004/JFKNSF-338-004-p0047.jpg,JFKNSF-338-004-p0047.jpg,.jpg,552465,7afad748fafd42b9f952289d2178cf1f43db9c6edad4a97431106e4293535386,unclassified/mixed,unique,1,yes
shared-series,series_projects/usaid-office-of-public-safety/shared_sources/JFKNSF-338-004/JFKNSF-338-004-p0048.jpg,JFKNSF-338-004-p0048.jpg,.jpg,512615,56e98469768d6a751ee89b62aae5065cc2e98b19bab37d6038701839b5409848,unclassified/mixed,unique,1,yes
shared-series,series_projects/usaid-office-of-public-safety/shared_sources/JFKNSF-338-004/JFKNSF-338-004-p0049.jpg,JFKNSF-338-004-p0049.jpg,.jpg,502158,463bf1358e5b4bda651b773f8d8bae1dd19dc0feb2eb3a9f8b8babeea8fb2ffb,unclassified/mixed,unique,1,yes
shared-series,series_projects/usaid-office-of-public-safety/shared_sources/JFKNSF-338-004/JFKNSF-338-004-p0050.jpg,JFKNSF-338-004-p0050.jpg,.jpg,557983,8daf40d7df3707b87580ac58256941ebb2853adfaf541c843cd94d669ee86a08,unclassified/mixed,unique,1,yes
shared-series,series_projects/usaid-office-of-public-safety/shared_sources/JFKNSF-338-004/JFKNSF-338-004-p0051.jpg,JFKNSF-338-004-p0051.jpg,.jpg,610038,93105594f308bd0fbc9f9941d30d9c1a5b185ec5b64a8659769ed689e6b29618,unclassified/mixed,unique,1,yes
shared-series,series_projects/usaid-office-of-public-safety/shared_sources/JFKNSF-338-004/JFKNSF-338-004-p0052.jpg,JFKNSF-338-004-p0052.jpg,.jpg,660095,40e0c9c783441855c526df1c526373c63a56bc28f9481519cb5336a7bddc177c,unclassified/mixed,unique,1,yes
shared-series,series_projects/usaid-office-of-public-safety/shared_sources/JFKNSF-338-004/JFKNSF-338-004-p0053.jpg,JFKNSF-338-004-p0053.jpg,.jpg,557731,36974f226ffa5cacb043ebb2629f3b3c85dec011e719f7c7e96d0e350a3ef203,unclassified/mixed,unique,1,yes
shared-series,series_projects/usaid-office-of-public-safety/shared_sources/JFKNSF-338-004/JFKNSF-338-004-p0054.jpg,JFKNSF-338-004-p0054.jpg,.jpg,583619,540ed7c41577e687282dfcc6d97d195de89b12c834732cbc3f2d394d949b86f9,unclassified/mixed,unique,1,yes
shared-series,series_projects/usaid-office-of-public-safety/shared_sources/JFKNSF-338-004/JFKNSF-338-004-p0055.jpg,JFKNSF-338-004-p0055.jpg,.jpg,369398,791a3224ad2d0cc05af85cb3b739f92c217e486bf914e406a39948427bfe9868,unclassified/mixed,unique,1,yes
shared-series,series_projects/usaid-office-of-public-safety/shared_sources/JFKNSF-338-004/JFKNSF-338-004-p0056.jpg,JFKNSF-338-004-p0056.jpg,.jpg,594638,f534e77875f30f219cfbfbbf4eca25fd7fb6db8837e2f060d42a7f6c4e69a7e4,unclassified/mixed,unique,1,yes
shared-series,series_projects/usaid-office-of-public-safety/shared_sources/JFKNSF-338-004/JFKNSF-338-004-p0057.jpg,JFKNSF-338-004-p0057.jpg,.jpg,584170,c95db3a73a7bfedfa866ec5c98e3adf371ab2aed7238d07d3cf907132f79222e,unclassified/mixed,unique,1,yes
shared-series,series_projects/usaid-office-of-public-safety/shared_sources/JFKNSF-338-004/JFKNSF-338-004-p0058.jpg,JFKNSF-338-004-p0058.jpg,.jpg,535978,6f8d4a04c51a3b697f01c44c2cf4817156d1678c49f2205546f2ef46074e8035,unclassified/mixed,unique,1,yes
shared-series,series_projects/usaid-office-of-public-safety/shared_sources/JFKNSF-338-004/JFKNSF-338-004-p0059.jpg,JFKNSF-338-004-p0059.jpg,.jpg,536550,069678e3ea69513df4d45ee70a2ea00662287ccf186bfb5e6e5a6e5d17ba860b,unclassified/mixed,unique,1,yes
shared-series,series_projects/usaid-office-of-public-safety/shared_sources/JFKNSF-338-004/JFKNSF-338-004-p0060.jpg,JFKNSF-338-004-p0060.jpg,.jpg,569183,35b96532d849a4af5d937b643c1da3675c27a12a634f87c4d3669a909103793d,unclassified/mixed,unique,1,yes
shared-series,series_projects/usaid-office-of-public-safety/shared_sources/JFKNSF-338-004/JFKNSF-338-004-p0061.jpg,JFKNSF-338-004-p0061.jpg,.jpg,425003,7c1b5ca0f298fc1933839c9e2b5888d17bb8e7d89f4e959f21ebf37a750bb8f6,unclassified/mixed,unique,1,yes
shared-series,series_projects/usaid-office-of-public-safety/shared_sources/JFKNSF-338-004/JFKNSF-338-004-p0062.jpg,JFKNSF-338-004-p0062.jpg,.jpg,5562735,569973d7160d003d8e37f3f7510d935a11fa532f62cc63f3ae2b4a1440227690,unclassified/mixed,unique,1,yes
shared-series,series_projects/usaid-office-of-public-safety/shared_sources/JFKNSF-338-004/JFKNSF-338-004-p0063.jpg,JFKNSF-338-004-p0063.jpg,.jpg,577345,ec03a0698270bbc9a770f31d52c8d344f77e4f537d8a92385f198b0d39db5193,unclassified/mixed,unique,1,yes
shared-series,series_projects/usaid-office-of-public-safety/shared_sources/JFKNSF-338-004/JFKNSF-338-004-p0064.jpg,JFKNSF-338-004-p0064.jpg,.jpg,526358,3b39a8225d4581432b5437e42dd3225136f5a324b51ba4fb9866a64dcba63144,unclassified/mixed,unique,1,yes
shared-series,series_projects/usaid-office-of-public-safety/shared_sources/JFKNSF-338-004/JFKNSF-338-004-p0065.jpg,JFKNSF-338-004-p0065.jpg,.jpg,585274,ba5b1d615167496f81792790ad5034ff1f64fff6ee4833b3d79a5c13dec2f2ac,unclassified/mixed,unique,1,yes
shared-series,series_projects/usaid-office-of-public-safety/shared_sources/JFKNSF-338-004/JFKNSF-338-004-p0066.jpg,JFKNSF-338-004-p0066.jpg,.jpg,593707,cbbdeacb7034bc94423ad3ce7d4d1e765f7a810492abc4200241f22be00665cb,unclassified/mixed,unique,1,yes
shared-series,series_projects/usaid-office-of-public-safety/shared_sources/JFKNSF-338-004/JFKNSF-338-004-p0067.jpg,JFKNSF-338-004-p0067.jpg,.jpg,517964,47dac4f4e0f6292972d3b631f07ea019c97eb978b2f665b3ea23f3ddd6b4735b,unclassified/mixed,unique,1,yes
shared-series,series_projects/usaid-office-of-public-safety/shared_sources/JFKNSF-338-004/JFKNSF-338-004-p0068.jpg,JFKNSF-338-004-p0068.jpg,.jpg,548302,45ee5ce8aa36e6f59a13675c5dcd1eeed35e87b9b9627d651fe87704b2f3a4b5,unclassified/mixed,unique,1,yes
shared-series,series_projects/usaid-office-of-public-safety/shared_sources/JFKNSF-338-004/JFKNSF-338-004-p0069.jpg,JFKNSF-338-004-p0069.jpg,.jpg,493858,733619ba1df5bd4f2a9f945717dd5d3211e29b1ddeeac419421ab85735bf46d2,unclassified/mixed,unique,1,yes
shared-series,series_projects/usaid-office-of-public-safety/shared_sources/JFKNSF-338-004/JFKNSF-338-004-p0070.jpg,JFKNSF-338-004-p0070.jpg,.jpg,650158,8a189cdae5d8272ff4b99c375b6a6ca22c2e0f1d9bcb80d68f64b8c584591bf8,unclassified/mixed,unique,1,yes
shared-series,series_projects/usaid-office-of-public-safety/shared_sources/JFKNSF-338-004/JFKNSF-338-004-p0071.jpg,JFKNSF-338-004-p0071.jpg,.jpg,643225,8ab6098995d4eac5fe2f481a132060787509b899d303f78f2f8f91747d42574a,unclassified/mixed,unique,1,yes
shared-series,series_projects/usaid-office-of-public-safety/shared_sources/JFKNSF-338-004/JFKNSF-338-004-p0072.jpg,JFKNSF-338-004-p0072.jpg,.jpg,431931,75490f8ac7871b980a997928e78464a0605313e817a3b2f7b879ada9494a38ba,unclassified/mixed,unique,1,yes
shared-series,series_projects/usaid-office-of-public-safety/shared_sources/JFKNSF-338-004/JFKNSF-338-004-p0073.jpg,JFKNSF-338-004-p0073.jpg,.jpg,622515,1da3bab876afd4e1a0531c3cc784334b10b6d64a829448e937315084b972fa17,unclassified/mixed,unique,1,yes
shared-series,series_projects/usaid-office-of-public-safety/shared_sources/JFKNSF-338-004/JFKNSF-338-004-p0074.jpg,JFKNSF-338-004-p0074.jpg,.jpg,621932,a4edf89c8a15b53d0486ab241ac89f2e8cc51c228bf1af6c781b7b49e7495fcd,unclassified/mixed,unique,1,yes
shared-series,series_projects/usaid-office-of-public-safety/shared_sources/JFKNSF-338-004/JFKNSF-338-004-p0075.jpg,JFKNSF-338-004-p0075.jpg,.jpg,589829,3c79e324d1b7df7279d602a07eb8a7b395ca72c6745f979eea290cac06832dc5,unclassified/mixed,unique,1,yes
shared-series,series_projects/usaid-office-of-public-safety/shared_sources/JFKNSF-338-004/JFKNSF-338-004-p0076.jpg,JFKNSF-338-004-p0076.jpg,.jpg,561760,adf4f61e24cf2d7b6321d23a52a2cb0044053a89936cc6d3adff74719e749ded,unclassified/mixed,unique,1,yes
shared-series,series_projects/usaid-office-of-public-safety/shared_sources/JFKNSF-338-004/JFKNSF-338-004-p0077.jpg,JFKNSF-338-004-p0077.jpg,.jpg,633026,92c222fd4bf54e8e833f90c0957b98c114d755948e9f04d2dab197777ef56e41,unclassified/mixed,unique,1,yes
shared-series,series_projects/usaid-office-of-public-safety/shared_sources/JFKNSF-338-004/JFKNSF-338-004-p0078.jpg,JFKNSF-338-004-p0078.jpg,.jpg,578954,effbb6824c4a3524767620746dfc000adffd94e46e2238e56b29cdf0b5713689,unclassified/mixed,unique,1,yes
shared-series,series_projects/usaid-office-of-public-safety/shared_sources/JFKNSF-338-004/JFKNSF-338-004-p0079.jpg,JFKNSF-338-004-p0079.jpg,.jpg,552897,293af5b0068f39e18c79345518583e915c3ce1936e95ca6fe94cc6dc995d252c,unclassified/mixed,unique,1,yes
shared-series,series_projects/usaid-office-of-public-safety/shared_sources/JFKNSF-338-004/JFKNSF-338-004-p0080.jpg,JFKNSF-338-004-p0080.jpg,.jpg,578564,116987b9a4d6a7bb051260283819a7560bf6694d875e00400e4121451967e06c,unclassified/mixed,unique,1,yes
shared-series,series_projects/usaid-office-of-public-safety/shared_sources/JFKNSF-338-004/JFKNSF-338-004-p0081.jpg,JFKNSF-338-004-p0081.jpg,.jpg,590363,f341f44708159d46375ea89c6ff1349c9a27c1e34dfe38b4565eb7261a53d7b6,unclassified/mixed,unique,1,yes
shared-series,series_projects/usaid-office-of-public-safety/shared_sources/JFKNSF-338-004/JFKNSF-338-004-p0082.jpg,JFKNSF-338-004-p0082.jpg,.jpg,592056,d84f7b8f9a1abc39ffad92ccd626aaca2cdd684ec6340f3bbc5cf0a5df545734,unclassified/mixed,unique,1,yes
shared-series,series_projects/usaid-office-of-public-safety/shared_sources/JFKNSF-338-004/JFKNSF-338-004-p0083.jpg,JFKNSF-338-004-p0083.jpg,.jpg,571770,69368e3cb9bf8f3f350ebd68e7c5604e49611c2b501526a237e5d449ff5f9c41,unclassified/mixed,unique,1,yes
shared-series,series_projects/usaid-office-of-public-safety/shared_sources/JFKNSF-338-004/JFKNSF-338-004-p0084.jpg,JFKNSF-338-004-p0084.jpg,.jpg,501457,efae66124605bf8de9e86241a8501a51eaa8c58df46d97eb80b06462e09925bb,unclassified/mixed,unique,1,yes
shared-series,series_projects/usaid-office-of-public-safety/shared_sources/JFKNSF-338-004/JFKNSF-338-004-p0085.jpg,JFKNSF-338-004-p0085.jpg,.jpg,583861,c480b6925c78138721c1a262bbb3154464589bde4e4726b16e27ee091a455d57,unclassified/mixed,unique,1,yes
shared-series,series_projects/usaid-office-of-public-safety/shared_sources/JFKNSF-338-004/JFKNSF-338-004-p0086.jpg,JFKNSF-338-004-p0086.jpg,.jpg,577045,6f75bb6d7d455abafe0f8268c8fe7c07212acb6a48e084835a61b594261f005b,unclassified/mixed,unique,1,yes
shared-series,series_projects/usaid-office-of-public-safety/shared_sources/JFKNSF-338-004/JFKNSF-338-004-p0087.jpg,JFKNSF-338-004-p0087.jpg,.jpg,533237,9e4f011fcac54273cce4754c850ef9268a5d17b0a10235a819c58bbb74cb6169,unclassified/mixed,unique,1,yes
shared-series,series_projects/usaid-office-of-public-safety/shared_sources/JFKNSF-338-004/JFKNSF-338-004-p0088.jpg,JFKNSF-338-004-p0088.jpg,.jpg,608759,9f82287da8f0dba3a69ed2a3c3507a14b42c039f46f92b8f2b00bbd388f74851,unclassified/mixed,unique,1,yes
shared-series,series_projects/usaid-office-of-public-safety/shared_sources/JFKNSF-338-004/JFKNSF-338-004-p0089.jpg,JFKNSF-338-004-p0089.jpg,.jpg,5837756,ac4c1a315174bb3a26ffcb472ca672ae26296e82e47809b073b4f4b68ebeb5af,unclassified/mixed,unique,1,yes
shared-series,series_projects/usaid-office-of-public-safety/shared_sources/JFKNSF-338-004/JFKNSF-338-004-p0090.jpg,JFKNSF-338-004-p0090.jpg,.jpg,661367,501b828540d4eff1e7aec084c53c9b677577c8f6a9584703033c8ce3cde217c9,unclassified/mixed,unique,1,yes
shared-series,series_projects/usaid-office-of-public-safety/shared_sources/JFKNSF-338-004/JFKNSF-338-004-p0091.jpg,JFKNSF-338-004-p0091.jpg,.jpg,291068,76bd605797abcf7e1f250435c39804e94fc65fa25319768fe41e02aacbcf5aff,unclassified/mixed,unique,1,yes
shared-series,series_projects/usaid-office-of-public-safety/shared_sources/JFKNSF-338-004/JFKNSF-338-004-p0092.jpg,JFKNSF-338-004-p0092.jpg,.jpg,584612,c6823a30cbe1f791413b923ed11ef32a382756e547c4ad7e1a4262146ad09e39,unclassified/mixed,unique,1,yes
shared-series,series_projects/usaid-office-of-public-safety/shared_sources/JFKNSF-338-004/JFKNSF-338-004-p0093.jpg,JFKNSF-338-004-p0093.jpg,.jpg,224940,3914ec5db4b410c79f20c0832426eddd9219a5d0aea86f9c24183784a8e3cfac,unclassified/mixed,unique,1,yes
shared-series,series_projects/usaid-office-of-public-safety/shared_sources/JFKNSF-338-004/JFKNSF-338-004-p0094.jpg,JFKNSF-338-004-p0094.jpg,.jpg,823751,3720dd665d78e79bca699d4cee5df59be6f8f501a301b2b304fe9d443c37d2ba,unclassified/mixed,unique,1,yes
shared-series,series_projects/usaid-office-of-public-safety/shared_sources/JFKNSF-338-004/JFKNSF-338-004-p0095.jpg,JFKNSF-338-004-p0095.jpg,.jpg,463571,3832fe7be3b207f75c8a46301b9adb2d8777d5590d4b334f4779c52e3ad8ebcc,unclassified/mixed,unique,1,yes
shared-series,series_projects/usaid-office-of-public-safety/shared_sources/JFKNSF-338-004/JFKNSF-338-004-p0096.jpg,JFKNSF-338-004-p0096.jpg,.jpg,629392,8958277f5b82fc9bb865f3aa5305775b5170e117516b67af267807c421836895,unclassified/mixed,unique,1,yes
shared-series,series_projects/usaid-office-of-public-safety/shared_sources/JFKNSF-338-004/JFKNSF-338-004-p0097.jpg,JFKNSF-338-004-p0097.jpg,.jpg,296068,fec99352e119f61f4a2854e09b2779d785a38e085a16645d25ebc34a5ab0b292,unclassified/mixed,unique,1,yes
shared-series,series_projects/usaid-office-of-public-safety/shared_sources/JFKNSF-338-004/JFKNSF-338-004-p0098.jpg,JFKNSF-338-004-p0098.jpg,.jpg,672344,5b99c16f33cb07d719620a36d6fc13ef7a700d44f73462cd37c357cb4004aec1,unclassified/mixed,unique,1,yes
shared-series,series_projects/usaid-office-of-public-safety/shared_sources/JFKNSF-338-004/JFKNSF-338-004-p0099.jpg,JFKNSF-338-004-p0099.jpg,.jpg,761330,eae3fae09ba2d4bd426258938a2aa87a92c39663dd938cb108dd926332951e5e,unclassified/mixed,unique,1,yes
shared-series,series_projects/usaid-office-of-public-safety/shared_sources/JFKNSF-338-004/JFKNSF-338-004-p0100.jpg,JFKNSF-338-004-p0100.jpg,.jpg,805472,04cb0232fc657461dc7ceaea10f496f23ad4365e909121c79fdc63af972f074b,unclassified/mixed,unique,1,yes
shared-series,series_projects/usaid-office-of-public-safety/shared_sources/JFKNSF-338-004/JFKNSF-338-004-p0101.jpg,JFKNSF-338-004-p0101.jpg,.jpg,326220,27b4b15eba619a519eea8669d12bc828de36e599ae4058985a5a818fd1629bbe,unclassified/mixed,unique,1,yes
shared-series,series_projects/usaid-office-of-public-safety/shared_sources/JFKNSF-338-004/JFKNSF-338-004-p0102.jpg,JFKNSF-338-004-p0102.jpg,.jpg,664685,d5a5fe6d01495e89dd53a11c3aaddce6efb0bf3581e510ffcae4987111111371,unclassified/mixed,unique,1,yes
shared-series,series_projects/usaid-office-of-public-safety/shared_sources/JFKNSF-338-004/JFKNSF-338-004-p0103.jpg,JFKNSF-338-004-p0103.jpg,.jpg,319180,529f4c86f46ebf3ffa0c0bc991d39794af44511545354b0e793e57f325be50ac,unclassified/mixed,unique,1,yes
shared-series,series_projects/usaid-office-of-public-safety/shared_sources/JFKNSF-338-004/JFKNSF-338-004-p0104.jpg,JFKNSF-338-004-p0104.jpg,.jpg,526851,a6c9d9903e743ef56dd33d428f6fc60ca1208d0d9aee6cde96ba934a9e63a73f,unclassified/mixed,unique,1,yes
shared-series,series_projects/usaid-office-of-public-safety/shared_sources/JFKNSF-338-004/JFKNSF-338-004-p0105.jpg,JFKNSF-338-004-p0105.jpg,.jpg,302804,a932c8a5ca837a0d9e66330867d36f99fb61892c4156b66530249e03d5bd673e,unclassified/mixed,unique,1,yes
shared-series,series_projects/usaid-office-of-public-safety/shared_sources/JFKNSF-338-004/JFKNSF-338-004-p0106.jpg,JFKNSF-338-004-p0106.jpg,.jpg,771749,ce728f1bcbf3e0c817d5f1d4326158bfa6dd9db9260b72f75057fb42c9547e85,unclassified/mixed,unique,1,yes
shared-series,series_projects/usaid-office-of-public-safety/shared_sources/JFKNSF-338-004/JFKNSF-338-004-p0107.jpg,JFKNSF-338-004-p0107.jpg,.jpg,458263,3c981a860549c4ad56f000529b025f3a77462d551033bd125e3cad700556c3c0,unclassified/mixed,unique,1,yes
shared-series,series_projects/usaid-office-of-public-safety/shared_sources/JFKNSF-338-004/JFKNSF-338-004-p0108.jpg,JFKNSF-338-004-p0108.jpg,.jpg,509416,04373f23c2e6fce0b2b925156cb6e0a32d5e1e2d048f0521870a2cc0a418df24,unclassified/mixed,unique,1,yes
shared-series,series_projects/usaid-office-of-public-safety/shared_sources/JFKNSF-338-004/JFKNSF-338-004-p0109.jpg,JFKNSF-338-004-p0109.jpg,.jpg,766980,6002761dad1a68af5a96100b61656a8f1296e6e887e5870132262317d55bfcdf,unclassified/mixed,unique,1,yes
shared-series,series_projects/usaid-office-of-public-safety/shared_sources/JFKNSF-338-004/JFKNSF-338-004-p0110.jpg,JFKNSF-338-004-p0110.jpg,.jpg,294161,cba22fa83b1a73d53303179227316dcd6560c1430b6e19c5f9fc411a7d6c67e8,unclassified/mixed,unique,1,yes
shared-series,series_projects/usaid-office-of-public-safety/shared_sources/JFKNSF-338-004/JFKNSF-338-004_image-only.pdf,JFKNSF-338-004_image-only.pdf,.pdf,69665979,7f31bd5b26678c8ec6e2d6caaf800d84db19bb93666a5125a80b5a9e292cc202,unclassified/mixed,unique,1,yes
shared-series,series_projects/usaid-office-of-public-safety/shared_sources/JFKNSF-338-004/JFKNSF-338-004_ocr-text.txt,JFKNSF-338-004_ocr-text.txt,.txt,163043,f9424f71c41d5f91afed5bc296f34514a5a3e6e1f0e3b737a9e099ab38881dc5,unclassified/mixed,unique,1,yes
shared-series,series_projects/usaid-office-of-public-safety/shared_sources/JFKNSF-338-004/JFKNSF-338-004_searchable.pdf,JFKNSF-338-004_searchable.pdf,.pdf,54780936,22ae706b6c25f680ad8cdf39d82a29c2837528ad73a9d6e2049839e4bf9ee937,unclassified/mixed,unique,1,yes
shared-series,series_projects/usaid-office-of-public-safety/shared_sources/JFKNSF-338-004/pages.txt,pages.txt,.txt,18480,07e3379967175c2db170710e03f999448e2db165b2d3bc448baf4c2aeaa4b18b,unclassified/mixed,unique,1,yes
shared-series,series_projects/usaid-office-of-public-safety/shared_sources/JFKNSF-338-004.zip,JFKNSF-338-004.zip,.zip,68080046,88fd164d4c24c4c861017f87f78e8157b97a3e80ee481bfe93273018b88d86fd,unclassified/mixed,unique,1,yes
shared-series,series_projects/usaid-office-of-public-safety/shared_sources/Mary-Jane-article-on-USAID-history.pdf,Mary-Jane-article-on-USAID-history.pdf,.pdf,1118956,239f7df3499b94dd3634466d4533ca47a5b04a221661e696136298e70ea64b28,secondary/book-or-monograph,unique,1,yes
shared-series,series_projects/usaid-office-of-public-safety/shared_sources/Memorandum From the Interagency Committee on Police Assistance Programs to President Kennedy.pdf,Memorandum From the Interagency Committee on Police Assistance Programs to President Kennedy.pdf,.pdf,289696,94efff739070b17dbdb0a10f4517c429dd2323a37476ac12fc83dd1d1941baad,primary/government-or-contemporaneous-record,unique,1,yes
shared-series,series_projects/usaid-office-of-public-safety/shared_sources/National Security Action Memorandum No. 132.pdf,National Security Action Memorandum No. 132.pdf,.pdf,238189,d0edcc54bb05ee7017dc84d4e304cf096682c7fd7985efd28c15d9e8d60e52c4,primary/government-or-contemporaneous-record,unique,1,yes
shared-series,series_projects/usaid-office-of-public-safety/shared_sources/National Security Action Memorandum No. 162.pdf,National Security Action Memorandum No. 162.pdf,.pdf,293002,e57c6b32ff524fd122f83b4963d43ee2a235a562b05dcfeacf816441f164fd0b,primary/government-or-contemporaneous-record,unique,1,yes
shared-series,series_projects/usaid-office-of-public-safety/shared_sources/nsiad-92-118 (1).pdf,nsiad-92-118 (1).pdf,.pdf,1765390,863d123669cdcf96286f52e2e31839b02e264267f73e68947af80d47c5defddd,unclassified/mixed,duplicate-content,2,yes
shared-series,series_projects/usaid-office-of-public-safety/shared_sources/OPERATION GLADIO - CHAPTER 43 - _Exposed_ The USAID Deception_ - EP.382 [v6f363d].txt,OPERATION GLADIO - CHAPTER 43 - _Exposed_ The USAID Deception_ - EP.382 [v6f363d].txt,.txt,116981,37455357f47b484d4de2f85cce8e58d644fcc14d6d90aae8f0fa0e36ff32d076,secondary/transcript,unique,1,yes
shared-series,series_projects/usaid-office-of-public-safety/shared_sources/OPERATION GLADIO - CHAPTER 44 - _Exposed_ The USAID Deception_ PART 2 - EP.385 [v6hx221].txt,OPERATION GLADIO - CHAPTER 44 - _Exposed_ The USAID Deception_ PART 2 - EP.385 [v6hx221].txt,.txt,103775,d3901e05eff4e4e8eb748f22a6e0fd9057eb1b49701f9fdcb0d0648675bab195,secondary/transcript,unique,1,yes
shared-series,series_projects/usaid-office-of-public-safety/shared_sources/OPERATION GLADIO - CHAPTER 45 - _USAID-Office of Transition Initiatives_ PART 3 - EP.387 [v6klny0].txt,OPERATION GLADIO - CHAPTER 45 - _USAID-Office of Transition Initiatives_ PART 3 - EP.387 [v6klny0].txt,.txt,90263,406e54320756c3d48f5e0bd1772ce145d0b43a67822a41e1078c2b48527cb693,secondary/transcript,unique,1,yes
shared-series,series_projects/usaid-office-of-public-safety/shared_sources/OPERATION GLADIO - CHAPTER 46 - _USAID-Office of Public Safety_ PART 4 - EP.390 [v6ngn29].txt,OPERATION GLADIO - CHAPTER 46 - _USAID-Office of Public Safety_ PART 4 - EP.390 [v6ngn29].txt,.txt,79878,ba29cccb01d7134aea4719cc918077fa47af8fd31dcd3ee8a406cbac4bd7317f,secondary/transcript,unique,1,yes
shared-series,series_projects/usaid-office-of-public-safety/shared_sources/OPERATION GLADIO - CHAPTER 47 - _USAID-Office of Public Safety_ PART 5 - EP.394 [v6oc0aw].txt,OPERATION GLADIO - CHAPTER 47 - _USAID-Office of Public Safety_ PART 5 - EP.394 [v6oc0aw].txt,.txt,88535,1269127579d9a1df273672ec41ab266cd28dabf672855d0d87b7998e378687ad,secondary/transcript,unique,1,yes
shared-series,series_projects/usaid-office-of-public-safety/shared_sources/OPERATION GLADIO - CHAPTER 48 - _USAID-Office of Public Safety_ PART 6 - EP.396 [v6op9v6].txt,OPERATION GLADIO - CHAPTER 48 - _USAID-Office of Public Safety_ PART 6 - EP.396 [v6op9v6].txt,.txt,105619,e3e528665af11e05473775061fc705fcebd71c41055a7842bb79a8c8d5b4edb6,secondary/transcript,unique,1,yes
shared-series,series_projects/usaid-office-of-public-safety/shared_sources/Operation-Gladio-the-unholy-alliance-between-the-Vatican-the-CIA-and-the-Mafia.pdf,Operation-Gladio-the-unholy-alliance-between-the-Vatican-the-CIA-and-the-Mafia.pdf,.pdf,3492340,bab05a86bd9cf60100b6259ac217418114a6a0aaf0b8f062c87651e1bbff8a06,secondary/book-or-monograph,unique,1,yes
shared-series,series_projects/usaid-office-of-public-safety/shared_sources/policing-americas-empire-the-united-states-the-philippines-and-the-rise-of-the-surveillance-state-9780299234140-9780299234133_compress.pdf,policing-americas-empire-the-united-states-the-philippines-and-the-rise-of-the-surveillance-state-9780299234140-9780299234133_compress.pdf,.pdf,1676,2cbd1a93c827653bc1089cae8827bd442b713a7207570700538df23aaafebe7d,unclassified/mixed,unique,1,yes
shared-series,series_projects/usaid-office-of-public-safety/shared_sources/Political_Policing_The_United_States_and.pdf,Political_Policing_The_United_States_and.pdf,.pdf,193088,72e0939398aff7210a3184a7478b7a74c7828d5c7e5aa32bd9478b26dc62b40b,secondary/book-or-monograph,unique,1,yes
shared-series,series_projects/usaid-office-of-public-safety/shared_sources/R40600.3.pdf,R40600.3.pdf,.pdf,1178615,c70148361059e729cba274ef19575d350225b56973b15f3e13ee04823956e4df,primary/government-or-contemporaneous-record,unique,1,yes
shared-series,series_projects/usaid-office-of-public-safety/shared_sources/RAND The Mitrione Kidnapping in Uruguay (1987).pdf,RAND The Mitrione Kidnapping in Uruguay (1987).pdf,.pdf,2501775,f7079e18aee249520f95dc06188d67875ca929a3c28b2f1f11b8bb019b2315b1,unclassified/mixed,unique,1,yes
shared-series,series_projects/usaid-office-of-public-safety/shared_sources/REWARDING BAD ACTORS - WHY DO POOR PERFORMING CONTRACTORS CONTINUE TO GET GOVERNMENT BUSINESS.pdf,REWARDING BAD ACTORS - WHY DO POOR PERFORMING CONTRACTORS CONTINUE TO GET GOVERNMENT BUSINESS.pdf,.pdf,2902986,75c7bf045d570e03dbe2f4d39577ea0c4a77d974208d0733b46a8c7b90ad4c3b,unclassified/mixed,unique,1,yes
shared-series,series_projects/usaid-office-of-public-safety/shared_sources/Rockefeller Commission report.pdf,Rockefeller Commission report.pdf,.pdf,5136673,e94654dfb24bc2ea784a3aae9a2f79553223e062044ffdb61666ca236e00af72,primary/government-or-contemporaneous-record,unique,1,yes
shared-series,series_projects/usaid-office-of-public-safety/shared_sources/SmucklerRalph.pdf,SmucklerRalph.pdf,.pdf,188961,fc3700de92c68b0eaa6684f61dae32a680b8646db5239db459f86e73dcce3e49,unclassified/mixed,unique,1,yes
shared-series,series_projects/usaid-office-of-public-safety/shared_sources/source_gap_hunt/1-524-25-006-R_0.extracted.txt,1-524-25-006-R_0.extracted.txt,.txt,5136,d45d4ce92ceed0bcf33ebd77ea6d83b8c71a17e2a3db4aaf3760a34470b5b76e,unclassified/mixed,unique,1,yes
shared-series,series_projects/usaid-office-of-public-safety/shared_sources/source_gap_hunt/9-000-16-001-s.extracted.txt,9-000-16-001-s.extracted.txt,.txt,266626,facb2524c5484e5575a488a64d23b1b3d3e8fcf1cd53d80282ba40099c73919e,unclassified/mixed,unique,1,yes
shared-series,series_projects/usaid-office-of-public-safety/shared_sources/source_gap_hunt/9-000-21-005-P_0.extracted.txt,9-000-21-005-P_0.extracted.txt,.txt,93456,6ce957660d8e23e5bed7df0518d244c08bbad3ac6cc978b1a7e3f4ce78dff003,unclassified/mixed,unique,1,yes
shared-series,series_projects/usaid-office-of-public-safety/shared_sources/source_gap_hunt/9-524-20-034-R.extracted.txt,9-524-20-034-R.extracted.txt,.txt,4755,9af76220ed84bf51aea2ae761fa02a787922de1f1e64eb9f6bd65ffacf6aeff8,unclassified/mixed,unique,1,yes
shared-series,series_projects/usaid-office-of-public-safety/shared_sources/source_gap_hunt/Aid or Abuse_ A Review of U.S. Police Assistance Programs in Lati.extracted.txt,Aid or Abuse_ A Review of U.S. Police Assistance Programs in Lati.extracted.txt,.txt,161928,5c79ca0f5ebc14c2f8d9d591d2f8829a751253eaaeb764895b6c5e5071a79d71,unclassified/mixed,unique,1,yes
shared-series,series_projects/usaid-office-of-public-safety/shared_sources/source_gap_hunt/audit_existing.py,audit_existing.py,.py,1578,e3829eab5f9de70ba85d699f8a84e6046c4cc388fe1d71c7d854291248a25cd9,primary/government-or-contemporaneous-record,unique,1,yes
shared-series,series_projects/usaid-office-of-public-safety/shared_sources/source_gap_hunt/audit_jfk_ocr.ps1,audit_jfk_ocr.ps1,.ps1,2123,574f6323c94c8e2ed436285c16a5a1e30f9c1db4d890360881210e5710dfe381,primary/government-or-contemporaneous-record,unique,1,yes
shared-series,series_projects/usaid-office-of-public-safety/shared_sources/source_gap_hunt/CIA-RDP03-01541R000200420004-8 (1).extracted.txt,CIA-RDP03-01541R000200420004-8 (1).extracted.txt,.txt,614,9f1433ab3a30a4739e17047cd20b5a20ed70c81fc9d6ad1fc8b4ab5094fbddf5,primary/government-or-contemporaneous-record,unique,1,yes
shared-series,series_projects/usaid-office-of-public-safety/shared_sources/source_gap_hunt/CIA-RDP80B01083A000100120014-7.extracted.txt,CIA-RDP80B01083A000100120014-7.extracted.txt,.txt,1389,467d8179c8652695f088f4b84d9bc1e579a1a4f0a158433ff66b590249aad890,primary/government-or-contemporaneous-record,unique,1,yes
shared-series,series_projects/usaid-office-of-public-safety/shared_sources/source_gap_hunt/Cold War Anthropology.extracted.txt,Cold War Anthropology.extracted.txt,.txt,1317368,bef3f8ddb62a3b56f5a0dd14f0c69e9f7b1332f4e60b7099d994f38cb86d86ba,secondary/book-or-monograph,unique,1,yes
shared-series,series_projects/usaid-office-of-public-safety/shared_sources/source_gap_hunt/Dan Mitrione  August 6 Nixon Pacheco communication.extracted.txt,Dan Mitrione  August 6 Nixon Pacheco communication.extracted.txt,.txt,70,77609e9292b0b030c10d0161303fb652178dfb4d1000d6384567b29fa31eaf0a,unclassified/mixed,unique,1,yes
shared-series,series_projects/usaid-office-of-public-safety/shared_sources/source_gap_hunt/Dan Mitrione  July 31 1970 kidnapping notification.extracted.txt,Dan Mitrione  July 31 1970 kidnapping notification.extracted.txt,.txt,46,e989264465381731c22cb63672fe4bf9781051a97ab3b4e891f4862009bf2b77,unclassified/mixed,unique,1,yes
shared-series,series_projects/usaid-office-of-public-safety/shared_sources/source_gap_hunt/Dan Mitrione Ambassador's reply mentioning the Escuadrón de Muerte.extracted.txt,Dan Mitrione Ambassador's reply mentioning the Escuadrón de Muerte.extracted.txt,.txt,758,8efbcb0babd3e72b4e03dbb53ab0966bb92b0655f674ad24299bc5d7e185d037,unclassified/mixed,unique,1,yes
shared-series,series_projects/usaid-office-of-public-safety/shared_sources/source_gap_hunt/Dan Mitrione August 9 State Department “threat to kill Sendic” cable.extracted.txt,Dan Mitrione August 9 State Department “threat to kill Sendic” cable.extracted.txt,.txt,663,8a36988e94649293418e8a2df71c5b29e5f86cc145d5794cabb79e11164412d6,primary/government-or-contemporaneous-record,unique,1,yes
shared-series,series_projects/usaid-office-of-public-safety/shared_sources/source_gap_hunt/dictators-and-their-secret-police-coercive-institutions-and-state-violence-1st-edition-110.extracted.txt,dictators-and-their-secret-police-coercive-institutions-and-state-violence-1st-edition-110.extracted.txt,.txt,943989,9f6cebf14230f0c087d6625fec48404604fd8d979125db7ffc6f72960c451ac1,secondary/book-or-monograph,unique,1,yes
shared-series,series_projects/usaid-office-of-public-safety/shared_sources/source_gap_hunt/EXISTING_LIBRARY_INVENTORY.json,EXISTING_LIBRARY_INVENTORY.json,.json,886357,db2808d3f2a2b4e28daf4d11fdcbb0efeaab245be7607228aa1058dd31568881,unclassified/mixed,unique,1,yes
shared-series,series_projects/usaid-office-of-public-safety/shared_sources/source_gap_hunt/Family_jewels_of_the_Central_Intelligence_Agency.extracted.txt,Family_jewels_of_the_Central_Intelligence_Agency.extracted.txt,.txt,838304,60b8165b7da03e08e0af5afc880352b1f7aec5a87604a8b650e6b783bd9797ce,primary/government-or-contemporaneous-record,unique,1,yes
shared-series,series_projects/usaid-office-of-public-safety/shared_sources/source_gap_hunt/GPO-CRECB-1972-pt3-2.extracted.txt,GPO-CRECB-1972-pt3-2.extracted.txt,.txt,924324,85b8012b0b745f1a5a0b9f76068a6d599f39457fb96a67ef3c21439442674133,primary/government-or-contemporaneous-record,unique,1,yes
shared-series,series_projects/usaid-office-of-public-safety/shared_sources/source_gap_hunt/GPO-CRECB-1973-pt25-3-2 (1).extracted.txt,GPO-CRECB-1973-pt25-3-2 (1).extracted.txt,.txt,1564650,278886502e7341c3ae0363379279fafcc18d4afdf4e4795a0c6258d0e858e2f5,primary/government-or-contemporaneous-record,unique,1,yes
shared-series,series_projects/usaid-office-of-public-safety/shared_sources/source_gap_hunt/GPO-CRECB-1974-pt8-4-1.extracted.txt,GPO-CRECB-1974-pt8-4-1.extracted.txt,.txt,680433,ac82f39d7c47c12a7720160d311b3ade1212ca80088bbabb47d9ea11abb45f74,primary/government-or-contemporaneous-record,unique,1,yes
shared-series,"series_projects/usaid-office-of-public-safety/shared_sources/source_gap_hunt/GRANT to FREEDOM HOUSE, INC. _ USAspending.extracted.txt","GRANT to FREEDOM HOUSE, INC. _ USAspending.extracted.txt",.txt,5982,b62bdae41db4b547a82277f33216b128fdbe1af1ad331d124b6d06763d59b82b,primary/government-or-contemporaneous-record,unique,1,yes
shared-series,series_projects/usaid-office-of-public-safety/shared_sources/source_gap_hunt/Growing Up USAID _ The New Yorker.extracted.txt,Growing Up USAID _ The New Yorker.extracted.txt,.txt,16014,bdf5e5b90aca0d10f038d0be803fc37491cbe21a10d416a4716b4ab9c46a374d,unclassified/mixed,unique,1,yes
shared-series,series_projects/usaid-office-of-public-safety/shared_sources/source_gap_hunt/Historical Documents - Office of the Historian-2.extracted.txt,Historical Documents - Office of the Historian-2.extracted.txt,.txt,17749,5a4924e7a67e46c489a60af5e3ab2805e283e87444e7310dd4a28f40f7168914,unclassified/mixed,unique,1,yes
shared-series,series_projects/usaid-office-of-public-safety/shared_sources/source_gap_hunt/How US govt-funded Nicaraguan anti-Sandinista media spread fake news - and lied about me -.extracted.txt,How US govt-funded Nicaraguan anti-Sandinista media spread fake news - and lied about me -.extracted.txt,.txt,29712,f562a3d04178445ab1e22f75190f9047b468c9cdb47dcbf357ec6adf42943e91,unclassified/mixed,unique,1,yes
shared-series,series_projects/usaid-office-of-public-safety/shared_sources/source_gap_hunt/id-76-5 (1).extracted.txt,id-76-5 (1).extracted.txt,.txt,194878,e129b09e8d47afa1bdbad5477952383d1e6e10964f4816e4f5815f81a322598c,unclassified/mixed,unique,1,yes
shared-series,series_projects/usaid-office-of-public-safety/shared_sources/source_gap_hunt/Idea to Reality_ NED at 30 - NATIONAL ENDOWMENT FOR DEMOCRACY.extracted.txt,Idea to Reality_ NED at 30 - NATIONAL ENDOWMENT FOR DEMOCRACY.extracted.txt,.txt,51664,aa98410f88590f7a77f977719b60422379d3998a8f9fde10ff1fab531f6d8816,unclassified/mixed,unique,1,yes
shared-series,series_projects/usaid-office-of-public-safety/shared_sources/source_gap_hunt/INNOCENCE ABROAD_ THE NEW WORLD OF SPYLESS COUPS - The Washington Post.extracted.txt,INNOCENCE ABROAD_ THE NEW WORLD OF SPYLESS COUPS - The Washington Post.extracted.txt,.txt,23955,6740886fd7c002e03f0521bd7626420508fdbaf9da7053ff125ef68de10893a7,unclassified/mixed,unique,1,yes
shared-series,series_projects/usaid-office-of-public-safety/shared_sources/source_gap_hunt/Inside Nicaragua's Sandinista Revolution_ 43 years resisting imperialism - Geopolitical Ec.extracted.txt,Inside Nicaragua's Sandinista Revolution_ 43 years resisting imperialism - Geopolitical Ec.extracted.txt,.txt,20473,e9e94d2e14e26fa134f51433b73003880074b6596ca8c8f81ea3d316a2957967,unclassified/mixed,unique,1,yes
shared-series,series_projects/usaid-office-of-public-safety/shared_sources/source_gap_hunt/Is USAID the New CIA - Agency Secretly Built Cuban Twitter Program to Fuel Anti-Castro Pro.extracted.txt,Is USAID the New CIA - Agency Secretly Built Cuban Twitter Program to Fuel Anti-Castro Pro.extracted.txt,.txt,14388,26e66340902996802b3e79647ccc07165f0591ae6fe34d3a7f93e5f898617f9f,unclassified/mixed,unique,1,yes
shared-series,series_projects/usaid-office-of-public-safety/shared_sources/source_gap_hunt/Item 08.extracted.txt,Item 08.extracted.txt,.txt,6552,4a77a05f442e0beb44ce01aed16771352538ba4aee4842d7cbe1863f70387560,unclassified/mixed,unique,1,yes
shared-series,series_projects/usaid-office-of-public-safety/shared_sources/source_gap_hunt/JFK_IMAGE_OCR.jsonl,JFK_IMAGE_OCR.jsonl,.jsonl,263369,07df4dc74bc6a93e774ea8da2d9bfbbe7ded0c26cda8733a031f41d1109053f1,unclassified/mixed,unique,1,yes
shared-series,series_projects/usaid-office-of-public-safety/shared_sources/source_gap_hunt/JFKNSF-319-004_image-only.extracted.txt,JFKNSF-319-004_image-only.extracted.txt,.txt,5610,e51ea9f462aa30afa86dfee57663d26dd917396f8417c64643a977dd011168ea,unclassified/mixed,unique,1,yes
shared-series,series_projects/usaid-office-of-public-safety/shared_sources/source_gap_hunt/JFKNSF-319-004_searchable.extracted.txt,JFKNSF-319-004_searchable.extracted.txt,.txt,176193,1dacbeb2db1afba2612bbb748d5bd76f7c221cb9e9c6ec6f412a8ff39eb38d97,unclassified/mixed,unique,1,yes
shared-series,series_projects/usaid-office-of-public-safety/shared_sources/source_gap_hunt/JFKNSF-338-004_image-only.extracted.txt,JFKNSF-338-004_image-only.extracted.txt,.txt,2750,1082fc75a8772ef993f1e6255421a39f8a30476819b2d3a31ccd4489f48f38c4,unclassified/mixed,unique,1,yes
shared-series,series_projects/usaid-office-of-public-safety/shared_sources/source_gap_hunt/JFKNSF-338-004_searchable.extracted.txt,JFKNSF-338-004_searchable.extracted.txt,.txt,165759,8fcc22d9fab6064e54432b0b52abd1d56235929fa568c9fa92791b6de5b24dc5,unclassified/mixed,unique,1,yes
shared-series,series_projects/usaid-office-of-public-safety/shared_sources/source_gap_hunt/Mary-Jane-article-on-USAID-history.extracted.txt,Mary-Jane-article-on-USAID-history.extracted.txt,.txt,19688,448e24554fd00cb09cc4678d20375a506c40a736a312884e700190b6403c6481,secondary/book-or-monograph,unique,1,yes
shared-series,series_projects/usaid-office-of-public-safety/shared_sources/source_gap_hunt/Memorandum From the Interagency Committee on Police Assistance Programs to President Kenne.extracted.txt,Memorandum From the Interagency Committee on Police Assistance Programs to President Kenne.extracted.txt,.txt,9704,1992b423f8d91122e21b9e771241fef8c074b476915196397b9c91a940f79c45,primary/government-or-contemporaneous-record,unique,1,yes
shared-series,series_projects/usaid-office-of-public-safety/shared_sources/source_gap_hunt/National Security Action Memorandum No. 132.extracted.txt,National Security Action Memorandum No. 132.extracted.txt,.txt,4445,6eac0e45e17c9df9c3ca5499f01a32d317725705ccce210039acc43f7002053c,primary/government-or-contemporaneous-record,unique,1,yes
shared-series,series_projects/usaid-office-of-public-safety/shared_sources/source_gap_hunt/National Security Action Memorandum No. 162.extracted.txt,National Security Action Memorandum No. 162.extracted.txt,.txt,7412,cf8047df2cb5d28619f55d27a969aa9b8ad8fee19f5c4d3da5db8cf84df2918e,primary/government-or-contemporaneous-record,unique,1,yes
shared-series,series_projects/usaid-office-of-public-safety/shared_sources/source_gap_hunt/nsiad-92-118 (1).extracted.txt,nsiad-92-118 (1).extracted.txt,.txt,41904,748b8278b192b19fa9aa10be0b063278aca9c6de8784bfa2858144bec9db262f,unclassified/mixed,unique,1,yes
shared-series,series_projects/usaid-office-of-public-safety/shared_sources/source_gap_hunt/Political_Policing_The_United_States_and.extracted.txt,Political_Policing_The_United_States_and.extracted.txt,.txt,7856,a636836ba90c4deb04422e3be2e5bd234373bf82b42d49f764ce02f37d9b1c98,secondary/book-or-monograph,unique,1,yes
shared-series,series_projects/usaid-office-of-public-safety/shared_sources/source_gap_hunt/R40600.3.extracted.txt,R40600.3.extracted.txt,.txt,76925,eada482244430a8d5d42a4c3714263b0a4d2ab764ee514981eb68c9fb391a4e4,primary/government-or-contemporaneous-record,unique,1,yes
shared-series,series_projects/usaid-office-of-public-safety/shared_sources/source_gap_hunt/RAND The Mitrione Kidnapping in Uruguay (1987).extracted.txt,RAND The Mitrione Kidnapping in Uruguay (1987).extracted.txt,.txt,150865,3268c705090ac6d9df05c092b057756398f8207b920f25b4abfd038808632c03,unclassified/mixed,unique,1,yes
shared-series,series_projects/usaid-office-of-public-safety/shared_sources/source_gap_hunt/REWARDING BAD ACTORS - WHY DO POOR PERFORMING CONTRACTORS CONTINUE TO GET GOVERNMENT BUSIN.extracted.txt,REWARDING BAD ACTORS - WHY DO POOR PERFORMING CONTRACTORS CONTINUE TO GET GOVERNMENT BUSIN.extracted.txt,.txt,124054,bea8da0ccfbfa8ae05a115e7f6b5b3b66f33e88efbedf25d3f0020e54e009353,unclassified/mixed,unique,1,yes
shared-series,series_projects/usaid-office-of-public-safety/shared_sources/source_gap_hunt/Rockefeller Commission report.extracted.txt,Rockefeller Commission report.extracted.txt,.txt,187547,d57fe6c905ea938115a6b4d16fe6f9ca71ff6a5614b87fec6b3f334c09526e5a,primary/government-or-contemporaneous-record,unique,1,yes
shared-series,series_projects/usaid-office-of-public-safety/shared_sources/source_gap_hunt/SmucklerRalph.extracted.txt,SmucklerRalph.extracted.txt,.txt,124735,f54790c170f61d7daf3f8aa0eba4ddeab80208fe4410fe291261c640380637a0,unclassified/mixed,unique,1,yes
shared-series,series_projects/usaid-office-of-public-safety/shared_sources/source_gap_hunt/STATUTE-88-Pg1795 (1).extracted.txt,STATUTE-88-Pg1795 (1).extracted.txt,.txt,91813,e6edcd5f4c4caaff8bb69fb765cca0cede05d8c216a23ec57ffe3ca3728d84a9,primary/government-or-contemporaneous-record,unique,1,yes
shared-series,series_projects/usaid-office-of-public-safety/shared_sources/source_gap_hunt/The Mighty Wurlitzer - How the CIA Played America.extracted.txt,The Mighty Wurlitzer - How the CIA Played America.extracted.txt,.txt,902719,4d2f1ad20b450a3bf24cc2766c4ee58bc8a73db21c3a813b90209d7e0f0ecf76,secondary/book-or-monograph,unique,1,yes
shared-series,series_projects/usaid-office-of-public-safety/shared_sources/source_gap_hunt/the-quiet-violence-of-empire-how-usaid-waged-counterinsurgency-in-afghanistan-151790790x-9.extracted.txt,the-quiet-violence-of-empire-how-usaid-waged-counterinsurgency-in-afghanistan-151790790x-9.extracted.txt,.txt,771248,59f2b2cbdc3587d14ddab5e707a74a2eaed18393f43e79097ad32d8ed30c3040,secondary/book-or-monograph,unique,1,yes
shared-series,series_projects/usaid-office-of-public-safety/shared_sources/source_gap_hunt/U.S. Agency for International Development.extracted.txt,U.S. Agency for International Development.extracted.txt,.txt,1588,23e88600b9f17056a7d63405096aba32a6ebe4063e8163791998ce663198f051,unclassified/mixed,unique,1,yes
shared-series,series_projects/usaid-office-of-public-safety/shared_sources/source_gap_hunt/UA17-234_000015.extracted.txt,UA17-234_000015.extracted.txt,.txt,46775,81ca9e87c2b216d130820f732fea0c209e5595d0c701e5c7ef70849ea73f0003,primary/government-or-contemporaneous-record,unique,1,yes
shared-series,series_projects/usaid-office-of-public-safety/shared_sources/source_gap_hunt/USAID - FOLLOWING THE MONEY.extracted.txt,USAID - FOLLOWING THE MONEY.extracted.txt,.txt,98398,d870203e0fbbb635d2048543e8865a1e03f5b37b60dafc4a0d15416befa6161d,primary/government-or-contemporaneous-record,unique,1,yes
shared-series,series_projects/usaid-office-of-public-safety/shared_sources/source_gap_hunt/USAID 2024  Police Programming Mythbuster Working With Police Is Easier Than You May Think.extracted.txt,USAID 2024  Police Programming Mythbuster Working With Police Is Easier Than You May Think.extracted.txt,.txt,1587,118524eacb7a4e3c1a9c6fa8995a9fcb763d595191719d090f647d59e0caefc5,primary/government-or-contemporaneous-record,unique,1,yes
shared-series,"series_projects/usaid-office-of-public-safety/shared_sources/source_gap_hunt/USAID, Key Weapon in Dirty War on Latin America - MR Online.extracted.txt","USAID, Key Weapon in Dirty War on Latin America - MR Online.extracted.txt",.txt,8238,2ba14896335879f9f09edcb9ca9873fca72cd0b5503c261a46e99e5111119f87,unclassified/mixed,unique,1,yes
shared-series,"series_projects/usaid-office-of-public-safety/shared_sources/source_gap_hunt/VULNERABILITIES TO WASTE, FRAUD, AND ABUSE - INSPECTORS GENERAL VIEWS ON NATIONAL SECURITY.extracted.txt","VULNERABILITIES TO WASTE, FRAUD, AND ABUSE - INSPECTORS GENERAL VIEWS ON NATIONAL SECURITY.extracted.txt",.txt,228403,fcfa5a4301d79b474b3064628ec55c71a4fcb61e176e74e3e2cfcb614f5c9256,unclassified/mixed,unique,1,yes
shared-series,series_projects/usaid-office-of-public-safety/shared_sources/source_gap_hunt/wikileaks.extracted.txt,wikileaks.extracted.txt,.txt,4448,0b1131a8e54a7554a026a71f8c6ba6ed65c173a60c2d1ed7f9c3310665843a00,primary/government-or-contemporaneous-record,unique,1,yes
shared-series,series_projects/usaid-office-of-public-safety/shared_sources/STATUTE-88-Pg1795 (1).pdf,STATUTE-88-Pg1795 (1).pdf,.pdf,4814601,328832e30696cf09b65763eddbc304e24b220c0f7b25041f766e4152b5a2d17a,primary/government-or-contemporaneous-record,duplicate-content,3,yes
shared-series,series_projects/usaid-office-of-public-safety/shared_sources/The Mighty Wurlitzer - How the CIA Played America.pdf,The Mighty Wurlitzer - How the CIA Played America.pdf,.pdf,1073692,4cf6bd2ba4f6649b0a9423cad24bb3f533ac1b7c5b23efc56363fd5910ee1328,secondary/book-or-monograph,unique,1,yes
shared-series,series_projects/usaid-office-of-public-safety/shared_sources/the-quiet-violence-of-empire-how-usaid-waged-counterinsurgency-in-afghanistan-151790790x-9781517907907.pdf,the-quiet-violence-of-empire-how-usaid-waged-counterinsurgency-in-afghanistan-151790790x-9781517907907.pdf,.pdf,3761152,50a9b4362ec604858d3590d45ca0dfdde9277f9b562781b92a057178aefeb592,secondary/book-or-monograph,unique,1,yes
shared-series,series_projects/usaid-office-of-public-safety/shared_sources/U.S. Agency for International Development.pdf,U.S. Agency for International Development.pdf,.pdf,71244,87d94aa9f958491a34c5964e54e048c728a9dfba9b2d5ca05d7548f5617292fa,unclassified/mixed,unique,1,yes
shared-series,series_projects/usaid-office-of-public-safety/shared_sources/UA17-234_000015.pdf,UA17-234_000015.pdf,.pdf,2416990,e7d7d5ef2c9ca7b5ff33f91ccc88f502193368f321dbdef293c42756249db9b2,primary/government-or-contemporaneous-record,unique,1,yes
shared-series,series_projects/usaid-office-of-public-safety/shared_sources/USAID - FOLLOWING THE MONEY.pdf,USAID - FOLLOWING THE MONEY.pdf,.pdf,873529,fcc9a2210ae140f9322773d8778efd64b3cf3bae1a35cbd4aeccd7745a0c31b6,primary/government-or-contemporaneous-record,unique,1,yes
shared-series,series_projects/usaid-office-of-public-safety/shared_sources/USAID 2024  Police Programming Mythbuster Working With Police Is Easier Than You May Think.pdf,USAID 2024  Police Programming Mythbuster Working With Police Is Easier Than You May Think.pdf,.pdf,71082,3a3542c51e8b0be6eb805c74fb792ed52b54d32fa63e7e211181c1936f6dae60,primary/government-or-contemporaneous-record,unique,1,yes
shared-series,"series_projects/usaid-office-of-public-safety/shared_sources/USAID, Key Weapon in Dirty War on Latin America - MR Online.pdf","USAID, Key Weapon in Dirty War on Latin America - MR Online.pdf",.pdf,737847,6b3d20827cce5181fd9a69414d3ea95acfba352abaa106da8da5379ab37b4b6d,unclassified/mixed,unique,1,yes
shared-series,"series_projects/usaid-office-of-public-safety/shared_sources/VULNERABILITIES TO WASTE, FRAUD, AND ABUSE - INSPECTORS GENERAL VIEWS ON NATIONAL SECURITY, INTERNATIONAL RELATIONS, AND TRADE PROGRAMS.pdf","VULNERABILITIES TO WASTE, FRAUD, AND ABUSE - INSPECTORS GENERAL VIEWS ON NATIONAL SECURITY, INTERNATIONAL RELATIONS, AND TRADE PROGRAMS.pdf",.pdf,8947503,86d6cbdb10c9030d1b2c45ba58420882f2f98e679cecd7327b2315f902c0fa22,unclassified/mixed,unique,1,yes
shared-series,series_projects/usaid-office-of-public-safety/shared_sources/wikileaks.pdf,wikileaks.pdf,.pdf,58093,1251aee2080ad77d0b25fa9ed1cebd9a2f801513768f4404f13e018b263e602d,primary/government-or-contemporaneous-record,unique,1,yes
part-03,series_projects/usaid-office-of-public-safety/articles/part-03-the-laboratory-countries/sources/1966_TREASURY_ANNUAL_REPORT_FBN.pdf,1966_TREASURY_ANNUAL_REPORT_FBN.pdf,.pdf,62890909,789ec3718a41b9fd6c50ea7330782d761caf75a5b4f27c4b0c1d072b71848f11,unclassified/mixed,unique,1,yes
part-03,series_projects/usaid-office-of-public-safety/articles/part-03-the-laboratory-countries/sources/1967_TREASURY_ANNUAL_REPORT_FBN.pdf,1967_TREASURY_ANNUAL_REPORT_FBN.pdf,.pdf,55300171,0075da448d1977794cd1ebe78e8485fcd1d466b94228aa0675a476d26c98d681,unclassified/mixed,unique,1,yes
part-03,series_projects/usaid-office-of-public-safety/articles/part-03-the-laboratory-countries/sources/1968_TREASURY_ANNUAL_REPORT_FBN.pdf,1968_TREASURY_ANNUAL_REPORT_FBN.pdf,.pdf,15757802,28ebfbca7d885cb66a60f4f1f76768f4a13771e4c333cb29fe911746efd88d5d,unclassified/mixed,unique,1,yes
part-03,series_projects/usaid-office-of-public-safety/articles/part-03-the-laboratory-countries/sources/1972_DOJ_ATTORNEY_GENERAL_ANNUAL_REPORT_FY1971.pdf,1972_DOJ_ATTORNEY_GENERAL_ANNUAL_REPORT_FY1971.pdf,.pdf,66805443,6b9f59d40b4fcec19c2601b1377af1391ffa39c0e427344e4c8fad5bfd490683,unclassified/mixed,unique,1,yes
part-03,series_projects/usaid-office-of-public-safety/articles/part-03-the-laboratory-countries/sources/1974_PL_93-559_FOREIGN_ASSISTANCE_ACT.pdf,1974_PL_93-559_FOREIGN_ASSISTANCE_ACT.pdf,.pdf,4814601,328832e30696cf09b65763eddbc304e24b220c0f7b25041f766e4152b5a2d17a,unclassified/mixed,duplicate-content,3,no
part-03,series_projects/usaid-office-of-public-safety/articles/part-03-the-laboratory-countries/sources/1974_VIENTIANE_A102_LAO_NARCOTICS_PROGRAM.pdf,1974_VIENTIANE_A102_LAO_NARCOTICS_PROGRAM.pdf,.pdf,1877952,a0e7639b25cefe7ba27cd6e0d76461d5ea172bf5689db9f6d4c1eff07b55d83e,unclassified/mixed,unique,1,yes
part-03,series_projects/usaid-office-of-public-safety/articles/part-03-the-laboratory-countries/sources/1975_IPA_POLICE_ACADEMY_REVIEW_VOL9_NO1_COURSE_08.pdf,1975_IPA_POLICE_ACADEMY_REVIEW_VOL9_NO1_COURSE_08.pdf,.pdf,2502941,4087fd7843b9bd21d2fddeec455811ef6ea8dbaa96d475aab2887f21e800a3c8,unclassified/mixed,unique,1,yes
part-03,series_projects/usaid-office-of-public-safety/articles/part-03-the-laboratory-countries/sources/1985_PL_99-83_SECURITY_DEVELOPMENT_COOPERATION.pdf,1985_PL_99-83_SECURITY_DEVELOPMENT_COOPERATION.pdf,.pdf,16343298,93adc812071bbf22d9d9c5b8c5dfb93dfa03fdeabe5b9e1dcf0fbbeec3592da6,unclassified/mixed,duplicate-content,2,yes
part-03,series_projects/usaid-office-of-public-safety/articles/part-03-the-laboratory-countries/sources/1986_CONGRESSIONAL_RECORD_HASENFUS_C123.pdf,1986_CONGRESSIONAL_RECORD_HASENFUS_C123.pdf,.pdf,26215893,72b604bb8f413342d69fb8b6bece7ae0844b9259e7ec1a7814ee2b16ed5016b8,unclassified/mixed,unique,1,yes
part-03,series_projects/usaid-office-of-public-safety/articles/part-03-the-laboratory-countries/sources/1992_CONGRESSIONAL_RECORD_GAO_POLICE_TRAINING.pdf,1992_CONGRESSIONAL_RECORD_GAO_POLICE_TRAINING.pdf,.pdf,30957795,c6de65f2d90ff6328b6ad6fc4fac0e5c7f670e4f51ab0d3177c5091938eb2420,primary/government-or-contemporaneous-record,unique,1,yes
part-03,series_projects/usaid-office-of-public-safety/articles/part-03-the-laboratory-countries/sources/2001_TTU_JOHN_MCRAINEY_ORAL_HISTORY.pdf,2001_TTU_JOHN_MCRAINEY_ORAL_HISTORY.pdf,.pdf,1109051,8b7daad24aa863a82e7e571977f96e351ea55fe4ef32526409450576faca198d,unclassified/mixed,unique,1,yes
part-03,series_projects/usaid-office-of-public-safety/articles/part-03-the-laboratory-countries/sources/2009_CIA_CSI_AIR_OPERATIONS_LAOS_PARU.pdf,2009_CIA_CSI_AIR_OPERATIONS_LAOS_PARU.pdf,.pdf,2062963,844669b10125373fee8e6b396dc248a8117582926bef8370ff835d74d7091ae0,unclassified/mixed,unique,1,yes
part-03,series_projects/usaid-office-of-public-safety/articles/part-03-the-laboratory-countries/sources/2022_CIA_CSI_LAIR_PARU_MEMOIR.pdf,2022_CIA_CSI_LAIR_PARU_MEMOIR.pdf,.pdf,3008835,6ef3f500daff4fcc3f897fabbdadbc734ec5f4fb088cbc0480b7323d9e76c9f3,unclassified/mixed,unique,1,yes
part-03,series_projects/usaid-office-of-public-safety/articles/part-03-the-laboratory-countries/sources/52_Alfred_McCoy___The_politics_of_heroin_in_Southeast_Asia.pdf,52_Alfred_McCoy___The_politics_of_heroin_in_Southeast_Asia.pdf,.pdf,3864945,a8ba6f68e52a95fa983ffc22d455c0fc4825d7e7ae17dde15c20607b240dfeaa,secondary/book-or-monograph,unique,1,yes
part-03,series_projects/usaid-office-of-public-safety/articles/part-03-the-laboratory-countries/sources/acquisition_metadata/DOWNLOAD_LOG.md,DOWNLOAD_LOG.md,.md,7109,5269959ebf4991634c81465b126d546288dbe5b5468b3df008711f69097d303a,unclassified/mixed,unique,1,yes
part-03,series_projects/usaid-office-of-public-safety/articles/part-03-the-laboratory-countries/sources/acquisition_metadata/FINAL_TARGETED_PASS_MANIFEST.csv,FINAL_TARGETED_PASS_MANIFEST.csv,.csv,6819,a45a7fe11be420b9c1bb3213dae78cc13dede0f19155e7829ad8502fc172df47,unclassified/mixed,unique,1,yes
part-03,series_projects/usaid-office-of-public-safety/articles/part-03-the-laboratory-countries/sources/acquisition_metadata/PRIMARY_SOURCE_GAPS.md,PRIMARY_SOURCE_GAPS.md,.md,13232,d09a18174678262ac0884920cd239e3faea208a23c4d86e5fac330b44478b5cf,unclassified/mixed,unique,1,yes
part-03,series_projects/usaid-office-of-public-safety/articles/part-03-the-laboratory-countries/sources/acquisition_metadata/RESEARCH_INDEX.md,RESEARCH_INDEX.md,.md,16107,d9f467e371cc05e5c3bac5786420927e696611941abdbdea63b98dd50edc33a6,unclassified/mixed,unique,1,yes
part-03,series_projects/usaid-office-of-public-safety/articles/part-03-the-laboratory-countries/sources/acquisition_metadata/SOURCE_INTEGRITY_FIXES.md,SOURCE_INTEGRITY_FIXES.md,.md,8231,65a551e396ea6900991d9212c5e860145aa17b5fc8fc0a8062bd329e0c8562eb,unclassified/mixed,unique,1,yes
part-03,series_projects/usaid-office-of-public-safety/articles/part-03-the-laboratory-countries/sources/acquisition_metadata/SOURCE_MANIFEST.csv,SOURCE_MANIFEST.csv,.csv,44103,5a2d027df0b329e41f22daf46b9105bd7c09eca905200b718e730daee0953efd,unclassified/mixed,unique,1,yes
part-03,series_projects/usaid-office-of-public-safety/articles/part-03-the-laboratory-countries/sources/acquisition_metadata/TOP_SOURCES_FOR_PART_3.md,TOP_SOURCES_FOR_PART_3.md,.md,15024,ad4877357c75351238e51da880d837f9aa361f94c11a6f3620bf1e390014bb6c,unclassified/mixed,unique,1,yes
part-03,series_projects/usaid-office-of-public-safety/articles/part-03-the-laboratory-countries/sources/Air_America_Fairchild_C-123_Providers_Leeker_TTU.pdf,Air_America_Fairchild_C-123_Providers_Leeker_TTU.pdf,.pdf,5546065,d5d82d39778c068fa26ef1afff8222f23de7f6af9ee40c1992ef4b88ef64f2f0,unclassified/mixed,unique,1,yes
part-03,series_projects/usaid-office-of-public-safety/articles/part-03-the-laboratory-countries/sources/American_War_Machine_-_Peter_Dale_Scott.pdf,American_War_Machine_-_Peter_Dale_Scott.pdf,.pdf,2430947,bf6d95faf448c0c50a5631366b2dd48650cbc04ded412394c7532b6080f3bfec,unclassified/mixed,unique,1,yes
part-03,series_projects/usaid-office-of-public-safety/articles/part-03-the-laboratory-countries/sources/badges-without-borders-how-global-counterinsurgency-transformed-american-policing-9780520968332_compress.pdf,badges-without-borders-how-global-counterinsurgency-transformed-american-policing-9780520968332_compress.pdf,.pdf,12093216,1e7a8652c645307fd20231aae15699f11a171b050a293ee99ab177cc8232e670,unclassified/mixed,duplicate-content,2,yes
part-03,series_projects/usaid-office-of-public-safety/articles/part-03-the-laboratory-countries/sources/Book_Political_Policing_the_US_and_Latin.pdf,Book_Political_Policing_the_US_and_Latin.pdf,.pdf,2008264,c040db00231d12bab90b253f275f71bde64591e7232e98233cf4c44075409a29,secondary/book-or-monograph,unique,1,yes
part-03,series_projects/usaid-office-of-public-safety/articles/part-03-the-laboratory-countries/sources/cocaine-politics-drugs-armies-and-the-cia-in-central-america-updated-edition-reprint-2019nbsped-9780520921283_compress.pdf,cocaine-politics-drugs-armies-and-the-cia-in-central-america-updated-edition-reprint-2019nbsped-9780520921283_compress.pdf,.pdf,21516760,989e7a7825f18e7f1196d1301e08f762cea10df6f8c38e3088db15fd31e0f2ed,unclassified/mixed,unique,1,yes
part-03,series_projects/usaid-office-of-public-safety/articles/part-03-the-laboratory-countries/sources/Dark_Alliance.pdf,Dark_Alliance.pdf,.pdf,3240894,033b170abf6441aee128b478ba8cd2b72c0bb645364ff197c793634823b9aa98,unclassified/mixed,unique,1,yes
part-03,series_projects/usaid-office-of-public-safety/articles/part-03-the-laboratory-countries/sources/DOJ-CIA Memorandum of Understanding Relating.pdf,DOJ-CIA Memorandum of Understanding Relating.pdf,.pdf,1117768,58f44c1f814ac7496cca0fefa9d103f74192e56bcb8618310fce2b7add3a9030,primary/government-or-contemporaneous-record,unique,1,yes
part-03,series_projects/usaid-office-of-public-safety/articles/part-03-the-laboratory-countries/sources/Drugs Law Enforcement and Foreign Policy.pdf,Drugs Law Enforcement and Foreign Policy.pdf,.pdf,9934070,55b343b865c9599825890568a89b4a2ac519b7247497710d1ee9b3262a00a644,unclassified/mixed,unique,1,yes
part-03,series_projects/usaid-office-of-public-safety/articles/part-03-the-laboratory-countries/sources/FOREIGN AND MILITARY INTELLIGENCE - BOOK 1.pdf,FOREIGN AND MILITARY INTELLIGENCE - BOOK 1.pdf,.pdf,3088209,a1691e148c1d14a31027657a48b12e119117af597bf63438ade335f21c27bcaa,secondary/book-or-monograph,unique,1,yes
part-03,series_projects/usaid-office-of-public-safety/articles/part-03-the-laboratory-countries/sources/Inside_the_Company_CIA_Diary_Philip_Agee.pdf,Inside_the_Company_CIA_Diary_Philip_Agee.pdf,.pdf,5205344,f91c0426fd41c3e3ad39ed69aabf4858891ef01addf9c93668eb421509a00df6,unclassified/mixed,unique,1,yes
part-03,series_projects/usaid-office-of-public-safety/articles/part-03-the-laboratory-countries/sources/Mister_Pop_Don_A_Schanche.pdf,Mister_Pop_Don_A_Schanche.pdf,.pdf,12862758,6faba809f0d623ac16ec5ec486a6c6e6e00248cb3fc6699e812219dbe9dff561,unclassified/mixed,unique,1,yes
part-03,series_projects/usaid-office-of-public-safety/articles/part-03-the-laboratory-countries/sources/modernizing repression.pdf,modernizing repression.pdf,.pdf,176556,bbf48e86c0cb9dad3e469bec2af278d128307d0f646ec86c0bc968a804df0d47,unclassified/mixed,duplicate-content,2,yes
part-03,series_projects/usaid-office-of-public-safety/articles/part-03-the-laboratory-countries/sources/msu_vietnam_project/documents/1956-04_MSU_Report-Proposed-Organization-Law-Enforcing-Agencies-Vietnam_6-20-1518.pdf,1956-04_MSU_Report-Proposed-Organization-Law-Enforcing-Agencies-Vietnam_6-20-1518.pdf,.pdf,4115974,6e2c4698ca4feddada31516809541c7e6758d19a36a2d8ef2ea28789eec60222,unclassified/mixed,unique,1,yes
part-03,series_projects/usaid-office-of-public-safety/articles/part-03-the-laboratory-countries/sources/msu_vietnam_project/documents/1956-06-30_MSU_Third-Report-Public-and-Police-Administration_6-20-168E.pdf,1956-06-30_MSU_Third-Report-Public-and-Police-Administration_6-20-168E.pdf,.pdf,3748287,f5a61ac87542dcfb14cc7ebfd1c8e35bbc61b8880d7c8de8842ecb5e64e9e3dd,unclassified/mixed,unique,1,yes
part-03,series_projects/usaid-office-of-public-safety/articles/part-03-the-laboratory-countries/sources/msu_vietnam_project/documents/1956-07_MSU_Reorganization-Vietnamese-Bureau-of-Investigation_6-20-166D.pdf,1956-07_MSU_Reorganization-Vietnamese-Bureau-of-Investigation_6-20-166D.pdf,.pdf,3079317,fcd9f9b544a3f670a7e2d798692bc1ee9df77a469d8d57a6d81e77a58ecba3d7,unclassified/mixed,unique,1,yes
part-03,series_projects/usaid-office-of-public-safety/articles/part-03-the-laboratory-countries/sources/msu_vietnam_project/documents/1956-07_MSU_VBI-Reorganization-and-Fingerprint-Identification_6-20-134E.pdf,1956-07_MSU_VBI-Reorganization-and-Fingerprint-Identification_6-20-134E.pdf,.pdf,11208301,09cf687eb1fbf82e3bb2ce0a41f7f688e675e270f9d9720945868be3f640eb4b,unclassified/mixed,unique,1,yes
part-03,series_projects/usaid-office-of-public-safety/articles/part-03-the-laboratory-countries/sources/msu_vietnam_project/documents/1957-07-25_MSU_Civil-Police-Administration-Program_6-20-151F.pdf,1957-07-25_MSU_Civil-Police-Administration-Program_6-20-151F.pdf,.pdf,7403824,043d3882e87495a172975243a1699733cd76c1d9db180839ef57f4ec64cfd01e,unclassified/mixed,unique,1,yes
part-03,series_projects/usaid-office-of-public-safety/articles/part-03-the-laboratory-countries/sources/msu_vietnam_project/documents/1957-12_MSU_Study-of-Police-Communications_6-20-1533.pdf,1957-12_MSU_Study-of-Police-Communications_6-20-1533.pdf,.pdf,2028432,f15200d1180e565ed5f51c01775f37566e52e33868cb196297b958fd85374c2c,unclassified/mixed,unique,1,yes
part-03,series_projects/usaid-office-of-public-safety/articles/part-03-the-laboratory-countries/sources/msu_vietnam_project/documents/1958-07_MSU_Police-Communications-Project_6-20-1601.pdf,1958-07_MSU_Police-Communications-Project_6-20-1601.pdf,.pdf,12120747,0b4e95297e082af66cc15eb2c3960d353c81664e0f6fcd65094be83c90d48f6c,unclassified/mixed,unique,1,yes
part-03,series_projects/usaid-office-of-public-safety/articles/part-03-the-laboratory-countries/sources/msu_vietnam_project/documents/1958_MSU_PAD-Activity-Reports-Jan-Aug_6-20-1464.pdf,1958_MSU_PAD-Activity-Reports-Jan-Aug_6-20-1464.pdf,.pdf,1339706,87f165798b87a629f21ea1d334df6bc362437456c0ee0bbce2568dc251c2d9ee,unclassified/mixed,unique,1,yes
part-03,series_projects/usaid-office-of-public-safety/articles/part-03-the-laboratory-countries/sources/msu_vietnam_project/documents/1960-06_MSU_Police-Participant-Program-Draft_6-20-1605.pdf,1960-06_MSU_Police-Participant-Program-Draft_6-20-1605.pdf,.pdf,25550359,1b4fda1bf8d66ef7e9102dc34703665d2d0f7fbd0a33a85273bdab5beb358f08,unclassified/mixed,unique,1,yes
part-03,series_projects/usaid-office-of-public-safety/articles/part-03-the-laboratory-countries/sources/msu_vietnam_project/documents/1960_MSU_PSD-ICA-Monthly-Reports-Jan-May_6-20-13A8.pdf,1960_MSU_PSD-ICA-Monthly-Reports-Jan-May_6-20-13A8.pdf,.pdf,1993137,c035845bb6930ba31f11c2fb56040581430924b84f36304434fa2d4e72aacc4b,unclassified/mixed,unique,1,yes
part-03,series_projects/usaid-office-of-public-safety/articles/part-03-the-laboratory-countries/sources/msu_vietnam_project/documents/1960_MSU_PSD-ICA-Monthly-Reports-Jun-Dec_6-20-13AA.pdf,1960_MSU_PSD-ICA-Monthly-Reports-Jun-Dec_6-20-13AA.pdf,.pdf,3394909,38da90370556270329bfee617195aa78a1347d45652337e642c83b22eb40494c,unclassified/mixed,unique,1,yes
part-03,series_projects/usaid-office-of-public-safety/articles/part-03-the-laboratory-countries/sources/msu_vietnam_project/documents/1962-06_MSU_Final-Report-Vietnam-Advisory-Group_6-20-429.pdf,1962-06_MSU_Final-Report-Vietnam-Advisory-Group_6-20-429.pdf,.pdf,14861404,15a98d5fdbd30a128af4f62e1cfe6cd9ec5bc6452218bf38497a26c1ae947974,unclassified/mixed,unique,1,yes
part-03,series_projects/usaid-office-of-public-safety/articles/part-03-the-laboratory-countries/sources/msu_vietnam_project/finding_aids/MSU_Vietnam-Project_Research-Guide.pdf,MSU_Vietnam-Project_Research-Guide.pdf,.pdf,163139,8e08bb33f1b00a9a0b70bc2bc162cbaa24c25bd9f583c0be5c0764c0539ace0c,unclassified/mixed,unique,1,yes
part-03,series_projects/usaid-office-of-public-safety/articles/part-03-the-laboratory-countries/sources/msu_vietnam_project/finding_aids/UA-17.95_Wesley-Fishel-Papers_Finding-Aid.html,UA-17.95_Wesley-Fishel-Papers_Finding-Aid.html,.html,816672,329a426703df0e42a24b6d0c8f6ec7acaa2505f3471f5179fe7a42c14ad903f3,secondary/web-capture,unique,1,yes
part-03,series_projects/usaid-office-of-public-safety/articles/part-03-the-laboratory-countries/sources/msu_vietnam_project/finding_aids/UA-17.95_Wesley-Fishel-Papers_Finding-Aid.md,UA-17.95_Wesley-Fishel-Papers_Finding-Aid.md,.md,246616,49da434bf762aac704d973b040b858c2cba816f7943c372e4ad2faece161dc89,unclassified/mixed,unique,1,yes
part-03,series_projects/usaid-office-of-public-safety/articles/part-03-the-laboratory-countries/sources/msu_vietnam_project/finding_aids/UA-2.9.5.5_Vietnam-Project-Records_Finding-Aid.pdf,UA-2.9.5.5_Vietnam-Project-Records_Finding-Aid.pdf,.pdf,777914,c4ce27ad4e9a9abcc1b0e9864cbb8a63ff494ff658b010ef287afcf62e758368,unclassified/mixed,unique,1,yes
part-03,series_projects/usaid-office-of-public-safety/articles/part-03-the-laboratory-countries/sources/msu_vietnam_project/not_digitized_leads/NOT_DIGITIZED_LEADS.md,NOT_DIGITIZED_LEADS.md,.md,9349,39a0b961cf77fe39cdedee8a85581a6a3302675fac8e0b1ad2d91bbb323e2807,unclassified/mixed,unique,1,yes
part-03,series_projects/usaid-office-of-public-safety/articles/part-03-the-laboratory-countries/sources/national_security_archive_brazil/documents/1962-07-30_White-House_Kennedy-Gordon-Goodwin-Brazil-Meeting.pdf,1962-07-30_White-House_Kennedy-Gordon-Goodwin-Brazil-Meeting.pdf,.pdf,626228,9eb37efd0d8d3a8a0663fdfe6f28443461f62b75f19da15cb9a283f6a2917945,unclassified/mixed,unique,1,yes
part-03,series_projects/usaid-office-of-public-safety/articles/part-03-the-laboratory-countries/sources/national_security_archive_brazil/documents/1962-12-11_NSC_EXCOMM-Meeting-35-Minutes.pdf,1962-12-11_NSC_EXCOMM-Meeting-35-Minutes.pdf,.pdf,41578,083d3de80d6111b80d49a36aa2743efba383dab8e488a49a2cdffe2cfaaee076,unclassified/mixed,unique,1,yes
part-03,series_projects/usaid-office-of-public-safety/articles/part-03-the-laboratory-countries/sources/national_security_archive_brazil/documents/1962-12-11_NSC_US-Short-Term-Policy-Toward-Brazil.pdf,1962-12-11_NSC_US-Short-Term-Policy-Toward-Brazil.pdf,.pdf,367000,c978fba3a99e0f0f8d4d6371113918242d6ba315f851e00664cf159b0f8b648d,unclassified/mixed,unique,1,yes
part-03,series_projects/usaid-office-of-public-safety/articles/part-03-the-laboratory-countries/sources/national_security_archive_brazil/documents/1962-12-19_State_Airgram-A710_RF-Kennedy-Goulart-Conversation.pdf,1962-12-19_State_Airgram-A710_RF-Kennedy-Goulart-Conversation.pdf,.pdf,8670893,f89f0bc4caf910ca051b08bc527567cae9ec89de06a2db3b6913978eb6f0face,unclassified/mixed,unique,1,yes
part-03,series_projects/usaid-office-of-public-safety/articles/part-03-the-laboratory-countries/sources/national_security_archive_brazil/documents/1963-03-07_State_Political-Considerations-US-Assistance-Brazil.pdf,1963-03-07_State_Political-Considerations-US-Assistance-Brazil.pdf,.pdf,3780249,d8d7ebdf2facff7edead512aad36cabfedd372d45bfe4eae6b38b2dfef3c0384,unclassified/mixed,unique,1,yes
part-03,series_projects/usaid-office-of-public-safety/articles/part-03-the-laboratory-countries/sources/national_security_archive_brazil/documents/1963-03-08_CIA_Plotting-Against-Goulart.pdf,1963-03-08_CIA_Plotting-Against-Goulart.pdf,.pdf,120907,9a034214b2a42a667cf5958b9d5fd127c54a8ddf515abc842fea1c6ae26abeb4,unclassified/mixed,unique,1,yes
part-03,series_projects/usaid-office-of-public-safety/articles/part-03-the-laboratory-countries/sources/national_security_archive_brazil/documents/1963-03-08_White-House_JFK-Brazil-Conversation-Transcript.pdf,1963-03-08_White-House_JFK-Brazil-Conversation-Transcript.pdf,.pdf,29162,667240375254c126548d295dc4ba25e016ef260fc23e86679973158916acdfab,secondary/transcript,unique,1,yes
part-03,series_projects/usaid-office-of-public-safety/articles/part-03-the-laboratory-countries/sources/national_security_archive_brazil/documents/1963-10-03_State_Approved-Short-Term-Policy-in-Brazil.pdf,1963-10-03_State_Approved-Short-Term-Policy-in-Brazil.pdf,.pdf,4238098,23689705875b81f0b3e0b5304de7d39f0228977af023290806de61eefbf692ee,unclassified/mixed,unique,1,yes
part-03,series_projects/usaid-office-of-public-safety/articles/part-03-the-laboratory-countries/sources/national_security_archive_brazil/documents/1963-10-07_White-House_JFK-Brazil-Conversation-Transcript.pdf,1963-10-07_White-House_JFK-Brazil-Conversation-Transcript.pdf,.pdf,41023,30ef3044419ce1fca9d44aebc69220da6a3abf321a28a4ea1ae5e31a665d6310,secondary/transcript,unique,1,yes
part-03,series_projects/usaid-office-of-public-safety/articles/part-03-the-laboratory-countries/sources/national_security_archive_brazil/documents/1963-11-22_State_Brazil-Contingency-Plan-Transmittal.pdf,1963-11-22_State_Brazil-Contingency-Plan-Transmittal.pdf,.pdf,172931,b306a4a7b0273eb7c87aa7321f554b3cf0d88d5826fec586f929986229e06fb5,unclassified/mixed,unique,1,yes
part-03,series_projects/usaid-office-of-public-safety/articles/part-03-the-laboratory-countries/sources/national_security_archive_brazil/documents/1964-03-27_State_Gordon-Cable-Clandestine-Arms-and-Covert-Support.pdf,1964-03-27_State_Gordon-Cable-Clandestine-Arms-and-Covert-Support.pdf,.pdf,1481682,981736d1d12395e3f027ee1c8b60df9aba1b8cdfd30da772357921b18dd774e2,primary/government-or-contemporaneous-record,unique,1,yes
part-03,series_projects/usaid-office-of-public-safety/articles/part-03-the-laboratory-countries/sources/national_security_archive_brazil/documents/1964-03-29_State_Lincoln-Gordon-Cable.pdf,1964-03-29_State_Lincoln-Gordon-Cable.pdf,.pdf,725720,87a2e5ef6c893ef9d88524940dbc99746f336308649ea55e4501ac30b3c77c66,primary/government-or-contemporaneous-record,unique,1,yes
part-03,series_projects/usaid-office-of-public-safety/articles/part-03-the-laboratory-countries/sources/national_security_archive_brazil/documents/1964-03-30_CIA_Plans-of-Revolutionary-Plotters-Minas-Gerais.pdf,1964-03-30_CIA_Plans-of-Revolutionary-Plotters-Minas-Gerais.pdf,.pdf,68157,700e5c33ac44e301237afc9ed1decfe3c09e971ec813cbef03d8551e74a643fa,unclassified/mixed,unique,1,yes
part-03,series_projects/usaid-office-of-public-safety/articles/part-03-the-laboratory-countries/sources/national_security_archive_brazil/documents/1964-03_NSC_Brazil-Policy-Meeting.pdf,1964-03_NSC_Brazil-Policy-Meeting.pdf,.pdf,793874,16a3c68518fd16c371cccb7188f205a217c1119f76c4506e4848ea55712499ed,unclassified/mixed,unique,1,yes
part-03,series_projects/usaid-office-of-public-safety/articles/part-03-the-laboratory-countries/sources/national_security_archive_brazil/documents/1964-04-01_CIA_White-House-Meeting-on-Brazil.pdf,1964-04-01_CIA_White-House-Meeting-on-Brazil.pdf,.pdf,109651,be0db00e8b09b0cad2a523fbb2f90c4eae9722539634f32ab850f8193c98c55a,unclassified/mixed,unique,1,yes
part-03,series_projects/usaid-office-of-public-safety/articles/part-03-the-laboratory-countries/sources/national_security_archive_brazil/documents/1964-04-02_CIA_Departure-of-Goulart-for-Montevideo.pdf,1964-04-02_CIA_Departure-of-Goulart-for-Montevideo.pdf,.pdf,192318,60c5dfa9babc100a396483ccc61323b64f035d137d66172878e4a9ac83554769,unclassified/mixed,unique,1,yes
part-03,series_projects/usaid-office-of-public-safety/articles/part-03-the-laboratory-countries/sources/national_security_archive_brazil/documents/1964_State_Brazil-Coup-Reporting-Document-13.pdf,1964_State_Brazil-Coup-Reporting-Document-13.pdf,.pdf,598670,ea95ab597972a5dbb86e6126fb9497b64f19c714dda11ebc056d697735a9c813,unclassified/mixed,unique,1,yes
part-03,series_projects/usaid-office-of-public-safety/articles/part-03-the-laboratory-countries/sources/national_security_archive_brazil/documents/1964_White-House_Memorandum-for-McGeorge-Bundy.pdf,1964_White-House_Memorandum-for-McGeorge-Bundy.pdf,.pdf,174058,2010887ba89568c62ba1736712bcc33a78c16f93f8de83ec37424f9c13f66731,primary/government-or-contemporaneous-record,unique,1,yes
part-03,series_projects/usaid-office-of-public-safety/articles/part-03-the-laboratory-countries/sources/national_security_archive_brazil/documents/1970-10-07_State_Conditions-in-DEOPS-Prison.pdf,1970-10-07_State_Conditions-in-DEOPS-Prison.pdf,.pdf,2883875,97297c37edb0a5f34b29736b897a594753045c19c014592af8c8e3366dff2b0e,unclassified/mixed,unique,1,yes
part-03,series_projects/usaid-office-of-public-safety/articles/part-03-the-laboratory-countries/sources/national_security_archive_brazil/documents/1971-06-08_State_Esquadrao-da-Morte-Death-Squad.pdf,1971-06-08_State_Esquadrao-da-Morte-Death-Squad.pdf,.pdf,2024104,cd2d1973aa6b118e294e3ce8d3ca94431e2f8cdc3c407be1306b88d414f236c0,unclassified/mixed,unique,1,yes
part-03,series_projects/usaid-office-of-public-safety/articles/part-03-the-laboratory-countries/sources/national_security_archive_brazil/documents/1972-07-01_State_Allegation-of-Torture-in-Brazil.pdf,1972-07-01_State_Allegation-of-Torture-in-Brazil.pdf,.pdf,2365170,5049301810e267f30e60d93aac45c5cb2f503f01b75921a54cb8c5e157a85a8e,unclassified/mixed,unique,1,yes
part-03,series_projects/usaid-office-of-public-safety/articles/part-03-the-laboratory-countries/sources/national_security_archive_brazil/documents/1973-04-18_State_Widespread-Arrests-Psychophysical-Interrogation.pdf,1973-04-18_State_Widespread-Arrests-Psychophysical-Interrogation.pdf,.pdf,4629172,ed7fb629c9396c74ad7a44a771253c563a104551b2af9feef0e1273c84cfb8d5,unclassified/mixed,unique,1,yes
part-03,series_projects/usaid-office-of-public-safety/articles/part-03-the-laboratory-countries/sources/national_security_archive_brazil/documents/1973-05-08_State_Political-Arrests-and-Torture-Sao-Paulo.pdf,1973-05-08_State_Political-Arrests-and-Torture-Sao-Paulo.pdf,.pdf,12768,eceb13e1c0b835079a3bcc58bb53f27cc2b71189b867e1620b27049b0e42be33,unclassified/mixed,unique,1,yes
part-03,series_projects/usaid-office-of-public-safety/articles/part-03-the-laboratory-countries/sources/national_security_archive_brazil/indexes/2004-03-31_Brazil-40th-Anniversary-Briefing-Book.html,2004-03-31_Brazil-40th-Anniversary-Briefing-Book.html,.html,22207,69be812b3977b6b11a2317edabcabbd9db87d30d3ab114f0a060d00e9cc25687,secondary/book-or-monograph,unique,1,yes
part-03,series_projects/usaid-office-of-public-safety/articles/part-03-the-laboratory-countries/sources/national_security_archive_brazil/indexes/2004-03-31_Brazil-40th-Anniversary-Briefing-Book.md,2004-03-31_Brazil-40th-Anniversary-Briefing-Book.md,.md,11848,045503620f4f425a825220d3fedf82a53d4902dbdaa82a25d5b14a22dd08fcdc,secondary/book-or-monograph,unique,1,yes
part-03,series_projects/usaid-office-of-public-safety/articles/part-03-the-laboratory-countries/sources/national_security_archive_brazil/indexes/2014-04-02_Brazil-50th-Anniversary-Briefing-Book.html,2014-04-02_Brazil-50th-Anniversary-Briefing-Book.html,.html,38804,a523cd4eb5ee93a7559c3d4e73d67541b5089ce36ced097510fcece29a0ab93f,secondary/book-or-monograph,unique,1,yes
part-03,series_projects/usaid-office-of-public-safety/articles/part-03-the-laboratory-countries/sources/national_security_archive_brazil/indexes/2014-04-02_Brazil-50th-Anniversary-Briefing-Book.md,2014-04-02_Brazil-50th-Anniversary-Briefing-Book.md,.md,28290,d284ec687cc152d6cebc9e789d05040dd088159ca2bcf3d0cebd05daec749e97,secondary/book-or-monograph,unique,1,yes
part-03,series_projects/usaid-office-of-public-safety/articles/part-03-the-laboratory-countries/sources/national_security_archive_brazil/indexes/2014-07-08_Brazil-Torture-Techniques-Briefing-Book.html,2014-07-08_Brazil-Torture-Techniques-Briefing-Book.html,.html,18831,829f442730bb32cde8d6c84a9f6f78ad81967a77989b35cddc90a9e23bb0ccc3,secondary/book-or-monograph,unique,1,yes
part-03,series_projects/usaid-office-of-public-safety/articles/part-03-the-laboratory-countries/sources/national_security_archive_brazil/indexes/2014-07-08_Brazil-Torture-Techniques-Briefing-Book.md,2014-07-08_Brazil-Torture-Techniques-Briefing-Book.md,.md,10355,f9f3e9259911713168ec0f8a6585fbb688024aea9d7a2ad6370155ba0f3567ee,secondary/book-or-monograph,unique,1,yes
part-03,series_projects/usaid-office-of-public-safety/articles/part-03-the-laboratory-countries/sources/national_security_archive_brazil/indexes/2025-04-07_JFK-Files-Covert-Operations-High-Command.html,2025-04-07_JFK-Files-Covert-Operations-High-Command.html,.html,80859,d3a7c7d77cf8b2d4ce0fae61c5e638be89c7812f00bfc2f634d8541f61b61e1c,secondary/web-capture,unique,1,yes
part-03,series_projects/usaid-office-of-public-safety/articles/part-03-the-laboratory-countries/sources/national_security_archive_brazil/indexes/2025-04-07_JFK-Files-Covert-Operations-High-Command.md,2025-04-07_JFK-Files-Covert-Operations-High-Command.md,.md,23988,b23191c6307953116fb2d51cf4db80f89b41f58c47dc45cb6551f813e9bcc9b0,unclassified/mixed,unique,1,yes
part-03,series_projects/usaid-office-of-public-safety/articles/part-03-the-laboratory-countries/sources/national_security_archive_brazil/indexes/National-Security-Archive_Brazil-Project.html,National-Security-Archive_Brazil-Project.html,.html,44840,41d28bdad4316f9c9e0852f5d8597c04ba988c85d0c46a38c7cf4c774284ed5b,secondary/web-capture,unique,1,yes
part-03,series_projects/usaid-office-of-public-safety/articles/part-03-the-laboratory-countries/sources/national_security_archive_brazil/indexes/National-Security-Archive_Brazil-Project.md,National-Security-Archive_Brazil-Project.md,.md,4036,db98a129f832919bc1c31951d94ecc21e5f0ed931eb4564b53acd72f30ac8c9f,unclassified/mixed,unique,1,yes
part-03,series_projects/usaid-office-of-public-safety/articles/part-03-the-laboratory-countries/sources/REPORT OF INVESTIGATION - Vol 1.pdf,REPORT OF INVESTIGATION - Vol 1.pdf,.pdf,6571818,1f83ee65c4f5f669801eb0e0dc44dd8f55d9ee48369ca84a7466c4cb04df27d2,unclassified/mixed,unique,1,yes
part-03,series_projects/usaid-office-of-public-safety/articles/part-03-the-laboratory-countries/sources/REPORT OF INVESTIGATION - Vol 2.pdf,REPORT OF INVESTIGATION - Vol 2.pdf,.pdf,18119679,cfe3e69e87393534321dd66a206b76d7d0c490b790e372ad6debf0f6dc326f36,unclassified/mixed,unique,1,yes
part-03,series_projects/usaid-office-of-public-safety/articles/part-03-the-laboratory-countries/sources/Telegram From the Department of State to the Embassy in Brazil.pdf,Telegram From the Department of State to the Embassy in Brazil.pdf,.pdf,228190,866928db55b6a478456bb0ab277d4b06125b23a7fe675d95f292c8c1d7281924,unclassified/mixed,unique,1,yes
part-03,series_projects/usaid-office-of-public-safety/articles/part-03-the-laboratory-countries/sources/The-CIA-and-the-Cult-of-Intelligence.pdf,The-CIA-and-the-Cult-of-Intelligence.pdf,.pdf,5653263,87957ac82875277babd37baacfa00ac6313b2e10daf14e7c4d7408e5a706ba65,unclassified/mixed,unique,1,yes
part-03,series_projects/usaid-office-of-public-safety/articles/part-03-the-laboratory-countries/sources/volume_1_digital.pdf,volume_1_digital.pdf,.pdf,10317304,d6895a5046da305416f25cfdea500431d49ba0af2f27c74746447e703f3bc4e4,unclassified/mixed,unique,1,yes
part-03,series_projects/usaid-office-of-public-safety/articles/part-03-the-laboratory-countries/sources/volume_2_digital.pdf,volume_2_digital.pdf,.pdf,4053803,ea920da4fb1d39e8655432954b38c8f39355ccaf53e17161bc23a848083300ef,unclassified/mixed,unique,1,yes
part-03,series_projects/usaid-office-of-public-safety/articles/part-03-the-laboratory-countries/sources/volume_3_digital.pdf,volume_3_digital.pdf,.pdf,17618906,9f064e62c50b42e432ce618f74deca72820bc2674b85d9af320a8c4b88aa7e92,unclassified/mixed,unique,1,yes
part-04,series_projects/usaid-office-of-public-safety/articles/part-04-the-mitrione-problem/sources/badges-without-borders-how-global-counterinsurgency-transformed-american-policing-9780520968332_compress.pdf,badges-without-borders-how-global-counterinsurgency-transformed-american-policing-9780520968332_compress.pdf,.pdf,12093216,1e7a8652c645307fd20231aae15699f11a171b050a293ee99ab177cc8232e670,unclassified/mixed,duplicate-content,2,no
part-04,series_projects/usaid-office-of-public-safety/articles/part-04-the-mitrione-problem/sources/Denial_and_Deception_-_Melissa_Boyle_Mahle.pdf,Denial_and_Deception_-_Melissa_Boyle_Mahle.pdf,.pdf,2709478,ba85b4b8ad6e6cdeb7c421baa87511d1088a9c9a3c8df9419ef68f3dce2e5fc9,unclassified/mixed,unique,1,yes
part-04,series_projects/usaid-office-of-public-safety/articles/part-04-the-mitrione-problem/sources/modernizing repression.pdf,modernizing repression.pdf,.pdf,176556,bbf48e86c0cb9dad3e469bec2af278d128307d0f646ec86c0bc968a804df0d47,unclassified/mixed,duplicate-content,2,no
part-04,series_projects/usaid-office-of-public-safety/articles/part-04-the-mitrione-problem/sources/Political Policing_ The United States and Latin America.pdf,Political Policing_ The United States and Latin America.pdf,.pdf,245523,ac45f2297283439aff86ef1d5a608b3df32dbcb7a8a0197031de44c7a07f7009,unclassified/mixed,unique,1,yes
part-04,series_projects/usaid-office-of-public-safety/articles/part-04-the-mitrione-problem/sources/StringsAttached-Report.pdf,StringsAttached-Report.pdf,.pdf,13272713,fd837326493f9311e4b858ab832365a535086231c0e49baf01b619defab021d9,unclassified/mixed,unique,1,yes
part-05,series_projects/usaid-office-of-public-safety/articles/part-05-operation-two-fold/sources/7 John Does Brief_djvu.txt,7 John Does Brief_djvu.txt,.txt,37589,e307001be34c7da5f1f3abbc5bce96feda6a2a734681f45cc0471265add2afff,unclassified/mixed,unique,1,yes
part-05,series_projects/usaid-office-of-public-safety/articles/part-05-operation-two-fold/sources/7 John Does Decision_djvu.txt,7 John Does Decision_djvu.txt,.txt,27806,0622d3584bb09b020b2434d4d56d0e907d34ec2acbb500b19455f90e7e4db0e7,unclassified/mixed,unique,1,yes
part-05,series_projects/usaid-office-of-public-safety/articles/part-05-operation-two-fold/sources/Apalachin Wessel/Wessel @ A-C_djvu.txt,Wessel @ A-C_djvu.txt,.txt,39128,ae7ea4487c4fc732d05e3356d35f818ed938f3b27c67527d4d0011e6b2235888,unclassified/mixed,unique,1,yes
part-05,series_projects/usaid-office-of-public-safety/articles/part-05-operation-two-fold/sources/Apalachin Wessel/Wessel @ D-K_djvu.txt,Wessel @ D-K_djvu.txt,.txt,65557,ff79b222561e2948c36750930869ea10331c21219d517ffd3195008ec080f2fe,unclassified/mixed,unique,1,yes
part-05,series_projects/usaid-office-of-public-safety/articles/part-05-operation-two-fold/sources/Apalachin Wessel/Wessel memo_djvu.txt,Wessel memo_djvu.txt,.txt,30913,032d06a4a26a8ec02df6d7e001f04cca4cd5a43af70b350f22498e6adde11496,unclassified/mixed,unique,1,yes
part-05,series_projects/usaid-office-of-public-safety/articles/part-05-operation-two-fold/sources/Benjamin_djvu.txt,Benjamin_djvu.txt,.txt,30813,923025727e40f8265fc80a9db874ff11bd481613546dc68b393d0f05a645b242,unclassified/mixed,duplicate-content,2,yes
part-05,series_projects/usaid-office-of-public-safety/articles/part-05-operation-two-fold/sources/Bolten WH Exit Interview_djvu.txt,Bolten WH Exit Interview_djvu.txt,.txt,17975,f54a1fcce17394b1a672cfcea187dccf2231d68a9a8e8b06f2dfb18bf403ed07,unclassified/mixed,unique,1,yes
part-05,series_projects/usaid-office-of-public-safety/articles/part-05-operation-two-fold/sources/CCS Files Conein et al_djvu.txt,CCS Files Conein et al_djvu.txt,.txt,1663,f8bd9a0ac8aebe820ebea677321918e72232a184ea481131657144c8efcc9b6e,unclassified/mixed,unique,1,yes
part-05,series_projects/usaid-office-of-public-safety/articles/part-05-operation-two-fold/sources/CIA in DEA Corson_djvu.txt,CIA in DEA Corson_djvu.txt,.txt,929,2486b0aaf4e9d0dca69766739a63cd18bdd6ff034024774bb0fd46d90a865b7a,unclassified/mixed,unique,1,yes
part-05,series_projects/usaid-office-of-public-safety/articles/part-05-operation-two-fold/sources/CIA in DEA internal_djvu.txt,CIA in DEA internal_djvu.txt,.txt,1613,e5b17eaf1a2714c5c6d8274b6ac202248d9855d41bea55b11c5806b3a628bf92,unclassified/mixed,unique,1,yes
part-05,series_projects/usaid-office-of-public-safety/articles/part-05-operation-two-fold/sources/Compton Boyd/Boyd DEA Corruption 77-78_djvu.txt,Boyd DEA Corruption 77-78_djvu.txt,.txt,40835,4fde36c6842371fb3f88c6c0c60be26979022651ebbc43e38f14d50e14bdc936,unclassified/mixed,unique,1,yes
part-05,series_projects/usaid-office-of-public-safety/articles/part-05-operation-two-fold/sources/Compton Boyd/Compton Affidavit_djvu.txt,Compton Affidavit_djvu.txt,.txt,71820,966c4eeda6296dcc7e4962da5c597d93030225494ff67ecc42e67017e57cde1c,unclassified/mixed,unique,1,yes
part-05,series_projects/usaid-office-of-public-safety/articles/part-05-operation-two-fold/sources/Copeland_djvu.txt,Copeland_djvu.txt,.txt,11618,bcdee4f80cc0f07de5b9ef14fc9529272451e6686056fc62b99fbad29883e396,unclassified/mixed,unique,1,yes
part-05,series_projects/usaid-office-of-public-safety/articles/part-05-operation-two-fold/sources/Cusack China memo_djvu.txt,Cusack China memo_djvu.txt,.txt,32051,813371aca33abfd3d9595241b1d1c949878ef7bab126c172fe541dcb37fab18a,unclassified/mixed,unique,1,yes
part-05,series_projects/usaid-office-of-public-safety/articles/part-05-operation-two-fold/sources/documents re hoods/Castellani-Brown_djvu.txt,Castellani-Brown_djvu.txt,.txt,30813,923025727e40f8265fc80a9db874ff11bd481613546dc68b393d0f05a645b242,unclassified/mixed,duplicate-content,2,no
part-05,series_projects/usaid-office-of-public-safety/articles/part-05-operation-two-fold/sources/documents re hoods/Douheret Schrier/August 19 1968 Douheret Interview_djvu.txt,August 19 1968 Douheret Interview_djvu.txt,.txt,3881,9009d0e5ae135704fcd103b6165512fb8fa8ad57794e4bf2014576eee9de5fb2,unclassified/mixed,duplicate-content,2,yes
part-05,series_projects/usaid-office-of-public-safety/articles/part-05-operation-two-fold/sources/documents re hoods/Douheret Schrier/August 8 1968 Douheret Interview_djvu.txt,August 8 1968 Douheret Interview_djvu.txt,.txt,14101,d40406cc9c2caf663d6bbc3027b5024c96385a27e1874c2980d4c64b74de2f7a,unclassified/mixed,unique,1,yes
part-05,series_projects/usaid-office-of-public-safety/articles/part-05-operation-two-fold/sources/documents re hoods/Lansky_djvu.txt,Lansky_djvu.txt,.txt,55548,c1de67197a7dd27362874ce22cf09166f82ffcd6b78b7b968399c80d424dd109,unclassified/mixed,unique,1,yes
part-05,series_projects/usaid-office-of-public-safety/articles/part-05-operation-two-fold/sources/documents re hoods/Lombardozzi_djvu.txt,Lombardozzi_djvu.txt,.txt,23213,8c33bd81665bade59986ccda64ba8512127fd60d3d7604e7f6eced96d82a39b0,unclassified/mixed,unique,1,yes
part-05,series_projects/usaid-office-of-public-safety/articles/part-05-operation-two-fold/sources/documents re hoods/Luciano scans/arrest_djvu.txt,arrest_djvu.txt,.txt,8599,8db63e384a80d7a09c164f996febd87c2532e391492be0460a59dc94a5efcb4b,unclassified/mixed,duplicate-content,2,yes
part-05,series_projects/usaid-office-of-public-safety/articles/part-05-operation-two-fold/sources/documents re hoods/Luciano scans/FBI Lucky_djvu.txt,FBI Lucky_djvu.txt,.txt,8599,8db63e384a80d7a09c164f996febd87c2532e391492be0460a59dc94a5efcb4b,unclassified/mixed,duplicate-content,2,no
part-05,series_projects/usaid-office-of-public-safety/articles/part-05-operation-two-fold/sources/documents re hoods/Luciano scans/July 47 Olivera_djvu.txt,July 47 Olivera_djvu.txt,.txt,1587,98fcfce945419d296b8ea5131cbe57e2546e2baa7bb68b18f9d87848f7e73c08,unclassified/mixed,unique,1,yes
part-05,series_projects/usaid-office-of-public-safety/articles/part-05-operation-two-fold/sources/documents re hoods/Luciano scans/Kefauver_djvu.txt,Kefauver_djvu.txt,.txt,17211,36c5d9c0a2057be88d0d32926432e817f4e188ac84f8e231a6bb9bc4e551e953,unclassified/mixed,duplicate-content,2,yes
part-05,series_projects/usaid-office-of-public-safety/articles/part-05-operation-two-fold/sources/documents re hoods/Luciano scans/Manfredi Lucky 1947_djvu.txt,Manfredi Lucky 1947_djvu.txt,.txt,3292,346d669b4863611e6b35446a14c1b3c8f41b01a24748c5e93909508b52693f44,unclassified/mixed,duplicate-content,2,yes
part-05,series_projects/usaid-office-of-public-safety/articles/part-05-operation-two-fold/sources/documents re hoods/Luciano scans/Manfredi_djvu.txt,Manfredi_djvu.txt,.txt,3292,346d669b4863611e6b35446a14c1b3c8f41b01a24748c5e93909508b52693f44,unclassified/mixed,duplicate-content,2,no
part-05,series_projects/usaid-office-of-public-safety/articles/part-05-operation-two-fold/sources/documents re hoods/Luciano scans/Morrison_djvu.txt,Morrison_djvu.txt,.txt,2565,194fbd2479cff64fab18af04e0cedca2055dc6f6db06266404217b3c60a62f4d,unclassified/mixed,unique,1,yes
part-05,series_projects/usaid-office-of-public-safety/articles/part-05-operation-two-fold/sources/documents re hoods/Luciano scans/Olivera Feb 47_djvu.txt,Olivera Feb 47_djvu.txt,.txt,1928,20fb0e1829e270f46fa3256269653edb2368679e4546671c40ebc1ac31e1b82a,unclassified/mixed,unique,1,yes
part-05,series_projects/usaid-office-of-public-safety/articles/part-05-operation-two-fold/sources/documents re hoods/Luciano scans/Olivera re Luciano_djvu.txt,Olivera re Luciano_djvu.txt,.txt,42376,ccd220a8c9db8863a248ce56fccc34b44293d9cc11f5108048a8307c80cfa348,unclassified/mixed,unique,1,yes
part-05,series_projects/usaid-office-of-public-safety/articles/part-05-operation-two-fold/sources/documents re hoods/Luciano scans/Siragusa to HJA May 51 (2)_djvu.txt,Siragusa to HJA May 51 (2)_djvu.txt,.txt,10132,8b80fd3150253d93af8df7142882a5a2d96760c370863cfd170d4c5a176eeaf9,unclassified/mixed,duplicate-content,2,yes
part-05,series_projects/usaid-office-of-public-safety/articles/part-05-operation-two-fold/sources/documents re hoods/Luciano scans/Siragusa to HJA May 51_djvu.txt,Siragusa to HJA May 51_djvu.txt,.txt,10132,8b80fd3150253d93af8df7142882a5a2d96760c370863cfd170d4c5a176eeaf9,unclassified/mixed,duplicate-content,2,no
part-05,series_projects/usaid-office-of-public-safety/articles/part-05-operation-two-fold/sources/documents re hoods/Luciano scans/White 1951 Lucky_djvu.txt,White 1951 Lucky_djvu.txt,.txt,17211,36c5d9c0a2057be88d0d32926432e817f4e188ac84f8e231a6bb9bc4e551e953,unclassified/mixed,duplicate-content,2,no
part-05,series_projects/usaid-office-of-public-safety/articles/part-05-operation-two-fold/sources/documents re hoods/Luciano scans/Williams March 47_djvu.txt,Williams March 47_djvu.txt,.txt,7844,c2355611a2c1071900893a1832da5b14598f4c701237694c201f122b80f0a20c,unclassified/mixed,unique,1,yes
part-05,series_projects/usaid-office-of-public-safety/articles/part-05-operation-two-fold/sources/documents re hoods/Nagelberg/nagelberg-ghode_djvu.txt,nagelberg-ghode_djvu.txt,.txt,5695,66dcadf01d1bb21970bef254e5e281f385667f7b846a22df43d2a788dc30a987,unclassified/mixed,unique,1,yes
part-05,series_projects/usaid-office-of-public-safety/articles/part-05-operation-two-fold/sources/documents re hoods/Nebbia Schrier/August 19 1968 Nebbia Interview_djvu.txt,August 19 1968 Nebbia Interview_djvu.txt,.txt,5002,292250690766e903580565517771e9e44663db728cf2d6466aab88be79a835e7,unclassified/mixed,duplicate-content,2,yes
part-05,series_projects/usaid-office-of-public-safety/articles/part-05-operation-two-fold/sources/documents re hoods/Nebbia Schrier/August 7 1968 Nebbia Interview_djvu.txt,August 7 1968 Nebbia Interview_djvu.txt,.txt,6906,863eac9db6a1f909619eebc850bec92ef1fbfb4752244a8de6e92b264114c6b8,unclassified/mixed,duplicate-content,2,yes
part-05,series_projects/usaid-office-of-public-safety/articles/part-05-operation-two-fold/sources/documents re hoods/Zicarelli_djvu.txt,Zicarelli_djvu.txt,.txt,39779,00e1be0c8b74ac720155213d5ad51492e4a3423556770ec9c59540d85ffaa530,unclassified/mixed,unique,1,yes
part-05,series_projects/usaid-office-of-public-safety/articles/part-05-operation-two-fold/sources/FBN rosters.doc/1955 roster 1_djvu.txt,1955 roster 1_djvu.txt,.txt,3700,d7c8d1f2f5724dd5559567885ecd69476b374c3d92f0ee5627c815d5d0734aba,unclassified/mixed,unique,1,yes
part-05,series_projects/usaid-office-of-public-safety/articles/part-05-operation-two-fold/sources/FBN rosters.doc/1955 roster 2_djvu.txt,1955 roster 2_djvu.txt,.txt,3108,88de994ddf01a2beb168fbfb28087d5c6fa41f22ade5e9d4004e9ce5d2e46b97,unclassified/mixed,unique,1,yes
part-05,series_projects/usaid-office-of-public-safety/articles/part-05-operation-two-fold/sources/FBN rosters.doc/Baltimore 1969_djvu.txt,Baltimore 1969_djvu.txt,.txt,5458,7de79377f07b459151f4bf0d3c9eda5ba8ef4d956f69d8eb8c373c9828faed3e,unclassified/mixed,unique,1,yes
part-05,series_projects/usaid-office-of-public-safety/articles/part-05-operation-two-fold/sources/FBN rosters.doc/Baltimore feb 69_djvu.txt,Baltimore feb 69_djvu.txt,.txt,5317,d88da002bf7d8830db2edaaa4ea7cb696ac8a89c1986c38182ae9bab6b892a21,unclassified/mixed,unique,1,yes
part-05,series_projects/usaid-office-of-public-safety/articles/part-05-operation-two-fold/sources/FBN rosters.doc/Baltimore Jan 68_djvu.txt,Baltimore Jan 68_djvu.txt,.txt,2077,a90ea255339a80d22d3ec0d9d8961ae4725128341cc6c5be9df49529d4b5b1eb,unclassified/mixed,unique,1,yes
part-05,series_projects/usaid-office-of-public-safety/articles/part-05-operation-two-fold/sources/FBN rosters.doc/BDAC Baltimore 67_djvu.txt,BDAC Baltimore 67_djvu.txt,.txt,2198,4d088d39c66cf3348b4f8a96191e1b074de8191e3c12091911d1186a4cfcb914,unclassified/mixed,unique,1,yes
part-05,series_projects/usaid-office-of-public-safety/articles/part-05-operation-two-fold/sources/FBN rosters.doc/BNDD Baltimore 69_djvu.txt,BNDD Baltimore 69_djvu.txt,.txt,5502,cab0094c75a5a3bef44d5be7875ef90bbbb5773859924c98908bfd45df4f0379,unclassified/mixed,unique,1,yes
part-05,series_projects/usaid-office-of-public-safety/articles/part-05-operation-two-fold/sources/FBN rosters.doc/DEA offices.doc/Atlanta April 68 (2)_djvu.txt,Atlanta April 68 (2)_djvu.txt,.txt,3080,7b9608b86c38145c34f3a789ae03e5040e92da6f18214ff9e2045f2341d87d42,unclassified/mixed,duplicate-content,2,yes
part-05,series_projects/usaid-office-of-public-safety/articles/part-05-operation-two-fold/sources/FBN rosters.doc/DEA offices.doc/Atlanta April 68_djvu.txt,Atlanta April 68_djvu.txt,.txt,3080,7b9608b86c38145c34f3a789ae03e5040e92da6f18214ff9e2045f2341d87d42,unclassified/mixed,duplicate-content,2,no
part-05,series_projects/usaid-office-of-public-safety/articles/part-05-operation-two-fold/sources/FBN rosters.doc/DEA offices.doc/Detroit 1970 (2)_djvu.txt,Detroit 1970 (2)_djvu.txt,.txt,6555,d00cb339c285b4953cebbd3b9b1cbbb93eb2ec7c5b3824e466d39b9be1c68543,unclassified/mixed,duplicate-content,2,yes
part-05,series_projects/usaid-office-of-public-safety/articles/part-05-operation-two-fold/sources/FBN rosters.doc/DEA offices.doc/Detroit 1970_djvu.txt,Detroit 1970_djvu.txt,.txt,6555,d00cb339c285b4953cebbd3b9b1cbbb93eb2ec7c5b3824e466d39b9be1c68543,unclassified/mixed,duplicate-content,2,no
part-05,series_projects/usaid-office-of-public-safety/articles/part-05-operation-two-fold/sources/FBN rosters.doc/DEA offices.doc/District 6 April 68 (2)_djvu.txt,District 6 April 68 (2)_djvu.txt,.txt,3127,98998a666fdd898811ca32fa73646588495199f3b07ac4697d002eecc5d1e554,unclassified/mixed,duplicate-content,2,yes
part-05,series_projects/usaid-office-of-public-safety/articles/part-05-operation-two-fold/sources/FBN rosters.doc/DEA offices.doc/District 6 April 68_djvu.txt,District 6 April 68_djvu.txt,.txt,3127,98998a666fdd898811ca32fa73646588495199f3b07ac4697d002eecc5d1e554,unclassified/mixed,duplicate-content,2,no
part-05,series_projects/usaid-office-of-public-safety/articles/part-05-operation-two-fold/sources/FBN rosters.doc/DEA offices.doc/July 72 Mexico (2)_djvu.txt,July 72 Mexico (2)_djvu.txt,.txt,3363,d072fb844ebb9ba257cfca3a8a4c0fb9b0609323daf385276bb57092eff32672,unclassified/mixed,duplicate-content,2,yes
part-05,series_projects/usaid-office-of-public-safety/articles/part-05-operation-two-fold/sources/FBN rosters.doc/DEA offices.doc/July 72 Mexico_djvu.txt,July 72 Mexico_djvu.txt,.txt,3363,d072fb844ebb9ba257cfca3a8a4c0fb9b0609323daf385276bb57092eff32672,unclassified/mixed,duplicate-content,2,no
part-05,series_projects/usaid-office-of-public-safety/articles/part-05-operation-two-fold/sources/FBN rosters.doc/DEA offices.doc/Miami April 1968 (2)_djvu.txt,Miami April 1968 (2)_djvu.txt,.txt,1474,a8f3862008eecb7520302be1aa01cdb1e311867f998fdc36e96c4ed8e269e483,unclassified/mixed,duplicate-content,2,yes
part-05,series_projects/usaid-office-of-public-safety/articles/part-05-operation-two-fold/sources/FBN rosters.doc/DEA offices.doc/Miami April 1968_djvu.txt,Miami April 1968_djvu.txt,.txt,1474,a8f3862008eecb7520302be1aa01cdb1e311867f998fdc36e96c4ed8e269e483,unclassified/mixed,duplicate-content,2,no
part-05,series_projects/usaid-office-of-public-safety/articles/part-05-operation-two-fold/sources/FBN rosters.doc/DEA offices.doc/New York Jan 69 (2)_djvu.txt,New York Jan 69 (2)_djvu.txt,.txt,10905,afdcf51e5421372621c27e969c1f703afc10b7a2d9f6d9c59d289f36beec8e5b,unclassified/mixed,duplicate-content,2,yes
part-05,series_projects/usaid-office-of-public-safety/articles/part-05-operation-two-fold/sources/FBN rosters.doc/DEA offices.doc/New York Jan 69_djvu.txt,New York Jan 69_djvu.txt,.txt,10905,afdcf51e5421372621c27e969c1f703afc10b7a2d9f6d9c59d289f36beec8e5b,unclassified/mixed,duplicate-content,2,no
part-05,series_projects/usaid-office-of-public-safety/articles/part-05-operation-two-fold/sources/FBN rosters.doc/Detroit 1959 Bureau of Narcotics roster (2)_djvu.txt,Detroit 1959 Bureau of Narcotics roster (2)_djvu.txt,.txt,2294,0a0cd4cdd922c00eabf712e32cd8faad65ba0e8b86f82f3ea731cec6e26bf520,unclassified/mixed,duplicate-content,2,yes
part-05,series_projects/usaid-office-of-public-safety/articles/part-05-operation-two-fold/sources/FBN rosters.doc/Detroit 1959 Bureau of Narcotics roster_djvu.txt,Detroit 1959 Bureau of Narcotics roster_djvu.txt,.txt,2294,0a0cd4cdd922c00eabf712e32cd8faad65ba0e8b86f82f3ea731cec6e26bf520,unclassified/mixed,duplicate-content,2,no
part-05,series_projects/usaid-office-of-public-safety/articles/part-05-operation-two-fold/sources/FBN rosters.doc/District  6 Oct 63 (2)_djvu.txt,District  6 Oct 63 (2)_djvu.txt,.txt,1568,44d47ac9db955b9ebc6e52cf246459f53f2b36a0e2305bf042d081c5a97037f6,unclassified/mixed,duplicate-content,2,yes
part-05,series_projects/usaid-office-of-public-safety/articles/part-05-operation-two-fold/sources/FBN rosters.doc/District  6 Oct 63_djvu.txt,District  6 Oct 63_djvu.txt,.txt,1568,44d47ac9db955b9ebc6e52cf246459f53f2b36a0e2305bf042d081c5a97037f6,unclassified/mixed,duplicate-content,2,no
part-05,series_projects/usaid-office-of-public-safety/articles/part-05-operation-two-fold/sources/FBN rosters.doc/District 14 Sep 65_djvu.txt,District 14 Sep 65_djvu.txt,.txt,5029,96f501f18bee82cf603f9f4d3a1137d23d5e2f72d49b3291f57bcc8a161b2b35,unclassified/mixed,unique,1,yes
part-05,series_projects/usaid-office-of-public-safety/articles/part-05-operation-two-fold/sources/FBN rosters.doc/District 6 Jan 55_djvu.txt,District 6 Jan 55_djvu.txt,.txt,1448,c22c48da164182a6e282ee1fc95f5d1b793e9960260b6c473d66409fac8830d6,unclassified/mixed,unique,1,yes
part-05,series_projects/usaid-office-of-public-safety/articles/part-05-operation-two-fold/sources/FBN rosters.doc/District 8 1943_djvu.txt,District 8 1943_djvu.txt,.txt,2266,57a836172cbfc2026976376dc5a2e7f97320cb33b03f3377f143d562175b0912,unclassified/mixed,unique,1,yes
part-05,series_projects/usaid-office-of-public-safety/articles/part-05-operation-two-fold/sources/FBN rosters.doc/District 8 Nov 47_djvu.txt,District 8 Nov 47_djvu.txt,.txt,1638,e863ba7e0e6ed4d1cc7ad09ade515aacc53f238f846021cf673011c0a107e053,unclassified/mixed,unique,1,yes
part-05,series_projects/usaid-office-of-public-safety/articles/part-05-operation-two-fold/sources/FBN rosters.doc/Field Org FBN 66_djvu.txt,Field Org FBN 66_djvu.txt,.txt,2527,29d76c508883d250c9e51ff924edbabe02166843a7ea037bc2984766f14c2acd,unclassified/mixed,unique,1,yes
part-05,series_projects/usaid-office-of-public-safety/articles/part-05-operation-two-fold/sources/FBN rosters.doc/Jan 65 FBN_djvu.txt,Jan 65 FBN_djvu.txt,.txt,6007,b7c19f968603debe9992b81f22dd0b5ad6060322d53be6d09846aeb923fe290c,unclassified/mixed,unique,1,yes
part-05,series_projects/usaid-office-of-public-safety/articles/part-05-operation-two-fold/sources/FBN rosters.doc/more rosters/March 1966 1_djvu.txt,March 1966 1_djvu.txt,.txt,3875,273236c512fd47fd8572989911f9d73a0651a83053ca958939d1513f15ac461c,unclassified/mixed,unique,1,yes
part-05,series_projects/usaid-office-of-public-safety/articles/part-05-operation-two-fold/sources/FBN rosters.doc/more rosters/March 1966 2_djvu.txt,March 1966 2_djvu.txt,.txt,3017,99b2d70275475457d8efa854b34d095c4077ed9f23ddc88fa94fb378220cb851,unclassified/mixed,unique,1,yes
part-05,series_projects/usaid-office-of-public-safety/articles/part-05-operation-two-fold/sources/FBN rosters.doc/New York March 1966 p 2_djvu.txt,New York March 1966 p 2_djvu.txt,.txt,4427,15dcf487bf8918f4ff9598bb9bd8ff8ae42ff865b4d3f3aca9643e234bf9797a,unclassified/mixed,unique,1,yes
part-05,series_projects/usaid-office-of-public-safety/articles/part-05-operation-two-fold/sources/FBN rosters.doc/New York rosters/1 New York Jan 55_djvu.txt,1 New York Jan 55_djvu.txt,.txt,6461,d337e6307f13c27c7c9bc7972cd1a26fa194c5dfb15081d6fa2f3af4bb07ebb1,unclassified/mixed,unique,1,yes
part-05,series_projects/usaid-office-of-public-safety/articles/part-05-operation-two-fold/sources/FBN rosters.doc/New York rosters/2 New York Oct 1955_djvu.txt,2 New York Oct 1955_djvu.txt,.txt,6379,211503a6935a27a8a25911451851951cc3daa995a229fedee60a6ae87a0bb541,unclassified/mixed,unique,1,yes
part-05,series_projects/usaid-office-of-public-safety/articles/part-05-operation-two-fold/sources/FBN rosters.doc/New York rosters/2a New York sept 1955_djvu.txt,2a New York sept 1955_djvu.txt,.txt,5556,67adc9991029efe5dc8e641a4ef9006aae082b737065f35eb415bf1a74b612f0,unclassified/mixed,unique,1,yes
part-05,series_projects/usaid-office-of-public-safety/articles/part-05-operation-two-fold/sources/FBN rosters.doc/New York rosters/3 New York Jan 58_djvu.txt,3 New York Jan 58_djvu.txt,.txt,7087,08f9d14cc3f86bb7b844f394603c1b78f4aa524e82c4da0bfb18ca0bad43cbbc,unclassified/mixed,unique,1,yes
part-05,series_projects/usaid-office-of-public-safety/articles/part-05-operation-two-fold/sources/FBN rosters.doc/New York rosters/4 New York Oct 58_djvu.txt,4 New York Oct 58_djvu.txt,.txt,7000,561e599e973370afbbb3c8af59b64420cbd7bbb431bcfa311547c70f70375d72,unclassified/mixed,unique,1,yes
part-05,series_projects/usaid-office-of-public-safety/articles/part-05-operation-two-fold/sources/FBN rosters.doc/New York rosters/5 New York Sept 1959 NY_djvu.txt,5 New York Sept 1959 NY_djvu.txt,.txt,3450,475fd962a1263316a83a1faf10f4e7f32837ff759c9930df550c31a6f644d5dc,unclassified/mixed,unique,1,yes
part-05,series_projects/usaid-office-of-public-safety/articles/part-05-operation-two-fold/sources/FBN rosters.doc/New York rosters/6 New York Sept 1959 Page 2_djvu.txt,6 New York Sept 1959 Page 2_djvu.txt,.txt,3716,31e555d35f72560c1c505cb26b21a895a69daae125af5912b2add78872e071fc,unclassified/mixed,unique,1,yes
part-05,series_projects/usaid-office-of-public-safety/articles/part-05-operation-two-fold/sources/FBN rosters.doc/New York rosters/7 New York Oct 1960_djvu.txt,7 New York Oct 1960_djvu.txt,.txt,4087,a9a361f59617efd3731b354ca6f004921bf75d9a8b37a90d6a7e5bac7c38d681,unclassified/mixed,unique,1,yes
part-05,series_projects/usaid-office-of-public-safety/articles/part-05-operation-two-fold/sources/FBN rosters.doc/New York rosters/8 New York  Oct 1960 p 2_djvu.txt,8 New York  Oct 1960 p 2_djvu.txt,.txt,4122,f71bb4ae5e7babdb81066ec5628b3b48edec67c975ac485b084e48aa2d3d9ffa,unclassified/mixed,unique,1,yes
part-05,series_projects/usaid-office-of-public-safety/articles/part-05-operation-two-fold/sources/FBN rosters.doc/New York rosters/91 New York July 63_djvu.txt,91 New York July 63_djvu.txt,.txt,7459,9fa2b27aa057af2fbe1184a4e1af2abbc6f2900d78ceb2296a37ac4f647aa69b,unclassified/mixed,unique,1,yes
part-05,series_projects/usaid-office-of-public-safety/articles/part-05-operation-two-fold/sources/FBN rosters.doc/New York rosters/92 New York Jan 66_djvu.txt,92 New York Jan 66_djvu.txt,.txt,8134,0149507b2f855cf4bcf6a633fb3ae9acc23b872192141e89b0a079634d9f6208,unclassified/mixed,unique,1,yes
part-05,series_projects/usaid-office-of-public-safety/articles/part-05-operation-two-fold/sources/FBN rosters.doc/New York rosters/9a New York Jan 1962_djvu.txt,9a New York Jan 1962_djvu.txt,.txt,3993,18aea83f39e05fe41c376e2b8a307edbf5cb47085f0824b20c230101fb6610bb,unclassified/mixed,unique,1,yes
part-05,series_projects/usaid-office-of-public-safety/articles/part-05-operation-two-fold/sources/FBN rosters.doc/New York rosters/9b New York Jan 1962 p 2_djvu.txt,9b New York Jan 1962 p 2_djvu.txt,.txt,4517,03cc8125430b0c451ff158f47793af12424a2744866824a638fa84c5ae60320c,unclassified/mixed,unique,1,yes
part-05,series_projects/usaid-office-of-public-safety/articles/part-05-operation-two-fold/sources/FBN rosters.doc/New York rosters/New York March 1966 p 2_djvu.txt,New York March 1966 p 2_djvu.txt,.txt,4086,fc2c55b0f400da81a438384868a29f8aa65e3bb3234a47fcc970ee4620c258c8,unclassified/mixed,unique,1,yes
part-05,series_projects/usaid-office-of-public-safety/articles/part-05-operation-two-fold/sources/FBN rosters.doc/New York rosters/New York March 1966_djvu.txt,New York March 1966_djvu.txt,.txt,3676,30c53e33297a76731935010f428a87c37882b1f4b9aef21207eba061efbbda07,unclassified/mixed,unique,1,yes
part-05,series_projects/usaid-office-of-public-safety/articles/part-05-operation-two-fold/sources/FBN rosters.doc/New York under Gaffney_djvu.txt,New York under Gaffney_djvu.txt,.txt,4617,5f91cd07fe420b07a75b1357cb02cf8136c0df880df5a2f4c616cf71175a25d7,unclassified/mixed,unique,1,yes
part-05,series_projects/usaid-office-of-public-safety/articles/part-05-operation-two-fold/sources/FBN rosters.doc/New YYork Oct 63_djvu.txt,New YYork Oct 63_djvu.txt,.txt,8293,1f7ceff13711dc6476e0c1730fee32899fa8070bbb7c520ef20fe05e3142cceb,unclassified/mixed,unique,1,yes
part-05,series_projects/usaid-office-of-public-safety/articles/part-05-operation-two-fold/sources/FBN rosters.doc/Rome Oct 1960_djvu.txt,Rome Oct 1960_djvu.txt,.txt,2018,f9378dcc97a859def01154b36dcc85dc28852e4d6501268afeb262ca4358a62d,unclassified/mixed,unique,1,yes
part-05,series_projects/usaid-office-of-public-safety/articles/part-05-operation-two-fold/sources/georges Bayon_djvu.txt,georges Bayon_djvu.txt,.txt,5597,991dd405abe8c8ee164146044676ec15c1d3b5bf9742f5f99429c1f518ce560d,unclassified/mixed,unique,1,yes
part-05,series_projects/usaid-office-of-public-safety/articles/part-05-operation-two-fold/sources/Habib memos in pdf.doc/Habib 14 Dec 1966_djvu.txt,Habib 14 Dec 1966_djvu.txt,.txt,3075,c404bb47b2eeae2ac14e15d4f9dadca5151cf43808ab279953bee4b0ea3929e2,unclassified/mixed,unique,1,yes
part-05,series_projects/usaid-office-of-public-safety/articles/part-05-operation-two-fold/sources/Habib memos in pdf.doc/Habib 16 Nov 1966_djvu.txt,Habib 16 Nov 1966_djvu.txt,.txt,1080,c762e67f0f7ec959534819d6407e701669bb4ce2f4e93d82f984945bf770e7f2,unclassified/mixed,unique,1,yes
part-05,series_projects/usaid-office-of-public-safety/articles/part-05-operation-two-fold/sources/Habib memos in pdf.doc/Habib 16 Sept 1966 Lucide CIA_djvu.txt,Habib 16 Sept 1966 Lucide CIA_djvu.txt,.txt,3205,2d752db322acc5ed4899c6977f7e99b8bd195ac512d70ccc250f2c68803e1f5a,unclassified/mixed,unique,1,yes
part-05,series_projects/usaid-office-of-public-safety/articles/part-05-operation-two-fold/sources/Habib memos in pdf.doc/Habib 17 Nov 1966_djvu.txt,Habib 17 Nov 1966_djvu.txt,.txt,1909,91a80730048e222c3212433f8968bfec0374527e2c4cd2c7a4d21ea73acfd5c3,unclassified/mixed,unique,1,yes
part-05,series_projects/usaid-office-of-public-safety/articles/part-05-operation-two-fold/sources/Habib memos in pdf.doc/Habib 2 Sept 1966 Tran Ngor An_djvu.txt,Habib 2 Sept 1966 Tran Ngor An_djvu.txt,.txt,7752,bcd4f78613c3032bea7ffa0facd7879dfadcd36253b1c9055154e8ef9b1efed4,unclassified/mixed,unique,1,yes
part-05,series_projects/usaid-office-of-public-safety/articles/part-05-operation-two-fold/sources/Habib memos in pdf.doc/Habib 20 July 1966 500 pound op_djvu.txt,Habib 20 July 1966 500 pound op_djvu.txt,.txt,5274,f8f066fc77ba414182a1115b421aeb8989486bb370c85d409259d46e338ab04b,unclassified/mixed,unique,1,yes
part-05,series_projects/usaid-office-of-public-safety/articles/part-05-operation-two-fold/sources/Habib memos in pdf.doc/Habib 26 Sept 1966_djvu.txt,Habib 26 Sept 1966_djvu.txt,.txt,3955,bc79327d350a5af3f24c07ba740e321782db2884b02a1153958bb244a2bc2fef,unclassified/mixed,unique,1,yes
part-05,series_projects/usaid-office-of-public-safety/articles/part-05-operation-two-fold/sources/Habib memos in pdf.doc/Habib 27 Jan 1966 Sullivan_djvu.txt,Habib 27 Jan 1966 Sullivan_djvu.txt,.txt,9067,89efee85ff406db4cd4962f67c7def885c55c5c8bab2b1dd01e92c948d402ced,unclassified/mixed,unique,1,yes
part-05,series_projects/usaid-office-of-public-safety/articles/part-05-operation-two-fold/sources/Habib memos in pdf.doc/Habib 28 July 1966 Waring OSI_djvu.txt,Habib 28 July 1966 Waring OSI_djvu.txt,.txt,1774,72693bcc08fd971463db6dfd8170a401f99ee958fd01424f224ab6cb0bacec9e,unclassified/mixed,unique,1,yes
part-05,series_projects/usaid-office-of-public-safety/articles/part-05-operation-two-fold/sources/Habib memos in pdf.doc/Habib 29 Sept 1966_djvu.txt,Habib 29 Sept 1966_djvu.txt,.txt,1810,3dba77c14a17f54d9336538a325b5c073eccd71ebd3086756fb88aee4c885a33,unclassified/mixed,unique,1,yes
part-05,series_projects/usaid-office-of-public-safety/articles/part-05-operation-two-fold/sources/Habib memos in pdf.doc/Habib 3 Jan 1966 Lilley_djvu.txt,Habib 3 Jan 1966 Lilley_djvu.txt,.txt,6085,3511acb9fe944c0d859a3263b95ed845669b8ffa44f0e810d5ee86560cf28dc4,unclassified/mixed,unique,1,yes
part-05,series_projects/usaid-office-of-public-safety/articles/part-05-operation-two-fold/sources/Habib memos in pdf.doc/Habib 5 Aug 1966 Jantzen_djvu.txt,Habib 5 Aug 1966 Jantzen_djvu.txt,.txt,1810,96480c90c73ec1fdacc9d5c7d7f4e5d449b8e426b952c944f2ad48fc211c86ba,unclassified/mixed,unique,1,yes
part-05,series_projects/usaid-office-of-public-safety/articles/part-05-operation-two-fold/sources/Habib memos in pdf.doc/Habib 5 Oct 1966_djvu.txt,Habib 5 Oct 1966_djvu.txt,.txt,899,fc5edf4cb942b529a5701689cd43f1183de90223880dfde06a5bffd391424493,unclassified/mixed,unique,1,yes
part-05,series_projects/usaid-office-of-public-safety/articles/part-05-operation-two-fold/sources/Habib memos in pdf.doc/Habib Rouzic 15 May 1971 memo_djvu.txt,Habib Rouzic 15 May 1971 memo_djvu.txt,.txt,47747,8949e12948911ca29245f91525ae2915cc350d06e490254eeb2616887270ff7d,unclassified/mixed,unique,1,yes
part-05,series_projects/usaid-office-of-public-safety/articles/part-05-operation-two-fold/sources/Knight re Khoury Blemant 59 (2)_djvu.txt,Knight re Khoury Blemant 59 (2)_djvu.txt,.txt,16491,116c41ed858ae8957b9e1ebd017ad9dc98a9461cce9c175c84599b10312a3656,unclassified/mixed,unique,1,yes
part-05,series_projects/usaid-office-of-public-safety/articles/part-05-operation-two-fold/sources/MKULTRA pdfs/24 March 69 meeting with BNDD_djvu.txt,24 March 69 meeting with BNDD_djvu.txt,.txt,2703,4978fce718ec388829b08e14b0ce5a1e68cf3d9575634dfd2404efef29b92e74,unclassified/mixed,unique,1,yes
part-05,series_projects/usaid-office-of-public-safety/articles/part-05-operation-two-fold/sources/MKULTRA pdfs/Califano to Turner Jun 79_djvu.txt,Califano to Turner Jun 79_djvu.txt,.txt,2006,4ad9ba6886725a7e021401d0c1f6344b2b14efd4193d21171cedf4312dd62818,unclassified/mixed,unique,1,yes
part-05,series_projects/usaid-office-of-public-safety/articles/part-05-operation-two-fold/sources/MKULTRA pdfs/CCS Files Conein 28 Dec 77_djvu.txt,CCS Files Conein 28 Dec 77_djvu.txt,.txt,1675,1478e2bbc658f82623c39e24db41c236e753004ab0f3a414e1574bd08fd5490d,unclassified/mixed,unique,1,yes
part-05,series_projects/usaid-office-of-public-safety/articles/part-05-operation-two-fold/sources/MKULTRA pdfs/CIA to Bensinger notifying victims_djvu.txt,CIA to Bensinger notifying victims_djvu.txt,.txt,20085,5695968119ecf3d025bd7646e8328e6ea3972bf66235ad4e92acf075443a5e4f,unclassified/mixed,unique,1,yes
part-05,series_projects/usaid-office-of-public-safety/articles/part-05-operation-two-fold/sources/MKULTRA pdfs/DEA MKULTRA FOIA_djvu.txt,DEA MKULTRA FOIA_djvu.txt,.txt,2187,3dbff2dc89c76801a2d0f972770d7b6371a6a9452d43d6b0364041c59409b12f,unclassified/mixed,unique,1,yes
part-05,series_projects/usaid-office-of-public-safety/articles/part-05-operation-two-fold/sources/MKULTRA pdfs/Gottlieb 1967 memo_djvu.txt,Gottlieb 1967 memo_djvu.txt,.txt,11234,318c2458c4fdcf1c67f03bbf9e7a7196c88bc75f6ea86d86a48d15dd281d514c,unclassified/mixed,unique,1,yes
part-05,series_projects/usaid-office-of-public-safety/articles/part-05-operation-two-fold/sources/MKULTRA pdfs/Hammond to AG 24 Jan 79_djvu.txt,Hammond to AG 24 Jan 79_djvu.txt,.txt,1478,4914a2c9bfbe86089eacb72c7ef02266528e5f63ab6cb23e4a5dc7351f3212e3,unclassified/mixed,unique,1,yes
part-05,series_projects/usaid-office-of-public-safety/articles/part-05-operation-two-fold/sources/MKULTRA pdfs/Helms unwitting testing Dec 63_djvu.txt,Helms unwitting testing Dec 63_djvu.txt,.txt,5087,74ca384b453497f2b048151c974f0c6cdb2d6df858cba73193b9383b629d1e3b,unclassified/mixed,unique,1,yes
part-05,series_projects/usaid-office-of-public-safety/articles/part-05-operation-two-fold/sources/MKULTRA pdfs/Helms unwitting undated_djvu.txt,Helms unwitting undated_djvu.txt,.txt,3547,fdeeceff535199c5d207f5b25fe47257add08860408efa81e61ca0b835028ee0,unclassified/mixed,unique,1,yes
part-05,series_projects/usaid-office-of-public-safety/articles/part-05-operation-two-fold/sources/MKULTRA pdfs/HES Perry to Wiltse re Panaeolus June 79_djvu.txt,HES Perry to Wiltse re Panaeolus June 79_djvu.txt,.txt,2880,6690d7e67bda5e1b1e2e4599f143e86a8603b660e8b0f4a364db6e66df3f0214,unclassified/mixed,unique,1,yes
part-05,series_projects/usaid-office-of-public-safety/articles/part-05-operation-two-fold/sources/MKULTRA pdfs/Lansdale-memo 16 March 62_djvu.txt,Lansdale-memo 16 March 62_djvu.txt,.txt,4569,04006f5809040abe63c7f9eba267de218d8bd87d02707dfbd717671e85f87701,unclassified/mixed,unique,1,yes
part-05,series_projects/usaid-office-of-public-safety/articles/part-05-operation-two-fold/sources/MKULTRA pdfs/Lapham as AG to CIA July  78_djvu.txt,Lapham as AG to CIA July  78_djvu.txt,.txt,4980,35d8c8580daf441bb53c095ad99cb7d8c1320af151448325c38a9d735c11323b,unclassified/mixed,unique,1,yes
part-05,series_projects/usaid-office-of-public-safety/articles/part-05-operation-two-fold/sources/MKULTRA pdfs/Laubinger to Wiltse to DDA 9 March 79_djvu.txt,Laubinger to Wiltse to DDA 9 March 79_djvu.txt,.txt,5027,220a065df7fbcd35b1bc7a980f0da820c461b60e76a509b0d2f8525fe4c46145,unclassified/mixed,unique,1,yes
part-05,series_projects/usaid-office-of-public-safety/articles/part-05-operation-two-fold/sources/MKULTRA pdfs/Mertz re Siragusa_djvu.txt,Mertz re Siragusa_djvu.txt,.txt,1088,81b87685b0f0c8b992404c7660114e8a8ed8c0ad44bbd024b6ff908c351d3817,unclassified/mixed,unique,1,yes
part-05,series_projects/usaid-office-of-public-safety/articles/part-05-operation-two-fold/sources/MKULTRA pdfs/Michie memo 24 March 77_djvu.txt,Michie memo 24 March 77_djvu.txt,.txt,9655,65933e23a3815f2ab3de6edba2fd1adb51f414e5419b7b3de1c9a766f444de95,unclassified/mixed,unique,1,yes
part-05,series_projects/usaid-office-of-public-safety/articles/part-05-operation-two-fold/sources/MKULTRA pdfs/MKULTRA old files/MKULTRA folder.doc/Hammond Victims_djvu.txt,Hammond Victims_djvu.txt,.txt,1451,e67e63224fd4ea3632cf002d2dcb23e54e3272416665bfa5c17dc7ff68ba1b5b,unclassified/mixed,unique,1,yes
part-05,series_projects/usaid-office-of-public-safety/articles/part-05-operation-two-fold/sources/MKULTRA pdfs/MKULTRA old files/MKULTRA folder.doc/Victims Task Force_djvu.txt,Victims Task Force_djvu.txt,.txt,17113,60186a86ea421a21cb64093f0230d35ab9278ae3e8ec02c63b880251741092a4,unclassified/mixed,duplicate-content,2,yes
part-05,series_projects/usaid-office-of-public-safety/articles/part-05-operation-two-fold/sources/MKULTRA pdfs/Salmi memo MKULTRA 27 Feb 79_djvu.txt,Salmi memo MKULTRA 27 Feb 79_djvu.txt,.txt,17113,60186a86ea421a21cb64093f0230d35ab9278ae3e8ec02c63b880251741092a4,unclassified/mixed,duplicate-content,2,no
part-05,series_projects/usaid-office-of-public-safety/articles/part-05-operation-two-fold/sources/MKULTRA pdfs/Salmi to file 27 Feb 79_djvu.txt,Salmi to file 27 Feb 79_djvu.txt,.txt,5006,7b93e1b19a2bbe938a8eb710edbdc3f8d42c217b306dbda8bbd5f57ec797d42d,unclassified/mixed,unique,1,yes
part-05,series_projects/usaid-office-of-public-safety/articles/part-05-operation-two-fold/sources/MKULTRA pdfs/Salmi to file 7 May 79_djvu.txt,Salmi to file 7 May 79_djvu.txt,.txt,2290,e726f30cf00af89c80d6a45affadc15a5441c603d8a544cd54a6b96d94a486d8,unclassified/mixed,unique,1,yes
part-05,series_projects/usaid-office-of-public-safety/articles/part-05-operation-two-fold/sources/MKULTRA pdfs/Turner to Bell 6 July 79_djvu.txt,Turner to Bell 6 July 79_djvu.txt,.txt,1968,b03393f22883283d2d02b0d4959d9c4206fe9101c16ee15021769131accf5852,unclassified/mixed,unique,1,yes
part-05,series_projects/usaid-office-of-public-safety/articles/part-05-operation-two-fold/sources/MKULTRA pdfs/Turner to Bensinger 6 July 79_djvu.txt,Turner to Bensinger 6 July 79_djvu.txt,.txt,1201,be8328191866eb17901033b0cfa5ad8c7f85669d7242f14d7dbb89a51733621b,unclassified/mixed,unique,1,yes
part-05,series_projects/usaid-office-of-public-safety/articles/part-05-operation-two-fold/sources/MKULTRA pdfs/Turner to Califano Jan 79_djvu.txt,Turner to Califano Jan 79_djvu.txt,.txt,2257,9192b6e25f756b6b135862efb75ae80613c713d510f93e039e62620202637d39,unclassified/mixed,unique,1,yes
part-05,series_projects/usaid-office-of-public-safety/articles/part-05-operation-two-fold/sources/Olivera Chile-CIA sept 51 (2)_djvu.txt,Olivera Chile-CIA sept 51 (2)_djvu.txt,.txt,19307,a7b7fb7b9e5babb1c1b34816b4a4d7ab8733781b4223262f48689c03d39de690,unclassified/mixed,unique,1,yes
part-05,series_projects/usaid-office-of-public-safety/articles/part-05-operation-two-fold/sources/Pahlevi Iran.doc/Garland Williams 1959_djvu.txt,Garland Williams 1959_djvu.txt,.txt,82583,37eb9fbb081490e32303f59931d99e3f4077bf33ab5d9cdee0468812f61b44f3,unclassified/mixed,duplicate-content,2,yes
part-05,series_projects/usaid-office-of-public-safety/articles/part-05-operation-two-fold/sources/Pahlevi Iran.doc/Iran 1955_djvu.txt,Iran 1955_djvu.txt,.txt,4717,3bd469b9dbf391eddf213a6cdb9508393517541ba896ce90ba0641c3d6b2f658,unclassified/mixed,unique,1,yes
part-05,series_projects/usaid-office-of-public-safety/articles/part-05-operation-two-fold/sources/Pahlevi Iran.doc/Pahlevi 1-12-53_djvu.txt,Pahlevi 1-12-53_djvu.txt,.txt,1437,d0b703932e8bfe08a8928f407d54a1a5acac6b771b1c2454c579586c445b6007,unclassified/mixed,unique,1,yes
part-05,series_projects/usaid-office-of-public-safety/articles/part-05-operation-two-fold/sources/Pahlevi Iran.doc/Pahlevi 6-12-53_djvu.txt,Pahlevi 6-12-53_djvu.txt,.txt,13738,fafce2122a0013fc5937124dfe6da092e4bd2eee6510b7c9c628e57f4b73f2cd,unclassified/mixed,unique,1,yes
part-05,series_projects/usaid-office-of-public-safety/articles/part-05-operation-two-fold/sources/Pahlevi Iran.doc/Pahlevi 7-23-53_djvu.txt,Pahlevi 7-23-53_djvu.txt,.txt,2496,e18df0cd405be743c9c6e2bbf1791528acf6cd6daa55e5081b2a7174a930896e,unclassified/mixed,unique,1,yes
part-05,series_projects/usaid-office-of-public-safety/articles/part-05-operation-two-fold/sources/Pahlevi Iran.doc/Pahlevi thru Dec 53_djvu.txt,Pahlevi thru Dec 53_djvu.txt,.txt,14308,509291327020625e5362101cd3540e988ce628690b159cf540134251829d0368,unclassified/mixed,unique,1,yes
part-05,series_projects/usaid-office-of-public-safety/articles/part-05-operation-two-fold/sources/Pahlevi Iran.doc/Pahlevi-Iran 54_djvu.txt,Pahlevi-Iran 54_djvu.txt,.txt,19673,a5cd9e8bdb483f4a7acbd10b0b21bfb773e419ac46afacc87ce32fa47e67c3c7,unclassified/mixed,unique,1,yes
part-05,series_projects/usaid-office-of-public-safety/articles/part-05-operation-two-fold/sources/Pahlevi Iran.doc/Siragusa to HJA re Pahlevi Feb 54_djvu.txt,Siragusa to HJA re Pahlevi Feb 54_djvu.txt,.txt,2170,c8fb04cf75683a3c90453491f56dbd0b36b3f9c14d1c5d025fca4bf161a21eb9,unclassified/mixed,unique,1,yes
part-05,series_projects/usaid-office-of-public-safety/articles/part-05-operation-two-fold/sources/Pohl/August 19 1968 Douheret Interview_djvu.txt,August 19 1968 Douheret Interview_djvu.txt,.txt,3881,9009d0e5ae135704fcd103b6165512fb8fa8ad57794e4bf2014576eee9de5fb2,unclassified/mixed,duplicate-content,2,no
part-05,series_projects/usaid-office-of-public-safety/articles/part-05-operation-two-fold/sources/Pohl/August 19 1968 Nebbia Interview_djvu.txt,August 19 1968 Nebbia Interview_djvu.txt,.txt,5002,292250690766e903580565517771e9e44663db728cf2d6466aab88be79a835e7,unclassified/mixed,duplicate-content,2,no
part-05,series_projects/usaid-office-of-public-safety/articles/part-05-operation-two-fold/sources/Pohl/August 7 1968 Nebbia Interview_djvu.txt,August 7 1968 Nebbia Interview_djvu.txt,.txt,6906,863eac9db6a1f909619eebc850bec92ef1fbfb4752244a8de6e92b264114c6b8,unclassified/mixed,duplicate-content,2,no
part-05,series_projects/usaid-office-of-public-safety/articles/part-05-operation-two-fold/sources/Pohl/August 8 1968 Douheret Interview_djvu.txt,August 8 1968 Douheret Interview_djvu.txt,.txt,13254,e8014e4d958ccac992cb21e18bf24c0fe4a45d09d0e136efe839d2950faf805d,unclassified/mixed,unique,1,yes
part-05,series_projects/usaid-office-of-public-safety/articles/part-05-operation-two-fold/sources/Pohl/August 8 1968 Luccarotti Interview_djvu.txt,August 8 1968 Luccarotti Interview_djvu.txt,.txt,1615,d38827c7828a0751a0a337d66681a508e5328306a84c6ba779bf9f21b8bbc5d6,unclassified/mixed,unique,1,yes
part-05,series_projects/usaid-office-of-public-safety/articles/part-05-operation-two-fold/sources/Strength of the wolf.htm,Strength of the wolf.htm,.htm,1563644,32617e03f151cd90af7abc4dbc23e781acea1e9b9be4b62006e5c09e6db11864,secondary/web-capture,unique,1,yes
part-05,series_projects/usaid-office-of-public-safety/articles/part-05-operation-two-fold/sources/Strickler Casey CIA doc.doc/casey1_djvu.txt,casey1_djvu.txt,.txt,6645,bccd72ec61b6aa6fd49dd56ce9d9f87ae2ade753dc737bb1d3815739cb0e923f,unclassified/mixed,unique,1,yes
part-05,series_projects/usaid-office-of-public-safety/articles/part-05-operation-two-fold/sources/Strickler Casey CIA doc.doc/Strickler CIA_djvu.txt,Strickler CIA_djvu.txt,.txt,12049,c1b04b384f24143c5e7b1b4e88ebae5cc8dabf0388395e94b30828d4346201a4,unclassified/mixed,unique,1,yes
part-05,series_projects/usaid-office-of-public-safety/articles/part-05-operation-two-fold/sources/Talent to HJA Nov 46 Chinese in Mexico_djvu.txt,Talent to HJA Nov 46 Chinese in Mexico_djvu.txt,.txt,12101,e3f49d611824367a0d15c31c628ce77cf0f905b531262dea0aa01059a89764c6,unclassified/mixed,unique,1,yes
part-05,series_projects/usaid-office-of-public-safety/articles/part-05-operation-two-fold/sources/The CIA as Organized Crime _ How Illegal Operations Corrupt America and the World_djvu.txt,The CIA as Organized Crime _ How Illegal Operations Corrupt America and the World_djvu.txt,.txt,997820,e0ddb54f7d9466d1ec3edd88ab02c6905acc7fd6891fada6926c33087a7fbdae,unclassified/mixed,duplicate-content,2,yes
part-05,series_projects/usaid-office-of-public-safety/articles/part-05-operation-two-fold/sources/The CIA as Organized Crime _ How Illegal Operations Corrupt_djvu.txt,The CIA as Organized Crime _ How Illegal Operations Corrupt_djvu.txt,.txt,997820,e0ddb54f7d9466d1ec3edd88ab02c6905acc7fd6891fada6926c33087a7fbdae,unclassified/mixed,duplicate-content,2,no
part-05,"series_projects/usaid-office-of-public-safety/articles/part-05-operation-two-fold/sources/The Strength of the Pack_ The Personalities, Politics and Espionage Intrigues That Shaped the DEA_djvu.htm","The Strength of the Pack_ The Personalities, Politics and Espionage Intrigues That Shaped the DEA_djvu.htm",.htm,1498805,515a41c2ea0bf09a2c33394d0dc33f0d15b07341e7b2d80e061a8d447351ee25,secondary/web-capture,unique,1,yes
part-05,series_projects/usaid-office-of-public-safety/articles/part-05-operation-two-fold/sources/Tony Triponi memos 74_djvu.txt,Tony Triponi memos 74_djvu.txt,.txt,14074,1933a969369c8e2bf3f832af24acf46f1e85c88c6663c70652c0dd336e6adc89,unclassified/mixed,unique,1,yes
part-05,series_projects/usaid-office-of-public-safety/articles/part-05-operation-two-fold/sources/Water gate.doc/colson memos cia bennett and woodward3_djvu.txt,colson memos cia bennett and woodward3_djvu.txt,.txt,4,545c38b0922de19734fbffde62792c37c2aef6a3216cfa472449173165220f7d,unclassified/mixed,unique,1,yes
part-05,series_projects/usaid-office-of-public-safety/articles/part-05-operation-two-fold/sources/Water gate.doc/dean_and_krogh_relationship1[1]_djvu.txt,dean_and_krogh_relationship1[1]_djvu.txt,.txt,4114,1975de33c8a0daca45d837bbbee989693d68416fa8ba99700b0a9b560e6a22bd,unclassified/mixed,unique,1,yes
part-05,series_projects/usaid-office-of-public-safety/articles/part-05-operation-two-fold/sources/Water gate.doc/dean_out_of_country1[1]_djvu.txt,dean_out_of_country1[1]_djvu.txt,.txt,914,1ed70e8471fb5c1557b443dbdbf72b3de8cdff4b1faf1d31b55d2bfc4b87aad8,unclassified/mixed,unique,1,yes
part-05,series_projects/usaid-office-of-public-safety/articles/part-05-operation-two-fold/sources/Water gate.doc/john_dean_resume[1]_djvu.txt,john_dean_resume[1]_djvu.txt,.txt,4128,0cb9fdb50eb303cd6b66a71adb20c019cfa1e3d5db108d7edc41a9ac7de58eb6,unclassified/mixed,unique,1,yes
part-05,series_projects/usaid-office-of-public-safety/articles/part-05-operation-two-fold/sources/Water gate.doc/land_reform_and_colson[1]_djvu.txt,land_reform_and_colson[1]_djvu.txt,.txt,1273,8d6c694c4ae5e8c50daa6c3049ee5546e4aeedb62b9f60743ac31650d945d85c,unclassified/mixed,unique,1,yes
part-05,series_projects/usaid-office-of-public-safety/articles/part-05-operation-two-fold/sources/Water gate.doc/missing_krogh_files[1]_djvu.txt,missing_krogh_files[1]_djvu.txt,.txt,1474,1f0a4ea7b52dc3582cae8c2a5600825993ea0bf651e3776a5d3826e5dba37bda,unclassified/mixed,unique,1,yes
part-05,series_projects/usaid-office-of-public-safety/articles/part-05-operation-two-fold/sources/william specter_djvu.txt,william specter_djvu.txt,.txt,1481,ee86a3255efecdff97b4e531ba0c6620626cd7f53184214442d516cd392c6121,unclassified/mixed,unique,1,yes
part-05,series_projects/usaid-office-of-public-safety/articles/part-05-operation-two-fold/sources/Williams/Garland Williams 1959_djvu.txt,Garland Williams 1959_djvu.txt,.txt,82583,37eb9fbb081490e32303f59931d99e3f4077bf33ab5d9cdee0468812f61b44f3,unclassified/mixed,duplicate-content,2,no
part-06,series_projects/usaid-office-of-public-safety/articles/part-06-after-the-office-of-public-safety/sources/22 USC 2420 Police training prohibition.pdf,22 USC 2420 Police training prohibition.pdf,.pdf,165985,21fa44bc985079939b4d0e386aa3ce656615c787232c1d4e169ce943e6867528,unclassified/mixed,unique,1,yes
part-06,series_projects/usaid-office-of-public-safety/articles/part-06-after-the-office-of-public-safety/sources/238201793122_text.pdf,238201793122_text.pdf,.pdf,94347,ab85a949c94b7d6d8110366ad613a97428dc1c2273e1811b63f2779c3f81c6d5,unclassified/mixed,unique,1,yes
part-06,series_projects/usaid-office-of-public-safety/articles/part-06-after-the-office-of-public-safety/sources/afghanistan/N37_USIP_Taliban_Poppy_Ban_2023.html,N37_USIP_Taliban_Poppy_Ban_2023.html,.html,109415,1d0e98880f5ac9a78c1cf5fe2fc864d833a15ef015d57764f8387e376e012de0,secondary/web-capture,unique,1,yes
part-06,series_projects/usaid-office-of-public-safety/articles/part-06-after-the-office-of-public-safety/sources/bosnia/N38_Human_Rights_Watch_Bosnia_Trafficking_2002.pdf,N38_Human_Rights_Watch_Bosnia_Trafficking_2002.pdf,.pdf,714474,7d4e1b29ccc46e35fc39a7f85f670bc63ff7007aba10b5224fa1a23341837175,unclassified/mixed,unique,1,yes
part-06,series_projects/usaid-office-of-public-safety/articles/part-06-after-the-office-of-public-safety/sources/bosnia/N39_Human_Rights_Watch_Bosnia_Background.pdf,N39_Human_Rights_Watch_Bosnia_Background.pdf,.pdf,2438805,1dc9994cbb2e306e1517566de553bc12406c6954c4ce706e46d43e5ab1ea26c7,unclassified/mixed,unique,1,yes
part-06,"series_projects/usaid-office-of-public-safety/articles/part-06-after-the-office-of-public-safety/sources/Carrots, sticks, and ethnic conflict  rethinking development assistance.txt","Carrots, sticks, and ethnic conflict  rethinking development assistance.txt",.txt,71379,7f3b75b463e2ab9bae8c5a64d82f4205411110f946806f03e3ed129e5c9fd92d,unclassified/mixed,unique,1,yes
part-06,series_projects/usaid-office-of-public-safety/articles/part-06-after-the-office-of-public-safety/sources/cia/N63_CIA_DCI_Crime_Narcotics_Center_Colombia.html,N63_CIA_DCI_Crime_Narcotics_Center_Colombia.html,.html,38382,2dd71813a7020570cf1bbd29ddd7b8105b8b155422de25eb8a42af4543fb1682,secondary/web-capture,duplicate-content,4,yes
part-06,series_projects/usaid-office-of-public-safety/articles/part-06-after-the-office-of-public-safety/sources/cia/N64_CIA_DDCI_Narcotics_Testimony_1982.html,N64_CIA_DDCI_Narcotics_Testimony_1982.html,.html,38382,2dd71813a7020570cf1bbd29ddd7b8105b8b155422de25eb8a42af4543fb1682,secondary/web-capture,duplicate-content,4,no
part-06,series_projects/usaid-office-of-public-safety/articles/part-06-after-the-office-of-public-safety/sources/cia/N65_CIA_International_Narcotics_Control_Strategy.html,N65_CIA_International_Narcotics_Control_Strategy.html,.html,38382,2dd71813a7020570cf1bbd29ddd7b8105b8b155422de25eb8a42af4543fb1682,secondary/web-capture,duplicate-content,4,no
part-06,series_projects/usaid-office-of-public-safety/articles/part-06-after-the-office-of-public-safety/sources/cia/N66_CIA_Working_Group_Counternarcotics_1988.html,N66_CIA_Working_Group_Counternarcotics_1988.html,.html,38382,2dd71813a7020570cf1bbd29ddd7b8105b8b155422de25eb8a42af4543fb1682,secondary/web-capture,duplicate-content,4,no
part-06,series_projects/usaid-office-of-public-safety/articles/part-06-after-the-office-of-public-safety/sources/civil_military/N46_JSOU_Force_Multiplier_2022.pdf,N46_JSOU_Force_Multiplier_2022.pdf,.pdf,6997589,70663d70fb3dc8a6d686d4afa3cf6cee0df9680b4412a3bb94d1f760dc562be8,unclassified/mixed,unique,1,yes
part-06,series_projects/usaid-office-of-public-safety/articles/part-06-after-the-office-of-public-safety/sources/CRS Report for Congress - 2001.pdf,CRS Report for Congress - 2001.pdf,.pdf,197632,d2a0c7e4fb7b1eaa0f9a07054e907d56ebbbc0e916cc19676caa91a7efa15631,unclassified/mixed,unique,1,yes
part-06,series_projects/usaid-office-of-public-safety/articles/part-06-after-the-office-of-public-safety/sources/Dmocratizing the Police Abroad.pdf,Dmocratizing the Police Abroad.pdf,.pdf,756028,0b377bb8f94f0e8b5d18059b35899520e6c8d5c96fad1c2e142662ee56120ac5,unclassified/mixed,unique,1,yes
part-06,series_projects/usaid-office-of-public-safety/articles/part-06-after-the-office-of-public-safety/sources/DOWNLOAD_LOG.md,DOWNLOAD_LOG.md,.md,5489,ff2f9500f3989e5e4a2ee6f5bcfb196b2578a99fa079189fdc9dee90016c41d0,unclassified/mixed,unique,1,yes
part-06,series_projects/usaid-office-of-public-safety/articles/part-06-after-the-office-of-public-safety/sources/Fostering Regional Development by Securing the Hemispheric Investment Climate.htm,Fostering Regional Development by Securing the Hemispheric Investment Climate.htm,.htm,200627,11572e73807bd03b5215ad9ee2a579019c24a682d17376990e0047af24ab49d2,secondary/web-capture,unique,1,yes
part-06,series_projects/usaid-office-of-public-safety/articles/part-06-after-the-office-of-public-safety/sources/icitap/N17_DOJ_ICITAP_Historical_Milestones.pdf,N17_DOJ_ICITAP_Historical_Milestones.pdf,.pdf,666169,a3259823a71a7b78a727986f1437a72bf4b0414680a7ce07a033ba4783bfdd7e,unclassified/mixed,duplicate-content,2,yes
part-06,series_projects/usaid-office-of-public-safety/articles/part-06-after-the-office-of-public-safety/sources/icitap/N18_DOJ_ICITAP_About.html,N18_DOJ_ICITAP_About.html,.html,101814,433aef6d651ec91cbbf522f802681e9902245beda6e6d04e94eeebcfee350ffd,secondary/web-capture,unique,1,yes
part-06,series_projects/usaid-office-of-public-safety/articles/part-06-after-the-office-of-public-safety/sources/icitap/N19_DOJ_ICITAP_Western_Hemisphere.html,N19_DOJ_ICITAP_Western_Hemisphere.html,.html,95740,de177793e732c1fa6f41f4e397ecae547e480eb7d20c29717bbceb3eb8ab519b,secondary/web-capture,unique,1,yes
part-06,series_projects/usaid-office-of-public-safety/articles/part-06-after-the-office-of-public-safety/sources/icitap/N20_DOJ_ICITAP_Iraq_Archive.html,N20_DOJ_ICITAP_Iraq_Archive.html,.html,22416,e4fb526b34130377b660b906c8db1c988095acce55fc6745f4352358173e5092,secondary/web-capture,unique,1,yes
part-06,series_projects/usaid-office-of-public-safety/articles/part-06-after-the-office-of-public-safety/sources/icitap/N21_DOJ_ICITAP_Ghana.pdf,N21_DOJ_ICITAP_Ghana.pdf,.pdf,129341,65df488905980eef521bdb07914a8d08629b1b5b37d62d402b168f2d5eeb7af5,unclassified/mixed,unique,1,yes
part-06,series_projects/usaid-office-of-public-safety/articles/part-06-after-the-office-of-public-safety/sources/icitap/N51_DOJ_ICITAP_Overview.html,N51_DOJ_ICITAP_Overview.html,.html,126314,572e29cbd3c5d926c3cb0fdf4b85db47956e82506b05e24d290db3b9023ab1f5,secondary/web-capture,unique,1,yes
part-06,series_projects/usaid-office-of-public-safety/articles/part-06-after-the-office-of-public-safety/sources/icitap/N52_DOJ_ICITAP_Programs.html,N52_DOJ_ICITAP_Programs.html,.html,95021,43b7f5d5422a580da49ce00d35dcd5053719600cf057fb4356723fc3f18393e1,secondary/web-capture,unique,1,yes
part-06,series_projects/usaid-office-of-public-safety/articles/part-06-after-the-office-of-public-safety/sources/icitap/N53_DOJ_ICITAP_Africa_Middle_East.html,N53_DOJ_ICITAP_Africa_Middle_East.html,.html,95599,624e0ebc66d8ff38f9f10edef2606606bbcd00d198883e5738b6858f341806bb,secondary/web-capture,unique,1,yes
part-06,series_projects/usaid-office-of-public-safety/articles/part-06-after-the-office-of-public-safety/sources/icitap/N54_DOJ_ICITAP_Asia_Pacific.html,N54_DOJ_ICITAP_Asia_Pacific.html,.html,95647,22735103f967747c19172a2f21357fbb55d774276d191909fe23868ef74d3fb8,secondary/web-capture,unique,1,yes
part-06,series_projects/usaid-office-of-public-safety/articles/part-06-after-the-office-of-public-safety/sources/icitap/N55_DOJ_ICITAP_Europe_Eurasia.html,N55_DOJ_ICITAP_Europe_Eurasia.html,.html,95939,287a2037640ec4afd3916e3fac57dfd23ea1b66ced7f2a56e1645cd917b81fa4,secondary/web-capture,unique,1,yes
part-06,series_projects/usaid-office-of-public-safety/articles/part-06-after-the-office-of-public-safety/sources/icitap/N57_DOJ_ICITAP_Strategic_Plan.html,N57_DOJ_ICITAP_Strategic_Plan.html,.html,2439,b88c1bad376b112d9f13d79ff3d6885ae889b63466117378d000219483df148c,secondary/web-capture,unique,1,yes
part-06,series_projects/usaid-office-of-public-safety/articles/part-06-after-the-office-of-public-safety/sources/icitap/N58_DOJ_ICITAP_Fact_Sheets.html,N58_DOJ_ICITAP_Fact_Sheets.html,.html,94228,e815142ace1d047539132b48f47c5561f4eb3db8c8e7f02b92daa048dcb94aa6,secondary/web-capture,unique,1,yes
part-06,series_projects/usaid-office-of-public-safety/articles/part-06-after-the-office-of-public-safety/sources/icitap/N62_DOJ_ICITAP_40_Years_2026.html,N62_DOJ_ICITAP_40_Years_2026.html,.html,97928,02a0483026efb4f58f87d660d45b1c9d451b6dae73e0947a21697e88798663ec,secondary/web-capture,unique,1,yes
part-06,series_projects/usaid-office-of-public-safety/articles/part-06-after-the-office-of-public-safety/sources/ICITAP’S HISTORICAL MILESTONES.pdf,ICITAP’S HISTORICAL MILESTONES.pdf,.pdf,666169,a3259823a71a7b78a727986f1437a72bf4b0414680a7ce07a033ba4783bfdd7e,unclassified/mixed,duplicate-content,2,no
part-06,series_projects/usaid-office-of-public-safety/articles/part-06-after-the-office-of-public-safety/sources/International Law Enforcement Academy (ILEA).pdf,International Law Enforcement Academy (ILEA).pdf,.pdf,76930,c94603343b24638a5821ad339236316799a5ecc583e0a4204210a7956f8ca2f8,unclassified/mixed,unique,1,yes
part-06,series_projects/usaid-office-of-public-safety/articles/part-06-after-the-office-of-public-safety/sources/International Narcotics and Law Enforcement Affairs.pdf,International Narcotics and Law Enforcement Affairs.pdf,.pdf,139126,4588e73f2fcd506942adbeb70511c92ca7290d027eaffc21ef8a6a06631b8f11,unclassified/mixed,unique,1,yes
part-06,series_projects/usaid-office-of-public-safety/articles/part-06-after-the-office-of-public-safety/sources/International Security and Development Cooperation Act of 1985.pdf,International Security and Development Cooperation Act of 1985.pdf,.pdf,16248938,4a3e85b539461f997f996bf96d1b95cf92d70d405dc45aa68da4cf60d033a476,unclassified/mixed,unique,1,yes
part-06,series_projects/usaid-office-of-public-safety/articles/part-06-after-the-office-of-public-safety/sources/interview/N42_ZunZuneo_USAID_OIG_2015.pdf,N42_ZunZuneo_USAID_OIG_2015.pdf,.pdf,923456,6922231ea6de2c2612987c30cfcec0454a55154cae5857a0261b6742dc33d410,primary/government-or-contemporaneous-record,duplicate-content,3,no
part-06,series_projects/usaid-office-of-public-safety/articles/part-06-after-the-office-of-public-safety/sources/interview/N43_ZunZuneo_Senate_Hearing_2014.pdf,N43_ZunZuneo_Senate_Hearing_2014.pdf,.pdf,369612,54092105e06594aa32e64e9483559809dc43a8fdd54ca2620b79e28ec10dfb7a,primary/government-or-contemporaneous-record,unique,1,yes
part-06,series_projects/usaid-office-of-public-safety/articles/part-06-after-the-office-of-public-safety/sources/interview/N44_IRI_Bangladesh_Final_Report.pdf,N44_IRI_Bangladesh_Final_Report.pdf,.pdf,662142,d74aa716e0b15d796c59d88f9f21e51ec4d727c9c6ae53dfd028f5576cc4cdd9,unclassified/mixed,unique,1,yes
part-06,series_projects/usaid-office-of-public-safety/articles/part-06-after-the-office-of-public-safety/sources/INTERVIEW_CLAIMS.csv,INTERVIEW_CLAIMS.csv,.csv,6187,d02a492cb4a66a9548705c837431bafb84b2d60bb294d846cf999cb32894b612,unclassified/mixed,unique,1,yes
part-06,series_projects/usaid-office-of-public-safety/articles/part-06-after-the-office-of-public-safety/sources/jdq1de1 (Spanish Version).pdf,jdq1de1 (Spanish Version).pdf,.pdf,3924886,c0cb06658e2918828d1d85ef9f073d36d32c2cfb0ed8ff2a33c4c7acf791d6c6,unclassified/mixed,unique,1,yes
part-06,series_projects/usaid-office-of-public-safety/articles/part-06-after-the-office-of-public-safety/sources/LEAD_MAP.md,LEAD_MAP.md,.md,10072,cba6a5da269e56c1b14ea06c8840906bf5621b603ee3d761e3b50e7c0962ffdb,unclassified/mixed,unique,1,yes
part-06,series_projects/usaid-office-of-public-safety/articles/part-06-after-the-office-of-public-safety/sources/legal/N01_Foreign_Assistance_Act_Section_660_current.html,N01_Foreign_Assistance_Act_Section_660_current.html,.html,163375,9c89408ee8062ca5d4b0febca3ed65df510f2f377462baaa35237642b984c822,secondary/web-capture,unique,1,yes
part-06,series_projects/usaid-office-of-public-safety/articles/part-06-after-the-office-of-public-safety/sources/legal/N02_Public_Law_93-559.pdf,N02_Public_Law_93-559.pdf,.pdf,4814601,328832e30696cf09b65763eddbc304e24b220c0f7b25041f766e4152b5a2d17a,unclassified/mixed,duplicate-content,3,no
part-06,series_projects/usaid-office-of-public-safety/articles/part-06-after-the-office-of-public-safety/sources/legal/N03_Public_Law_99-83.pdf,N03_Public_Law_99-83.pdf,.pdf,16343298,93adc812071bbf22d9d9c5b8c5dfb93dfa03fdeabe5b9e1dcf0fbbeec3592da6,unclassified/mixed,duplicate-content,2,no
part-06,series_projects/usaid-office-of-public-safety/articles/part-06-after-the-office-of-public-safety/sources/legal/N04_Foreign_Assistance_Act_current.pdf,N04_Foreign_Assistance_Act_current.pdf,.pdf,791811,ec57091486f5e8ed2ee5297b3671e7769c54bb7563b2c22263876ad3d2d51be5,unclassified/mixed,unique,1,yes
part-06,series_projects/usaid-office-of-public-safety/articles/part-06-after-the-office-of-public-safety/sources/legal/N05_Public_Law_112-239_Smith_Mundt_Modernization.pdf,N05_Public_Law_112-239_Smith_Mundt_Modernization.pdf,.pdf,1935492,9a34825d75eb9ad25ebec9f2e621dc46cc9ce2a6491a3e4046009b8e4af8b0b9,unclassified/mixed,unique,1,yes
part-06,series_projects/usaid-office-of-public-safety/articles/part-06-after-the-office-of-public-safety/sources/legal/N06_22_USC_2291_Counternarcotics.html,N06_22_USC_2291_Counternarcotics.html,.html,286666,f9f72a42932952394e94f368e94c6754f7d8ab8d31131992f8ee8e7e26fac084,secondary/web-capture,unique,1,yes
part-06,series_projects/usaid-office-of-public-safety/articles/part-06-after-the-office-of-public-safety/sources/Modernizing Repression Police Training - Jeremy Kuzmarov.htm,Modernizing Repression Police Training - Jeremy Kuzmarov.htm,.htm,1409382,7ca1639d9994dd82fbab92d745eb0c36611996b7093ccb1185fe249d880a4970,secondary/book-or-monograph,unique,1,yes
part-06,series_projects/usaid-office-of-public-safety/articles/part-06-after-the-office-of-public-safety/sources/NSIAD-92-118.pdf,NSIAD-92-118.pdf,.pdf,1765390,863d123669cdcf96286f52e2e31839b02e264267f73e68947af80d47c5defddd,unclassified/mixed,duplicate-content,2,no
part-06,series_projects/usaid-office-of-public-safety/articles/part-06-after-the-office-of-public-safety/sources/NSIAD-93-109.pdf,NSIAD-93-109.pdf,.pdf,1000822,5a72899b09db684dfabb0d9b09468c6cf19dc4a401a64090c2255a804a939ddb,unclassified/mixed,unique,1,yes
part-06,series_projects/usaid-office-of-public-safety/articles/part-06-after-the-office-of-public-safety/sources/P6-018_Benz_USAID_Interview_Report.md,P6-018_Benz_USAID_Interview_Report.md,.md,40248,e45a17196a852bfd9b1c17d4aded2216b97f0bc959794e005ed652e2e5357bdb,unclassified/mixed,unique,1,yes
part-06,series_projects/usaid-office-of-public-safety/articles/part-06-after-the-office-of-public-safety/sources/policing the new world disorder - peace operations and public security.pdf,policing the new world disorder - peace operations and public security.pdf,.pdf,32792707,8c26a4e09b6a942c0c5c13104596d46d5c640ffa76f81b158ca0ed6a13bb24de,unclassified/mixed,unique,1,yes
part-06,series_projects/usaid-office-of-public-safety/articles/part-06-after-the-office-of-public-safety/sources/policy/N49_State_USAID_QDDR_2010.pdf,N49_State_USAID_QDDR_2010.pdf,.pdf,4094717,b138ac42fe8304cf99e618713981c56788862812f398439c2a2dc599a773aecf,unclassified/mixed,unique,1,yes
part-06,series_projects/usaid-office-of-public-safety/articles/part-06-after-the-office-of-public-safety/sources/POST_OPS_SOURCE_TIMELINE.csv,POST_OPS_SOURCE_TIMELINE.csv,.csv,7204,6bebbb6e556c9a6531c5fb9ae81f6365d2116e5758aef5173f5d7cafdbc97022,unclassified/mixed,unique,1,yes
part-06,series_projects/usaid-office-of-public-safety/articles/part-06-after-the-office-of-public-safety/sources/REMARKS BY THE PRESIDENT TO THE GENERAL ASSEMBLY.pdf,REMARKS BY THE PRESIDENT TO THE GENERAL ASSEMBLY.pdf,.pdf,112120,8f563aa1126a79d73d93f86fd562c75a7a7a9e479cdd1d2a46a1b498f09246b7,unclassified/mixed,unique,1,yes
part-06,series_projects/usaid-office-of-public-safety/articles/part-06-after-the-office-of-public-safety/sources/sideliningdemocracy publication.htm,sideliningdemocracy publication.htm,.htm,449257,ad8552a52616ad3000fb633c836fa2d13ba18a3b97771fe68300c24bdf5a6c61,secondary/web-capture,unique,1,yes
part-06,series_projects/usaid-office-of-public-safety/articles/part-06-after-the-office-of-public-safety/sources/SOURCE_GAPS.md,SOURCE_GAPS.md,.md,4713,87917d6ad7b682206db29df7d35a0ce60e9b34dc51ef1424fb1c31627ec68c89,unclassified/mixed,unique,1,yes
part-06,series_projects/usaid-office-of-public-safety/articles/part-06-after-the-office-of-public-safety/sources/SOURCE_INVENTORY.csv,SOURCE_INVENTORY.csv,.csv,19498,968e2b353da3b74f85210d00d952709eb857f70fa7c2d36727b39a482f4fb801,unclassified/mixed,unique,1,yes
part-06,series_projects/usaid-office-of-public-safety/articles/part-06-after-the-office-of-public-safety/sources/state/N75_State_ILEA_Overview.html,N75_State_ILEA_Overview.html,.html,186130,a04f82bf036b8170eb3552daee828416df37bff2959ae1bf42b275bd5331511e,secondary/web-capture,unique,1,yes
part-06,series_projects/usaid-office-of-public-safety/articles/part-06-after-the-office-of-public-safety/sources/STATUTE-97-Pg964.pdf,STATUTE-97-Pg964.pdf,.pdf,3506844,72faa5bcf6b52958d097d690ee752e4cca2bf69038b0f3d68b4f656cb7962877,primary/government-or-contemporaneous-record,unique,1,yes
