claim_id,assertion_id,content_id,claim_text,assertion_text,claim_classification,support_status,support_type,source_number,source_title,source_excerpt,source_url,article_excerpt,article_section,source_file,spoiler_scope,review_required,notes
CLM-USAIDCIA-P01-017,AST-WRR-USAIDCIA-P01-TT-SHORT-001-01,WRR-USAIDCIA-P01-TT-SHORT-001,The committee recommended a dedicated AID police office.,Open the July 1962 police-assistance memorandum and one bureaucratic sentence changes the story: The committee recommended a dedicated AID police office.,STRONG_INFERENCE,INFERENCE_SUPPORTED,INFERENTIAL,4,published Foreign Relations memorandum,"That to carry out its responsibilities, AID establish an office specifically charged with police matters, staffed with sufficient qualified personnel to: (a) provide centralized professional and technical planning guidance to the country teams, police missions and State and AID regional bureaus; (b) provide professional and technical guidance and professional and technical supervision in implementing programs; (c) establish and supervise training requirements for U.S. police technicians, and standards of evaluating professional competence; (d) to conduct surveys and program evaluations; (e) to provide an essential repository of technical knowledge based on research in the latest techniques of controlling subversion and mass violence; that AID appoint a senior professional to head this office, responsible to the Special Assistant-Internal Defense with direct access to the Deputy Administrator; that while line responsibility for AID police programs remains with each regional AID bureau, sufficient professional personnel should be assigned to the new Office to provide the centralized staff support outlined above",https://history.state.gov/historicaldocuments/frus1961-63v08/d99,The institutional design is easiest to see in paragraph five. AID was ordered to establish an office specifically charged with police matters.,WHAT THE NEW OFFICE WAS BUILT TO DO,shared_sources/source_gap_hunt/Memorandum From the Interagency Committee on Police Assistance Programs to President Kenne.extracted.txt,CURRENT_PART,YES,Synthetic language mapped to underlying claims.
CLM-USAIDCIA-P01-018,AST-WRR-USAIDCIA-P01-TT-SHORT-001-01,WRR-USAIDCIA-P01-TT-SHORT-001,The proposed police office would research techniques for controlling subversion and mass violence.,Open the July 1962 police-assistance memorandum and one bureaucratic sentence changes the story: The committee recommended a dedicated AID police office.,STRONG_INFERENCE,INFERENCE_SUPPORTED,INFERENTIAL,4,published Foreign Relations memorandum,provide an essential repository of technical knowledge based on research in the latest techniques of controlling subversion and mass violence,https://history.state.gov/historicaldocuments/frus1961-63v08/d99,One duty stands out. The office was to become an essential repository of technical knowledge based on research into the latest techniques for controlling subversion and mass violence.,WHAT THE NEW OFFICE WAS BUILT TO DO,shared_sources/source_gap_hunt/Memorandum From the Interagency Committee on Police Assistance Programs to President Kenne.extracted.txt,CURRENT_PART,YES,Synthetic language mapped to underlying claims.
CLM-USAIDCIA-P01-018,AST-WRR-USAIDCIA-P01-TT-SHORT-001-02,WRR-USAIDCIA-P01-TT-SHORT-001,The proposed police office would research techniques for controlling subversion and mass violence.,The proposed police office would research techniques for controlling subversion and mass violence.,DOCUMENTED_FACT,SUPPORTED,DIRECT,4,published Foreign Relations memorandum,provide an essential repository of technical knowledge based on research in the latest techniques of controlling subversion and mass violence,https://history.state.gov/historicaldocuments/frus1961-63v08/d99,One duty stands out. The office was to become an essential repository of technical knowledge based on research into the latest techniques for controlling subversion and mass violence.,WHAT THE NEW OFFICE WAS BUILT TO DO,shared_sources/source_gap_hunt/Memorandum From the Interagency Committee on Police Assistance Programs to President Kenne.extracted.txt,CURRENT_PART,NO,Sentence-level deterministic evidence mapping.
CLM-USAIDCIA-P01-017,AST-WRR-USAIDCIA-P01-TT-SHORT-001-04,WRR-USAIDCIA-P01-TT-SHORT-001,The committee recommended a dedicated AID police office.,Part 1 has the documents.,STRONG_INFERENCE,INFERENCE_SUPPORTED,INFERENTIAL,4,published Foreign Relations memorandum,"That to carry out its responsibilities, AID establish an office specifically charged with police matters, staffed with sufficient qualified personnel to: (a) provide centralized professional and technical planning guidance to the country teams, police missions and State and AID regional bureaus; (b) provide professional and technical guidance and professional and technical supervision in implementing programs; (c) establish and supervise training requirements for U.S. police technicians, and standards of evaluating professional competence; (d) to conduct surveys and program evaluations; (e) to provide an essential repository of technical knowledge based on research in the latest techniques of controlling subversion and mass violence; that AID appoint a senior professional to head this office, responsible to the Special Assistant-Internal Defense with direct access to the Deputy Administrator; that while line responsibility for AID police programs remains with each regional AID bureau, sufficient professional personnel should be assigned to the new Office to provide the centralized staff support outlined above",https://history.state.gov/historicaldocuments/frus1961-63v08/d99,The institutional design is easiest to see in paragraph five. AID was ordered to establish an office specifically charged with police matters.,WHAT THE NEW OFFICE WAS BUILT TO DO,shared_sources/source_gap_hunt/Memorandum From the Interagency Committee on Police Assistance Programs to President Kenne.extracted.txt,CURRENT_PART,YES,Synthetic language mapped to underlying claims.
CLM-USAIDCIA-P01-018,AST-WRR-USAIDCIA-P01-TT-SHORT-001-04,WRR-USAIDCIA-P01-TT-SHORT-001,The proposed police office would research techniques for controlling subversion and mass violence.,Part 1 has the documents.,STRONG_INFERENCE,INFERENCE_SUPPORTED,INFERENTIAL,4,published Foreign Relations memorandum,provide an essential repository of technical knowledge based on research in the latest techniques of controlling subversion and mass violence,https://history.state.gov/historicaldocuments/frus1961-63v08/d99,One duty stands out. The office was to become an essential repository of technical knowledge based on research into the latest techniques for controlling subversion and mass violence.,WHAT THE NEW OFFICE WAS BUILT TO DO,shared_sources/source_gap_hunt/Memorandum From the Interagency Committee on Police Assistance Programs to President Kenne.extracted.txt,CURRENT_PART,YES,Synthetic language mapped to underlying claims.
CLM-USAIDCIA-P01-015,AST-WRR-USAIDCIA-P01-TT-SHORT-002-01,WRR-USAIDCIA-P01-TT-SHORT-002,The committee recommended that AID coordinate and lead all police-assistance programs under State policy guidance.,AID administered development assistance.,STRONG_INFERENCE,INFERENCE_SUPPORTED,INFERENTIAL,4,published Foreign Relations memorandum,"subject to the general policy guidance of the Department of State in internal defense matters, the Administrator of AID be charged, in his capacity as coordinator of U.S. aid programs, with responsibility for coordination and vigorous leadership of all police assistance programs",https://history.state.gov/historicaldocuments/frus1961-63v08/d99,"The secretary of State would provide general policy guidance on internal-defense matters. AID's administrator, already the coordinator of American aid programs, would provide vigorous leadership across police-assistance programs. The Defense Department would retain programs selected for military handling. An interagency police group would help coordinate the system.",THE ARCHITECTURE TAKES SHAPE,shared_sources/source_gap_hunt/Memorandum From the Interagency Committee on Police Assistance Programs to President Kenne.extracted.txt,CURRENT_PART,YES,Synthetic language mapped to underlying claims.
CLM-USAIDCIA-P01-016,AST-WRR-USAIDCIA-P01-TT-SHORT-002-01,WRR-USAIDCIA-P01-TT-SHORT-002,The committee assigned AID operating and funding responsibility except for covert aspects and selected Defense programs.,AID administered development assistance.,STRONG_INFERENCE,INFERENCE_SUPPORTED,INFERENTIAL,4,published Foreign Relations memorandum,"That AID be charged with operating and funding responsibility for all such programs, except for their covert aspects and for those programs which the Administrator of AID decides should be carried out by the Department of Defense",https://history.state.gov/historicaldocuments/frus1961-63v08/d99,"The third paragraph charged AID's administrator with coordination and vigorous leadership. The fourth went further: AID received operating and funding responsibility for the programs, apart from those assigned to Defense—and apart from their covert aspects.",THE ORDER WITH THE EXCEPTION,shared_sources/source_gap_hunt/Memorandum From the Interagency Committee on Police Assistance Programs to President Kenne.extracted.txt,CURRENT_PART,YES,Synthetic language mapped to underlying claims.
CLM-USAIDCIA-P01-015,AST-WRR-USAIDCIA-P01-TT-SHORT-002-02,WRR-USAIDCIA-P01-TT-SHORT-002,The committee recommended that AID coordinate and lead all police-assistance programs under State policy guidance.,Yet the committee recommended that AID coordinate and lead all police-assistance programs under State policy guidance.,DOCUMENTED_FACT,SUPPORTED,DIRECT,4,published Foreign Relations memorandum,"subject to the general policy guidance of the Department of State in internal defense matters, the Administrator of AID be charged, in his capacity as coordinator of U.S. aid programs, with responsibility for coordination and vigorous leadership of all police assistance programs",https://history.state.gov/historicaldocuments/frus1961-63v08/d99,"The secretary of State would provide general policy guidance on internal-defense matters. AID's administrator, already the coordinator of American aid programs, would provide vigorous leadership across police-assistance programs. The Defense Department would retain programs selected for military handling. An interagency police group would help coordinate the system.",THE ARCHITECTURE TAKES SHAPE,shared_sources/source_gap_hunt/Memorandum From the Interagency Committee on Police Assistance Programs to President Kenne.extracted.txt,CURRENT_PART,NO,Sentence-level deterministic evidence mapping.
CLM-USAIDCIA-P01-016,AST-WRR-USAIDCIA-P01-TT-SHORT-002-02,WRR-USAIDCIA-P01-TT-SHORT-002,The committee assigned AID operating and funding responsibility except for covert aspects and selected Defense programs.,Yet the committee recommended that AID coordinate and lead all police-assistance programs under State policy guidance.,DOCUMENTED_FACT,SUPPORTED,DIRECT,4,published Foreign Relations memorandum,"That AID be charged with operating and funding responsibility for all such programs, except for their covert aspects and for those programs which the Administrator of AID decides should be carried out by the Department of Defense",https://history.state.gov/historicaldocuments/frus1961-63v08/d99,"The third paragraph charged AID's administrator with coordination and vigorous leadership. The fourth went further: AID received operating and funding responsibility for the programs, apart from those assigned to Defense—and apart from their covert aspects.",THE ORDER WITH THE EXCEPTION,shared_sources/source_gap_hunt/Memorandum From the Interagency Committee on Police Assistance Programs to President Kenne.extracted.txt,CURRENT_PART,NO,Sentence-level deterministic evidence mapping.
CLM-USAIDCIA-P01-016,AST-WRR-USAIDCIA-P01-TT-SHORT-002-03,WRR-USAIDCIA-P01-TT-SHORT-002,The committee assigned AID operating and funding responsibility except for covert aspects and selected Defense programs.,The committee assigned AID operating and funding responsibility except for covert aspects and selected Defense programs.,DOCUMENTED_FACT,SUPPORTED,DIRECT,4,published Foreign Relations memorandum,"That AID be charged with operating and funding responsibility for all such programs, except for their covert aspects and for those programs which the Administrator of AID decides should be carried out by the Department of Defense",https://history.state.gov/historicaldocuments/frus1961-63v08/d99,"The third paragraph charged AID's administrator with coordination and vigorous leadership. The fourth went further: AID received operating and funding responsibility for the programs, apart from those assigned to Defense—and apart from their covert aspects.",THE ORDER WITH THE EXCEPTION,shared_sources/source_gap_hunt/Memorandum From the Interagency Committee on Police Assistance Programs to President Kenne.extracted.txt,CURRENT_PART,NO,Sentence-level deterministic evidence mapping.
CLM-USAIDCIA-P01-001,AST-WRR-USAIDCIA-P01-TT-SHORT-003-01,WRR-USAIDCIA-P01-TT-SHORT-003,"NSAM 132 was dated February 19, 1962.",John F. Kennedy did not describe police assistance as an ordinary development program.,STRONG_INFERENCE,INFERENCE_SUPPORTED,INFERENTIAL,2,"NSAM 132, signed February 19, 1962","Washington, February 19, 1962. TO The Honorable Fowler Hamilton The Administrator Agency for International Development SUBJECT",https://history.state.gov/historicaldocuments/frus1961-63v08/d72,"President John F. Kennedy addressed that tension directly in NSAM 132, signed February 19, 1962. His memorandum went to Fowler Hamilton, the administrator of AID. Kennedy said police assistance was a crucial element of the response to Communist “indirect aggression,” even though it could look marginal under criteria focused on sustained economic growth.",THE PROGRAM THAT DID NOT FIT DEVELOPMENT,shared_sources/source_gap_hunt/National Security Action Memorandum No. 132.extracted.txt,CURRENT_PART,YES,Synthetic language mapped to underlying claims.
CLM-USAIDCIA-P01-002,AST-WRR-USAIDCIA-P01-TT-SHORT-003-01,WRR-USAIDCIA-P01-TT-SHORT-003,Kennedy described police assistance as crucial to countering Communist indirect aggression.,John F. Kennedy did not describe police assistance as an ordinary development program.,STRONG_INFERENCE,INFERENCE_SUPPORTED,INFERENTIAL,2,"NSAM 132, signed February 19, 1962","Police assistance programs, including those under the aegis of your agency, are also a crucial element in our response to this challenge",https://history.state.gov/historicaldocuments/frus1961-63v08/d72,"President John F. Kennedy addressed that tension directly in NSAM 132, signed February 19, 1962. His memorandum went to Fowler Hamilton, the administrator of AID. Kennedy said police assistance was a crucial element of the response to Communist “indirect aggression,” even though it could look marginal under criteria focused on sustained economic growth.",THE PROGRAM THAT DID NOT FIT DEVELOPMENT,shared_sources/source_gap_hunt/National Security Action Memorandum No. 132.extracted.txt,CURRENT_PART,YES,Synthetic language mapped to underlying claims.
CLM-USAIDCIA-P01-001,AST-WRR-USAIDCIA-P01-TT-SHORT-003-02,WRR-USAIDCIA-P01-TT-SHORT-003,"NSAM 132 was dated February 19, 1962.","NSAM 132 was dated February 19, 1962.",DOCUMENTED_FACT,SUPPORTED,DIRECT,2,"NSAM 132, signed February 19, 1962","Washington, February 19, 1962. TO The Honorable Fowler Hamilton The Administrator Agency for International Development SUBJECT",https://history.state.gov/historicaldocuments/frus1961-63v08/d72,"President John F. Kennedy addressed that tension directly in NSAM 132, signed February 19, 1962. His memorandum went to Fowler Hamilton, the administrator of AID. Kennedy said police assistance was a crucial element of the response to Communist “indirect aggression,” even though it could look marginal under criteria focused on sustained economic growth.",THE PROGRAM THAT DID NOT FIT DEVELOPMENT,shared_sources/source_gap_hunt/National Security Action Memorandum No. 132.extracted.txt,CURRENT_PART,NO,Sentence-level deterministic evidence mapping.
CLM-USAIDCIA-P01-002,AST-WRR-USAIDCIA-P01-TT-SHORT-003-03,WRR-USAIDCIA-P01-TT-SHORT-003,Kennedy described police assistance as crucial to countering Communist indirect aggression.,Kennedy described police assistance as crucial to countering Communist indirect aggression.,DOCUMENTED_FACT,SUPPORTED,DIRECT,2,"NSAM 132, signed February 19, 1962","Police assistance programs, including those under the aegis of your agency, are also a crucial element in our response to this challenge",https://history.state.gov/historicaldocuments/frus1961-63v08/d72,"President John F. Kennedy addressed that tension directly in NSAM 132, signed February 19, 1962. His memorandum went to Fowler Hamilton, the administrator of AID. Kennedy said police assistance was a crucial element of the response to Communist “indirect aggression,” even though it could look marginal under criteria focused on sustained economic growth.",THE PROGRAM THAT DID NOT FIT DEVELOPMENT,shared_sources/source_gap_hunt/National Security Action Memorandum No. 132.extracted.txt,CURRENT_PART,NO,Sentence-level deterministic evidence mapping.
CLM-USAIDCIA-P01-001,AST-WRR-USAIDCIA-P01-TT-MEDIUM-001-01,WRR-USAIDCIA-P01-TT-MEDIUM-001,"NSAM 132 was dated February 19, 1962.","Follow four decisions across 1962, and a police system takes shape in plain sight.",DOCUMENTED_FACT,PARTIALLY_SUPPORTED,DIRECT,2,"NSAM 132, signed February 19, 1962","Washington, February 19, 1962. TO The Honorable Fowler Hamilton The Administrator Agency for International Development SUBJECT",https://history.state.gov/historicaldocuments/frus1961-63v08/d72,"President John F. Kennedy addressed that tension directly in NSAM 132, signed February 19, 1962. His memorandum went to Fowler Hamilton, the administrator of AID. Kennedy said police assistance was a crucial element of the response to Communist “indirect aggression,” even though it could look marginal under criteria focused on sustained economic growth.",THE PROGRAM THAT DID NOT FIT DEVELOPMENT,shared_sources/source_gap_hunt/National Security Action Memorandum No. 132.extracted.txt,CURRENT_PART,YES,Sentence-level deterministic evidence mapping.
CLM-USAIDCIA-P01-006,AST-WRR-USAIDCIA-P01-TT-MEDIUM-001-01,WRR-USAIDCIA-P01-TT-MEDIUM-001,"NSAM 162 was dated June 19, 1962.","Follow four decisions across 1962, and a police system takes shape in plain sight.",DOCUMENTED_FACT,PARTIALLY_SUPPORTED,DIRECT,3,NSAM 162,"Washington, June 19, 1962. TO",https://history.state.gov/historicaldocuments/frus1961-63v08/d91,"Four months later, NSAM 162 widened the frame. Its subject was the development of American and indigenous police, paramilitary and military resources. Police capacity was being discussed as one component of a larger overseas internal-defense system.",THE ARCHITECTURE TAKES SHAPE,shared_sources/source_gap_hunt/National Security Action Memorandum No. 162.extracted.txt,CURRENT_PART,YES,Sentence-level deterministic evidence mapping.
CLM-USAIDCIA-P01-010,AST-WRR-USAIDCIA-P01-TT-MEDIUM-001-01,WRR-USAIDCIA-P01-TT-MEDIUM-001,"The July 20, 1962 committee called police programs a neglected part of countering subversion and insurgency.","Follow four decisions across 1962, and a police system takes shape in plain sight.",DOCUMENTED_FACT,PARTIALLY_SUPPORTED,DIRECT,4,published Foreign Relations memorandum,the U.S. police assistance programs form a very important but neglected part of our intensified effort to help emerging nations counter subversion and insurgency,https://history.state.gov/historicaldocuments/frus1961-63v08/d99,"Then, on July 20, 1962, an interagency committee chaired through the State Department delivered its recommendations. The published Foreign Relations memorandum is short, but the Kennedy Library folder preserves the fuller report and the implementation papers that followed.",THE ARCHITECTURE TAKES SHAPE,shared_sources/source_gap_hunt/Memorandum From the Interagency Committee on Police Assistance Programs to President Kenne.extracted.txt,CURRENT_PART,YES,Sentence-level deterministic evidence mapping.
CLM-USAIDCIA-P01-001,AST-WRR-USAIDCIA-P01-TT-MEDIUM-001-02,WRR-USAIDCIA-P01-TT-MEDIUM-001,"NSAM 132 was dated February 19, 1962.","NSAM 132 was dated February 19, 1962.",DOCUMENTED_FACT,SUPPORTED,DIRECT,2,"NSAM 132, signed February 19, 1962","Washington, February 19, 1962. TO The Honorable Fowler Hamilton The Administrator Agency for International Development SUBJECT",https://history.state.gov/historicaldocuments/frus1961-63v08/d72,"President John F. Kennedy addressed that tension directly in NSAM 132, signed February 19, 1962. His memorandum went to Fowler Hamilton, the administrator of AID. Kennedy said police assistance was a crucial element of the response to Communist “indirect aggression,” even though it could look marginal under criteria focused on sustained economic growth.",THE PROGRAM THAT DID NOT FIT DEVELOPMENT,shared_sources/source_gap_hunt/National Security Action Memorandum No. 132.extracted.txt,CURRENT_PART,NO,Sentence-level deterministic evidence mapping.
CLM-USAIDCIA-P01-006,AST-WRR-USAIDCIA-P01-TT-MEDIUM-001-03,WRR-USAIDCIA-P01-TT-MEDIUM-001,"NSAM 162 was dated June 19, 1962.","NSAM 162 was dated June 19, 1962.",DOCUMENTED_FACT,SUPPORTED,DIRECT,3,NSAM 162,"Washington, June 19, 1962. TO",https://history.state.gov/historicaldocuments/frus1961-63v08/d91,"Four months later, NSAM 162 widened the frame. Its subject was the development of American and indigenous police, paramilitary and military resources. Police capacity was being discussed as one component of a larger overseas internal-defense system.",THE ARCHITECTURE TAKES SHAPE,shared_sources/source_gap_hunt/National Security Action Memorandum No. 162.extracted.txt,CURRENT_PART,NO,Sentence-level deterministic evidence mapping.
CLM-USAIDCIA-P01-010,AST-WRR-USAIDCIA-P01-TT-MEDIUM-001-04,WRR-USAIDCIA-P01-TT-MEDIUM-001,"The July 20, 1962 committee called police programs a neglected part of countering subversion and insurgency.","The July 20, 1962 committee called police programs a neglected part of countering subversion and insurgency.",DOCUMENTED_FACT,SUPPORTED,DIRECT,4,published Foreign Relations memorandum,the U.S. police assistance programs form a very important but neglected part of our intensified effort to help emerging nations counter subversion and insurgency,https://history.state.gov/historicaldocuments/frus1961-63v08/d99,"Then, on July 20, 1962, an interagency committee chaired through the State Department delivered its recommendations. The published Foreign Relations memorandum is short, but the Kennedy Library folder preserves the fuller report and the implementation papers that followed.",THE ARCHITECTURE TAKES SHAPE,shared_sources/source_gap_hunt/Memorandum From the Interagency Committee on Police Assistance Programs to President Kenne.extracted.txt,CURRENT_PART,NO,Sentence-level deterministic evidence mapping.
CLM-USAIDCIA-P01-016,AST-WRR-USAIDCIA-P01-TT-MEDIUM-001-05,WRR-USAIDCIA-P01-TT-MEDIUM-001,The committee assigned AID operating and funding responsibility except for covert aspects and selected Defense programs.,The committee assigned AID operating and funding responsibility except for covert aspects and selected Defense programs.,DOCUMENTED_FACT,SUPPORTED,DIRECT,4,published Foreign Relations memorandum,"That AID be charged with operating and funding responsibility for all such programs, except for their covert aspects and for those programs which the Administrator of AID decides should be carried out by the Department of Defense",https://history.state.gov/historicaldocuments/frus1961-63v08/d99,"The third paragraph charged AID's administrator with coordination and vigorous leadership. The fourth went further: AID received operating and funding responsibility for the programs, apart from those assigned to Defense—and apart from their covert aspects.",THE ORDER WITH THE EXCEPTION,shared_sources/source_gap_hunt/Memorandum From the Interagency Committee on Police Assistance Programs to President Kenne.extracted.txt,CURRENT_PART,NO,Sentence-level deterministic evidence mapping.
CLM-USAIDCIA-P01-001,AST-WRR-USAIDCIA-P01-TT-MEDIUM-001-06,WRR-USAIDCIA-P01-TT-MEDIUM-001,"NSAM 132 was dated February 19, 1962.","That division matters: overt administration and covert activity were recognized as different categories, not proof that AID and CIA were identical.",STRONG_INFERENCE,INFERENCE_SUPPORTED,INFERENTIAL,2,"NSAM 132, signed February 19, 1962","Washington, February 19, 1962. TO The Honorable Fowler Hamilton The Administrator Agency for International Development SUBJECT",https://history.state.gov/historicaldocuments/frus1961-63v08/d72,"President John F. Kennedy addressed that tension directly in NSAM 132, signed February 19, 1962. His memorandum went to Fowler Hamilton, the administrator of AID. Kennedy said police assistance was a crucial element of the response to Communist “indirect aggression,” even though it could look marginal under criteria focused on sustained economic growth.",THE PROGRAM THAT DID NOT FIT DEVELOPMENT,shared_sources/source_gap_hunt/National Security Action Memorandum No. 132.extracted.txt,CURRENT_PART,YES,Synthetic language mapped to underlying claims.
CLM-USAIDCIA-P01-006,AST-WRR-USAIDCIA-P01-TT-MEDIUM-001-06,WRR-USAIDCIA-P01-TT-MEDIUM-001,"NSAM 162 was dated June 19, 1962.","That division matters: overt administration and covert activity were recognized as different categories, not proof that AID and CIA were identical.",STRONG_INFERENCE,INFERENCE_SUPPORTED,INFERENTIAL,3,NSAM 162,"Washington, June 19, 1962. TO",https://history.state.gov/historicaldocuments/frus1961-63v08/d91,"Four months later, NSAM 162 widened the frame. Its subject was the development of American and indigenous police, paramilitary and military resources. Police capacity was being discussed as one component of a larger overseas internal-defense system.",THE ARCHITECTURE TAKES SHAPE,shared_sources/source_gap_hunt/National Security Action Memorandum No. 162.extracted.txt,CURRENT_PART,YES,Synthetic language mapped to underlying claims.
CLM-USAIDCIA-P01-010,AST-WRR-USAIDCIA-P01-TT-MEDIUM-001-06,WRR-USAIDCIA-P01-TT-MEDIUM-001,"The July 20, 1962 committee called police programs a neglected part of countering subversion and insurgency.","That division matters: overt administration and covert activity were recognized as different categories, not proof that AID and CIA were identical.",STRONG_INFERENCE,INFERENCE_SUPPORTED,INFERENTIAL,4,published Foreign Relations memorandum,the U.S. police assistance programs form a very important but neglected part of our intensified effort to help emerging nations counter subversion and insurgency,https://history.state.gov/historicaldocuments/frus1961-63v08/d99,"Then, on July 20, 1962, an interagency committee chaired through the State Department delivered its recommendations. The published Foreign Relations memorandum is short, but the Kennedy Library folder preserves the fuller report and the implementation papers that followed.",THE ARCHITECTURE TAKES SHAPE,shared_sources/source_gap_hunt/Memorandum From the Interagency Committee on Police Assistance Programs to President Kenne.extracted.txt,CURRENT_PART,YES,Synthetic language mapped to underlying claims.
CLM-USAIDCIA-P01-016,AST-WRR-USAIDCIA-P01-TT-MEDIUM-001-06,WRR-USAIDCIA-P01-TT-MEDIUM-001,The committee assigned AID operating and funding responsibility except for covert aspects and selected Defense programs.,"That division matters: overt administration and covert activity were recognized as different categories, not proof that AID and CIA were identical.",STRONG_INFERENCE,INFERENCE_SUPPORTED,INFERENTIAL,4,published Foreign Relations memorandum,"That AID be charged with operating and funding responsibility for all such programs, except for their covert aspects and for those programs which the Administrator of AID decides should be carried out by the Department of Defense",https://history.state.gov/historicaldocuments/frus1961-63v08/d99,"The third paragraph charged AID's administrator with coordination and vigorous leadership. The fourth went further: AID received operating and funding responsibility for the programs, apart from those assigned to Defense—and apart from their covert aspects.",THE ORDER WITH THE EXCEPTION,shared_sources/source_gap_hunt/Memorandum From the Interagency Committee on Police Assistance Programs to President Kenne.extracted.txt,CURRENT_PART,YES,Synthetic language mapped to underlying claims.
CLM-USAIDCIA-P01-001,AST-WRR-USAIDCIA-P01-TT-MEDIUM-001-08,WRR-USAIDCIA-P01-TT-MEDIUM-001,"NSAM 132 was dated February 19, 1962.",Part 1 has the documents.,STRONG_INFERENCE,INFERENCE_SUPPORTED,INFERENTIAL,2,"NSAM 132, signed February 19, 1962","Washington, February 19, 1962. TO The Honorable Fowler Hamilton The Administrator Agency for International Development SUBJECT",https://history.state.gov/historicaldocuments/frus1961-63v08/d72,"President John F. Kennedy addressed that tension directly in NSAM 132, signed February 19, 1962. His memorandum went to Fowler Hamilton, the administrator of AID. Kennedy said police assistance was a crucial element of the response to Communist “indirect aggression,” even though it could look marginal under criteria focused on sustained economic growth.",THE PROGRAM THAT DID NOT FIT DEVELOPMENT,shared_sources/source_gap_hunt/National Security Action Memorandum No. 132.extracted.txt,CURRENT_PART,YES,Synthetic language mapped to underlying claims.
CLM-USAIDCIA-P01-006,AST-WRR-USAIDCIA-P01-TT-MEDIUM-001-08,WRR-USAIDCIA-P01-TT-MEDIUM-001,"NSAM 162 was dated June 19, 1962.",Part 1 has the documents.,STRONG_INFERENCE,INFERENCE_SUPPORTED,INFERENTIAL,3,NSAM 162,"Washington, June 19, 1962. TO",https://history.state.gov/historicaldocuments/frus1961-63v08/d91,"Four months later, NSAM 162 widened the frame. Its subject was the development of American and indigenous police, paramilitary and military resources. Police capacity was being discussed as one component of a larger overseas internal-defense system.",THE ARCHITECTURE TAKES SHAPE,shared_sources/source_gap_hunt/National Security Action Memorandum No. 162.extracted.txt,CURRENT_PART,YES,Synthetic language mapped to underlying claims.
CLM-USAIDCIA-P01-010,AST-WRR-USAIDCIA-P01-TT-MEDIUM-001-08,WRR-USAIDCIA-P01-TT-MEDIUM-001,"The July 20, 1962 committee called police programs a neglected part of countering subversion and insurgency.",Part 1 has the documents.,STRONG_INFERENCE,INFERENCE_SUPPORTED,INFERENTIAL,4,published Foreign Relations memorandum,the U.S. police assistance programs form a very important but neglected part of our intensified effort to help emerging nations counter subversion and insurgency,https://history.state.gov/historicaldocuments/frus1961-63v08/d99,"Then, on July 20, 1962, an interagency committee chaired through the State Department delivered its recommendations. The published Foreign Relations memorandum is short, but the Kennedy Library folder preserves the fuller report and the implementation papers that followed.",THE ARCHITECTURE TAKES SHAPE,shared_sources/source_gap_hunt/Memorandum From the Interagency Committee on Police Assistance Programs to President Kenne.extracted.txt,CURRENT_PART,YES,Synthetic language mapped to underlying claims.
CLM-USAIDCIA-P01-016,AST-WRR-USAIDCIA-P01-TT-MEDIUM-001-08,WRR-USAIDCIA-P01-TT-MEDIUM-001,The committee assigned AID operating and funding responsibility except for covert aspects and selected Defense programs.,Part 1 has the documents.,STRONG_INFERENCE,INFERENCE_SUPPORTED,INFERENTIAL,4,published Foreign Relations memorandum,"That AID be charged with operating and funding responsibility for all such programs, except for their covert aspects and for those programs which the Administrator of AID decides should be carried out by the Department of Defense",https://history.state.gov/historicaldocuments/frus1961-63v08/d99,"The third paragraph charged AID's administrator with coordination and vigorous leadership. The fourth went further: AID received operating and funding responsibility for the programs, apart from those assigned to Defense—and apart from their covert aspects.",THE ORDER WITH THE EXCEPTION,shared_sources/source_gap_hunt/Memorandum From the Interagency Committee on Police Assistance Programs to President Kenne.extracted.txt,CURRENT_PART,YES,Synthetic language mapped to underlying claims.
CLM-USAIDCIA-P01-002,AST-WRR-USAIDCIA-P01-TT-MEDIUM-002-01,WRR-USAIDCIA-P01-TT-MEDIUM-002,Kennedy described police assistance as crucial to countering Communist indirect aggression.,Why was a civilian aid agency being assigned a central role in overseas police assistance?,STRONG_INFERENCE,INFERENCE_SUPPORTED,INFERENTIAL,2,"NSAM 132, signed February 19, 1962","Police assistance programs, including those under the aegis of your agency, are also a crucial element in our response to this challenge",https://history.state.gov/historicaldocuments/frus1961-63v08/d72,"President John F. Kennedy addressed that tension directly in NSAM 132, signed February 19, 1962. His memorandum went to Fowler Hamilton, the administrator of AID. Kennedy said police assistance was a crucial element of the response to Communist “indirect aggression,” even though it could look marginal under criteria focused on sustained economic growth.",THE PROGRAM THAT DID NOT FIT DEVELOPMENT,shared_sources/source_gap_hunt/National Security Action Memorandum No. 132.extracted.txt,CURRENT_PART,YES,Synthetic language mapped to underlying claims.
CLM-USAIDCIA-P01-005,AST-WRR-USAIDCIA-P01-TT-MEDIUM-002-01,WRR-USAIDCIA-P01-TT-MEDIUM-002,Kennedy asked AID to review support for local police forces used for internal security and counterinsurgency.,Why was a civilian aid agency being assigned a central role in overseas police assistance?,STRONG_INFERENCE,INFERENCE_SUPPORTED,INFERENTIAL,2,"NSAM 132, signed February 19, 1962","In sum, I should like AID to review carefully its role in the support of local police forces for internal security and counter- insurgency purposes, and to recommend to me through the Special Group (Counter-Insurgency) what new or renewed emphases are desirable",https://history.state.gov/historicaldocuments/frus1961-63v08/d72,,THE PROGRAM THAT DID NOT FIT DEVELOPMENT,shared_sources/source_gap_hunt/National Security Action Memorandum No. 132.extracted.txt,CURRENT_PART,YES,Synthetic language mapped to underlying claims.
CLM-USAIDCIA-P01-007,AST-WRR-USAIDCIA-P01-TT-MEDIUM-002-01,WRR-USAIDCIA-P01-TT-MEDIUM-002,"NSAM 162 called for country plans combining military, police, intelligence and psychological measures.",Why was a civilian aid agency being assigned a central role in overseas police assistance?,STRONG_INFERENCE,INFERENCE_SUPPORTED,INFERENTIAL,3,NSAM 162,"These plans will include the military, police, intelligence and psychological measures comprising a well rounded internal defense plan and will be consistent with the military, economic, political and social measures constituting the overall country plan",https://history.state.gov/historicaldocuments/frus1961-63v08/d91,"Four months later, NSAM 162 widened the frame. Its subject was the development of American and indigenous police, paramilitary and military resources. Police capacity was being discussed as one component of a larger overseas internal-defense system.",THE ARCHITECTURE TAKES SHAPE,shared_sources/source_gap_hunt/National Security Action Memorandum No. 162.extracted.txt,CURRENT_PART,YES,Synthetic language mapped to underlying claims.
CLM-USAIDCIA-P01-010,AST-WRR-USAIDCIA-P01-TT-MEDIUM-002-01,WRR-USAIDCIA-P01-TT-MEDIUM-002,"The July 20, 1962 committee called police programs a neglected part of countering subversion and insurgency.",Why was a civilian aid agency being assigned a central role in overseas police assistance?,STRONG_INFERENCE,INFERENCE_SUPPORTED,INFERENTIAL,4,published Foreign Relations memorandum,the U.S. police assistance programs form a very important but neglected part of our intensified effort to help emerging nations counter subversion and insurgency,https://history.state.gov/historicaldocuments/frus1961-63v08/d99,"Then, on July 20, 1962, an interagency committee chaired through the State Department delivered its recommendations. The published Foreign Relations memorandum is short, but the Kennedy Library folder preserves the fuller report and the implementation papers that followed.",THE ARCHITECTURE TAKES SHAPE,shared_sources/source_gap_hunt/Memorandum From the Interagency Committee on Police Assistance Programs to President Kenne.extracted.txt,CURRENT_PART,YES,Synthetic language mapped to underlying claims.
CLM-USAIDCIA-P01-002,AST-WRR-USAIDCIA-P01-TT-MEDIUM-002-02,WRR-USAIDCIA-P01-TT-MEDIUM-002,Kennedy described police assistance as crucial to countering Communist indirect aggression.,Kennedy described police assistance as crucial to countering Communist indirect aggression.,DOCUMENTED_FACT,SUPPORTED,DIRECT,2,"NSAM 132, signed February 19, 1962","Police assistance programs, including those under the aegis of your agency, are also a crucial element in our response to this challenge",https://history.state.gov/historicaldocuments/frus1961-63v08/d72,"President John F. Kennedy addressed that tension directly in NSAM 132, signed February 19, 1962. His memorandum went to Fowler Hamilton, the administrator of AID. Kennedy said police assistance was a crucial element of the response to Communist “indirect aggression,” even though it could look marginal under criteria focused on sustained economic growth.",THE PROGRAM THAT DID NOT FIT DEVELOPMENT,shared_sources/source_gap_hunt/National Security Action Memorandum No. 132.extracted.txt,CURRENT_PART,NO,Sentence-level deterministic evidence mapping.
CLM-USAIDCIA-P01-005,AST-WRR-USAIDCIA-P01-TT-MEDIUM-002-03,WRR-USAIDCIA-P01-TT-MEDIUM-002,Kennedy asked AID to review support for local police forces used for internal security and counterinsurgency.,Kennedy asked AID to review support for local police forces used for internal security and counterinsurgency.,DOCUMENTED_FACT,SUPPORTED,DIRECT,2,"NSAM 132, signed February 19, 1962","In sum, I should like AID to review carefully its role in the support of local police forces for internal security and counter- insurgency purposes, and to recommend to me through the Special Group (Counter-Insurgency) what new or renewed emphases are desirable",https://history.state.gov/historicaldocuments/frus1961-63v08/d72,,THE PROGRAM THAT DID NOT FIT DEVELOPMENT,shared_sources/source_gap_hunt/National Security Action Memorandum No. 132.extracted.txt,CURRENT_PART,NO,Sentence-level deterministic evidence mapping.
CLM-USAIDCIA-P01-007,AST-WRR-USAIDCIA-P01-TT-MEDIUM-002-04,WRR-USAIDCIA-P01-TT-MEDIUM-002,"NSAM 162 called for country plans combining military, police, intelligence and psychological measures.","NSAM 162 called for country plans combining military, police, intelligence and psychological measures.",DOCUMENTED_FACT,SUPPORTED,DIRECT,3,NSAM 162,"These plans will include the military, police, intelligence and psychological measures comprising a well rounded internal defense plan and will be consistent with the military, economic, political and social measures constituting the overall country plan",https://history.state.gov/historicaldocuments/frus1961-63v08/d91,"Four months later, NSAM 162 widened the frame. Its subject was the development of American and indigenous police, paramilitary and military resources. Police capacity was being discussed as one component of a larger overseas internal-defense system.",THE ARCHITECTURE TAKES SHAPE,shared_sources/source_gap_hunt/National Security Action Memorandum No. 162.extracted.txt,CURRENT_PART,NO,Sentence-level deterministic evidence mapping.
CLM-USAIDCIA-P01-010,AST-WRR-USAIDCIA-P01-TT-MEDIUM-002-05,WRR-USAIDCIA-P01-TT-MEDIUM-002,"The July 20, 1962 committee called police programs a neglected part of countering subversion and insurgency.","The July 20, 1962 committee called police programs a neglected part of countering subversion and insurgency.",DOCUMENTED_FACT,SUPPORTED,DIRECT,4,published Foreign Relations memorandum,the U.S. police assistance programs form a very important but neglected part of our intensified effort to help emerging nations counter subversion and insurgency,https://history.state.gov/historicaldocuments/frus1961-63v08/d99,"Then, on July 20, 1962, an interagency committee chaired through the State Department delivered its recommendations. The published Foreign Relations memorandum is short, but the Kennedy Library folder preserves the fuller report and the implementation papers that followed.",THE ARCHITECTURE TAKES SHAPE,shared_sources/source_gap_hunt/Memorandum From the Interagency Committee on Police Assistance Programs to President Kenne.extracted.txt,CURRENT_PART,NO,Sentence-level deterministic evidence mapping.
CLM-USAIDCIA-P01-002,AST-WRR-USAIDCIA-P01-TT-MEDIUM-002-06,WRR-USAIDCIA-P01-TT-MEDIUM-002,Kennedy described police assistance as crucial to countering Communist indirect aggression.,"That division matters: overt administration and covert activity were recognized as different categories, not proof that AID and CIA were identical.",STRONG_INFERENCE,INFERENCE_SUPPORTED,INFERENTIAL,2,"NSAM 132, signed February 19, 1962","Police assistance programs, including those under the aegis of your agency, are also a crucial element in our response to this challenge",https://history.state.gov/historicaldocuments/frus1961-63v08/d72,"President John F. Kennedy addressed that tension directly in NSAM 132, signed February 19, 1962. His memorandum went to Fowler Hamilton, the administrator of AID. Kennedy said police assistance was a crucial element of the response to Communist “indirect aggression,” even though it could look marginal under criteria focused on sustained economic growth.",THE PROGRAM THAT DID NOT FIT DEVELOPMENT,shared_sources/source_gap_hunt/National Security Action Memorandum No. 132.extracted.txt,CURRENT_PART,YES,Synthetic language mapped to underlying claims.
CLM-USAIDCIA-P01-005,AST-WRR-USAIDCIA-P01-TT-MEDIUM-002-06,WRR-USAIDCIA-P01-TT-MEDIUM-002,Kennedy asked AID to review support for local police forces used for internal security and counterinsurgency.,"That division matters: overt administration and covert activity were recognized as different categories, not proof that AID and CIA were identical.",STRONG_INFERENCE,INFERENCE_SUPPORTED,INFERENTIAL,2,"NSAM 132, signed February 19, 1962","In sum, I should like AID to review carefully its role in the support of local police forces for internal security and counter- insurgency purposes, and to recommend to me through the Special Group (Counter-Insurgency) what new or renewed emphases are desirable",https://history.state.gov/historicaldocuments/frus1961-63v08/d72,,THE PROGRAM THAT DID NOT FIT DEVELOPMENT,shared_sources/source_gap_hunt/National Security Action Memorandum No. 132.extracted.txt,CURRENT_PART,YES,Synthetic language mapped to underlying claims.
CLM-USAIDCIA-P01-007,AST-WRR-USAIDCIA-P01-TT-MEDIUM-002-06,WRR-USAIDCIA-P01-TT-MEDIUM-002,"NSAM 162 called for country plans combining military, police, intelligence and psychological measures.","That division matters: overt administration and covert activity were recognized as different categories, not proof that AID and CIA were identical.",STRONG_INFERENCE,INFERENCE_SUPPORTED,INFERENTIAL,3,NSAM 162,"These plans will include the military, police, intelligence and psychological measures comprising a well rounded internal defense plan and will be consistent with the military, economic, political and social measures constituting the overall country plan",https://history.state.gov/historicaldocuments/frus1961-63v08/d91,"Four months later, NSAM 162 widened the frame. Its subject was the development of American and indigenous police, paramilitary and military resources. Police capacity was being discussed as one component of a larger overseas internal-defense system.",THE ARCHITECTURE TAKES SHAPE,shared_sources/source_gap_hunt/National Security Action Memorandum No. 162.extracted.txt,CURRENT_PART,YES,Synthetic language mapped to underlying claims.
CLM-USAIDCIA-P01-010,AST-WRR-USAIDCIA-P01-TT-MEDIUM-002-06,WRR-USAIDCIA-P01-TT-MEDIUM-002,"The July 20, 1962 committee called police programs a neglected part of countering subversion and insurgency.","That division matters: overt administration and covert activity were recognized as different categories, not proof that AID and CIA were identical.",STRONG_INFERENCE,INFERENCE_SUPPORTED,INFERENTIAL,4,published Foreign Relations memorandum,the U.S. police assistance programs form a very important but neglected part of our intensified effort to help emerging nations counter subversion and insurgency,https://history.state.gov/historicaldocuments/frus1961-63v08/d99,"Then, on July 20, 1962, an interagency committee chaired through the State Department delivered its recommendations. The published Foreign Relations memorandum is short, but the Kennedy Library folder preserves the fuller report and the implementation papers that followed.",THE ARCHITECTURE TAKES SHAPE,shared_sources/source_gap_hunt/Memorandum From the Interagency Committee on Police Assistance Programs to President Kenne.extracted.txt,CURRENT_PART,YES,Synthetic language mapped to underlying claims.
CLM-USAIDCIA-P01-012,AST-WRR-USAIDCIA-P01-TT-LONGSHORT-001-01,WRR-USAIDCIA-P01-TT-LONGSHORT-001,The committee reported that FY1958 AID police programs in 21 countries cost about $14 million.,The committee reported that FY1958 AID police programs in 21 countries cost about $14 million.,DOCUMENTED_FACT,SUPPORTED,DIRECT,4,published Foreign Relations memorandum,"in the peak year of FY 1958 the cost of AID programs in 21 countries, involving 690,000 police, totaled only about $14,000,000",https://history.state.gov/historicaldocuments/frus1961-63v08/d99,"AID would also create professional capacity that the scattered programs lacked. The committee called for better recruitment and training of American police advisers, more systematic evaluations, faster delivery of equipment and a government-managed international police academy.",THE ARCHITECTURE TAKES SHAPE,shared_sources/source_gap_hunt/Memorandum From the Interagency Committee on Police Assistance Programs to President Kenne.extracted.txt,CURRENT_PART,NO,Sentence-level deterministic evidence mapping.
CLM-USAIDCIA-P01-013,AST-WRR-USAIDCIA-P01-TT-LONGSHORT-001-02,WRR-USAIDCIA-P01-TT-LONGSHORT-001,The committee reported that FY1958 Defense police programs cost $5.8 million in five countries.,The committee reported that FY1958 Defense police programs cost $5.8 million in five countries.,DOCUMENTED_FACT,SUPPORTED,DIRECT,4,published Foreign Relations memorandum,"In that year, DOD programs ran $5,800,000 in 5 countries",https://history.state.gov/historicaldocuments/frus1961-63v08/d99,"The secretary of State would provide general policy guidance on internal-defense matters. AID's administrator, already the coordinator of American aid programs, would provide vigorous leadership across police-assistance programs. The Defense Department would retain programs selected for military handling. An interagency police group would help coordinate the system.",THE ARCHITECTURE TAKES SHAPE,shared_sources/source_gap_hunt/Memorandum From the Interagency Committee on Police Assistance Programs to President Kenne.extracted.txt,CURRENT_PART,NO,Sentence-level deterministic evidence mapping.
CLM-USAIDCIA-P01-014,AST-WRR-USAIDCIA-P01-TT-LONGSHORT-001-03,WRR-USAIDCIA-P01-TT-LONGSHORT-001,The committee recommended substantially increasing the global police-assistance program.,The committee recommended substantially increasing the global police-assistance program.,DOCUMENTED_FACT,SUPPORTED,DIRECT,4,published Foreign Relations memorandum,"AID should envisage very substantial increases in the global level of the FY 1963 program, with further increases in subsequent years where there is a demonstrated need",https://history.state.gov/historicaldocuments/frus1961-63v08/d99,"This was administrative reform, certainly. It was also strategy. The proposed academy was supposed to coordinate training with U.S. internal-defense objectives, while the police programs were to receive protection from competition with ordinary economic projects.",THE ARCHITECTURE TAKES SHAPE,shared_sources/source_gap_hunt/Memorandum From the Interagency Committee on Police Assistance Programs to President Kenne.extracted.txt,CURRENT_PART,NO,Sentence-level deterministic evidence mapping.
CLM-USAIDCIA-P01-021,AST-WRR-USAIDCIA-P01-TT-LONGSHORT-001-04,WRR-USAIDCIA-P01-TT-LONGSHORT-001,The committee proposed protecting police funds from competition with economic-development projects.,The committee proposed protecting police funds from competition with economic-development projects.,DOCUMENTED_FACT,SUPPORTED,DIRECT,4,published Foreign Relations memorandum,"That, to protect police programs, with their primarily internal defense rationale, from suffering as marginal competitors with primarily economic development projects, AID and the Bureau of the Budget should develop some means of providing the necessary degree of funding autonomy, such as creating a new AID line item for “internal defense” in the FY 1964 budget or funding through the Military Assistance Program though keeping the program in AID",https://history.state.gov/historicaldocuments/frus1961-63v08/d99,"The memorandum also ordered AID to study an international police academy under government management. The academy would tighten U.S. control over training and connect it more closely to internal-defense objectives. AID was told to protect police funding, possibly through an “internal defense” budget line or military-assistance funding while leaving the program inside AID.",WHAT THE NEW OFFICE WAS BUILT TO DO,shared_sources/source_gap_hunt/Memorandum From the Interagency Committee on Police Assistance Programs to President Kenne.extracted.txt,CURRENT_PART,NO,Sentence-level deterministic evidence mapping.
CLM-USAIDCIA-P01-022,AST-WRR-USAIDCIA-P01-TT-LONGSHORT-001-05,WRR-USAIDCIA-P01-TT-LONGSHORT-001,One proposed funding option was an AID internal-defense budget line for FY1964.,One proposed funding option was an AID internal-defense budget line for FY1964.,DOCUMENTED_FACT,SUPPORTED,DIRECT,4,published Foreign Relations memorandum,creating a new AID line item for “internal defense” in the FY 1964 budget or funding through the Military Assistance Program though keeping the program in AID,https://history.state.gov/historicaldocuments/frus1961-63v08/d99,,WHAT THE NEW OFFICE WAS BUILT TO DO,shared_sources/source_gap_hunt/Memorandum From the Interagency Committee on Police Assistance Programs to President Kenne.extracted.txt,CURRENT_PART,NO,Sentence-level deterministic evidence mapping.
CLM-USAIDCIA-P01-012,AST-WRR-USAIDCIA-P01-TT-LONGSHORT-001-06,WRR-USAIDCIA-P01-TT-LONGSHORT-001,The committee reported that FY1958 AID police programs in 21 countries cost about $14 million.,The sequence matters more than a slogan.,STRONG_INFERENCE,INFERENCE_SUPPORTED,INFERENTIAL,4,published Foreign Relations memorandum,"in the peak year of FY 1958 the cost of AID programs in 21 countries, involving 690,000 police, totaled only about $14,000,000",https://history.state.gov/historicaldocuments/frus1961-63v08/d99,"AID would also create professional capacity that the scattered programs lacked. The committee called for better recruitment and training of American police advisers, more systematic evaluations, faster delivery of equipment and a government-managed international police academy.",THE ARCHITECTURE TAKES SHAPE,shared_sources/source_gap_hunt/Memorandum From the Interagency Committee on Police Assistance Programs to President Kenne.extracted.txt,CURRENT_PART,YES,Synthetic language mapped to underlying claims.
CLM-USAIDCIA-P01-013,AST-WRR-USAIDCIA-P01-TT-LONGSHORT-001-06,WRR-USAIDCIA-P01-TT-LONGSHORT-001,The committee reported that FY1958 Defense police programs cost $5.8 million in five countries.,The sequence matters more than a slogan.,STRONG_INFERENCE,INFERENCE_SUPPORTED,INFERENTIAL,4,published Foreign Relations memorandum,"In that year, DOD programs ran $5,800,000 in 5 countries",https://history.state.gov/historicaldocuments/frus1961-63v08/d99,"The secretary of State would provide general policy guidance on internal-defense matters. AID's administrator, already the coordinator of American aid programs, would provide vigorous leadership across police-assistance programs. The Defense Department would retain programs selected for military handling. An interagency police group would help coordinate the system.",THE ARCHITECTURE TAKES SHAPE,shared_sources/source_gap_hunt/Memorandum From the Interagency Committee on Police Assistance Programs to President Kenne.extracted.txt,CURRENT_PART,YES,Synthetic language mapped to underlying claims.
CLM-USAIDCIA-P01-014,AST-WRR-USAIDCIA-P01-TT-LONGSHORT-001-06,WRR-USAIDCIA-P01-TT-LONGSHORT-001,The committee recommended substantially increasing the global police-assistance program.,The sequence matters more than a slogan.,STRONG_INFERENCE,INFERENCE_SUPPORTED,INFERENTIAL,4,published Foreign Relations memorandum,"AID should envisage very substantial increases in the global level of the FY 1963 program, with further increases in subsequent years where there is a demonstrated need",https://history.state.gov/historicaldocuments/frus1961-63v08/d99,"This was administrative reform, certainly. It was also strategy. The proposed academy was supposed to coordinate training with U.S. internal-defense objectives, while the police programs were to receive protection from competition with ordinary economic projects.",THE ARCHITECTURE TAKES SHAPE,shared_sources/source_gap_hunt/Memorandum From the Interagency Committee on Police Assistance Programs to President Kenne.extracted.txt,CURRENT_PART,YES,Synthetic language mapped to underlying claims.
CLM-USAIDCIA-P01-021,AST-WRR-USAIDCIA-P01-TT-LONGSHORT-001-06,WRR-USAIDCIA-P01-TT-LONGSHORT-001,The committee proposed protecting police funds from competition with economic-development projects.,The sequence matters more than a slogan.,STRONG_INFERENCE,INFERENCE_SUPPORTED,INFERENTIAL,4,published Foreign Relations memorandum,"That, to protect police programs, with their primarily internal defense rationale, from suffering as marginal competitors with primarily economic development projects, AID and the Bureau of the Budget should develop some means of providing the necessary degree of funding autonomy, such as creating a new AID line item for “internal defense” in the FY 1964 budget or funding through the Military Assistance Program though keeping the program in AID",https://history.state.gov/historicaldocuments/frus1961-63v08/d99,"The memorandum also ordered AID to study an international police academy under government management. The academy would tighten U.S. control over training and connect it more closely to internal-defense objectives. AID was told to protect police funding, possibly through an “internal defense” budget line or military-assistance funding while leaving the program inside AID.",WHAT THE NEW OFFICE WAS BUILT TO DO,shared_sources/source_gap_hunt/Memorandum From the Interagency Committee on Police Assistance Programs to President Kenne.extracted.txt,CURRENT_PART,YES,Synthetic language mapped to underlying claims.
CLM-USAIDCIA-P01-012,AST-WRR-USAIDCIA-P01-TT-LONGSHORT-001-07,WRR-USAIDCIA-P01-TT-LONGSHORT-001,The committee reported that FY1958 AID police programs in 21 countries cost about $14 million.,"A policy problem became an interagency design, then an operating assignment.",STRONG_INFERENCE,INFERENCE_SUPPORTED,INFERENTIAL,4,published Foreign Relations memorandum,"in the peak year of FY 1958 the cost of AID programs in 21 countries, involving 690,000 police, totaled only about $14,000,000",https://history.state.gov/historicaldocuments/frus1961-63v08/d99,"AID would also create professional capacity that the scattered programs lacked. The committee called for better recruitment and training of American police advisers, more systematic evaluations, faster delivery of equipment and a government-managed international police academy.",THE ARCHITECTURE TAKES SHAPE,shared_sources/source_gap_hunt/Memorandum From the Interagency Committee on Police Assistance Programs to President Kenne.extracted.txt,CURRENT_PART,YES,Synthetic language mapped to underlying claims.
CLM-USAIDCIA-P01-013,AST-WRR-USAIDCIA-P01-TT-LONGSHORT-001-07,WRR-USAIDCIA-P01-TT-LONGSHORT-001,The committee reported that FY1958 Defense police programs cost $5.8 million in five countries.,"A policy problem became an interagency design, then an operating assignment.",STRONG_INFERENCE,INFERENCE_SUPPORTED,INFERENTIAL,4,published Foreign Relations memorandum,"In that year, DOD programs ran $5,800,000 in 5 countries",https://history.state.gov/historicaldocuments/frus1961-63v08/d99,"The secretary of State would provide general policy guidance on internal-defense matters. AID's administrator, already the coordinator of American aid programs, would provide vigorous leadership across police-assistance programs. The Defense Department would retain programs selected for military handling. An interagency police group would help coordinate the system.",THE ARCHITECTURE TAKES SHAPE,shared_sources/source_gap_hunt/Memorandum From the Interagency Committee on Police Assistance Programs to President Kenne.extracted.txt,CURRENT_PART,YES,Synthetic language mapped to underlying claims.
CLM-USAIDCIA-P01-014,AST-WRR-USAIDCIA-P01-TT-LONGSHORT-001-07,WRR-USAIDCIA-P01-TT-LONGSHORT-001,The committee recommended substantially increasing the global police-assistance program.,"A policy problem became an interagency design, then an operating assignment.",STRONG_INFERENCE,INFERENCE_SUPPORTED,INFERENTIAL,4,published Foreign Relations memorandum,"AID should envisage very substantial increases in the global level of the FY 1963 program, with further increases in subsequent years where there is a demonstrated need",https://history.state.gov/historicaldocuments/frus1961-63v08/d99,"This was administrative reform, certainly. It was also strategy. The proposed academy was supposed to coordinate training with U.S. internal-defense objectives, while the police programs were to receive protection from competition with ordinary economic projects.",THE ARCHITECTURE TAKES SHAPE,shared_sources/source_gap_hunt/Memorandum From the Interagency Committee on Police Assistance Programs to President Kenne.extracted.txt,CURRENT_PART,YES,Synthetic language mapped to underlying claims.
CLM-USAIDCIA-P01-021,AST-WRR-USAIDCIA-P01-TT-LONGSHORT-001-07,WRR-USAIDCIA-P01-TT-LONGSHORT-001,The committee proposed protecting police funds from competition with economic-development projects.,"A policy problem became an interagency design, then an operating assignment.",STRONG_INFERENCE,INFERENCE_SUPPORTED,INFERENTIAL,4,published Foreign Relations memorandum,"That, to protect police programs, with their primarily internal defense rationale, from suffering as marginal competitors with primarily economic development projects, AID and the Bureau of the Budget should develop some means of providing the necessary degree of funding autonomy, such as creating a new AID line item for “internal defense” in the FY 1964 budget or funding through the Military Assistance Program though keeping the program in AID",https://history.state.gov/historicaldocuments/frus1961-63v08/d99,"The memorandum also ordered AID to study an international police academy under government management. The academy would tighten U.S. control over training and connect it more closely to internal-defense objectives. AID was told to protect police funding, possibly through an “internal defense” budget line or military-assistance funding while leaving the program inside AID.",WHAT THE NEW OFFICE WAS BUILT TO DO,shared_sources/source_gap_hunt/Memorandum From the Interagency Committee on Police Assistance Programs to President Kenne.extracted.txt,CURRENT_PART,YES,Synthetic language mapped to underlying claims.
CLM-USAIDCIA-P01-012,AST-WRR-USAIDCIA-P01-TT-LONGSHORT-001-08,WRR-USAIDCIA-P01-TT-LONGSHORT-001,The committee reported that FY1958 AID police programs in 21 countries cost about $14 million.,The documents support a national-security architecture.,STRONG_INFERENCE,INFERENCE_SUPPORTED,INFERENTIAL,4,published Foreign Relations memorandum,"in the peak year of FY 1958 the cost of AID programs in 21 countries, involving 690,000 police, totaled only about $14,000,000",https://history.state.gov/historicaldocuments/frus1961-63v08/d99,"AID would also create professional capacity that the scattered programs lacked. The committee called for better recruitment and training of American police advisers, more systematic evaluations, faster delivery of equipment and a government-managed international police academy.",THE ARCHITECTURE TAKES SHAPE,shared_sources/source_gap_hunt/Memorandum From the Interagency Committee on Police Assistance Programs to President Kenne.extracted.txt,CURRENT_PART,YES,Synthetic language mapped to underlying claims.
CLM-USAIDCIA-P01-013,AST-WRR-USAIDCIA-P01-TT-LONGSHORT-001-08,WRR-USAIDCIA-P01-TT-LONGSHORT-001,The committee reported that FY1958 Defense police programs cost $5.8 million in five countries.,The documents support a national-security architecture.,STRONG_INFERENCE,INFERENCE_SUPPORTED,INFERENTIAL,4,published Foreign Relations memorandum,"In that year, DOD programs ran $5,800,000 in 5 countries",https://history.state.gov/historicaldocuments/frus1961-63v08/d99,"The secretary of State would provide general policy guidance on internal-defense matters. AID's administrator, already the coordinator of American aid programs, would provide vigorous leadership across police-assistance programs. The Defense Department would retain programs selected for military handling. An interagency police group would help coordinate the system.",THE ARCHITECTURE TAKES SHAPE,shared_sources/source_gap_hunt/Memorandum From the Interagency Committee on Police Assistance Programs to President Kenne.extracted.txt,CURRENT_PART,YES,Synthetic language mapped to underlying claims.
CLM-USAIDCIA-P01-014,AST-WRR-USAIDCIA-P01-TT-LONGSHORT-001-08,WRR-USAIDCIA-P01-TT-LONGSHORT-001,The committee recommended substantially increasing the global police-assistance program.,The documents support a national-security architecture.,STRONG_INFERENCE,INFERENCE_SUPPORTED,INFERENTIAL,4,published Foreign Relations memorandum,"AID should envisage very substantial increases in the global level of the FY 1963 program, with further increases in subsequent years where there is a demonstrated need",https://history.state.gov/historicaldocuments/frus1961-63v08/d99,"This was administrative reform, certainly. It was also strategy. The proposed academy was supposed to coordinate training with U.S. internal-defense objectives, while the police programs were to receive protection from competition with ordinary economic projects.",THE ARCHITECTURE TAKES SHAPE,shared_sources/source_gap_hunt/Memorandum From the Interagency Committee on Police Assistance Programs to President Kenne.extracted.txt,CURRENT_PART,YES,Synthetic language mapped to underlying claims.
CLM-USAIDCIA-P01-021,AST-WRR-USAIDCIA-P01-TT-LONGSHORT-001-08,WRR-USAIDCIA-P01-TT-LONGSHORT-001,The committee proposed protecting police funds from competition with economic-development projects.,The documents support a national-security architecture.,STRONG_INFERENCE,INFERENCE_SUPPORTED,INFERENTIAL,4,published Foreign Relations memorandum,"That, to protect police programs, with their primarily internal defense rationale, from suffering as marginal competitors with primarily economic development projects, AID and the Bureau of the Budget should develop some means of providing the necessary degree of funding autonomy, such as creating a new AID line item for “internal defense” in the FY 1964 budget or funding through the Military Assistance Program though keeping the program in AID",https://history.state.gov/historicaldocuments/frus1961-63v08/d99,"The memorandum also ordered AID to study an international police academy under government management. The academy would tighten U.S. control over training and connect it more closely to internal-defense objectives. AID was told to protect police funding, possibly through an “internal defense” budget line or military-assistance funding while leaving the program inside AID.",WHAT THE NEW OFFICE WAS BUILT TO DO,shared_sources/source_gap_hunt/Memorandum From the Interagency Committee on Police Assistance Programs to President Kenne.extracted.txt,CURRENT_PART,YES,Synthetic language mapped to underlying claims.
CLM-USAIDCIA-P01-012,AST-WRR-USAIDCIA-P01-TT-LONGSHORT-001-09,WRR-USAIDCIA-P01-TT-LONGSHORT-001,The committee reported that FY1958 AID police programs in 21 countries cost about $14 million.,They do not support collapsing every participating agency into one institution.,STRONG_INFERENCE,INFERENCE_SUPPORTED,INFERENTIAL,4,published Foreign Relations memorandum,"in the peak year of FY 1958 the cost of AID programs in 21 countries, involving 690,000 police, totaled only about $14,000,000",https://history.state.gov/historicaldocuments/frus1961-63v08/d99,"AID would also create professional capacity that the scattered programs lacked. The committee called for better recruitment and training of American police advisers, more systematic evaluations, faster delivery of equipment and a government-managed international police academy.",THE ARCHITECTURE TAKES SHAPE,shared_sources/source_gap_hunt/Memorandum From the Interagency Committee on Police Assistance Programs to President Kenne.extracted.txt,CURRENT_PART,YES,Synthetic language mapped to underlying claims.
CLM-USAIDCIA-P01-013,AST-WRR-USAIDCIA-P01-TT-LONGSHORT-001-09,WRR-USAIDCIA-P01-TT-LONGSHORT-001,The committee reported that FY1958 Defense police programs cost $5.8 million in five countries.,They do not support collapsing every participating agency into one institution.,STRONG_INFERENCE,INFERENCE_SUPPORTED,INFERENTIAL,4,published Foreign Relations memorandum,"In that year, DOD programs ran $5,800,000 in 5 countries",https://history.state.gov/historicaldocuments/frus1961-63v08/d99,"The secretary of State would provide general policy guidance on internal-defense matters. AID's administrator, already the coordinator of American aid programs, would provide vigorous leadership across police-assistance programs. The Defense Department would retain programs selected for military handling. An interagency police group would help coordinate the system.",THE ARCHITECTURE TAKES SHAPE,shared_sources/source_gap_hunt/Memorandum From the Interagency Committee on Police Assistance Programs to President Kenne.extracted.txt,CURRENT_PART,YES,Synthetic language mapped to underlying claims.
CLM-USAIDCIA-P01-014,AST-WRR-USAIDCIA-P01-TT-LONGSHORT-001-09,WRR-USAIDCIA-P01-TT-LONGSHORT-001,The committee recommended substantially increasing the global police-assistance program.,They do not support collapsing every participating agency into one institution.,STRONG_INFERENCE,INFERENCE_SUPPORTED,INFERENTIAL,4,published Foreign Relations memorandum,"AID should envisage very substantial increases in the global level of the FY 1963 program, with further increases in subsequent years where there is a demonstrated need",https://history.state.gov/historicaldocuments/frus1961-63v08/d99,"This was administrative reform, certainly. It was also strategy. The proposed academy was supposed to coordinate training with U.S. internal-defense objectives, while the police programs were to receive protection from competition with ordinary economic projects.",THE ARCHITECTURE TAKES SHAPE,shared_sources/source_gap_hunt/Memorandum From the Interagency Committee on Police Assistance Programs to President Kenne.extracted.txt,CURRENT_PART,YES,Synthetic language mapped to underlying claims.
CLM-USAIDCIA-P01-021,AST-WRR-USAIDCIA-P01-TT-LONGSHORT-001-09,WRR-USAIDCIA-P01-TT-LONGSHORT-001,The committee proposed protecting police funds from competition with economic-development projects.,They do not support collapsing every participating agency into one institution.,STRONG_INFERENCE,INFERENCE_SUPPORTED,INFERENTIAL,4,published Foreign Relations memorandum,"That, to protect police programs, with their primarily internal defense rationale, from suffering as marginal competitors with primarily economic development projects, AID and the Bureau of the Budget should develop some means of providing the necessary degree of funding autonomy, such as creating a new AID line item for “internal defense” in the FY 1964 budget or funding through the Military Assistance Program though keeping the program in AID",https://history.state.gov/historicaldocuments/frus1961-63v08/d99,"The memorandum also ordered AID to study an international police academy under government management. The academy would tighten U.S. control over training and connect it more closely to internal-defense objectives. AID was told to protect police funding, possibly through an “internal defense” budget line or military-assistance funding while leaving the program inside AID.",WHAT THE NEW OFFICE WAS BUILT TO DO,shared_sources/source_gap_hunt/Memorandum From the Interagency Committee on Police Assistance Programs to President Kenne.extracted.txt,CURRENT_PART,YES,Synthetic language mapped to underlying claims.
CLM-USAIDCIA-P01-012,AST-WRR-USAIDCIA-P01-TT-LONGSHORT-001-11,WRR-USAIDCIA-P01-TT-LONGSHORT-001,The committee reported that FY1958 AID police programs in 21 countries cost about $14 million.,"Read the sequence slowly: the funding proposal, the agency boundaries, the training plan and the deadline are pieces of one administrative design.",STRONG_INFERENCE,INFERENCE_SUPPORTED,INFERENTIAL,4,published Foreign Relations memorandum,"in the peak year of FY 1958 the cost of AID programs in 21 countries, involving 690,000 police, totaled only about $14,000,000",https://history.state.gov/historicaldocuments/frus1961-63v08/d99,"AID would also create professional capacity that the scattered programs lacked. The committee called for better recruitment and training of American police advisers, more systematic evaluations, faster delivery of equipment and a government-managed international police academy.",THE ARCHITECTURE TAKES SHAPE,shared_sources/source_gap_hunt/Memorandum From the Interagency Committee on Police Assistance Programs to President Kenne.extracted.txt,CURRENT_PART,YES,Synthetic language mapped to underlying claims.
CLM-USAIDCIA-P01-013,AST-WRR-USAIDCIA-P01-TT-LONGSHORT-001-11,WRR-USAIDCIA-P01-TT-LONGSHORT-001,The committee reported that FY1958 Defense police programs cost $5.8 million in five countries.,"Read the sequence slowly: the funding proposal, the agency boundaries, the training plan and the deadline are pieces of one administrative design.",STRONG_INFERENCE,INFERENCE_SUPPORTED,INFERENTIAL,4,published Foreign Relations memorandum,"In that year, DOD programs ran $5,800,000 in 5 countries",https://history.state.gov/historicaldocuments/frus1961-63v08/d99,"The secretary of State would provide general policy guidance on internal-defense matters. AID's administrator, already the coordinator of American aid programs, would provide vigorous leadership across police-assistance programs. The Defense Department would retain programs selected for military handling. An interagency police group would help coordinate the system.",THE ARCHITECTURE TAKES SHAPE,shared_sources/source_gap_hunt/Memorandum From the Interagency Committee on Police Assistance Programs to President Kenne.extracted.txt,CURRENT_PART,YES,Synthetic language mapped to underlying claims.
CLM-USAIDCIA-P01-014,AST-WRR-USAIDCIA-P01-TT-LONGSHORT-001-11,WRR-USAIDCIA-P01-TT-LONGSHORT-001,The committee recommended substantially increasing the global police-assistance program.,"Read the sequence slowly: the funding proposal, the agency boundaries, the training plan and the deadline are pieces of one administrative design.",STRONG_INFERENCE,INFERENCE_SUPPORTED,INFERENTIAL,4,published Foreign Relations memorandum,"AID should envisage very substantial increases in the global level of the FY 1963 program, with further increases in subsequent years where there is a demonstrated need",https://history.state.gov/historicaldocuments/frus1961-63v08/d99,"This was administrative reform, certainly. It was also strategy. The proposed academy was supposed to coordinate training with U.S. internal-defense objectives, while the police programs were to receive protection from competition with ordinary economic projects.",THE ARCHITECTURE TAKES SHAPE,shared_sources/source_gap_hunt/Memorandum From the Interagency Committee on Police Assistance Programs to President Kenne.extracted.txt,CURRENT_PART,YES,Synthetic language mapped to underlying claims.
CLM-USAIDCIA-P01-021,AST-WRR-USAIDCIA-P01-TT-LONGSHORT-001-11,WRR-USAIDCIA-P01-TT-LONGSHORT-001,The committee proposed protecting police funds from competition with economic-development projects.,"Read the sequence slowly: the funding proposal, the agency boundaries, the training plan and the deadline are pieces of one administrative design.",STRONG_INFERENCE,INFERENCE_SUPPORTED,INFERENTIAL,4,published Foreign Relations memorandum,"That, to protect police programs, with their primarily internal defense rationale, from suffering as marginal competitors with primarily economic development projects, AID and the Bureau of the Budget should develop some means of providing the necessary degree of funding autonomy, such as creating a new AID line item for “internal defense” in the FY 1964 budget or funding through the Military Assistance Program though keeping the program in AID",https://history.state.gov/historicaldocuments/frus1961-63v08/d99,"The memorandum also ordered AID to study an international police academy under government management. The academy would tighten U.S. control over training and connect it more closely to internal-defense objectives. AID was told to protect police funding, possibly through an “internal defense” budget line or military-assistance funding while leaving the program inside AID.",WHAT THE NEW OFFICE WAS BUILT TO DO,shared_sources/source_gap_hunt/Memorandum From the Interagency Committee on Police Assistance Programs to President Kenne.extracted.txt,CURRENT_PART,YES,Synthetic language mapped to underlying claims.
CLM-USAIDCIA-P01-012,AST-WRR-USAIDCIA-P01-TT-LONGSHORT-001-12,WRR-USAIDCIA-P01-TT-LONGSHORT-001,The committee reported that FY1958 AID police programs in 21 countries cost about $14 million.,The tension is visible because the conventional development rationale and the stated internal-defense rationale occupy the same file.,STRONG_INFERENCE,INFERENCE_SUPPORTED,INFERENTIAL,4,published Foreign Relations memorandum,"in the peak year of FY 1958 the cost of AID programs in 21 countries, involving 690,000 police, totaled only about $14,000,000",https://history.state.gov/historicaldocuments/frus1961-63v08/d99,"AID would also create professional capacity that the scattered programs lacked. The committee called for better recruitment and training of American police advisers, more systematic evaluations, faster delivery of equipment and a government-managed international police academy.",THE ARCHITECTURE TAKES SHAPE,shared_sources/source_gap_hunt/Memorandum From the Interagency Committee on Police Assistance Programs to President Kenne.extracted.txt,CURRENT_PART,YES,Synthetic language mapped to underlying claims.
CLM-USAIDCIA-P01-013,AST-WRR-USAIDCIA-P01-TT-LONGSHORT-001-12,WRR-USAIDCIA-P01-TT-LONGSHORT-001,The committee reported that FY1958 Defense police programs cost $5.8 million in five countries.,The tension is visible because the conventional development rationale and the stated internal-defense rationale occupy the same file.,STRONG_INFERENCE,INFERENCE_SUPPORTED,INFERENTIAL,4,published Foreign Relations memorandum,"In that year, DOD programs ran $5,800,000 in 5 countries",https://history.state.gov/historicaldocuments/frus1961-63v08/d99,"The secretary of State would provide general policy guidance on internal-defense matters. AID's administrator, already the coordinator of American aid programs, would provide vigorous leadership across police-assistance programs. The Defense Department would retain programs selected for military handling. An interagency police group would help coordinate the system.",THE ARCHITECTURE TAKES SHAPE,shared_sources/source_gap_hunt/Memorandum From the Interagency Committee on Police Assistance Programs to President Kenne.extracted.txt,CURRENT_PART,YES,Synthetic language mapped to underlying claims.
CLM-USAIDCIA-P01-014,AST-WRR-USAIDCIA-P01-TT-LONGSHORT-001-12,WRR-USAIDCIA-P01-TT-LONGSHORT-001,The committee recommended substantially increasing the global police-assistance program.,The tension is visible because the conventional development rationale and the stated internal-defense rationale occupy the same file.,STRONG_INFERENCE,INFERENCE_SUPPORTED,INFERENTIAL,4,published Foreign Relations memorandum,"AID should envisage very substantial increases in the global level of the FY 1963 program, with further increases in subsequent years where there is a demonstrated need",https://history.state.gov/historicaldocuments/frus1961-63v08/d99,"This was administrative reform, certainly. It was also strategy. The proposed academy was supposed to coordinate training with U.S. internal-defense objectives, while the police programs were to receive protection from competition with ordinary economic projects.",THE ARCHITECTURE TAKES SHAPE,shared_sources/source_gap_hunt/Memorandum From the Interagency Committee on Police Assistance Programs to President Kenne.extracted.txt,CURRENT_PART,YES,Synthetic language mapped to underlying claims.
CLM-USAIDCIA-P01-021,AST-WRR-USAIDCIA-P01-TT-LONGSHORT-001-12,WRR-USAIDCIA-P01-TT-LONGSHORT-001,The committee proposed protecting police funds from competition with economic-development projects.,The tension is visible because the conventional development rationale and the stated internal-defense rationale occupy the same file.,STRONG_INFERENCE,INFERENCE_SUPPORTED,INFERENTIAL,4,published Foreign Relations memorandum,"That, to protect police programs, with their primarily internal defense rationale, from suffering as marginal competitors with primarily economic development projects, AID and the Bureau of the Budget should develop some means of providing the necessary degree of funding autonomy, such as creating a new AID line item for “internal defense” in the FY 1964 budget or funding through the Military Assistance Program though keeping the program in AID",https://history.state.gov/historicaldocuments/frus1961-63v08/d99,"The memorandum also ordered AID to study an international police academy under government management. The academy would tighten U.S. control over training and connect it more closely to internal-defense objectives. AID was told to protect police funding, possibly through an “internal defense” budget line or military-assistance funding while leaving the program inside AID.",WHAT THE NEW OFFICE WAS BUILT TO DO,shared_sources/source_gap_hunt/Memorandum From the Interagency Committee on Police Assistance Programs to President Kenne.extracted.txt,CURRENT_PART,YES,Synthetic language mapped to underlying claims.
CLM-USAIDCIA-P01-012,AST-WRR-USAIDCIA-P01-TT-LONGSHORT-001-14,WRR-USAIDCIA-P01-TT-LONGSHORT-001,The committee reported that FY1958 AID police programs in 21 countries cost about $14 million.,Part 1 has the documents.,STRONG_INFERENCE,INFERENCE_SUPPORTED,INFERENTIAL,4,published Foreign Relations memorandum,"in the peak year of FY 1958 the cost of AID programs in 21 countries, involving 690,000 police, totaled only about $14,000,000",https://history.state.gov/historicaldocuments/frus1961-63v08/d99,"AID would also create professional capacity that the scattered programs lacked. The committee called for better recruitment and training of American police advisers, more systematic evaluations, faster delivery of equipment and a government-managed international police academy.",THE ARCHITECTURE TAKES SHAPE,shared_sources/source_gap_hunt/Memorandum From the Interagency Committee on Police Assistance Programs to President Kenne.extracted.txt,CURRENT_PART,YES,Synthetic language mapped to underlying claims.
CLM-USAIDCIA-P01-013,AST-WRR-USAIDCIA-P01-TT-LONGSHORT-001-14,WRR-USAIDCIA-P01-TT-LONGSHORT-001,The committee reported that FY1958 Defense police programs cost $5.8 million in five countries.,Part 1 has the documents.,STRONG_INFERENCE,INFERENCE_SUPPORTED,INFERENTIAL,4,published Foreign Relations memorandum,"In that year, DOD programs ran $5,800,000 in 5 countries",https://history.state.gov/historicaldocuments/frus1961-63v08/d99,"The secretary of State would provide general policy guidance on internal-defense matters. AID's administrator, already the coordinator of American aid programs, would provide vigorous leadership across police-assistance programs. The Defense Department would retain programs selected for military handling. An interagency police group would help coordinate the system.",THE ARCHITECTURE TAKES SHAPE,shared_sources/source_gap_hunt/Memorandum From the Interagency Committee on Police Assistance Programs to President Kenne.extracted.txt,CURRENT_PART,YES,Synthetic language mapped to underlying claims.
CLM-USAIDCIA-P01-014,AST-WRR-USAIDCIA-P01-TT-LONGSHORT-001-14,WRR-USAIDCIA-P01-TT-LONGSHORT-001,The committee recommended substantially increasing the global police-assistance program.,Part 1 has the documents.,STRONG_INFERENCE,INFERENCE_SUPPORTED,INFERENTIAL,4,published Foreign Relations memorandum,"AID should envisage very substantial increases in the global level of the FY 1963 program, with further increases in subsequent years where there is a demonstrated need",https://history.state.gov/historicaldocuments/frus1961-63v08/d99,"This was administrative reform, certainly. It was also strategy. The proposed academy was supposed to coordinate training with U.S. internal-defense objectives, while the police programs were to receive protection from competition with ordinary economic projects.",THE ARCHITECTURE TAKES SHAPE,shared_sources/source_gap_hunt/Memorandum From the Interagency Committee on Police Assistance Programs to President Kenne.extracted.txt,CURRENT_PART,YES,Synthetic language mapped to underlying claims.
CLM-USAIDCIA-P01-021,AST-WRR-USAIDCIA-P01-TT-LONGSHORT-001-14,WRR-USAIDCIA-P01-TT-LONGSHORT-001,The committee proposed protecting police funds from competition with economic-development projects.,Part 1 has the documents.,STRONG_INFERENCE,INFERENCE_SUPPORTED,INFERENTIAL,4,published Foreign Relations memorandum,"That, to protect police programs, with their primarily internal defense rationale, from suffering as marginal competitors with primarily economic development projects, AID and the Bureau of the Budget should develop some means of providing the necessary degree of funding autonomy, such as creating a new AID line item for “internal defense” in the FY 1964 budget or funding through the Military Assistance Program though keeping the program in AID",https://history.state.gov/historicaldocuments/frus1961-63v08/d99,"The memorandum also ordered AID to study an international police academy under government management. The academy would tighten U.S. control over training and connect it more closely to internal-defense objectives. AID was told to protect police funding, possibly through an “internal defense” budget line or military-assistance funding while leaving the program inside AID.",WHAT THE NEW OFFICE WAS BUILT TO DO,shared_sources/source_gap_hunt/Memorandum From the Interagency Committee on Police Assistance Programs to President Kenne.extracted.txt,CURRENT_PART,YES,Synthetic language mapped to underlying claims.
CLM-USAIDCIA-P01-007,AST-WRR-USAIDCIA-P01-FB-PHOTO-001-01,WRR-USAIDCIA-P01-FB-PHOTO-001,"NSAM 162 called for country plans combining military, police, intelligence and psychological measures.","The important connection was administrative, explicit and interagency.",STRONG_INFERENCE,INFERENCE_SUPPORTED,INFERENTIAL,3,NSAM 162,"These plans will include the military, police, intelligence and psychological measures comprising a well rounded internal defense plan and will be consistent with the military, economic, political and social measures constituting the overall country plan",https://history.state.gov/historicaldocuments/frus1961-63v08/d91,"Four months later, NSAM 162 widened the frame. Its subject was the development of American and indigenous police, paramilitary and military resources. Police capacity was being discussed as one component of a larger overseas internal-defense system.",THE ARCHITECTURE TAKES SHAPE,shared_sources/source_gap_hunt/National Security Action Memorandum No. 162.extracted.txt,CURRENT_PART,YES,Synthetic language mapped to underlying claims.
CLM-USAIDCIA-P01-008,AST-WRR-USAIDCIA-P01-FB-PHOTO-001-01,WRR-USAIDCIA-P01-FB-PHOTO-001,NSAM 162 directed CIA and AID to maintain personnel with paramilitary skills for crisis areas.,"The important connection was administrative, explicit and interagency.",STRONG_INFERENCE,INFERENCE_SUPPORTED,INFERENTIAL,3,NSAM 162,CIA and AID will take action to insure that adequate qualified personnel with paramilitary skills are available. Periodic reports of progress to achieve this objective will be submitted to the Special Group (Counterinsurgency) by CIA and AID,https://history.state.gov/historicaldocuments/frus1961-63v08/d91,"CIA was not absent from the architecture. The director of Central Intelligence received NSAM 177 alongside State, Defense, Justice and AID. Yet receiving the memorandum is not the same as owning every program it created. To understand CIA's operational role, we need the records that describe actual liaison, training and recruitment—not a slogan imposed on a document.",THE ORDER WITH THE EXCEPTION,shared_sources/source_gap_hunt/National Security Action Memorandum No. 162.extracted.txt,CURRENT_PART,YES,Synthetic language mapped to underlying claims.
CLM-USAIDCIA-P01-009,AST-WRR-USAIDCIA-P01-FB-PHOTO-001-01,WRR-USAIDCIA-P01-FB-PHOTO-001,NSAM 162 directed CIA to expand training and support for indigenous intelligence organizations.,"The important connection was administrative, explicit and interagency.",STRONG_INFERENCE,INFERENCE_SUPPORTED,INFERENTIAL,3,NSAM 162,"Therefore, the CIA will expand its present training and support efforts to achieve needed improvements in indigenous intelligence organizations and that other U.S. agencies contribute to this CIA coordinated program",https://history.state.gov/historicaldocuments/frus1961-63v08/d91,"CIA was not absent from the architecture. The director of Central Intelligence received NSAM 177 alongside State, Defense, Justice and AID. Yet receiving the memorandum is not the same as owning every program it created. To understand CIA's operational role, we need the records that describe actual liaison, training and recruitment—not a slogan imposed on a document.",THE ORDER WITH THE EXCEPTION,shared_sources/source_gap_hunt/National Security Action Memorandum No. 162.extracted.txt,CURRENT_PART,YES,Synthetic language mapped to underlying claims.
CLM-USAIDCIA-P01-007,AST-WRR-USAIDCIA-P01-FB-PHOTO-001-02,WRR-USAIDCIA-P01-FB-PHOTO-001,"NSAM 162 called for country plans combining military, police, intelligence and psychological measures.","NSAM 162 called for country plans combining military, police, intelligence and psychological measures.",DOCUMENTED_FACT,SUPPORTED,DIRECT,3,NSAM 162,"These plans will include the military, police, intelligence and psychological measures comprising a well rounded internal defense plan and will be consistent with the military, economic, political and social measures constituting the overall country plan",https://history.state.gov/historicaldocuments/frus1961-63v08/d91,"Four months later, NSAM 162 widened the frame. Its subject was the development of American and indigenous police, paramilitary and military resources. Police capacity was being discussed as one component of a larger overseas internal-defense system.",THE ARCHITECTURE TAKES SHAPE,shared_sources/source_gap_hunt/National Security Action Memorandum No. 162.extracted.txt,CURRENT_PART,NO,Sentence-level deterministic evidence mapping.
CLM-USAIDCIA-P01-008,AST-WRR-USAIDCIA-P01-FB-PHOTO-001-03,WRR-USAIDCIA-P01-FB-PHOTO-001,NSAM 162 directed CIA and AID to maintain personnel with paramilitary skills for crisis areas.,NSAM 162 directed CIA and AID to maintain personnel with paramilitary skills for crisis areas.,DOCUMENTED_FACT,SUPPORTED,DIRECT,3,NSAM 162,CIA and AID will take action to insure that adequate qualified personnel with paramilitary skills are available. Periodic reports of progress to achieve this objective will be submitted to the Special Group (Counterinsurgency) by CIA and AID,https://history.state.gov/historicaldocuments/frus1961-63v08/d91,"CIA was not absent from the architecture. The director of Central Intelligence received NSAM 177 alongside State, Defense, Justice and AID. Yet receiving the memorandum is not the same as owning every program it created. To understand CIA's operational role, we need the records that describe actual liaison, training and recruitment—not a slogan imposed on a document.",THE ORDER WITH THE EXCEPTION,shared_sources/source_gap_hunt/National Security Action Memorandum No. 162.extracted.txt,CURRENT_PART,NO,Sentence-level deterministic evidence mapping.
CLM-USAIDCIA-P01-009,AST-WRR-USAIDCIA-P01-FB-PHOTO-001-04,WRR-USAIDCIA-P01-FB-PHOTO-001,NSAM 162 directed CIA to expand training and support for indigenous intelligence organizations.,NSAM 162 directed CIA to expand training and support for indigenous intelligence organizations.,DOCUMENTED_FACT,SUPPORTED,DIRECT,3,NSAM 162,"Therefore, the CIA will expand its present training and support efforts to achieve needed improvements in indigenous intelligence organizations and that other U.S. agencies contribute to this CIA coordinated program",https://history.state.gov/historicaldocuments/frus1961-63v08/d91,"CIA was not absent from the architecture. The director of Central Intelligence received NSAM 177 alongside State, Defense, Justice and AID. Yet receiving the memorandum is not the same as owning every program it created. To understand CIA's operational role, we need the records that describe actual liaison, training and recruitment—not a slogan imposed on a document.",THE ORDER WITH THE EXCEPTION,shared_sources/source_gap_hunt/National Security Action Memorandum No. 162.extracted.txt,CURRENT_PART,NO,Sentence-level deterministic evidence mapping.
CLM-USAIDCIA-P01-007,AST-WRR-USAIDCIA-P01-FB-PHOTO-001-05,WRR-USAIDCIA-P01-FB-PHOTO-001,"NSAM 162 called for country plans combining military, police, intelligence and psychological measures.","Taken together, those assignments describe a division of labor: civilian administration in AID, policy guidance in State and selected responsibilities outside AID.",STRONG_INFERENCE,INFERENCE_SUPPORTED,INFERENTIAL,3,NSAM 162,"These plans will include the military, police, intelligence and psychological measures comprising a well rounded internal defense plan and will be consistent with the military, economic, political and social measures constituting the overall country plan",https://history.state.gov/historicaldocuments/frus1961-63v08/d91,"Four months later, NSAM 162 widened the frame. Its subject was the development of American and indigenous police, paramilitary and military resources. Police capacity was being discussed as one component of a larger overseas internal-defense system.",THE ARCHITECTURE TAKES SHAPE,shared_sources/source_gap_hunt/National Security Action Memorandum No. 162.extracted.txt,CURRENT_PART,YES,Synthetic language mapped to underlying claims.
CLM-USAIDCIA-P01-008,AST-WRR-USAIDCIA-P01-FB-PHOTO-001-05,WRR-USAIDCIA-P01-FB-PHOTO-001,NSAM 162 directed CIA and AID to maintain personnel with paramilitary skills for crisis areas.,"Taken together, those assignments describe a division of labor: civilian administration in AID, policy guidance in State and selected responsibilities outside AID.",STRONG_INFERENCE,INFERENCE_SUPPORTED,INFERENTIAL,3,NSAM 162,CIA and AID will take action to insure that adequate qualified personnel with paramilitary skills are available. Periodic reports of progress to achieve this objective will be submitted to the Special Group (Counterinsurgency) by CIA and AID,https://history.state.gov/historicaldocuments/frus1961-63v08/d91,"CIA was not absent from the architecture. The director of Central Intelligence received NSAM 177 alongside State, Defense, Justice and AID. Yet receiving the memorandum is not the same as owning every program it created. To understand CIA's operational role, we need the records that describe actual liaison, training and recruitment—not a slogan imposed on a document.",THE ORDER WITH THE EXCEPTION,shared_sources/source_gap_hunt/National Security Action Memorandum No. 162.extracted.txt,CURRENT_PART,YES,Synthetic language mapped to underlying claims.
CLM-USAIDCIA-P01-009,AST-WRR-USAIDCIA-P01-FB-PHOTO-001-05,WRR-USAIDCIA-P01-FB-PHOTO-001,NSAM 162 directed CIA to expand training and support for indigenous intelligence organizations.,"Taken together, those assignments describe a division of labor: civilian administration in AID, policy guidance in State and selected responsibilities outside AID.",STRONG_INFERENCE,INFERENCE_SUPPORTED,INFERENTIAL,3,NSAM 162,"Therefore, the CIA will expand its present training and support efforts to achieve needed improvements in indigenous intelligence organizations and that other U.S. agencies contribute to this CIA coordinated program",https://history.state.gov/historicaldocuments/frus1961-63v08/d91,"CIA was not absent from the architecture. The director of Central Intelligence received NSAM 177 alongside State, Defense, Justice and AID. Yet receiving the memorandum is not the same as owning every program it created. To understand CIA's operational role, we need the records that describe actual liaison, training and recruitment—not a slogan imposed on a document.",THE ORDER WITH THE EXCEPTION,shared_sources/source_gap_hunt/National Security Action Memorandum No. 162.extracted.txt,CURRENT_PART,YES,Synthetic language mapped to underlying claims.
CLM-USAIDCIA-P01-007,AST-WRR-USAIDCIA-P01-FB-PHOTO-001-06,WRR-USAIDCIA-P01-FB-PHOTO-001,"NSAM 162 called for country plans combining military, police, intelligence and psychological measures.","The covert carve-out limits what the overt assignment proves,",STRONG_INFERENCE,INFERENCE_SUPPORTED,INFERENTIAL,3,NSAM 162,"These plans will include the military, police, intelligence and psychological measures comprising a well rounded internal defense plan and will be consistent with the military, economic, political and social measures constituting the overall country plan",https://history.state.gov/historicaldocuments/frus1961-63v08/d91,"Four months later, NSAM 162 widened the frame. Its subject was the development of American and indigenous police, paramilitary and military resources. Police capacity was being discussed as one component of a larger overseas internal-defense system.",THE ARCHITECTURE TAKES SHAPE,shared_sources/source_gap_hunt/National Security Action Memorandum No. 162.extracted.txt,CURRENT_PART,YES,Synthetic language mapped to underlying claims.
CLM-USAIDCIA-P01-008,AST-WRR-USAIDCIA-P01-FB-PHOTO-001-06,WRR-USAIDCIA-P01-FB-PHOTO-001,NSAM 162 directed CIA and AID to maintain personnel with paramilitary skills for crisis areas.,"The covert carve-out limits what the overt assignment proves,",STRONG_INFERENCE,INFERENCE_SUPPORTED,INFERENTIAL,3,NSAM 162,CIA and AID will take action to insure that adequate qualified personnel with paramilitary skills are available. Periodic reports of progress to achieve this objective will be submitted to the Special Group (Counterinsurgency) by CIA and AID,https://history.state.gov/historicaldocuments/frus1961-63v08/d91,"CIA was not absent from the architecture. The director of Central Intelligence received NSAM 177 alongside State, Defense, Justice and AID. Yet receiving the memorandum is not the same as owning every program it created. To understand CIA's operational role, we need the records that describe actual liaison, training and recruitment—not a slogan imposed on a document.",THE ORDER WITH THE EXCEPTION,shared_sources/source_gap_hunt/National Security Action Memorandum No. 162.extracted.txt,CURRENT_PART,YES,Synthetic language mapped to underlying claims.
CLM-USAIDCIA-P01-009,AST-WRR-USAIDCIA-P01-FB-PHOTO-001-06,WRR-USAIDCIA-P01-FB-PHOTO-001,NSAM 162 directed CIA to expand training and support for indigenous intelligence organizations.,"The covert carve-out limits what the overt assignment proves,",STRONG_INFERENCE,INFERENCE_SUPPORTED,INFERENTIAL,3,NSAM 162,"Therefore, the CIA will expand its present training and support efforts to achieve needed improvements in indigenous intelligence organizations and that other U.S. agencies contribute to this CIA coordinated program",https://history.state.gov/historicaldocuments/frus1961-63v08/d91,"CIA was not absent from the architecture. The director of Central Intelligence received NSAM 177 alongside State, Defense, Justice and AID. Yet receiving the memorandum is not the same as owning every program it created. To understand CIA's operational role, we need the records that describe actual liaison, training and recruitment—not a slogan imposed on a document.",THE ORDER WITH THE EXCEPTION,shared_sources/source_gap_hunt/National Security Action Memorandum No. 162.extracted.txt,CURRENT_PART,YES,Synthetic language mapped to underlying claims.
CLM-USAIDCIA-P01-007,AST-WRR-USAIDCIA-P01-FB-PHOTO-001-07,WRR-USAIDCIA-P01-FB-PHOTO-001,"NSAM 162 called for country plans combining military, police, intelligence and psychological measures.",it also makes the boundary part of the official design.,STRONG_INFERENCE,INFERENCE_SUPPORTED,INFERENTIAL,3,NSAM 162,"These plans will include the military, police, intelligence and psychological measures comprising a well rounded internal defense plan and will be consistent with the military, economic, political and social measures constituting the overall country plan",https://history.state.gov/historicaldocuments/frus1961-63v08/d91,"Four months later, NSAM 162 widened the frame. Its subject was the development of American and indigenous police, paramilitary and military resources. Police capacity was being discussed as one component of a larger overseas internal-defense system.",THE ARCHITECTURE TAKES SHAPE,shared_sources/source_gap_hunt/National Security Action Memorandum No. 162.extracted.txt,CURRENT_PART,YES,Synthetic language mapped to underlying claims.
CLM-USAIDCIA-P01-008,AST-WRR-USAIDCIA-P01-FB-PHOTO-001-07,WRR-USAIDCIA-P01-FB-PHOTO-001,NSAM 162 directed CIA and AID to maintain personnel with paramilitary skills for crisis areas.,it also makes the boundary part of the official design.,STRONG_INFERENCE,INFERENCE_SUPPORTED,INFERENTIAL,3,NSAM 162,CIA and AID will take action to insure that adequate qualified personnel with paramilitary skills are available. Periodic reports of progress to achieve this objective will be submitted to the Special Group (Counterinsurgency) by CIA and AID,https://history.state.gov/historicaldocuments/frus1961-63v08/d91,"CIA was not absent from the architecture. The director of Central Intelligence received NSAM 177 alongside State, Defense, Justice and AID. Yet receiving the memorandum is not the same as owning every program it created. To understand CIA's operational role, we need the records that describe actual liaison, training and recruitment—not a slogan imposed on a document.",THE ORDER WITH THE EXCEPTION,shared_sources/source_gap_hunt/National Security Action Memorandum No. 162.extracted.txt,CURRENT_PART,YES,Synthetic language mapped to underlying claims.
CLM-USAIDCIA-P01-009,AST-WRR-USAIDCIA-P01-FB-PHOTO-001-07,WRR-USAIDCIA-P01-FB-PHOTO-001,NSAM 162 directed CIA to expand training and support for indigenous intelligence organizations.,it also makes the boundary part of the official design.,STRONG_INFERENCE,INFERENCE_SUPPORTED,INFERENTIAL,3,NSAM 162,"Therefore, the CIA will expand its present training and support efforts to achieve needed improvements in indigenous intelligence organizations and that other U.S. agencies contribute to this CIA coordinated program",https://history.state.gov/historicaldocuments/frus1961-63v08/d91,"CIA was not absent from the architecture. The director of Central Intelligence received NSAM 177 alongside State, Defense, Justice and AID. Yet receiving the memorandum is not the same as owning every program it created. To understand CIA's operational role, we need the records that describe actual liaison, training and recruitment—not a slogan imposed on a document.",THE ORDER WITH THE EXCEPTION,shared_sources/source_gap_hunt/National Security Action Memorandum No. 162.extracted.txt,CURRENT_PART,YES,Synthetic language mapped to underlying claims.
CLM-USAIDCIA-P01-007,AST-WRR-USAIDCIA-P01-FB-PHOTO-001-08,WRR-USAIDCIA-P01-FB-PHOTO-001,"NSAM 162 called for country plans combining military, police, intelligence and psychological measures.",That distinction is the payoff.,STRONG_INFERENCE,INFERENCE_SUPPORTED,INFERENTIAL,3,NSAM 162,"These plans will include the military, police, intelligence and psychological measures comprising a well rounded internal defense plan and will be consistent with the military, economic, political and social measures constituting the overall country plan",https://history.state.gov/historicaldocuments/frus1961-63v08/d91,"Four months later, NSAM 162 widened the frame. Its subject was the development of American and indigenous police, paramilitary and military resources. Police capacity was being discussed as one component of a larger overseas internal-defense system.",THE ARCHITECTURE TAKES SHAPE,shared_sources/source_gap_hunt/National Security Action Memorandum No. 162.extracted.txt,CURRENT_PART,YES,Synthetic language mapped to underlying claims.
CLM-USAIDCIA-P01-008,AST-WRR-USAIDCIA-P01-FB-PHOTO-001-08,WRR-USAIDCIA-P01-FB-PHOTO-001,NSAM 162 directed CIA and AID to maintain personnel with paramilitary skills for crisis areas.,That distinction is the payoff.,STRONG_INFERENCE,INFERENCE_SUPPORTED,INFERENTIAL,3,NSAM 162,CIA and AID will take action to insure that adequate qualified personnel with paramilitary skills are available. Periodic reports of progress to achieve this objective will be submitted to the Special Group (Counterinsurgency) by CIA and AID,https://history.state.gov/historicaldocuments/frus1961-63v08/d91,"CIA was not absent from the architecture. The director of Central Intelligence received NSAM 177 alongside State, Defense, Justice and AID. Yet receiving the memorandum is not the same as owning every program it created. To understand CIA's operational role, we need the records that describe actual liaison, training and recruitment—not a slogan imposed on a document.",THE ORDER WITH THE EXCEPTION,shared_sources/source_gap_hunt/National Security Action Memorandum No. 162.extracted.txt,CURRENT_PART,YES,Synthetic language mapped to underlying claims.
CLM-USAIDCIA-P01-009,AST-WRR-USAIDCIA-P01-FB-PHOTO-001-08,WRR-USAIDCIA-P01-FB-PHOTO-001,NSAM 162 directed CIA to expand training and support for indigenous intelligence organizations.,That distinction is the payoff.,STRONG_INFERENCE,INFERENCE_SUPPORTED,INFERENTIAL,3,NSAM 162,"Therefore, the CIA will expand its present training and support efforts to achieve needed improvements in indigenous intelligence organizations and that other U.S. agencies contribute to this CIA coordinated program",https://history.state.gov/historicaldocuments/frus1961-63v08/d91,"CIA was not absent from the architecture. The director of Central Intelligence received NSAM 177 alongside State, Defense, Justice and AID. Yet receiving the memorandum is not the same as owning every program it created. To understand CIA's operational role, we need the records that describe actual liaison, training and recruitment—not a slogan imposed on a document.",THE ORDER WITH THE EXCEPTION,shared_sources/source_gap_hunt/National Security Action Memorandum No. 162.extracted.txt,CURRENT_PART,YES,Synthetic language mapped to underlying claims.
CLM-USAIDCIA-P01-007,AST-WRR-USAIDCIA-P01-FB-PHOTO-001-09,WRR-USAIDCIA-P01-FB-PHOTO-001,"NSAM 162 called for country plans combining military, police, intelligence and psychological measures.",The records establish an interagency internal-defense structure without establishing that every participating agency was the same institution.,STRONG_INFERENCE,INFERENCE_SUPPORTED,INFERENTIAL,3,NSAM 162,"These plans will include the military, police, intelligence and psychological measures comprising a well rounded internal defense plan and will be consistent with the military, economic, political and social measures constituting the overall country plan",https://history.state.gov/historicaldocuments/frus1961-63v08/d91,"Four months later, NSAM 162 widened the frame. Its subject was the development of American and indigenous police, paramilitary and military resources. Police capacity was being discussed as one component of a larger overseas internal-defense system.",THE ARCHITECTURE TAKES SHAPE,shared_sources/source_gap_hunt/National Security Action Memorandum No. 162.extracted.txt,CURRENT_PART,YES,Synthetic language mapped to underlying claims.
CLM-USAIDCIA-P01-008,AST-WRR-USAIDCIA-P01-FB-PHOTO-001-09,WRR-USAIDCIA-P01-FB-PHOTO-001,NSAM 162 directed CIA and AID to maintain personnel with paramilitary skills for crisis areas.,The records establish an interagency internal-defense structure without establishing that every participating agency was the same institution.,STRONG_INFERENCE,INFERENCE_SUPPORTED,INFERENTIAL,3,NSAM 162,CIA and AID will take action to insure that adequate qualified personnel with paramilitary skills are available. Periodic reports of progress to achieve this objective will be submitted to the Special Group (Counterinsurgency) by CIA and AID,https://history.state.gov/historicaldocuments/frus1961-63v08/d91,"CIA was not absent from the architecture. The director of Central Intelligence received NSAM 177 alongside State, Defense, Justice and AID. Yet receiving the memorandum is not the same as owning every program it created. To understand CIA's operational role, we need the records that describe actual liaison, training and recruitment—not a slogan imposed on a document.",THE ORDER WITH THE EXCEPTION,shared_sources/source_gap_hunt/National Security Action Memorandum No. 162.extracted.txt,CURRENT_PART,YES,Synthetic language mapped to underlying claims.
CLM-USAIDCIA-P01-009,AST-WRR-USAIDCIA-P01-FB-PHOTO-001-09,WRR-USAIDCIA-P01-FB-PHOTO-001,NSAM 162 directed CIA to expand training and support for indigenous intelligence organizations.,The records establish an interagency internal-defense structure without establishing that every participating agency was the same institution.,STRONG_INFERENCE,INFERENCE_SUPPORTED,INFERENTIAL,3,NSAM 162,"Therefore, the CIA will expand its present training and support efforts to achieve needed improvements in indigenous intelligence organizations and that other U.S. agencies contribute to this CIA coordinated program",https://history.state.gov/historicaldocuments/frus1961-63v08/d91,"CIA was not absent from the architecture. The director of Central Intelligence received NSAM 177 alongside State, Defense, Justice and AID. Yet receiving the memorandum is not the same as owning every program it created. To understand CIA's operational role, we need the records that describe actual liaison, training and recruitment—not a slogan imposed on a document.",THE ORDER WITH THE EXCEPTION,shared_sources/source_gap_hunt/National Security Action Memorandum No. 162.extracted.txt,CURRENT_PART,YES,Synthetic language mapped to underlying claims.
CLM-USAIDCIA-P01-003,AST-WRR-USAIDCIA-P01-FB-PHOTO-002-01,WRR-USAIDCIA-P01-FB-PHOTO-002,Kennedy said police programs could appear marginal under economic-development criteria.,The ordinary explanation is reasonable: stable civilian policing could support development.,STRONG_INFERENCE,INFERENCE_SUPPORTED,INFERENTIAL,2,"NSAM 132, signed February 19, 1962","I recognize that such programs may seem marginal in terms of focusing our energies on those key sectors which will contribute most to sustained economic growth. But I regard them as justified on a different though related basis, i.e., that of contributing to internal security and resisting Communist-supported insurgency",https://history.state.gov/historicaldocuments/frus1961-63v08/d72,"President John F. Kennedy addressed that tension directly in NSAM 132, signed February 19, 1962. His memorandum went to Fowler Hamilton, the administrator of AID. Kennedy said police assistance was a crucial element of the response to Communist “indirect aggression,” even though it could look marginal under criteria focused on sustained economic growth.",THE PROGRAM THAT DID NOT FIT DEVELOPMENT,shared_sources/source_gap_hunt/National Security Action Memorandum No. 132.extracted.txt,CURRENT_PART,YES,Synthetic language mapped to underlying claims.
CLM-USAIDCIA-P01-004,AST-WRR-USAIDCIA-P01-FB-PHOTO-002-01,WRR-USAIDCIA-P01-FB-PHOTO-002,Kennedy warned that police programs could be neglected because they were a small part of AID.,The ordinary explanation is reasonable: stable civilian policing could support development.,STRONG_INFERENCE,INFERENCE_SUPPORTED,INFERENTIAL,2,"NSAM 132, signed February 19, 1962","I am further aware that police programs, as a relatively minor facet of the functions of the aid agency, may have tended to receive little emphasis as a result. Therefore, I would like you to consider various ways and means of giving the police program greater autonomy within AID, if this seems necessary in order to protect it from neglect",https://history.state.gov/historicaldocuments/frus1961-63v08/d72,"He also acknowledged a bureaucratic danger. Police programs were a relatively small part of the aid agency, he wrote, and could be neglected. He asked Hamilton to consider giving them greater autonomy and ordered AID to recommend new emphases through the Special Group (Counter-Insurgency).",THE PROGRAM THAT DID NOT FIT DEVELOPMENT,shared_sources/source_gap_hunt/National Security Action Memorandum No. 132.extracted.txt,CURRENT_PART,YES,Synthetic language mapped to underlying claims.
CLM-USAIDCIA-P01-010,AST-WRR-USAIDCIA-P01-FB-PHOTO-002-01,WRR-USAIDCIA-P01-FB-PHOTO-002,"The July 20, 1962 committee called police programs a neglected part of countering subversion and insurgency.",The ordinary explanation is reasonable: stable civilian policing could support development.,STRONG_INFERENCE,INFERENCE_SUPPORTED,INFERENTIAL,4,published Foreign Relations memorandum,the U.S. police assistance programs form a very important but neglected part of our intensified effort to help emerging nations counter subversion and insurgency,https://history.state.gov/historicaldocuments/frus1961-63v08/d99,"Then, on July 20, 1962, an interagency committee chaired through the State Department delivered its recommendations. The published Foreign Relations memorandum is short, but the Kennedy Library folder preserves the fuller report and the implementation papers that followed.",THE ARCHITECTURE TAKES SHAPE,shared_sources/source_gap_hunt/Memorandum From the Interagency Committee on Police Assistance Programs to President Kenne.extracted.txt,CURRENT_PART,YES,Synthetic language mapped to underlying claims.
CLM-USAIDCIA-P01-003,AST-WRR-USAIDCIA-P01-FB-PHOTO-002-02,WRR-USAIDCIA-P01-FB-PHOTO-002,Kennedy said police programs could appear marginal under economic-development criteria.,The record adds another purpose.,STRONG_INFERENCE,INFERENCE_SUPPORTED,INFERENTIAL,2,"NSAM 132, signed February 19, 1962","I recognize that such programs may seem marginal in terms of focusing our energies on those key sectors which will contribute most to sustained economic growth. But I regard them as justified on a different though related basis, i.e., that of contributing to internal security and resisting Communist-supported insurgency",https://history.state.gov/historicaldocuments/frus1961-63v08/d72,"President John F. Kennedy addressed that tension directly in NSAM 132, signed February 19, 1962. His memorandum went to Fowler Hamilton, the administrator of AID. Kennedy said police assistance was a crucial element of the response to Communist “indirect aggression,” even though it could look marginal under criteria focused on sustained economic growth.",THE PROGRAM THAT DID NOT FIT DEVELOPMENT,shared_sources/source_gap_hunt/National Security Action Memorandum No. 132.extracted.txt,CURRENT_PART,YES,Synthetic language mapped to underlying claims.
CLM-USAIDCIA-P01-004,AST-WRR-USAIDCIA-P01-FB-PHOTO-002-02,WRR-USAIDCIA-P01-FB-PHOTO-002,Kennedy warned that police programs could be neglected because they were a small part of AID.,The record adds another purpose.,STRONG_INFERENCE,INFERENCE_SUPPORTED,INFERENTIAL,2,"NSAM 132, signed February 19, 1962","I am further aware that police programs, as a relatively minor facet of the functions of the aid agency, may have tended to receive little emphasis as a result. Therefore, I would like you to consider various ways and means of giving the police program greater autonomy within AID, if this seems necessary in order to protect it from neglect",https://history.state.gov/historicaldocuments/frus1961-63v08/d72,"He also acknowledged a bureaucratic danger. Police programs were a relatively small part of the aid agency, he wrote, and could be neglected. He asked Hamilton to consider giving them greater autonomy and ordered AID to recommend new emphases through the Special Group (Counter-Insurgency).",THE PROGRAM THAT DID NOT FIT DEVELOPMENT,shared_sources/source_gap_hunt/National Security Action Memorandum No. 132.extracted.txt,CURRENT_PART,YES,Synthetic language mapped to underlying claims.
CLM-USAIDCIA-P01-010,AST-WRR-USAIDCIA-P01-FB-PHOTO-002-02,WRR-USAIDCIA-P01-FB-PHOTO-002,"The July 20, 1962 committee called police programs a neglected part of countering subversion and insurgency.",The record adds another purpose.,STRONG_INFERENCE,INFERENCE_SUPPORTED,INFERENTIAL,4,published Foreign Relations memorandum,the U.S. police assistance programs form a very important but neglected part of our intensified effort to help emerging nations counter subversion and insurgency,https://history.state.gov/historicaldocuments/frus1961-63v08/d99,"Then, on July 20, 1962, an interagency committee chaired through the State Department delivered its recommendations. The published Foreign Relations memorandum is short, but the Kennedy Library folder preserves the fuller report and the implementation papers that followed.",THE ARCHITECTURE TAKES SHAPE,shared_sources/source_gap_hunt/Memorandum From the Interagency Committee on Police Assistance Programs to President Kenne.extracted.txt,CURRENT_PART,YES,Synthetic language mapped to underlying claims.
CLM-USAIDCIA-P01-003,AST-WRR-USAIDCIA-P01-FB-PHOTO-002-03,WRR-USAIDCIA-P01-FB-PHOTO-002,Kennedy said police programs could appear marginal under economic-development criteria.,Kennedy said police programs could appear marginal under economic-development criteria.,DOCUMENTED_FACT,SUPPORTED,DIRECT,2,"NSAM 132, signed February 19, 1962","I recognize that such programs may seem marginal in terms of focusing our energies on those key sectors which will contribute most to sustained economic growth. But I regard them as justified on a different though related basis, i.e., that of contributing to internal security and resisting Communist-supported insurgency",https://history.state.gov/historicaldocuments/frus1961-63v08/d72,"President John F. Kennedy addressed that tension directly in NSAM 132, signed February 19, 1962. His memorandum went to Fowler Hamilton, the administrator of AID. Kennedy said police assistance was a crucial element of the response to Communist “indirect aggression,” even though it could look marginal under criteria focused on sustained economic growth.",THE PROGRAM THAT DID NOT FIT DEVELOPMENT,shared_sources/source_gap_hunt/National Security Action Memorandum No. 132.extracted.txt,CURRENT_PART,NO,Sentence-level deterministic evidence mapping.
CLM-USAIDCIA-P01-004,AST-WRR-USAIDCIA-P01-FB-PHOTO-002-04,WRR-USAIDCIA-P01-FB-PHOTO-002,Kennedy warned that police programs could be neglected because they were a small part of AID.,Kennedy warned that police programs could be neglected because they were a small part of AID.,DOCUMENTED_FACT,SUPPORTED,DIRECT,2,"NSAM 132, signed February 19, 1962","I am further aware that police programs, as a relatively minor facet of the functions of the aid agency, may have tended to receive little emphasis as a result. Therefore, I would like you to consider various ways and means of giving the police program greater autonomy within AID, if this seems necessary in order to protect it from neglect",https://history.state.gov/historicaldocuments/frus1961-63v08/d72,"He also acknowledged a bureaucratic danger. Police programs were a relatively small part of the aid agency, he wrote, and could be neglected. He asked Hamilton to consider giving them greater autonomy and ordered AID to recommend new emphases through the Special Group (Counter-Insurgency).",THE PROGRAM THAT DID NOT FIT DEVELOPMENT,shared_sources/source_gap_hunt/National Security Action Memorandum No. 132.extracted.txt,CURRENT_PART,NO,Sentence-level deterministic evidence mapping.
CLM-USAIDCIA-P01-010,AST-WRR-USAIDCIA-P01-FB-PHOTO-002-05,WRR-USAIDCIA-P01-FB-PHOTO-002,"The July 20, 1962 committee called police programs a neglected part of countering subversion and insurgency.","The July 20, 1962 committee called police programs a neglected part of countering subversion and insurgency.",DOCUMENTED_FACT,SUPPORTED,DIRECT,4,published Foreign Relations memorandum,the U.S. police assistance programs form a very important but neglected part of our intensified effort to help emerging nations counter subversion and insurgency,https://history.state.gov/historicaldocuments/frus1961-63v08/d99,"Then, on July 20, 1962, an interagency committee chaired through the State Department delivered its recommendations. The published Foreign Relations memorandum is short, but the Kennedy Library folder preserves the fuller report and the implementation papers that followed.",THE ARCHITECTURE TAKES SHAPE,shared_sources/source_gap_hunt/Memorandum From the Interagency Committee on Police Assistance Programs to President Kenne.extracted.txt,CURRENT_PART,NO,Sentence-level deterministic evidence mapping.
CLM-USAIDCIA-P01-003,AST-WRR-USAIDCIA-P01-FB-PHOTO-002-06,WRR-USAIDCIA-P01-FB-PHOTO-002,Kennedy said police programs could appear marginal under economic-development criteria.,"Taken together, those assignments describe a division of labor: civilian administration in AID, policy guidance in State and selected responsibilities outside AID.",STRONG_INFERENCE,INFERENCE_SUPPORTED,INFERENTIAL,2,"NSAM 132, signed February 19, 1962","I recognize that such programs may seem marginal in terms of focusing our energies on those key sectors which will contribute most to sustained economic growth. But I regard them as justified on a different though related basis, i.e., that of contributing to internal security and resisting Communist-supported insurgency",https://history.state.gov/historicaldocuments/frus1961-63v08/d72,"President John F. Kennedy addressed that tension directly in NSAM 132, signed February 19, 1962. His memorandum went to Fowler Hamilton, the administrator of AID. Kennedy said police assistance was a crucial element of the response to Communist “indirect aggression,” even though it could look marginal under criteria focused on sustained economic growth.",THE PROGRAM THAT DID NOT FIT DEVELOPMENT,shared_sources/source_gap_hunt/National Security Action Memorandum No. 132.extracted.txt,CURRENT_PART,YES,Synthetic language mapped to underlying claims.
CLM-USAIDCIA-P01-004,AST-WRR-USAIDCIA-P01-FB-PHOTO-002-06,WRR-USAIDCIA-P01-FB-PHOTO-002,Kennedy warned that police programs could be neglected because they were a small part of AID.,"Taken together, those assignments describe a division of labor: civilian administration in AID, policy guidance in State and selected responsibilities outside AID.",STRONG_INFERENCE,INFERENCE_SUPPORTED,INFERENTIAL,2,"NSAM 132, signed February 19, 1962","I am further aware that police programs, as a relatively minor facet of the functions of the aid agency, may have tended to receive little emphasis as a result. Therefore, I would like you to consider various ways and means of giving the police program greater autonomy within AID, if this seems necessary in order to protect it from neglect",https://history.state.gov/historicaldocuments/frus1961-63v08/d72,"He also acknowledged a bureaucratic danger. Police programs were a relatively small part of the aid agency, he wrote, and could be neglected. He asked Hamilton to consider giving them greater autonomy and ordered AID to recommend new emphases through the Special Group (Counter-Insurgency).",THE PROGRAM THAT DID NOT FIT DEVELOPMENT,shared_sources/source_gap_hunt/National Security Action Memorandum No. 132.extracted.txt,CURRENT_PART,YES,Synthetic language mapped to underlying claims.
CLM-USAIDCIA-P01-010,AST-WRR-USAIDCIA-P01-FB-PHOTO-002-06,WRR-USAIDCIA-P01-FB-PHOTO-002,"The July 20, 1962 committee called police programs a neglected part of countering subversion and insurgency.","Taken together, those assignments describe a division of labor: civilian administration in AID, policy guidance in State and selected responsibilities outside AID.",STRONG_INFERENCE,INFERENCE_SUPPORTED,INFERENTIAL,4,published Foreign Relations memorandum,the U.S. police assistance programs form a very important but neglected part of our intensified effort to help emerging nations counter subversion and insurgency,https://history.state.gov/historicaldocuments/frus1961-63v08/d99,"Then, on July 20, 1962, an interagency committee chaired through the State Department delivered its recommendations. The published Foreign Relations memorandum is short, but the Kennedy Library folder preserves the fuller report and the implementation papers that followed.",THE ARCHITECTURE TAKES SHAPE,shared_sources/source_gap_hunt/Memorandum From the Interagency Committee on Police Assistance Programs to President Kenne.extracted.txt,CURRENT_PART,YES,Synthetic language mapped to underlying claims.
CLM-USAIDCIA-P01-003,AST-WRR-USAIDCIA-P01-FB-PHOTO-002-07,WRR-USAIDCIA-P01-FB-PHOTO-002,Kennedy said police programs could appear marginal under economic-development criteria.,"The covert carve-out limits what the overt assignment proves,",STRONG_INFERENCE,INFERENCE_SUPPORTED,INFERENTIAL,2,"NSAM 132, signed February 19, 1962","I recognize that such programs may seem marginal in terms of focusing our energies on those key sectors which will contribute most to sustained economic growth. But I regard them as justified on a different though related basis, i.e., that of contributing to internal security and resisting Communist-supported insurgency",https://history.state.gov/historicaldocuments/frus1961-63v08/d72,"President John F. Kennedy addressed that tension directly in NSAM 132, signed February 19, 1962. His memorandum went to Fowler Hamilton, the administrator of AID. Kennedy said police assistance was a crucial element of the response to Communist “indirect aggression,” even though it could look marginal under criteria focused on sustained economic growth.",THE PROGRAM THAT DID NOT FIT DEVELOPMENT,shared_sources/source_gap_hunt/National Security Action Memorandum No. 132.extracted.txt,CURRENT_PART,YES,Synthetic language mapped to underlying claims.
CLM-USAIDCIA-P01-004,AST-WRR-USAIDCIA-P01-FB-PHOTO-002-07,WRR-USAIDCIA-P01-FB-PHOTO-002,Kennedy warned that police programs could be neglected because they were a small part of AID.,"The covert carve-out limits what the overt assignment proves,",STRONG_INFERENCE,INFERENCE_SUPPORTED,INFERENTIAL,2,"NSAM 132, signed February 19, 1962","I am further aware that police programs, as a relatively minor facet of the functions of the aid agency, may have tended to receive little emphasis as a result. Therefore, I would like you to consider various ways and means of giving the police program greater autonomy within AID, if this seems necessary in order to protect it from neglect",https://history.state.gov/historicaldocuments/frus1961-63v08/d72,"He also acknowledged a bureaucratic danger. Police programs were a relatively small part of the aid agency, he wrote, and could be neglected. He asked Hamilton to consider giving them greater autonomy and ordered AID to recommend new emphases through the Special Group (Counter-Insurgency).",THE PROGRAM THAT DID NOT FIT DEVELOPMENT,shared_sources/source_gap_hunt/National Security Action Memorandum No. 132.extracted.txt,CURRENT_PART,YES,Synthetic language mapped to underlying claims.
CLM-USAIDCIA-P01-010,AST-WRR-USAIDCIA-P01-FB-PHOTO-002-07,WRR-USAIDCIA-P01-FB-PHOTO-002,"The July 20, 1962 committee called police programs a neglected part of countering subversion and insurgency.","The covert carve-out limits what the overt assignment proves,",STRONG_INFERENCE,INFERENCE_SUPPORTED,INFERENTIAL,4,published Foreign Relations memorandum,the U.S. police assistance programs form a very important but neglected part of our intensified effort to help emerging nations counter subversion and insurgency,https://history.state.gov/historicaldocuments/frus1961-63v08/d99,"Then, on July 20, 1962, an interagency committee chaired through the State Department delivered its recommendations. The published Foreign Relations memorandum is short, but the Kennedy Library folder preserves the fuller report and the implementation papers that followed.",THE ARCHITECTURE TAKES SHAPE,shared_sources/source_gap_hunt/Memorandum From the Interagency Committee on Police Assistance Programs to President Kenne.extracted.txt,CURRENT_PART,YES,Synthetic language mapped to underlying claims.
CLM-USAIDCIA-P01-003,AST-WRR-USAIDCIA-P01-FB-PHOTO-002-08,WRR-USAIDCIA-P01-FB-PHOTO-002,Kennedy said police programs could appear marginal under economic-development criteria.,it also makes the boundary part of the official design.,STRONG_INFERENCE,INFERENCE_SUPPORTED,INFERENTIAL,2,"NSAM 132, signed February 19, 1962","I recognize that such programs may seem marginal in terms of focusing our energies on those key sectors which will contribute most to sustained economic growth. But I regard them as justified on a different though related basis, i.e., that of contributing to internal security and resisting Communist-supported insurgency",https://history.state.gov/historicaldocuments/frus1961-63v08/d72,"President John F. Kennedy addressed that tension directly in NSAM 132, signed February 19, 1962. His memorandum went to Fowler Hamilton, the administrator of AID. Kennedy said police assistance was a crucial element of the response to Communist “indirect aggression,” even though it could look marginal under criteria focused on sustained economic growth.",THE PROGRAM THAT DID NOT FIT DEVELOPMENT,shared_sources/source_gap_hunt/National Security Action Memorandum No. 132.extracted.txt,CURRENT_PART,YES,Synthetic language mapped to underlying claims.
CLM-USAIDCIA-P01-004,AST-WRR-USAIDCIA-P01-FB-PHOTO-002-08,WRR-USAIDCIA-P01-FB-PHOTO-002,Kennedy warned that police programs could be neglected because they were a small part of AID.,it also makes the boundary part of the official design.,STRONG_INFERENCE,INFERENCE_SUPPORTED,INFERENTIAL,2,"NSAM 132, signed February 19, 1962","I am further aware that police programs, as a relatively minor facet of the functions of the aid agency, may have tended to receive little emphasis as a result. Therefore, I would like you to consider various ways and means of giving the police program greater autonomy within AID, if this seems necessary in order to protect it from neglect",https://history.state.gov/historicaldocuments/frus1961-63v08/d72,"He also acknowledged a bureaucratic danger. Police programs were a relatively small part of the aid agency, he wrote, and could be neglected. He asked Hamilton to consider giving them greater autonomy and ordered AID to recommend new emphases through the Special Group (Counter-Insurgency).",THE PROGRAM THAT DID NOT FIT DEVELOPMENT,shared_sources/source_gap_hunt/National Security Action Memorandum No. 132.extracted.txt,CURRENT_PART,YES,Synthetic language mapped to underlying claims.
CLM-USAIDCIA-P01-010,AST-WRR-USAIDCIA-P01-FB-PHOTO-002-08,WRR-USAIDCIA-P01-FB-PHOTO-002,"The July 20, 1962 committee called police programs a neglected part of countering subversion and insurgency.",it also makes the boundary part of the official design.,STRONG_INFERENCE,INFERENCE_SUPPORTED,INFERENTIAL,4,published Foreign Relations memorandum,the U.S. police assistance programs form a very important but neglected part of our intensified effort to help emerging nations counter subversion and insurgency,https://history.state.gov/historicaldocuments/frus1961-63v08/d99,"Then, on July 20, 1962, an interagency committee chaired through the State Department delivered its recommendations. The published Foreign Relations memorandum is short, but the Kennedy Library folder preserves the fuller report and the implementation papers that followed.",THE ARCHITECTURE TAKES SHAPE,shared_sources/source_gap_hunt/Memorandum From the Interagency Committee on Police Assistance Programs to President Kenne.extracted.txt,CURRENT_PART,YES,Synthetic language mapped to underlying claims.
CLM-USAIDCIA-P01-003,AST-WRR-USAIDCIA-P01-FB-PHOTO-002-09,WRR-USAIDCIA-P01-FB-PHOTO-002,Kennedy said police programs could appear marginal under economic-development criteria.,That distinction is the payoff.,STRONG_INFERENCE,INFERENCE_SUPPORTED,INFERENTIAL,2,"NSAM 132, signed February 19, 1962","I recognize that such programs may seem marginal in terms of focusing our energies on those key sectors which will contribute most to sustained economic growth. But I regard them as justified on a different though related basis, i.e., that of contributing to internal security and resisting Communist-supported insurgency",https://history.state.gov/historicaldocuments/frus1961-63v08/d72,"President John F. Kennedy addressed that tension directly in NSAM 132, signed February 19, 1962. His memorandum went to Fowler Hamilton, the administrator of AID. Kennedy said police assistance was a crucial element of the response to Communist “indirect aggression,” even though it could look marginal under criteria focused on sustained economic growth.",THE PROGRAM THAT DID NOT FIT DEVELOPMENT,shared_sources/source_gap_hunt/National Security Action Memorandum No. 132.extracted.txt,CURRENT_PART,YES,Synthetic language mapped to underlying claims.
CLM-USAIDCIA-P01-004,AST-WRR-USAIDCIA-P01-FB-PHOTO-002-09,WRR-USAIDCIA-P01-FB-PHOTO-002,Kennedy warned that police programs could be neglected because they were a small part of AID.,That distinction is the payoff.,STRONG_INFERENCE,INFERENCE_SUPPORTED,INFERENTIAL,2,"NSAM 132, signed February 19, 1962","I am further aware that police programs, as a relatively minor facet of the functions of the aid agency, may have tended to receive little emphasis as a result. Therefore, I would like you to consider various ways and means of giving the police program greater autonomy within AID, if this seems necessary in order to protect it from neglect",https://history.state.gov/historicaldocuments/frus1961-63v08/d72,"He also acknowledged a bureaucratic danger. Police programs were a relatively small part of the aid agency, he wrote, and could be neglected. He asked Hamilton to consider giving them greater autonomy and ordered AID to recommend new emphases through the Special Group (Counter-Insurgency).",THE PROGRAM THAT DID NOT FIT DEVELOPMENT,shared_sources/source_gap_hunt/National Security Action Memorandum No. 132.extracted.txt,CURRENT_PART,YES,Synthetic language mapped to underlying claims.
CLM-USAIDCIA-P01-010,AST-WRR-USAIDCIA-P01-FB-PHOTO-002-09,WRR-USAIDCIA-P01-FB-PHOTO-002,"The July 20, 1962 committee called police programs a neglected part of countering subversion and insurgency.",That distinction is the payoff.,STRONG_INFERENCE,INFERENCE_SUPPORTED,INFERENTIAL,4,published Foreign Relations memorandum,the U.S. police assistance programs form a very important but neglected part of our intensified effort to help emerging nations counter subversion and insurgency,https://history.state.gov/historicaldocuments/frus1961-63v08/d99,"Then, on July 20, 1962, an interagency committee chaired through the State Department delivered its recommendations. The published Foreign Relations memorandum is short, but the Kennedy Library folder preserves the fuller report and the implementation papers that followed.",THE ARCHITECTURE TAKES SHAPE,shared_sources/source_gap_hunt/Memorandum From the Interagency Committee on Police Assistance Programs to President Kenne.extracted.txt,CURRENT_PART,YES,Synthetic language mapped to underlying claims.
CLM-USAIDCIA-P01-003,AST-WRR-USAIDCIA-P01-FB-PHOTO-002-10,WRR-USAIDCIA-P01-FB-PHOTO-002,Kennedy said police programs could appear marginal under economic-development criteria.,The records establish an interagency internal-defense structure without establishing that every participating agency was the same institution.,STRONG_INFERENCE,INFERENCE_SUPPORTED,INFERENTIAL,2,"NSAM 132, signed February 19, 1962","I recognize that such programs may seem marginal in terms of focusing our energies on those key sectors which will contribute most to sustained economic growth. But I regard them as justified on a different though related basis, i.e., that of contributing to internal security and resisting Communist-supported insurgency",https://history.state.gov/historicaldocuments/frus1961-63v08/d72,"President John F. Kennedy addressed that tension directly in NSAM 132, signed February 19, 1962. His memorandum went to Fowler Hamilton, the administrator of AID. Kennedy said police assistance was a crucial element of the response to Communist “indirect aggression,” even though it could look marginal under criteria focused on sustained economic growth.",THE PROGRAM THAT DID NOT FIT DEVELOPMENT,shared_sources/source_gap_hunt/National Security Action Memorandum No. 132.extracted.txt,CURRENT_PART,YES,Synthetic language mapped to underlying claims.
CLM-USAIDCIA-P01-004,AST-WRR-USAIDCIA-P01-FB-PHOTO-002-10,WRR-USAIDCIA-P01-FB-PHOTO-002,Kennedy warned that police programs could be neglected because they were a small part of AID.,The records establish an interagency internal-defense structure without establishing that every participating agency was the same institution.,STRONG_INFERENCE,INFERENCE_SUPPORTED,INFERENTIAL,2,"NSAM 132, signed February 19, 1962","I am further aware that police programs, as a relatively minor facet of the functions of the aid agency, may have tended to receive little emphasis as a result. Therefore, I would like you to consider various ways and means of giving the police program greater autonomy within AID, if this seems necessary in order to protect it from neglect",https://history.state.gov/historicaldocuments/frus1961-63v08/d72,"He also acknowledged a bureaucratic danger. Police programs were a relatively small part of the aid agency, he wrote, and could be neglected. He asked Hamilton to consider giving them greater autonomy and ordered AID to recommend new emphases through the Special Group (Counter-Insurgency).",THE PROGRAM THAT DID NOT FIT DEVELOPMENT,shared_sources/source_gap_hunt/National Security Action Memorandum No. 132.extracted.txt,CURRENT_PART,YES,Synthetic language mapped to underlying claims.
CLM-USAIDCIA-P01-010,AST-WRR-USAIDCIA-P01-FB-PHOTO-002-10,WRR-USAIDCIA-P01-FB-PHOTO-002,"The July 20, 1962 committee called police programs a neglected part of countering subversion and insurgency.",The records establish an interagency internal-defense structure without establishing that every participating agency was the same institution.,STRONG_INFERENCE,INFERENCE_SUPPORTED,INFERENTIAL,4,published Foreign Relations memorandum,the U.S. police assistance programs form a very important but neglected part of our intensified effort to help emerging nations counter subversion and insurgency,https://history.state.gov/historicaldocuments/frus1961-63v08/d99,"Then, on July 20, 1962, an interagency committee chaired through the State Department delivered its recommendations. The published Foreign Relations memorandum is short, but the Kennedy Library folder preserves the fuller report and the implementation papers that followed.",THE ARCHITECTURE TAKES SHAPE,shared_sources/source_gap_hunt/Memorandum From the Interagency Committee on Police Assistance Programs to President Kenne.extracted.txt,CURRENT_PART,YES,Synthetic language mapped to underlying claims.
CLM-USAIDCIA-P01-003,AST-WRR-USAIDCIA-P01-FB-PHOTO-002-11,WRR-USAIDCIA-P01-FB-PHOTO-002,Kennedy said police programs could appear marginal under economic-development criteria.,Part 1 reconstructs the complete paper trail.,STRONG_INFERENCE,INFERENCE_SUPPORTED,INFERENTIAL,2,"NSAM 132, signed February 19, 1962","I recognize that such programs may seem marginal in terms of focusing our energies on those key sectors which will contribute most to sustained economic growth. But I regard them as justified on a different though related basis, i.e., that of contributing to internal security and resisting Communist-supported insurgency",https://history.state.gov/historicaldocuments/frus1961-63v08/d72,"President John F. Kennedy addressed that tension directly in NSAM 132, signed February 19, 1962. His memorandum went to Fowler Hamilton, the administrator of AID. Kennedy said police assistance was a crucial element of the response to Communist “indirect aggression,” even though it could look marginal under criteria focused on sustained economic growth.",THE PROGRAM THAT DID NOT FIT DEVELOPMENT,shared_sources/source_gap_hunt/National Security Action Memorandum No. 132.extracted.txt,CURRENT_PART,YES,Synthetic language mapped to underlying claims.
CLM-USAIDCIA-P01-004,AST-WRR-USAIDCIA-P01-FB-PHOTO-002-11,WRR-USAIDCIA-P01-FB-PHOTO-002,Kennedy warned that police programs could be neglected because they were a small part of AID.,Part 1 reconstructs the complete paper trail.,STRONG_INFERENCE,INFERENCE_SUPPORTED,INFERENTIAL,2,"NSAM 132, signed February 19, 1962","I am further aware that police programs, as a relatively minor facet of the functions of the aid agency, may have tended to receive little emphasis as a result. Therefore, I would like you to consider various ways and means of giving the police program greater autonomy within AID, if this seems necessary in order to protect it from neglect",https://history.state.gov/historicaldocuments/frus1961-63v08/d72,"He also acknowledged a bureaucratic danger. Police programs were a relatively small part of the aid agency, he wrote, and could be neglected. He asked Hamilton to consider giving them greater autonomy and ordered AID to recommend new emphases through the Special Group (Counter-Insurgency).",THE PROGRAM THAT DID NOT FIT DEVELOPMENT,shared_sources/source_gap_hunt/National Security Action Memorandum No. 132.extracted.txt,CURRENT_PART,YES,Synthetic language mapped to underlying claims.
CLM-USAIDCIA-P01-010,AST-WRR-USAIDCIA-P01-FB-PHOTO-002-11,WRR-USAIDCIA-P01-FB-PHOTO-002,"The July 20, 1962 committee called police programs a neglected part of countering subversion and insurgency.",Part 1 reconstructs the complete paper trail.,STRONG_INFERENCE,INFERENCE_SUPPORTED,INFERENTIAL,4,published Foreign Relations memorandum,the U.S. police assistance programs form a very important but neglected part of our intensified effort to help emerging nations counter subversion and insurgency,https://history.state.gov/historicaldocuments/frus1961-63v08/d99,"Then, on July 20, 1962, an interagency committee chaired through the State Department delivered its recommendations. The published Foreign Relations memorandum is short, but the Kennedy Library folder preserves the fuller report and the implementation papers that followed.",THE ARCHITECTURE TAKES SHAPE,shared_sources/source_gap_hunt/Memorandum From the Interagency Committee on Police Assistance Programs to President Kenne.extracted.txt,CURRENT_PART,YES,Synthetic language mapped to underlying claims.
CLM-USAIDCIA-P01-008,AST-WRR-USAIDCIA-P01-FB-PHOTO-003-01,WRR-USAIDCIA-P01-FB-PHOTO-003,NSAM 162 directed CIA and AID to maintain personnel with paramilitary skills for crisis areas.,The founding directive acknowledged “covert aspects” without mapping them.,STRONG_INFERENCE,INFERENCE_SUPPORTED,INFERENTIAL,3,NSAM 162,CIA and AID will take action to insure that adequate qualified personnel with paramilitary skills are available. Periodic reports of progress to achieve this objective will be submitted to the Special Group (Counterinsurgency) by CIA and AID,https://history.state.gov/historicaldocuments/frus1961-63v08/d91,"CIA was not absent from the architecture. The director of Central Intelligence received NSAM 177 alongside State, Defense, Justice and AID. Yet receiving the memorandum is not the same as owning every program it created. To understand CIA's operational role, we need the records that describe actual liaison, training and recruitment—not a slogan imposed on a document.",THE ORDER WITH THE EXCEPTION,shared_sources/source_gap_hunt/National Security Action Memorandum No. 162.extracted.txt,CURRENT_PART,YES,Synthetic language mapped to underlying claims.
CLM-USAIDCIA-P01-016,AST-WRR-USAIDCIA-P01-FB-PHOTO-003-01,WRR-USAIDCIA-P01-FB-PHOTO-003,The committee assigned AID operating and funding responsibility except for covert aspects and selected Defense programs.,The founding directive acknowledged “covert aspects” without mapping them.,STRONG_INFERENCE,INFERENCE_SUPPORTED,INFERENTIAL,4,published Foreign Relations memorandum,"That AID be charged with operating and funding responsibility for all such programs, except for their covert aspects and for those programs which the Administrator of AID decides should be carried out by the Department of Defense",https://history.state.gov/historicaldocuments/frus1961-63v08/d99,"The third paragraph charged AID's administrator with coordination and vigorous leadership. The fourth went further: AID received operating and funding responsibility for the programs, apart from those assigned to Defense—and apart from their covert aspects.",THE ORDER WITH THE EXCEPTION,shared_sources/source_gap_hunt/Memorandum From the Interagency Committee on Police Assistance Programs to President Kenne.extracted.txt,CURRENT_PART,YES,Synthetic language mapped to underlying claims.
CLM-USAIDCIA-P01-017,AST-WRR-USAIDCIA-P01-FB-PHOTO-003-01,WRR-USAIDCIA-P01-FB-PHOTO-003,The committee recommended a dedicated AID police office.,The founding directive acknowledged “covert aspects” without mapping them.,STRONG_INFERENCE,INFERENCE_SUPPORTED,INFERENTIAL,4,published Foreign Relations memorandum,"That to carry out its responsibilities, AID establish an office specifically charged with police matters, staffed with sufficient qualified personnel to: (a) provide centralized professional and technical planning guidance to the country teams, police missions and State and AID regional bureaus; (b) provide professional and technical guidance and professional and technical supervision in implementing programs; (c) establish and supervise training requirements for U.S. police technicians, and standards of evaluating professional competence; (d) to conduct surveys and program evaluations; (e) to provide an essential repository of technical knowledge based on research in the latest techniques of controlling subversion and mass violence; that AID appoint a senior professional to head this office, responsible to the Special Assistant-Internal Defense with direct access to the Deputy Administrator; that while line responsibility for AID police programs remains with each regional AID bureau, sufficient professional personnel should be assigned to the new Office to provide the centralized staff support outlined above",https://history.state.gov/historicaldocuments/frus1961-63v08/d99,The institutional design is easiest to see in paragraph five. AID was ordered to establish an office specifically charged with police matters.,WHAT THE NEW OFFICE WAS BUILT TO DO,shared_sources/source_gap_hunt/Memorandum From the Interagency Committee on Police Assistance Programs to President Kenne.extracted.txt,CURRENT_PART,YES,Synthetic language mapped to underlying claims.
CLM-USAIDCIA-P01-008,AST-WRR-USAIDCIA-P01-FB-PHOTO-003-03,WRR-USAIDCIA-P01-FB-PHOTO-003,NSAM 162 directed CIA and AID to maintain personnel with paramilitary skills for crisis areas.,NSAM 162 directed CIA and AID to maintain personnel with paramilitary skills for crisis areas.,DOCUMENTED_FACT,SUPPORTED,DIRECT,3,NSAM 162,CIA and AID will take action to insure that adequate qualified personnel with paramilitary skills are available. Periodic reports of progress to achieve this objective will be submitted to the Special Group (Counterinsurgency) by CIA and AID,https://history.state.gov/historicaldocuments/frus1961-63v08/d91,"CIA was not absent from the architecture. The director of Central Intelligence received NSAM 177 alongside State, Defense, Justice and AID. Yet receiving the memorandum is not the same as owning every program it created. To understand CIA's operational role, we need the records that describe actual liaison, training and recruitment—not a slogan imposed on a document.",THE ORDER WITH THE EXCEPTION,shared_sources/source_gap_hunt/National Security Action Memorandum No. 162.extracted.txt,CURRENT_PART,NO,Sentence-level deterministic evidence mapping.
CLM-USAIDCIA-P01-016,AST-WRR-USAIDCIA-P01-FB-PHOTO-003-04,WRR-USAIDCIA-P01-FB-PHOTO-003,The committee assigned AID operating and funding responsibility except for covert aspects and selected Defense programs.,The committee assigned AID operating and funding responsibility except for covert aspects and selected Defense programs.,DOCUMENTED_FACT,SUPPORTED,DIRECT,4,published Foreign Relations memorandum,"That AID be charged with operating and funding responsibility for all such programs, except for their covert aspects and for those programs which the Administrator of AID decides should be carried out by the Department of Defense",https://history.state.gov/historicaldocuments/frus1961-63v08/d99,"The third paragraph charged AID's administrator with coordination and vigorous leadership. The fourth went further: AID received operating and funding responsibility for the programs, apart from those assigned to Defense—and apart from their covert aspects.",THE ORDER WITH THE EXCEPTION,shared_sources/source_gap_hunt/Memorandum From the Interagency Committee on Police Assistance Programs to President Kenne.extracted.txt,CURRENT_PART,NO,Sentence-level deterministic evidence mapping.
CLM-USAIDCIA-P01-017,AST-WRR-USAIDCIA-P01-FB-PHOTO-003-05,WRR-USAIDCIA-P01-FB-PHOTO-003,The committee recommended a dedicated AID police office.,The committee recommended a dedicated AID police office.,DOCUMENTED_FACT,SUPPORTED,DIRECT,4,published Foreign Relations memorandum,"That to carry out its responsibilities, AID establish an office specifically charged with police matters, staffed with sufficient qualified personnel to: (a) provide centralized professional and technical planning guidance to the country teams, police missions and State and AID regional bureaus; (b) provide professional and technical guidance and professional and technical supervision in implementing programs; (c) establish and supervise training requirements for U.S. police technicians, and standards of evaluating professional competence; (d) to conduct surveys and program evaluations; (e) to provide an essential repository of technical knowledge based on research in the latest techniques of controlling subversion and mass violence; that AID appoint a senior professional to head this office, responsible to the Special Assistant-Internal Defense with direct access to the Deputy Administrator; that while line responsibility for AID police programs remains with each regional AID bureau, sufficient professional personnel should be assigned to the new Office to provide the centralized staff support outlined above",https://history.state.gov/historicaldocuments/frus1961-63v08/d99,The institutional design is easiest to see in paragraph five. AID was ordered to establish an office specifically charged with police matters.,WHAT THE NEW OFFICE WAS BUILT TO DO,shared_sources/source_gap_hunt/Memorandum From the Interagency Committee on Police Assistance Programs to President Kenne.extracted.txt,CURRENT_PART,NO,Sentence-level deterministic evidence mapping.
CLM-USAIDCIA-P01-008,AST-WRR-USAIDCIA-P01-FB-PHOTO-003-06,WRR-USAIDCIA-P01-FB-PHOTO-003,NSAM 162 directed CIA and AID to maintain personnel with paramilitary skills for crisis areas.,"Taken together, those assignments describe a division of labor: civilian administration in AID, policy guidance in State and selected responsibilities outside AID.",STRONG_INFERENCE,INFERENCE_SUPPORTED,INFERENTIAL,3,NSAM 162,CIA and AID will take action to insure that adequate qualified personnel with paramilitary skills are available. Periodic reports of progress to achieve this objective will be submitted to the Special Group (Counterinsurgency) by CIA and AID,https://history.state.gov/historicaldocuments/frus1961-63v08/d91,"CIA was not absent from the architecture. The director of Central Intelligence received NSAM 177 alongside State, Defense, Justice and AID. Yet receiving the memorandum is not the same as owning every program it created. To understand CIA's operational role, we need the records that describe actual liaison, training and recruitment—not a slogan imposed on a document.",THE ORDER WITH THE EXCEPTION,shared_sources/source_gap_hunt/National Security Action Memorandum No. 162.extracted.txt,CURRENT_PART,YES,Synthetic language mapped to underlying claims.
CLM-USAIDCIA-P01-016,AST-WRR-USAIDCIA-P01-FB-PHOTO-003-06,WRR-USAIDCIA-P01-FB-PHOTO-003,The committee assigned AID operating and funding responsibility except for covert aspects and selected Defense programs.,"Taken together, those assignments describe a division of labor: civilian administration in AID, policy guidance in State and selected responsibilities outside AID.",STRONG_INFERENCE,INFERENCE_SUPPORTED,INFERENTIAL,4,published Foreign Relations memorandum,"That AID be charged with operating and funding responsibility for all such programs, except for their covert aspects and for those programs which the Administrator of AID decides should be carried out by the Department of Defense",https://history.state.gov/historicaldocuments/frus1961-63v08/d99,"The third paragraph charged AID's administrator with coordination and vigorous leadership. The fourth went further: AID received operating and funding responsibility for the programs, apart from those assigned to Defense—and apart from their covert aspects.",THE ORDER WITH THE EXCEPTION,shared_sources/source_gap_hunt/Memorandum From the Interagency Committee on Police Assistance Programs to President Kenne.extracted.txt,CURRENT_PART,YES,Synthetic language mapped to underlying claims.
CLM-USAIDCIA-P01-017,AST-WRR-USAIDCIA-P01-FB-PHOTO-003-06,WRR-USAIDCIA-P01-FB-PHOTO-003,The committee recommended a dedicated AID police office.,"Taken together, those assignments describe a division of labor: civilian administration in AID, policy guidance in State and selected responsibilities outside AID.",STRONG_INFERENCE,INFERENCE_SUPPORTED,INFERENTIAL,4,published Foreign Relations memorandum,"That to carry out its responsibilities, AID establish an office specifically charged with police matters, staffed with sufficient qualified personnel to: (a) provide centralized professional and technical planning guidance to the country teams, police missions and State and AID regional bureaus; (b) provide professional and technical guidance and professional and technical supervision in implementing programs; (c) establish and supervise training requirements for U.S. police technicians, and standards of evaluating professional competence; (d) to conduct surveys and program evaluations; (e) to provide an essential repository of technical knowledge based on research in the latest techniques of controlling subversion and mass violence; that AID appoint a senior professional to head this office, responsible to the Special Assistant-Internal Defense with direct access to the Deputy Administrator; that while line responsibility for AID police programs remains with each regional AID bureau, sufficient professional personnel should be assigned to the new Office to provide the centralized staff support outlined above",https://history.state.gov/historicaldocuments/frus1961-63v08/d99,The institutional design is easiest to see in paragraph five. AID was ordered to establish an office specifically charged with police matters.,WHAT THE NEW OFFICE WAS BUILT TO DO,shared_sources/source_gap_hunt/Memorandum From the Interagency Committee on Police Assistance Programs to President Kenne.extracted.txt,CURRENT_PART,YES,Synthetic language mapped to underlying claims.
CLM-USAIDCIA-P01-008,AST-WRR-USAIDCIA-P01-FB-PHOTO-003-07,WRR-USAIDCIA-P01-FB-PHOTO-003,NSAM 162 directed CIA and AID to maintain personnel with paramilitary skills for crisis areas.,"The covert carve-out limits what the overt assignment proves,",STRONG_INFERENCE,INFERENCE_SUPPORTED,INFERENTIAL,3,NSAM 162,CIA and AID will take action to insure that adequate qualified personnel with paramilitary skills are available. Periodic reports of progress to achieve this objective will be submitted to the Special Group (Counterinsurgency) by CIA and AID,https://history.state.gov/historicaldocuments/frus1961-63v08/d91,"CIA was not absent from the architecture. The director of Central Intelligence received NSAM 177 alongside State, Defense, Justice and AID. Yet receiving the memorandum is not the same as owning every program it created. To understand CIA's operational role, we need the records that describe actual liaison, training and recruitment—not a slogan imposed on a document.",THE ORDER WITH THE EXCEPTION,shared_sources/source_gap_hunt/National Security Action Memorandum No. 162.extracted.txt,CURRENT_PART,YES,Synthetic language mapped to underlying claims.
CLM-USAIDCIA-P01-016,AST-WRR-USAIDCIA-P01-FB-PHOTO-003-07,WRR-USAIDCIA-P01-FB-PHOTO-003,The committee assigned AID operating and funding responsibility except for covert aspects and selected Defense programs.,"The covert carve-out limits what the overt assignment proves,",STRONG_INFERENCE,INFERENCE_SUPPORTED,INFERENTIAL,4,published Foreign Relations memorandum,"That AID be charged with operating and funding responsibility for all such programs, except for their covert aspects and for those programs which the Administrator of AID decides should be carried out by the Department of Defense",https://history.state.gov/historicaldocuments/frus1961-63v08/d99,"The third paragraph charged AID's administrator with coordination and vigorous leadership. The fourth went further: AID received operating and funding responsibility for the programs, apart from those assigned to Defense—and apart from their covert aspects.",THE ORDER WITH THE EXCEPTION,shared_sources/source_gap_hunt/Memorandum From the Interagency Committee on Police Assistance Programs to President Kenne.extracted.txt,CURRENT_PART,YES,Synthetic language mapped to underlying claims.
CLM-USAIDCIA-P01-017,AST-WRR-USAIDCIA-P01-FB-PHOTO-003-07,WRR-USAIDCIA-P01-FB-PHOTO-003,The committee recommended a dedicated AID police office.,"The covert carve-out limits what the overt assignment proves,",STRONG_INFERENCE,INFERENCE_SUPPORTED,INFERENTIAL,4,published Foreign Relations memorandum,"That to carry out its responsibilities, AID establish an office specifically charged with police matters, staffed with sufficient qualified personnel to: (a) provide centralized professional and technical planning guidance to the country teams, police missions and State and AID regional bureaus; (b) provide professional and technical guidance and professional and technical supervision in implementing programs; (c) establish and supervise training requirements for U.S. police technicians, and standards of evaluating professional competence; (d) to conduct surveys and program evaluations; (e) to provide an essential repository of technical knowledge based on research in the latest techniques of controlling subversion and mass violence; that AID appoint a senior professional to head this office, responsible to the Special Assistant-Internal Defense with direct access to the Deputy Administrator; that while line responsibility for AID police programs remains with each regional AID bureau, sufficient professional personnel should be assigned to the new Office to provide the centralized staff support outlined above",https://history.state.gov/historicaldocuments/frus1961-63v08/d99,The institutional design is easiest to see in paragraph five. AID was ordered to establish an office specifically charged with police matters.,WHAT THE NEW OFFICE WAS BUILT TO DO,shared_sources/source_gap_hunt/Memorandum From the Interagency Committee on Police Assistance Programs to President Kenne.extracted.txt,CURRENT_PART,YES,Synthetic language mapped to underlying claims.
CLM-USAIDCIA-P01-008,AST-WRR-USAIDCIA-P01-FB-PHOTO-003-08,WRR-USAIDCIA-P01-FB-PHOTO-003,NSAM 162 directed CIA and AID to maintain personnel with paramilitary skills for crisis areas.,it also makes the boundary part of the official design.,STRONG_INFERENCE,INFERENCE_SUPPORTED,INFERENTIAL,3,NSAM 162,CIA and AID will take action to insure that adequate qualified personnel with paramilitary skills are available. Periodic reports of progress to achieve this objective will be submitted to the Special Group (Counterinsurgency) by CIA and AID,https://history.state.gov/historicaldocuments/frus1961-63v08/d91,"CIA was not absent from the architecture. The director of Central Intelligence received NSAM 177 alongside State, Defense, Justice and AID. Yet receiving the memorandum is not the same as owning every program it created. To understand CIA's operational role, we need the records that describe actual liaison, training and recruitment—not a slogan imposed on a document.",THE ORDER WITH THE EXCEPTION,shared_sources/source_gap_hunt/National Security Action Memorandum No. 162.extracted.txt,CURRENT_PART,YES,Synthetic language mapped to underlying claims.
CLM-USAIDCIA-P01-016,AST-WRR-USAIDCIA-P01-FB-PHOTO-003-08,WRR-USAIDCIA-P01-FB-PHOTO-003,The committee assigned AID operating and funding responsibility except for covert aspects and selected Defense programs.,it also makes the boundary part of the official design.,STRONG_INFERENCE,INFERENCE_SUPPORTED,INFERENTIAL,4,published Foreign Relations memorandum,"That AID be charged with operating and funding responsibility for all such programs, except for their covert aspects and for those programs which the Administrator of AID decides should be carried out by the Department of Defense",https://history.state.gov/historicaldocuments/frus1961-63v08/d99,"The third paragraph charged AID's administrator with coordination and vigorous leadership. The fourth went further: AID received operating and funding responsibility for the programs, apart from those assigned to Defense—and apart from their covert aspects.",THE ORDER WITH THE EXCEPTION,shared_sources/source_gap_hunt/Memorandum From the Interagency Committee on Police Assistance Programs to President Kenne.extracted.txt,CURRENT_PART,YES,Synthetic language mapped to underlying claims.
CLM-USAIDCIA-P01-017,AST-WRR-USAIDCIA-P01-FB-PHOTO-003-08,WRR-USAIDCIA-P01-FB-PHOTO-003,The committee recommended a dedicated AID police office.,it also makes the boundary part of the official design.,STRONG_INFERENCE,INFERENCE_SUPPORTED,INFERENTIAL,4,published Foreign Relations memorandum,"That to carry out its responsibilities, AID establish an office specifically charged with police matters, staffed with sufficient qualified personnel to: (a) provide centralized professional and technical planning guidance to the country teams, police missions and State and AID regional bureaus; (b) provide professional and technical guidance and professional and technical supervision in implementing programs; (c) establish and supervise training requirements for U.S. police technicians, and standards of evaluating professional competence; (d) to conduct surveys and program evaluations; (e) to provide an essential repository of technical knowledge based on research in the latest techniques of controlling subversion and mass violence; that AID appoint a senior professional to head this office, responsible to the Special Assistant-Internal Defense with direct access to the Deputy Administrator; that while line responsibility for AID police programs remains with each regional AID bureau, sufficient professional personnel should be assigned to the new Office to provide the centralized staff support outlined above",https://history.state.gov/historicaldocuments/frus1961-63v08/d99,The institutional design is easiest to see in paragraph five. AID was ordered to establish an office specifically charged with police matters.,WHAT THE NEW OFFICE WAS BUILT TO DO,shared_sources/source_gap_hunt/Memorandum From the Interagency Committee on Police Assistance Programs to President Kenne.extracted.txt,CURRENT_PART,YES,Synthetic language mapped to underlying claims.
CLM-USAIDCIA-P01-008,AST-WRR-USAIDCIA-P01-FB-PHOTO-003-09,WRR-USAIDCIA-P01-FB-PHOTO-003,NSAM 162 directed CIA and AID to maintain personnel with paramilitary skills for crisis areas.,That distinction is the payoff.,STRONG_INFERENCE,INFERENCE_SUPPORTED,INFERENTIAL,3,NSAM 162,CIA and AID will take action to insure that adequate qualified personnel with paramilitary skills are available. Periodic reports of progress to achieve this objective will be submitted to the Special Group (Counterinsurgency) by CIA and AID,https://history.state.gov/historicaldocuments/frus1961-63v08/d91,"CIA was not absent from the architecture. The director of Central Intelligence received NSAM 177 alongside State, Defense, Justice and AID. Yet receiving the memorandum is not the same as owning every program it created. To understand CIA's operational role, we need the records that describe actual liaison, training and recruitment—not a slogan imposed on a document.",THE ORDER WITH THE EXCEPTION,shared_sources/source_gap_hunt/National Security Action Memorandum No. 162.extracted.txt,CURRENT_PART,YES,Synthetic language mapped to underlying claims.
CLM-USAIDCIA-P01-016,AST-WRR-USAIDCIA-P01-FB-PHOTO-003-09,WRR-USAIDCIA-P01-FB-PHOTO-003,The committee assigned AID operating and funding responsibility except for covert aspects and selected Defense programs.,That distinction is the payoff.,STRONG_INFERENCE,INFERENCE_SUPPORTED,INFERENTIAL,4,published Foreign Relations memorandum,"That AID be charged with operating and funding responsibility for all such programs, except for their covert aspects and for those programs which the Administrator of AID decides should be carried out by the Department of Defense",https://history.state.gov/historicaldocuments/frus1961-63v08/d99,"The third paragraph charged AID's administrator with coordination and vigorous leadership. The fourth went further: AID received operating and funding responsibility for the programs, apart from those assigned to Defense—and apart from their covert aspects.",THE ORDER WITH THE EXCEPTION,shared_sources/source_gap_hunt/Memorandum From the Interagency Committee on Police Assistance Programs to President Kenne.extracted.txt,CURRENT_PART,YES,Synthetic language mapped to underlying claims.
CLM-USAIDCIA-P01-017,AST-WRR-USAIDCIA-P01-FB-PHOTO-003-09,WRR-USAIDCIA-P01-FB-PHOTO-003,The committee recommended a dedicated AID police office.,That distinction is the payoff.,STRONG_INFERENCE,INFERENCE_SUPPORTED,INFERENTIAL,4,published Foreign Relations memorandum,"That to carry out its responsibilities, AID establish an office specifically charged with police matters, staffed with sufficient qualified personnel to: (a) provide centralized professional and technical planning guidance to the country teams, police missions and State and AID regional bureaus; (b) provide professional and technical guidance and professional and technical supervision in implementing programs; (c) establish and supervise training requirements for U.S. police technicians, and standards of evaluating professional competence; (d) to conduct surveys and program evaluations; (e) to provide an essential repository of technical knowledge based on research in the latest techniques of controlling subversion and mass violence; that AID appoint a senior professional to head this office, responsible to the Special Assistant-Internal Defense with direct access to the Deputy Administrator; that while line responsibility for AID police programs remains with each regional AID bureau, sufficient professional personnel should be assigned to the new Office to provide the centralized staff support outlined above",https://history.state.gov/historicaldocuments/frus1961-63v08/d99,The institutional design is easiest to see in paragraph five. AID was ordered to establish an office specifically charged with police matters.,WHAT THE NEW OFFICE WAS BUILT TO DO,shared_sources/source_gap_hunt/Memorandum From the Interagency Committee on Police Assistance Programs to President Kenne.extracted.txt,CURRENT_PART,YES,Synthetic language mapped to underlying claims.
CLM-USAIDCIA-P01-008,AST-WRR-USAIDCIA-P01-FB-PHOTO-003-10,WRR-USAIDCIA-P01-FB-PHOTO-003,NSAM 162 directed CIA and AID to maintain personnel with paramilitary skills for crisis areas.,The records establish an interagency internal-defense structure without establishing that every participating agency was the same institution.,STRONG_INFERENCE,INFERENCE_SUPPORTED,INFERENTIAL,3,NSAM 162,CIA and AID will take action to insure that adequate qualified personnel with paramilitary skills are available. Periodic reports of progress to achieve this objective will be submitted to the Special Group (Counterinsurgency) by CIA and AID,https://history.state.gov/historicaldocuments/frus1961-63v08/d91,"CIA was not absent from the architecture. The director of Central Intelligence received NSAM 177 alongside State, Defense, Justice and AID. Yet receiving the memorandum is not the same as owning every program it created. To understand CIA's operational role, we need the records that describe actual liaison, training and recruitment—not a slogan imposed on a document.",THE ORDER WITH THE EXCEPTION,shared_sources/source_gap_hunt/National Security Action Memorandum No. 162.extracted.txt,CURRENT_PART,YES,Synthetic language mapped to underlying claims.
CLM-USAIDCIA-P01-016,AST-WRR-USAIDCIA-P01-FB-PHOTO-003-10,WRR-USAIDCIA-P01-FB-PHOTO-003,The committee assigned AID operating and funding responsibility except for covert aspects and selected Defense programs.,The records establish an interagency internal-defense structure without establishing that every participating agency was the same institution.,STRONG_INFERENCE,INFERENCE_SUPPORTED,INFERENTIAL,4,published Foreign Relations memorandum,"That AID be charged with operating and funding responsibility for all such programs, except for their covert aspects and for those programs which the Administrator of AID decides should be carried out by the Department of Defense",https://history.state.gov/historicaldocuments/frus1961-63v08/d99,"The third paragraph charged AID's administrator with coordination and vigorous leadership. The fourth went further: AID received operating and funding responsibility for the programs, apart from those assigned to Defense—and apart from their covert aspects.",THE ORDER WITH THE EXCEPTION,shared_sources/source_gap_hunt/Memorandum From the Interagency Committee on Police Assistance Programs to President Kenne.extracted.txt,CURRENT_PART,YES,Synthetic language mapped to underlying claims.
CLM-USAIDCIA-P01-017,AST-WRR-USAIDCIA-P01-FB-PHOTO-003-10,WRR-USAIDCIA-P01-FB-PHOTO-003,The committee recommended a dedicated AID police office.,The records establish an interagency internal-defense structure without establishing that every participating agency was the same institution.,STRONG_INFERENCE,INFERENCE_SUPPORTED,INFERENTIAL,4,published Foreign Relations memorandum,"That to carry out its responsibilities, AID establish an office specifically charged with police matters, staffed with sufficient qualified personnel to: (a) provide centralized professional and technical planning guidance to the country teams, police missions and State and AID regional bureaus; (b) provide professional and technical guidance and professional and technical supervision in implementing programs; (c) establish and supervise training requirements for U.S. police technicians, and standards of evaluating professional competence; (d) to conduct surveys and program evaluations; (e) to provide an essential repository of technical knowledge based on research in the latest techniques of controlling subversion and mass violence; that AID appoint a senior professional to head this office, responsible to the Special Assistant-Internal Defense with direct access to the Deputy Administrator; that while line responsibility for AID police programs remains with each regional AID bureau, sufficient professional personnel should be assigned to the new Office to provide the centralized staff support outlined above",https://history.state.gov/historicaldocuments/frus1961-63v08/d99,The institutional design is easiest to see in paragraph five. AID was ordered to establish an office specifically charged with police matters.,WHAT THE NEW OFFICE WAS BUILT TO DO,shared_sources/source_gap_hunt/Memorandum From the Interagency Committee on Police Assistance Programs to President Kenne.extracted.txt,CURRENT_PART,YES,Synthetic language mapped to underlying claims.
CLM-USAIDCIA-P01-004,AST-WRR-USAIDCIA-P01-FB-REEL-001-01,WRR-USAIDCIA-P01-FB-REEL-001,Kennedy warned that police programs could be neglected because they were a small part of AID.,"Before the Office of Public Safety had a name, a committee had already designed its job.",STRONG_INFERENCE,INFERENCE_SUPPORTED,INFERENTIAL,2,"NSAM 132, signed February 19, 1962","I am further aware that police programs, as a relatively minor facet of the functions of the aid agency, may have tended to receive little emphasis as a result. Therefore, I would like you to consider various ways and means of giving the police program greater autonomy within AID, if this seems necessary in order to protect it from neglect",https://history.state.gov/historicaldocuments/frus1961-63v08/d72,"He also acknowledged a bureaucratic danger. Police programs were a relatively small part of the aid agency, he wrote, and could be neglected. He asked Hamilton to consider giving them greater autonomy and ordered AID to recommend new emphases through the Special Group (Counter-Insurgency).",THE PROGRAM THAT DID NOT FIT DEVELOPMENT,shared_sources/source_gap_hunt/National Security Action Memorandum No. 132.extracted.txt,CURRENT_PART,YES,Synthetic language mapped to underlying claims.
CLM-USAIDCIA-P01-015,AST-WRR-USAIDCIA-P01-FB-REEL-001-01,WRR-USAIDCIA-P01-FB-REEL-001,The committee recommended that AID coordinate and lead all police-assistance programs under State policy guidance.,"Before the Office of Public Safety had a name, a committee had already designed its job.",STRONG_INFERENCE,INFERENCE_SUPPORTED,INFERENTIAL,4,published Foreign Relations memorandum,"subject to the general policy guidance of the Department of State in internal defense matters, the Administrator of AID be charged, in his capacity as coordinator of U.S. aid programs, with responsibility for coordination and vigorous leadership of all police assistance programs",https://history.state.gov/historicaldocuments/frus1961-63v08/d99,"The secretary of State would provide general policy guidance on internal-defense matters. AID's administrator, already the coordinator of American aid programs, would provide vigorous leadership across police-assistance programs. The Defense Department would retain programs selected for military handling. An interagency police group would help coordinate the system.",THE ARCHITECTURE TAKES SHAPE,shared_sources/source_gap_hunt/Memorandum From the Interagency Committee on Police Assistance Programs to President Kenne.extracted.txt,CURRENT_PART,YES,Synthetic language mapped to underlying claims.
CLM-USAIDCIA-P01-017,AST-WRR-USAIDCIA-P01-FB-REEL-001-01,WRR-USAIDCIA-P01-FB-REEL-001,The committee recommended a dedicated AID police office.,"Before the Office of Public Safety had a name, a committee had already designed its job.",STRONG_INFERENCE,INFERENCE_SUPPORTED,INFERENTIAL,4,published Foreign Relations memorandum,"That to carry out its responsibilities, AID establish an office specifically charged with police matters, staffed with sufficient qualified personnel to: (a) provide centralized professional and technical planning guidance to the country teams, police missions and State and AID regional bureaus; (b) provide professional and technical guidance and professional and technical supervision in implementing programs; (c) establish and supervise training requirements for U.S. police technicians, and standards of evaluating professional competence; (d) to conduct surveys and program evaluations; (e) to provide an essential repository of technical knowledge based on research in the latest techniques of controlling subversion and mass violence; that AID appoint a senior professional to head this office, responsible to the Special Assistant-Internal Defense with direct access to the Deputy Administrator; that while line responsibility for AID police programs remains with each regional AID bureau, sufficient professional personnel should be assigned to the new Office to provide the centralized staff support outlined above",https://history.state.gov/historicaldocuments/frus1961-63v08/d99,The institutional design is easiest to see in paragraph five. AID was ordered to establish an office specifically charged with police matters.,WHAT THE NEW OFFICE WAS BUILT TO DO,shared_sources/source_gap_hunt/Memorandum From the Interagency Committee on Police Assistance Programs to President Kenne.extracted.txt,CURRENT_PART,YES,Synthetic language mapped to underlying claims.
CLM-USAIDCIA-P01-004,AST-WRR-USAIDCIA-P01-FB-REEL-001-02,WRR-USAIDCIA-P01-FB-REEL-001,Kennedy warned that police programs could be neglected because they were a small part of AID.,Kennedy warned that police programs could be neglected because they were a small part of AID.,DOCUMENTED_FACT,SUPPORTED,DIRECT,2,"NSAM 132, signed February 19, 1962","I am further aware that police programs, as a relatively minor facet of the functions of the aid agency, may have tended to receive little emphasis as a result. Therefore, I would like you to consider various ways and means of giving the police program greater autonomy within AID, if this seems necessary in order to protect it from neglect",https://history.state.gov/historicaldocuments/frus1961-63v08/d72,"He also acknowledged a bureaucratic danger. Police programs were a relatively small part of the aid agency, he wrote, and could be neglected. He asked Hamilton to consider giving them greater autonomy and ordered AID to recommend new emphases through the Special Group (Counter-Insurgency).",THE PROGRAM THAT DID NOT FIT DEVELOPMENT,shared_sources/source_gap_hunt/National Security Action Memorandum No. 132.extracted.txt,CURRENT_PART,NO,Sentence-level deterministic evidence mapping.
CLM-USAIDCIA-P01-015,AST-WRR-USAIDCIA-P01-FB-REEL-001-03,WRR-USAIDCIA-P01-FB-REEL-001,The committee recommended that AID coordinate and lead all police-assistance programs under State policy guidance.,The committee recommended that AID coordinate and lead all police-assistance programs under State policy guidance.,DOCUMENTED_FACT,SUPPORTED,DIRECT,4,published Foreign Relations memorandum,"subject to the general policy guidance of the Department of State in internal defense matters, the Administrator of AID be charged, in his capacity as coordinator of U.S. aid programs, with responsibility for coordination and vigorous leadership of all police assistance programs",https://history.state.gov/historicaldocuments/frus1961-63v08/d99,"The secretary of State would provide general policy guidance on internal-defense matters. AID's administrator, already the coordinator of American aid programs, would provide vigorous leadership across police-assistance programs. The Defense Department would retain programs selected for military handling. An interagency police group would help coordinate the system.",THE ARCHITECTURE TAKES SHAPE,shared_sources/source_gap_hunt/Memorandum From the Interagency Committee on Police Assistance Programs to President Kenne.extracted.txt,CURRENT_PART,NO,Sentence-level deterministic evidence mapping.
CLM-USAIDCIA-P01-017,AST-WRR-USAIDCIA-P01-FB-REEL-001-04,WRR-USAIDCIA-P01-FB-REEL-001,The committee recommended a dedicated AID police office.,The committee recommended a dedicated AID police office.,DOCUMENTED_FACT,SUPPORTED,DIRECT,4,published Foreign Relations memorandum,"That to carry out its responsibilities, AID establish an office specifically charged with police matters, staffed with sufficient qualified personnel to: (a) provide centralized professional and technical planning guidance to the country teams, police missions and State and AID regional bureaus; (b) provide professional and technical guidance and professional and technical supervision in implementing programs; (c) establish and supervise training requirements for U.S. police technicians, and standards of evaluating professional competence; (d) to conduct surveys and program evaluations; (e) to provide an essential repository of technical knowledge based on research in the latest techniques of controlling subversion and mass violence; that AID appoint a senior professional to head this office, responsible to the Special Assistant-Internal Defense with direct access to the Deputy Administrator; that while line responsibility for AID police programs remains with each regional AID bureau, sufficient professional personnel should be assigned to the new Office to provide the centralized staff support outlined above",https://history.state.gov/historicaldocuments/frus1961-63v08/d99,The institutional design is easiest to see in paragraph five. AID was ordered to establish an office specifically charged with police matters.,WHAT THE NEW OFFICE WAS BUILT TO DO,shared_sources/source_gap_hunt/Memorandum From the Interagency Committee on Police Assistance Programs to President Kenne.extracted.txt,CURRENT_PART,NO,Sentence-level deterministic evidence mapping.
CLM-USAIDCIA-P01-004,AST-WRR-USAIDCIA-P01-FB-REEL-001-05,WRR-USAIDCIA-P01-FB-REEL-001,Kennedy warned that police programs could be neglected because they were a small part of AID.,"Taken together, those assignments describe a division of labor: civilian administration in AID, policy guidance in State and selected responsibilities outside AID.",STRONG_INFERENCE,INFERENCE_SUPPORTED,INFERENTIAL,2,"NSAM 132, signed February 19, 1962","I am further aware that police programs, as a relatively minor facet of the functions of the aid agency, may have tended to receive little emphasis as a result. Therefore, I would like you to consider various ways and means of giving the police program greater autonomy within AID, if this seems necessary in order to protect it from neglect",https://history.state.gov/historicaldocuments/frus1961-63v08/d72,"He also acknowledged a bureaucratic danger. Police programs were a relatively small part of the aid agency, he wrote, and could be neglected. He asked Hamilton to consider giving them greater autonomy and ordered AID to recommend new emphases through the Special Group (Counter-Insurgency).",THE PROGRAM THAT DID NOT FIT DEVELOPMENT,shared_sources/source_gap_hunt/National Security Action Memorandum No. 132.extracted.txt,CURRENT_PART,YES,Synthetic language mapped to underlying claims.
CLM-USAIDCIA-P01-015,AST-WRR-USAIDCIA-P01-FB-REEL-001-05,WRR-USAIDCIA-P01-FB-REEL-001,The committee recommended that AID coordinate and lead all police-assistance programs under State policy guidance.,"Taken together, those assignments describe a division of labor: civilian administration in AID, policy guidance in State and selected responsibilities outside AID.",STRONG_INFERENCE,INFERENCE_SUPPORTED,INFERENTIAL,4,published Foreign Relations memorandum,"subject to the general policy guidance of the Department of State in internal defense matters, the Administrator of AID be charged, in his capacity as coordinator of U.S. aid programs, with responsibility for coordination and vigorous leadership of all police assistance programs",https://history.state.gov/historicaldocuments/frus1961-63v08/d99,"The secretary of State would provide general policy guidance on internal-defense matters. AID's administrator, already the coordinator of American aid programs, would provide vigorous leadership across police-assistance programs. The Defense Department would retain programs selected for military handling. An interagency police group would help coordinate the system.",THE ARCHITECTURE TAKES SHAPE,shared_sources/source_gap_hunt/Memorandum From the Interagency Committee on Police Assistance Programs to President Kenne.extracted.txt,CURRENT_PART,YES,Synthetic language mapped to underlying claims.
CLM-USAIDCIA-P01-017,AST-WRR-USAIDCIA-P01-FB-REEL-001-05,WRR-USAIDCIA-P01-FB-REEL-001,The committee recommended a dedicated AID police office.,"Taken together, those assignments describe a division of labor: civilian administration in AID, policy guidance in State and selected responsibilities outside AID.",STRONG_INFERENCE,INFERENCE_SUPPORTED,INFERENTIAL,4,published Foreign Relations memorandum,"That to carry out its responsibilities, AID establish an office specifically charged with police matters, staffed with sufficient qualified personnel to: (a) provide centralized professional and technical planning guidance to the country teams, police missions and State and AID regional bureaus; (b) provide professional and technical guidance and professional and technical supervision in implementing programs; (c) establish and supervise training requirements for U.S. police technicians, and standards of evaluating professional competence; (d) to conduct surveys and program evaluations; (e) to provide an essential repository of technical knowledge based on research in the latest techniques of controlling subversion and mass violence; that AID appoint a senior professional to head this office, responsible to the Special Assistant-Internal Defense with direct access to the Deputy Administrator; that while line responsibility for AID police programs remains with each regional AID bureau, sufficient professional personnel should be assigned to the new Office to provide the centralized staff support outlined above",https://history.state.gov/historicaldocuments/frus1961-63v08/d99,The institutional design is easiest to see in paragraph five. AID was ordered to establish an office specifically charged with police matters.,WHAT THE NEW OFFICE WAS BUILT TO DO,shared_sources/source_gap_hunt/Memorandum From the Interagency Committee on Police Assistance Programs to President Kenne.extracted.txt,CURRENT_PART,YES,Synthetic language mapped to underlying claims.
CLM-USAIDCIA-P01-004,AST-WRR-USAIDCIA-P01-FB-REEL-001-06,WRR-USAIDCIA-P01-FB-REEL-001,Kennedy warned that police programs could be neglected because they were a small part of AID.,"The covert carve-out limits what the overt assignment proves,",STRONG_INFERENCE,INFERENCE_SUPPORTED,INFERENTIAL,2,"NSAM 132, signed February 19, 1962","I am further aware that police programs, as a relatively minor facet of the functions of the aid agency, may have tended to receive little emphasis as a result. Therefore, I would like you to consider various ways and means of giving the police program greater autonomy within AID, if this seems necessary in order to protect it from neglect",https://history.state.gov/historicaldocuments/frus1961-63v08/d72,"He also acknowledged a bureaucratic danger. Police programs were a relatively small part of the aid agency, he wrote, and could be neglected. He asked Hamilton to consider giving them greater autonomy and ordered AID to recommend new emphases through the Special Group (Counter-Insurgency).",THE PROGRAM THAT DID NOT FIT DEVELOPMENT,shared_sources/source_gap_hunt/National Security Action Memorandum No. 132.extracted.txt,CURRENT_PART,YES,Synthetic language mapped to underlying claims.
CLM-USAIDCIA-P01-015,AST-WRR-USAIDCIA-P01-FB-REEL-001-06,WRR-USAIDCIA-P01-FB-REEL-001,The committee recommended that AID coordinate and lead all police-assistance programs under State policy guidance.,"The covert carve-out limits what the overt assignment proves,",STRONG_INFERENCE,INFERENCE_SUPPORTED,INFERENTIAL,4,published Foreign Relations memorandum,"subject to the general policy guidance of the Department of State in internal defense matters, the Administrator of AID be charged, in his capacity as coordinator of U.S. aid programs, with responsibility for coordination and vigorous leadership of all police assistance programs",https://history.state.gov/historicaldocuments/frus1961-63v08/d99,"The secretary of State would provide general policy guidance on internal-defense matters. AID's administrator, already the coordinator of American aid programs, would provide vigorous leadership across police-assistance programs. The Defense Department would retain programs selected for military handling. An interagency police group would help coordinate the system.",THE ARCHITECTURE TAKES SHAPE,shared_sources/source_gap_hunt/Memorandum From the Interagency Committee on Police Assistance Programs to President Kenne.extracted.txt,CURRENT_PART,YES,Synthetic language mapped to underlying claims.
CLM-USAIDCIA-P01-017,AST-WRR-USAIDCIA-P01-FB-REEL-001-06,WRR-USAIDCIA-P01-FB-REEL-001,The committee recommended a dedicated AID police office.,"The covert carve-out limits what the overt assignment proves,",STRONG_INFERENCE,INFERENCE_SUPPORTED,INFERENTIAL,4,published Foreign Relations memorandum,"That to carry out its responsibilities, AID establish an office specifically charged with police matters, staffed with sufficient qualified personnel to: (a) provide centralized professional and technical planning guidance to the country teams, police missions and State and AID regional bureaus; (b) provide professional and technical guidance and professional and technical supervision in implementing programs; (c) establish and supervise training requirements for U.S. police technicians, and standards of evaluating professional competence; (d) to conduct surveys and program evaluations; (e) to provide an essential repository of technical knowledge based on research in the latest techniques of controlling subversion and mass violence; that AID appoint a senior professional to head this office, responsible to the Special Assistant-Internal Defense with direct access to the Deputy Administrator; that while line responsibility for AID police programs remains with each regional AID bureau, sufficient professional personnel should be assigned to the new Office to provide the centralized staff support outlined above",https://history.state.gov/historicaldocuments/frus1961-63v08/d99,The institutional design is easiest to see in paragraph five. AID was ordered to establish an office specifically charged with police matters.,WHAT THE NEW OFFICE WAS BUILT TO DO,shared_sources/source_gap_hunt/Memorandum From the Interagency Committee on Police Assistance Programs to President Kenne.extracted.txt,CURRENT_PART,YES,Synthetic language mapped to underlying claims.
CLM-USAIDCIA-P01-004,AST-WRR-USAIDCIA-P01-FB-REEL-001-07,WRR-USAIDCIA-P01-FB-REEL-001,Kennedy warned that police programs could be neglected because they were a small part of AID.,it also makes the boundary part of the official design.,STRONG_INFERENCE,INFERENCE_SUPPORTED,INFERENTIAL,2,"NSAM 132, signed February 19, 1962","I am further aware that police programs, as a relatively minor facet of the functions of the aid agency, may have tended to receive little emphasis as a result. Therefore, I would like you to consider various ways and means of giving the police program greater autonomy within AID, if this seems necessary in order to protect it from neglect",https://history.state.gov/historicaldocuments/frus1961-63v08/d72,"He also acknowledged a bureaucratic danger. Police programs were a relatively small part of the aid agency, he wrote, and could be neglected. He asked Hamilton to consider giving them greater autonomy and ordered AID to recommend new emphases through the Special Group (Counter-Insurgency).",THE PROGRAM THAT DID NOT FIT DEVELOPMENT,shared_sources/source_gap_hunt/National Security Action Memorandum No. 132.extracted.txt,CURRENT_PART,YES,Synthetic language mapped to underlying claims.
CLM-USAIDCIA-P01-015,AST-WRR-USAIDCIA-P01-FB-REEL-001-07,WRR-USAIDCIA-P01-FB-REEL-001,The committee recommended that AID coordinate and lead all police-assistance programs under State policy guidance.,it also makes the boundary part of the official design.,STRONG_INFERENCE,INFERENCE_SUPPORTED,INFERENTIAL,4,published Foreign Relations memorandum,"subject to the general policy guidance of the Department of State in internal defense matters, the Administrator of AID be charged, in his capacity as coordinator of U.S. aid programs, with responsibility for coordination and vigorous leadership of all police assistance programs",https://history.state.gov/historicaldocuments/frus1961-63v08/d99,"The secretary of State would provide general policy guidance on internal-defense matters. AID's administrator, already the coordinator of American aid programs, would provide vigorous leadership across police-assistance programs. The Defense Department would retain programs selected for military handling. An interagency police group would help coordinate the system.",THE ARCHITECTURE TAKES SHAPE,shared_sources/source_gap_hunt/Memorandum From the Interagency Committee on Police Assistance Programs to President Kenne.extracted.txt,CURRENT_PART,YES,Synthetic language mapped to underlying claims.
CLM-USAIDCIA-P01-017,AST-WRR-USAIDCIA-P01-FB-REEL-001-07,WRR-USAIDCIA-P01-FB-REEL-001,The committee recommended a dedicated AID police office.,it also makes the boundary part of the official design.,STRONG_INFERENCE,INFERENCE_SUPPORTED,INFERENTIAL,4,published Foreign Relations memorandum,"That to carry out its responsibilities, AID establish an office specifically charged with police matters, staffed with sufficient qualified personnel to: (a) provide centralized professional and technical planning guidance to the country teams, police missions and State and AID regional bureaus; (b) provide professional and technical guidance and professional and technical supervision in implementing programs; (c) establish and supervise training requirements for U.S. police technicians, and standards of evaluating professional competence; (d) to conduct surveys and program evaluations; (e) to provide an essential repository of technical knowledge based on research in the latest techniques of controlling subversion and mass violence; that AID appoint a senior professional to head this office, responsible to the Special Assistant-Internal Defense with direct access to the Deputy Administrator; that while line responsibility for AID police programs remains with each regional AID bureau, sufficient professional personnel should be assigned to the new Office to provide the centralized staff support outlined above",https://history.state.gov/historicaldocuments/frus1961-63v08/d99,The institutional design is easiest to see in paragraph five. AID was ordered to establish an office specifically charged with police matters.,WHAT THE NEW OFFICE WAS BUILT TO DO,shared_sources/source_gap_hunt/Memorandum From the Interagency Committee on Police Assistance Programs to President Kenne.extracted.txt,CURRENT_PART,YES,Synthetic language mapped to underlying claims.
CLM-USAIDCIA-P01-004,AST-WRR-USAIDCIA-P01-FB-REEL-001-08,WRR-USAIDCIA-P01-FB-REEL-001,Kennedy warned that police programs could be neglected because they were a small part of AID.,That distinction is the payoff.,STRONG_INFERENCE,INFERENCE_SUPPORTED,INFERENTIAL,2,"NSAM 132, signed February 19, 1962","I am further aware that police programs, as a relatively minor facet of the functions of the aid agency, may have tended to receive little emphasis as a result. Therefore, I would like you to consider various ways and means of giving the police program greater autonomy within AID, if this seems necessary in order to protect it from neglect",https://history.state.gov/historicaldocuments/frus1961-63v08/d72,"He also acknowledged a bureaucratic danger. Police programs were a relatively small part of the aid agency, he wrote, and could be neglected. He asked Hamilton to consider giving them greater autonomy and ordered AID to recommend new emphases through the Special Group (Counter-Insurgency).",THE PROGRAM THAT DID NOT FIT DEVELOPMENT,shared_sources/source_gap_hunt/National Security Action Memorandum No. 132.extracted.txt,CURRENT_PART,YES,Synthetic language mapped to underlying claims.
CLM-USAIDCIA-P01-015,AST-WRR-USAIDCIA-P01-FB-REEL-001-08,WRR-USAIDCIA-P01-FB-REEL-001,The committee recommended that AID coordinate and lead all police-assistance programs under State policy guidance.,That distinction is the payoff.,STRONG_INFERENCE,INFERENCE_SUPPORTED,INFERENTIAL,4,published Foreign Relations memorandum,"subject to the general policy guidance of the Department of State in internal defense matters, the Administrator of AID be charged, in his capacity as coordinator of U.S. aid programs, with responsibility for coordination and vigorous leadership of all police assistance programs",https://history.state.gov/historicaldocuments/frus1961-63v08/d99,"The secretary of State would provide general policy guidance on internal-defense matters. AID's administrator, already the coordinator of American aid programs, would provide vigorous leadership across police-assistance programs. The Defense Department would retain programs selected for military handling. An interagency police group would help coordinate the system.",THE ARCHITECTURE TAKES SHAPE,shared_sources/source_gap_hunt/Memorandum From the Interagency Committee on Police Assistance Programs to President Kenne.extracted.txt,CURRENT_PART,YES,Synthetic language mapped to underlying claims.
CLM-USAIDCIA-P01-017,AST-WRR-USAIDCIA-P01-FB-REEL-001-08,WRR-USAIDCIA-P01-FB-REEL-001,The committee recommended a dedicated AID police office.,That distinction is the payoff.,STRONG_INFERENCE,INFERENCE_SUPPORTED,INFERENTIAL,4,published Foreign Relations memorandum,"That to carry out its responsibilities, AID establish an office specifically charged with police matters, staffed with sufficient qualified personnel to: (a) provide centralized professional and technical planning guidance to the country teams, police missions and State and AID regional bureaus; (b) provide professional and technical guidance and professional and technical supervision in implementing programs; (c) establish and supervise training requirements for U.S. police technicians, and standards of evaluating professional competence; (d) to conduct surveys and program evaluations; (e) to provide an essential repository of technical knowledge based on research in the latest techniques of controlling subversion and mass violence; that AID appoint a senior professional to head this office, responsible to the Special Assistant-Internal Defense with direct access to the Deputy Administrator; that while line responsibility for AID police programs remains with each regional AID bureau, sufficient professional personnel should be assigned to the new Office to provide the centralized staff support outlined above",https://history.state.gov/historicaldocuments/frus1961-63v08/d99,The institutional design is easiest to see in paragraph five. AID was ordered to establish an office specifically charged with police matters.,WHAT THE NEW OFFICE WAS BUILT TO DO,shared_sources/source_gap_hunt/Memorandum From the Interagency Committee on Police Assistance Programs to President Kenne.extracted.txt,CURRENT_PART,YES,Synthetic language mapped to underlying claims.
CLM-USAIDCIA-P01-004,AST-WRR-USAIDCIA-P01-FB-REEL-001-09,WRR-USAIDCIA-P01-FB-REEL-001,Kennedy warned that police programs could be neglected because they were a small part of AID.,The records establish an interagency internal-defense structure without establishing that every participating agency was the same institution.,STRONG_INFERENCE,INFERENCE_SUPPORTED,INFERENTIAL,2,"NSAM 132, signed February 19, 1962","I am further aware that police programs, as a relatively minor facet of the functions of the aid agency, may have tended to receive little emphasis as a result. Therefore, I would like you to consider various ways and means of giving the police program greater autonomy within AID, if this seems necessary in order to protect it from neglect",https://history.state.gov/historicaldocuments/frus1961-63v08/d72,"He also acknowledged a bureaucratic danger. Police programs were a relatively small part of the aid agency, he wrote, and could be neglected. He asked Hamilton to consider giving them greater autonomy and ordered AID to recommend new emphases through the Special Group (Counter-Insurgency).",THE PROGRAM THAT DID NOT FIT DEVELOPMENT,shared_sources/source_gap_hunt/National Security Action Memorandum No. 132.extracted.txt,CURRENT_PART,YES,Synthetic language mapped to underlying claims.
CLM-USAIDCIA-P01-015,AST-WRR-USAIDCIA-P01-FB-REEL-001-09,WRR-USAIDCIA-P01-FB-REEL-001,The committee recommended that AID coordinate and lead all police-assistance programs under State policy guidance.,The records establish an interagency internal-defense structure without establishing that every participating agency was the same institution.,STRONG_INFERENCE,INFERENCE_SUPPORTED,INFERENTIAL,4,published Foreign Relations memorandum,"subject to the general policy guidance of the Department of State in internal defense matters, the Administrator of AID be charged, in his capacity as coordinator of U.S. aid programs, with responsibility for coordination and vigorous leadership of all police assistance programs",https://history.state.gov/historicaldocuments/frus1961-63v08/d99,"The secretary of State would provide general policy guidance on internal-defense matters. AID's administrator, already the coordinator of American aid programs, would provide vigorous leadership across police-assistance programs. The Defense Department would retain programs selected for military handling. An interagency police group would help coordinate the system.",THE ARCHITECTURE TAKES SHAPE,shared_sources/source_gap_hunt/Memorandum From the Interagency Committee on Police Assistance Programs to President Kenne.extracted.txt,CURRENT_PART,YES,Synthetic language mapped to underlying claims.
CLM-USAIDCIA-P01-017,AST-WRR-USAIDCIA-P01-FB-REEL-001-09,WRR-USAIDCIA-P01-FB-REEL-001,The committee recommended a dedicated AID police office.,The records establish an interagency internal-defense structure without establishing that every participating agency was the same institution.,STRONG_INFERENCE,INFERENCE_SUPPORTED,INFERENTIAL,4,published Foreign Relations memorandum,"That to carry out its responsibilities, AID establish an office specifically charged with police matters, staffed with sufficient qualified personnel to: (a) provide centralized professional and technical planning guidance to the country teams, police missions and State and AID regional bureaus; (b) provide professional and technical guidance and professional and technical supervision in implementing programs; (c) establish and supervise training requirements for U.S. police technicians, and standards of evaluating professional competence; (d) to conduct surveys and program evaluations; (e) to provide an essential repository of technical knowledge based on research in the latest techniques of controlling subversion and mass violence; that AID appoint a senior professional to head this office, responsible to the Special Assistant-Internal Defense with direct access to the Deputy Administrator; that while line responsibility for AID police programs remains with each regional AID bureau, sufficient professional personnel should be assigned to the new Office to provide the centralized staff support outlined above",https://history.state.gov/historicaldocuments/frus1961-63v08/d99,The institutional design is easiest to see in paragraph five. AID was ordered to establish an office specifically charged with police matters.,WHAT THE NEW OFFICE WAS BUILT TO DO,shared_sources/source_gap_hunt/Memorandum From the Interagency Committee on Police Assistance Programs to President Kenne.extracted.txt,CURRENT_PART,YES,Synthetic language mapped to underlying claims.
CLM-USAIDCIA-P01-017,AST-WRR-USAIDCIA-P01-FB-REEL-002-01,WRR-USAIDCIA-P01-FB-REEL-002,The committee recommended a dedicated AID police office.,Open the July 1962 police-assistance memorandum and one bureaucratic sentence changes the story: The committee recommended a dedicated AID police office.,STRONG_INFERENCE,INFERENCE_SUPPORTED,INFERENTIAL,4,published Foreign Relations memorandum,"That to carry out its responsibilities, AID establish an office specifically charged with police matters, staffed with sufficient qualified personnel to: (a) provide centralized professional and technical planning guidance to the country teams, police missions and State and AID regional bureaus; (b) provide professional and technical guidance and professional and technical supervision in implementing programs; (c) establish and supervise training requirements for U.S. police technicians, and standards of evaluating professional competence; (d) to conduct surveys and program evaluations; (e) to provide an essential repository of technical knowledge based on research in the latest techniques of controlling subversion and mass violence; that AID appoint a senior professional to head this office, responsible to the Special Assistant-Internal Defense with direct access to the Deputy Administrator; that while line responsibility for AID police programs remains with each regional AID bureau, sufficient professional personnel should be assigned to the new Office to provide the centralized staff support outlined above",https://history.state.gov/historicaldocuments/frus1961-63v08/d99,The institutional design is easiest to see in paragraph five. AID was ordered to establish an office specifically charged with police matters.,WHAT THE NEW OFFICE WAS BUILT TO DO,shared_sources/source_gap_hunt/Memorandum From the Interagency Committee on Police Assistance Programs to President Kenne.extracted.txt,CURRENT_PART,YES,Synthetic language mapped to underlying claims.
CLM-USAIDCIA-P01-018,AST-WRR-USAIDCIA-P01-FB-REEL-002-01,WRR-USAIDCIA-P01-FB-REEL-002,The proposed police office would research techniques for controlling subversion and mass violence.,Open the July 1962 police-assistance memorandum and one bureaucratic sentence changes the story: The committee recommended a dedicated AID police office.,STRONG_INFERENCE,INFERENCE_SUPPORTED,INFERENTIAL,4,published Foreign Relations memorandum,provide an essential repository of technical knowledge based on research in the latest techniques of controlling subversion and mass violence,https://history.state.gov/historicaldocuments/frus1961-63v08/d99,One duty stands out. The office was to become an essential repository of technical knowledge based on research into the latest techniques for controlling subversion and mass violence.,WHAT THE NEW OFFICE WAS BUILT TO DO,shared_sources/source_gap_hunt/Memorandum From the Interagency Committee on Police Assistance Programs to President Kenne.extracted.txt,CURRENT_PART,YES,Synthetic language mapped to underlying claims.
CLM-USAIDCIA-P01-019,AST-WRR-USAIDCIA-P01-FB-REEL-002-01,WRR-USAIDCIA-P01-FB-REEL-002,The committee recommended an international police academy under government management.,Open the July 1962 police-assistance memorandum and one bureaucratic sentence changes the story: The committee recommended a dedicated AID police office.,STRONG_INFERENCE,INFERENCE_SUPPORTED,INFERENTIAL,4,published Foreign Relations memorandum,early establishment of an international police academy under Government management to coordinate training more closely with U.S. internal defense objectives and tighten U.S. Government control over all training to improve its quality and insure its responsiveness to need,https://history.state.gov/historicaldocuments/frus1961-63v08/d99,"The memorandum also ordered AID to study an international police academy under government management. The academy would tighten U.S. control over training and connect it more closely to internal-defense objectives. AID was told to protect police funding, possibly through an “internal defense” budget line or military-assistance funding while leaving the program inside AID.",WHAT THE NEW OFFICE WAS BUILT TO DO,shared_sources/source_gap_hunt/Memorandum From the Interagency Committee on Police Assistance Programs to President Kenne.extracted.txt,CURRENT_PART,YES,Synthetic language mapped to underlying claims.
CLM-USAIDCIA-P01-018,AST-WRR-USAIDCIA-P01-FB-REEL-002-02,WRR-USAIDCIA-P01-FB-REEL-002,The proposed police office would research techniques for controlling subversion and mass violence.,The proposed police office would research techniques for controlling subversion and mass violence.,DOCUMENTED_FACT,SUPPORTED,DIRECT,4,published Foreign Relations memorandum,provide an essential repository of technical knowledge based on research in the latest techniques of controlling subversion and mass violence,https://history.state.gov/historicaldocuments/frus1961-63v08/d99,One duty stands out. The office was to become an essential repository of technical knowledge based on research into the latest techniques for controlling subversion and mass violence.,WHAT THE NEW OFFICE WAS BUILT TO DO,shared_sources/source_gap_hunt/Memorandum From the Interagency Committee on Police Assistance Programs to President Kenne.extracted.txt,CURRENT_PART,NO,Sentence-level deterministic evidence mapping.
CLM-USAIDCIA-P01-019,AST-WRR-USAIDCIA-P01-FB-REEL-002-03,WRR-USAIDCIA-P01-FB-REEL-002,The committee recommended an international police academy under government management.,The committee recommended an international police academy under government management.,DOCUMENTED_FACT,SUPPORTED,DIRECT,4,published Foreign Relations memorandum,early establishment of an international police academy under Government management to coordinate training more closely with U.S. internal defense objectives and tighten U.S. Government control over all training to improve its quality and insure its responsiveness to need,https://history.state.gov/historicaldocuments/frus1961-63v08/d99,"The memorandum also ordered AID to study an international police academy under government management. The academy would tighten U.S. control over training and connect it more closely to internal-defense objectives. AID was told to protect police funding, possibly through an “internal defense” budget line or military-assistance funding while leaving the program inside AID.",WHAT THE NEW OFFICE WAS BUILT TO DO,shared_sources/source_gap_hunt/Memorandum From the Interagency Committee on Police Assistance Programs to President Kenne.extracted.txt,CURRENT_PART,NO,Sentence-level deterministic evidence mapping.
CLM-USAIDCIA-P01-017,AST-WRR-USAIDCIA-P01-FB-REEL-002-04,WRR-USAIDCIA-P01-FB-REEL-002,The committee recommended a dedicated AID police office.,"Taken together, those assignments describe a division of labor: civilian administration in AID, policy guidance in State and selected responsibilities outside AID.",STRONG_INFERENCE,INFERENCE_SUPPORTED,INFERENTIAL,4,published Foreign Relations memorandum,"That to carry out its responsibilities, AID establish an office specifically charged with police matters, staffed with sufficient qualified personnel to: (a) provide centralized professional and technical planning guidance to the country teams, police missions and State and AID regional bureaus; (b) provide professional and technical guidance and professional and technical supervision in implementing programs; (c) establish and supervise training requirements for U.S. police technicians, and standards of evaluating professional competence; (d) to conduct surveys and program evaluations; (e) to provide an essential repository of technical knowledge based on research in the latest techniques of controlling subversion and mass violence; that AID appoint a senior professional to head this office, responsible to the Special Assistant-Internal Defense with direct access to the Deputy Administrator; that while line responsibility for AID police programs remains with each regional AID bureau, sufficient professional personnel should be assigned to the new Office to provide the centralized staff support outlined above",https://history.state.gov/historicaldocuments/frus1961-63v08/d99,The institutional design is easiest to see in paragraph five. AID was ordered to establish an office specifically charged with police matters.,WHAT THE NEW OFFICE WAS BUILT TO DO,shared_sources/source_gap_hunt/Memorandum From the Interagency Committee on Police Assistance Programs to President Kenne.extracted.txt,CURRENT_PART,YES,Synthetic language mapped to underlying claims.
CLM-USAIDCIA-P01-018,AST-WRR-USAIDCIA-P01-FB-REEL-002-04,WRR-USAIDCIA-P01-FB-REEL-002,The proposed police office would research techniques for controlling subversion and mass violence.,"Taken together, those assignments describe a division of labor: civilian administration in AID, policy guidance in State and selected responsibilities outside AID.",STRONG_INFERENCE,INFERENCE_SUPPORTED,INFERENTIAL,4,published Foreign Relations memorandum,provide an essential repository of technical knowledge based on research in the latest techniques of controlling subversion and mass violence,https://history.state.gov/historicaldocuments/frus1961-63v08/d99,One duty stands out. The office was to become an essential repository of technical knowledge based on research into the latest techniques for controlling subversion and mass violence.,WHAT THE NEW OFFICE WAS BUILT TO DO,shared_sources/source_gap_hunt/Memorandum From the Interagency Committee on Police Assistance Programs to President Kenne.extracted.txt,CURRENT_PART,YES,Synthetic language mapped to underlying claims.
CLM-USAIDCIA-P01-019,AST-WRR-USAIDCIA-P01-FB-REEL-002-04,WRR-USAIDCIA-P01-FB-REEL-002,The committee recommended an international police academy under government management.,"Taken together, those assignments describe a division of labor: civilian administration in AID, policy guidance in State and selected responsibilities outside AID.",STRONG_INFERENCE,INFERENCE_SUPPORTED,INFERENTIAL,4,published Foreign Relations memorandum,early establishment of an international police academy under Government management to coordinate training more closely with U.S. internal defense objectives and tighten U.S. Government control over all training to improve its quality and insure its responsiveness to need,https://history.state.gov/historicaldocuments/frus1961-63v08/d99,"The memorandum also ordered AID to study an international police academy under government management. The academy would tighten U.S. control over training and connect it more closely to internal-defense objectives. AID was told to protect police funding, possibly through an “internal defense” budget line or military-assistance funding while leaving the program inside AID.",WHAT THE NEW OFFICE WAS BUILT TO DO,shared_sources/source_gap_hunt/Memorandum From the Interagency Committee on Police Assistance Programs to President Kenne.extracted.txt,CURRENT_PART,YES,Synthetic language mapped to underlying claims.
CLM-USAIDCIA-P01-017,AST-WRR-USAIDCIA-P01-FB-REEL-002-05,WRR-USAIDCIA-P01-FB-REEL-002,The committee recommended a dedicated AID police office.,"The covert carve-out limits what the overt assignment proves,",STRONG_INFERENCE,INFERENCE_SUPPORTED,INFERENTIAL,4,published Foreign Relations memorandum,"That to carry out its responsibilities, AID establish an office specifically charged with police matters, staffed with sufficient qualified personnel to: (a) provide centralized professional and technical planning guidance to the country teams, police missions and State and AID regional bureaus; (b) provide professional and technical guidance and professional and technical supervision in implementing programs; (c) establish and supervise training requirements for U.S. police technicians, and standards of evaluating professional competence; (d) to conduct surveys and program evaluations; (e) to provide an essential repository of technical knowledge based on research in the latest techniques of controlling subversion and mass violence; that AID appoint a senior professional to head this office, responsible to the Special Assistant-Internal Defense with direct access to the Deputy Administrator; that while line responsibility for AID police programs remains with each regional AID bureau, sufficient professional personnel should be assigned to the new Office to provide the centralized staff support outlined above",https://history.state.gov/historicaldocuments/frus1961-63v08/d99,The institutional design is easiest to see in paragraph five. AID was ordered to establish an office specifically charged with police matters.,WHAT THE NEW OFFICE WAS BUILT TO DO,shared_sources/source_gap_hunt/Memorandum From the Interagency Committee on Police Assistance Programs to President Kenne.extracted.txt,CURRENT_PART,YES,Synthetic language mapped to underlying claims.
CLM-USAIDCIA-P01-018,AST-WRR-USAIDCIA-P01-FB-REEL-002-05,WRR-USAIDCIA-P01-FB-REEL-002,The proposed police office would research techniques for controlling subversion and mass violence.,"The covert carve-out limits what the overt assignment proves,",STRONG_INFERENCE,INFERENCE_SUPPORTED,INFERENTIAL,4,published Foreign Relations memorandum,provide an essential repository of technical knowledge based on research in the latest techniques of controlling subversion and mass violence,https://history.state.gov/historicaldocuments/frus1961-63v08/d99,One duty stands out. The office was to become an essential repository of technical knowledge based on research into the latest techniques for controlling subversion and mass violence.,WHAT THE NEW OFFICE WAS BUILT TO DO,shared_sources/source_gap_hunt/Memorandum From the Interagency Committee on Police Assistance Programs to President Kenne.extracted.txt,CURRENT_PART,YES,Synthetic language mapped to underlying claims.
CLM-USAIDCIA-P01-019,AST-WRR-USAIDCIA-P01-FB-REEL-002-05,WRR-USAIDCIA-P01-FB-REEL-002,The committee recommended an international police academy under government management.,"The covert carve-out limits what the overt assignment proves,",STRONG_INFERENCE,INFERENCE_SUPPORTED,INFERENTIAL,4,published Foreign Relations memorandum,early establishment of an international police academy under Government management to coordinate training more closely with U.S. internal defense objectives and tighten U.S. Government control over all training to improve its quality and insure its responsiveness to need,https://history.state.gov/historicaldocuments/frus1961-63v08/d99,"The memorandum also ordered AID to study an international police academy under government management. The academy would tighten U.S. control over training and connect it more closely to internal-defense objectives. AID was told to protect police funding, possibly through an “internal defense” budget line or military-assistance funding while leaving the program inside AID.",WHAT THE NEW OFFICE WAS BUILT TO DO,shared_sources/source_gap_hunt/Memorandum From the Interagency Committee on Police Assistance Programs to President Kenne.extracted.txt,CURRENT_PART,YES,Synthetic language mapped to underlying claims.
CLM-USAIDCIA-P01-017,AST-WRR-USAIDCIA-P01-FB-REEL-002-06,WRR-USAIDCIA-P01-FB-REEL-002,The committee recommended a dedicated AID police office.,it also makes the boundary part of the official design.,STRONG_INFERENCE,INFERENCE_SUPPORTED,INFERENTIAL,4,published Foreign Relations memorandum,"That to carry out its responsibilities, AID establish an office specifically charged with police matters, staffed with sufficient qualified personnel to: (a) provide centralized professional and technical planning guidance to the country teams, police missions and State and AID regional bureaus; (b) provide professional and technical guidance and professional and technical supervision in implementing programs; (c) establish and supervise training requirements for U.S. police technicians, and standards of evaluating professional competence; (d) to conduct surveys and program evaluations; (e) to provide an essential repository of technical knowledge based on research in the latest techniques of controlling subversion and mass violence; that AID appoint a senior professional to head this office, responsible to the Special Assistant-Internal Defense with direct access to the Deputy Administrator; that while line responsibility for AID police programs remains with each regional AID bureau, sufficient professional personnel should be assigned to the new Office to provide the centralized staff support outlined above",https://history.state.gov/historicaldocuments/frus1961-63v08/d99,The institutional design is easiest to see in paragraph five. AID was ordered to establish an office specifically charged with police matters.,WHAT THE NEW OFFICE WAS BUILT TO DO,shared_sources/source_gap_hunt/Memorandum From the Interagency Committee on Police Assistance Programs to President Kenne.extracted.txt,CURRENT_PART,YES,Synthetic language mapped to underlying claims.
CLM-USAIDCIA-P01-018,AST-WRR-USAIDCIA-P01-FB-REEL-002-06,WRR-USAIDCIA-P01-FB-REEL-002,The proposed police office would research techniques for controlling subversion and mass violence.,it also makes the boundary part of the official design.,STRONG_INFERENCE,INFERENCE_SUPPORTED,INFERENTIAL,4,published Foreign Relations memorandum,provide an essential repository of technical knowledge based on research in the latest techniques of controlling subversion and mass violence,https://history.state.gov/historicaldocuments/frus1961-63v08/d99,One duty stands out. The office was to become an essential repository of technical knowledge based on research into the latest techniques for controlling subversion and mass violence.,WHAT THE NEW OFFICE WAS BUILT TO DO,shared_sources/source_gap_hunt/Memorandum From the Interagency Committee on Police Assistance Programs to President Kenne.extracted.txt,CURRENT_PART,YES,Synthetic language mapped to underlying claims.
CLM-USAIDCIA-P01-019,AST-WRR-USAIDCIA-P01-FB-REEL-002-06,WRR-USAIDCIA-P01-FB-REEL-002,The committee recommended an international police academy under government management.,it also makes the boundary part of the official design.,STRONG_INFERENCE,INFERENCE_SUPPORTED,INFERENTIAL,4,published Foreign Relations memorandum,early establishment of an international police academy under Government management to coordinate training more closely with U.S. internal defense objectives and tighten U.S. Government control over all training to improve its quality and insure its responsiveness to need,https://history.state.gov/historicaldocuments/frus1961-63v08/d99,"The memorandum also ordered AID to study an international police academy under government management. The academy would tighten U.S. control over training and connect it more closely to internal-defense objectives. AID was told to protect police funding, possibly through an “internal defense” budget line or military-assistance funding while leaving the program inside AID.",WHAT THE NEW OFFICE WAS BUILT TO DO,shared_sources/source_gap_hunt/Memorandum From the Interagency Committee on Police Assistance Programs to President Kenne.extracted.txt,CURRENT_PART,YES,Synthetic language mapped to underlying claims.
CLM-USAIDCIA-P01-017,AST-WRR-USAIDCIA-P01-FB-REEL-002-07,WRR-USAIDCIA-P01-FB-REEL-002,The committee recommended a dedicated AID police office.,That distinction is the payoff.,STRONG_INFERENCE,INFERENCE_SUPPORTED,INFERENTIAL,4,published Foreign Relations memorandum,"That to carry out its responsibilities, AID establish an office specifically charged with police matters, staffed with sufficient qualified personnel to: (a) provide centralized professional and technical planning guidance to the country teams, police missions and State and AID regional bureaus; (b) provide professional and technical guidance and professional and technical supervision in implementing programs; (c) establish and supervise training requirements for U.S. police technicians, and standards of evaluating professional competence; (d) to conduct surveys and program evaluations; (e) to provide an essential repository of technical knowledge based on research in the latest techniques of controlling subversion and mass violence; that AID appoint a senior professional to head this office, responsible to the Special Assistant-Internal Defense with direct access to the Deputy Administrator; that while line responsibility for AID police programs remains with each regional AID bureau, sufficient professional personnel should be assigned to the new Office to provide the centralized staff support outlined above",https://history.state.gov/historicaldocuments/frus1961-63v08/d99,The institutional design is easiest to see in paragraph five. AID was ordered to establish an office specifically charged with police matters.,WHAT THE NEW OFFICE WAS BUILT TO DO,shared_sources/source_gap_hunt/Memorandum From the Interagency Committee on Police Assistance Programs to President Kenne.extracted.txt,CURRENT_PART,YES,Synthetic language mapped to underlying claims.
CLM-USAIDCIA-P01-018,AST-WRR-USAIDCIA-P01-FB-REEL-002-07,WRR-USAIDCIA-P01-FB-REEL-002,The proposed police office would research techniques for controlling subversion and mass violence.,That distinction is the payoff.,STRONG_INFERENCE,INFERENCE_SUPPORTED,INFERENTIAL,4,published Foreign Relations memorandum,provide an essential repository of technical knowledge based on research in the latest techniques of controlling subversion and mass violence,https://history.state.gov/historicaldocuments/frus1961-63v08/d99,One duty stands out. The office was to become an essential repository of technical knowledge based on research into the latest techniques for controlling subversion and mass violence.,WHAT THE NEW OFFICE WAS BUILT TO DO,shared_sources/source_gap_hunt/Memorandum From the Interagency Committee on Police Assistance Programs to President Kenne.extracted.txt,CURRENT_PART,YES,Synthetic language mapped to underlying claims.
CLM-USAIDCIA-P01-019,AST-WRR-USAIDCIA-P01-FB-REEL-002-07,WRR-USAIDCIA-P01-FB-REEL-002,The committee recommended an international police academy under government management.,That distinction is the payoff.,STRONG_INFERENCE,INFERENCE_SUPPORTED,INFERENTIAL,4,published Foreign Relations memorandum,early establishment of an international police academy under Government management to coordinate training more closely with U.S. internal defense objectives and tighten U.S. Government control over all training to improve its quality and insure its responsiveness to need,https://history.state.gov/historicaldocuments/frus1961-63v08/d99,"The memorandum also ordered AID to study an international police academy under government management. The academy would tighten U.S. control over training and connect it more closely to internal-defense objectives. AID was told to protect police funding, possibly through an “internal defense” budget line or military-assistance funding while leaving the program inside AID.",WHAT THE NEW OFFICE WAS BUILT TO DO,shared_sources/source_gap_hunt/Memorandum From the Interagency Committee on Police Assistance Programs to President Kenne.extracted.txt,CURRENT_PART,YES,Synthetic language mapped to underlying claims.
CLM-USAIDCIA-P01-017,AST-WRR-USAIDCIA-P01-FB-REEL-002-08,WRR-USAIDCIA-P01-FB-REEL-002,The committee recommended a dedicated AID police office.,The records establish an interagency internal-defense structure without establishing that every participating agency was the same institution.,STRONG_INFERENCE,INFERENCE_SUPPORTED,INFERENTIAL,4,published Foreign Relations memorandum,"That to carry out its responsibilities, AID establish an office specifically charged with police matters, staffed with sufficient qualified personnel to: (a) provide centralized professional and technical planning guidance to the country teams, police missions and State and AID regional bureaus; (b) provide professional and technical guidance and professional and technical supervision in implementing programs; (c) establish and supervise training requirements for U.S. police technicians, and standards of evaluating professional competence; (d) to conduct surveys and program evaluations; (e) to provide an essential repository of technical knowledge based on research in the latest techniques of controlling subversion and mass violence; that AID appoint a senior professional to head this office, responsible to the Special Assistant-Internal Defense with direct access to the Deputy Administrator; that while line responsibility for AID police programs remains with each regional AID bureau, sufficient professional personnel should be assigned to the new Office to provide the centralized staff support outlined above",https://history.state.gov/historicaldocuments/frus1961-63v08/d99,The institutional design is easiest to see in paragraph five. AID was ordered to establish an office specifically charged with police matters.,WHAT THE NEW OFFICE WAS BUILT TO DO,shared_sources/source_gap_hunt/Memorandum From the Interagency Committee on Police Assistance Programs to President Kenne.extracted.txt,CURRENT_PART,YES,Synthetic language mapped to underlying claims.
CLM-USAIDCIA-P01-018,AST-WRR-USAIDCIA-P01-FB-REEL-002-08,WRR-USAIDCIA-P01-FB-REEL-002,The proposed police office would research techniques for controlling subversion and mass violence.,The records establish an interagency internal-defense structure without establishing that every participating agency was the same institution.,STRONG_INFERENCE,INFERENCE_SUPPORTED,INFERENTIAL,4,published Foreign Relations memorandum,provide an essential repository of technical knowledge based on research in the latest techniques of controlling subversion and mass violence,https://history.state.gov/historicaldocuments/frus1961-63v08/d99,One duty stands out. The office was to become an essential repository of technical knowledge based on research into the latest techniques for controlling subversion and mass violence.,WHAT THE NEW OFFICE WAS BUILT TO DO,shared_sources/source_gap_hunt/Memorandum From the Interagency Committee on Police Assistance Programs to President Kenne.extracted.txt,CURRENT_PART,YES,Synthetic language mapped to underlying claims.
CLM-USAIDCIA-P01-019,AST-WRR-USAIDCIA-P01-FB-REEL-002-08,WRR-USAIDCIA-P01-FB-REEL-002,The committee recommended an international police academy under government management.,The records establish an interagency internal-defense structure without establishing that every participating agency was the same institution.,STRONG_INFERENCE,INFERENCE_SUPPORTED,INFERENTIAL,4,published Foreign Relations memorandum,early establishment of an international police academy under Government management to coordinate training more closely with U.S. internal defense objectives and tighten U.S. Government control over all training to improve its quality and insure its responsiveness to need,https://history.state.gov/historicaldocuments/frus1961-63v08/d99,"The memorandum also ordered AID to study an international police academy under government management. The academy would tighten U.S. control over training and connect it more closely to internal-defense objectives. AID was told to protect police funding, possibly through an “internal defense” budget line or military-assistance funding while leaving the program inside AID.",WHAT THE NEW OFFICE WAS BUILT TO DO,shared_sources/source_gap_hunt/Memorandum From the Interagency Committee on Police Assistance Programs to President Kenne.extracted.txt,CURRENT_PART,YES,Synthetic language mapped to underlying claims.
CLM-USAIDCIA-P01-017,AST-WRR-USAIDCIA-P01-FB-REEL-002-09,WRR-USAIDCIA-P01-FB-REEL-002,The committee recommended a dedicated AID police office.,Part 1 reconstructs the complete paper trail.,STRONG_INFERENCE,INFERENCE_SUPPORTED,INFERENTIAL,4,published Foreign Relations memorandum,"That to carry out its responsibilities, AID establish an office specifically charged with police matters, staffed with sufficient qualified personnel to: (a) provide centralized professional and technical planning guidance to the country teams, police missions and State and AID regional bureaus; (b) provide professional and technical guidance and professional and technical supervision in implementing programs; (c) establish and supervise training requirements for U.S. police technicians, and standards of evaluating professional competence; (d) to conduct surveys and program evaluations; (e) to provide an essential repository of technical knowledge based on research in the latest techniques of controlling subversion and mass violence; that AID appoint a senior professional to head this office, responsible to the Special Assistant-Internal Defense with direct access to the Deputy Administrator; that while line responsibility for AID police programs remains with each regional AID bureau, sufficient professional personnel should be assigned to the new Office to provide the centralized staff support outlined above",https://history.state.gov/historicaldocuments/frus1961-63v08/d99,The institutional design is easiest to see in paragraph five. AID was ordered to establish an office specifically charged with police matters.,WHAT THE NEW OFFICE WAS BUILT TO DO,shared_sources/source_gap_hunt/Memorandum From the Interagency Committee on Police Assistance Programs to President Kenne.extracted.txt,CURRENT_PART,YES,Synthetic language mapped to underlying claims.
CLM-USAIDCIA-P01-018,AST-WRR-USAIDCIA-P01-FB-REEL-002-09,WRR-USAIDCIA-P01-FB-REEL-002,The proposed police office would research techniques for controlling subversion and mass violence.,Part 1 reconstructs the complete paper trail.,STRONG_INFERENCE,INFERENCE_SUPPORTED,INFERENTIAL,4,published Foreign Relations memorandum,provide an essential repository of technical knowledge based on research in the latest techniques of controlling subversion and mass violence,https://history.state.gov/historicaldocuments/frus1961-63v08/d99,One duty stands out. The office was to become an essential repository of technical knowledge based on research into the latest techniques for controlling subversion and mass violence.,WHAT THE NEW OFFICE WAS BUILT TO DO,shared_sources/source_gap_hunt/Memorandum From the Interagency Committee on Police Assistance Programs to President Kenne.extracted.txt,CURRENT_PART,YES,Synthetic language mapped to underlying claims.
CLM-USAIDCIA-P01-019,AST-WRR-USAIDCIA-P01-FB-REEL-002-09,WRR-USAIDCIA-P01-FB-REEL-002,The committee recommended an international police academy under government management.,Part 1 reconstructs the complete paper trail.,STRONG_INFERENCE,INFERENCE_SUPPORTED,INFERENTIAL,4,published Foreign Relations memorandum,early establishment of an international police academy under Government management to coordinate training more closely with U.S. internal defense objectives and tighten U.S. Government control over all training to improve its quality and insure its responsiveness to need,https://history.state.gov/historicaldocuments/frus1961-63v08/d99,"The memorandum also ordered AID to study an international police academy under government management. The academy would tighten U.S. control over training and connect it more closely to internal-defense objectives. AID was told to protect police funding, possibly through an “internal defense” budget line or military-assistance funding while leaving the program inside AID.",WHAT THE NEW OFFICE WAS BUILT TO DO,shared_sources/source_gap_hunt/Memorandum From the Interagency Committee on Police Assistance Programs to President Kenne.extracted.txt,CURRENT_PART,YES,Synthetic language mapped to underlying claims.
CLM-USAIDCIA-P01-015,AST-WRR-USAIDCIA-P01-FB-LONG-001-01,WRR-USAIDCIA-P01-FB-LONG-001,The committee recommended that AID coordinate and lead all police-assistance programs under State policy guidance.,AID administered development assistance.,STRONG_INFERENCE,INFERENCE_SUPPORTED,INFERENTIAL,4,published Foreign Relations memorandum,"subject to the general policy guidance of the Department of State in internal defense matters, the Administrator of AID be charged, in his capacity as coordinator of U.S. aid programs, with responsibility for coordination and vigorous leadership of all police assistance programs",https://history.state.gov/historicaldocuments/frus1961-63v08/d99,"The secretary of State would provide general policy guidance on internal-defense matters. AID's administrator, already the coordinator of American aid programs, would provide vigorous leadership across police-assistance programs. The Defense Department would retain programs selected for military handling. An interagency police group would help coordinate the system.",THE ARCHITECTURE TAKES SHAPE,shared_sources/source_gap_hunt/Memorandum From the Interagency Committee on Police Assistance Programs to President Kenne.extracted.txt,CURRENT_PART,YES,Synthetic language mapped to underlying claims.
CLM-USAIDCIA-P01-016,AST-WRR-USAIDCIA-P01-FB-LONG-001-01,WRR-USAIDCIA-P01-FB-LONG-001,The committee assigned AID operating and funding responsibility except for covert aspects and selected Defense programs.,AID administered development assistance.,STRONG_INFERENCE,INFERENCE_SUPPORTED,INFERENTIAL,4,published Foreign Relations memorandum,"That AID be charged with operating and funding responsibility for all such programs, except for their covert aspects and for those programs which the Administrator of AID decides should be carried out by the Department of Defense",https://history.state.gov/historicaldocuments/frus1961-63v08/d99,"The third paragraph charged AID's administrator with coordination and vigorous leadership. The fourth went further: AID received operating and funding responsibility for the programs, apart from those assigned to Defense—and apart from their covert aspects.",THE ORDER WITH THE EXCEPTION,shared_sources/source_gap_hunt/Memorandum From the Interagency Committee on Police Assistance Programs to President Kenne.extracted.txt,CURRENT_PART,YES,Synthetic language mapped to underlying claims.
CLM-USAIDCIA-P01-017,AST-WRR-USAIDCIA-P01-FB-LONG-001-01,WRR-USAIDCIA-P01-FB-LONG-001,The committee recommended a dedicated AID police office.,AID administered development assistance.,STRONG_INFERENCE,INFERENCE_SUPPORTED,INFERENTIAL,4,published Foreign Relations memorandum,"That to carry out its responsibilities, AID establish an office specifically charged with police matters, staffed with sufficient qualified personnel to: (a) provide centralized professional and technical planning guidance to the country teams, police missions and State and AID regional bureaus; (b) provide professional and technical guidance and professional and technical supervision in implementing programs; (c) establish and supervise training requirements for U.S. police technicians, and standards of evaluating professional competence; (d) to conduct surveys and program evaluations; (e) to provide an essential repository of technical knowledge based on research in the latest techniques of controlling subversion and mass violence; that AID appoint a senior professional to head this office, responsible to the Special Assistant-Internal Defense with direct access to the Deputy Administrator; that while line responsibility for AID police programs remains with each regional AID bureau, sufficient professional personnel should be assigned to the new Office to provide the centralized staff support outlined above",https://history.state.gov/historicaldocuments/frus1961-63v08/d99,The institutional design is easiest to see in paragraph five. AID was ordered to establish an office specifically charged with police matters.,WHAT THE NEW OFFICE WAS BUILT TO DO,shared_sources/source_gap_hunt/Memorandum From the Interagency Committee on Police Assistance Programs to President Kenne.extracted.txt,CURRENT_PART,YES,Synthetic language mapped to underlying claims.
CLM-USAIDCIA-P01-024,AST-WRR-USAIDCIA-P01-FB-LONG-001-01,WRR-USAIDCIA-P01-FB-LONG-001,"The July committee included representatives from AID, Defense, CIA, Justice, the White House and State.",AID administered development assistance.,STRONG_INFERENCE,INFERENCE_SUPPORTED,INFERENTIAL,4,published Foreign Relations memorandum,"FC4 AID Member Henry Rowen DOD Member [name not declassified] CIA Member Robert Amory, Jr. BOB Member Courtney Evans Justice Member RW Komer WH Staff Member U. Alexis Johnson Chairman and State Member",https://history.state.gov/historicaldocuments/frus1961-63v08/d99,"The secretary of State would provide general policy guidance on internal-defense matters. AID's administrator, already the coordinator of American aid programs, would provide vigorous leadership across police-assistance programs. The Defense Department would retain programs selected for military handling. An interagency police group would help coordinate the system.",THE ARCHITECTURE TAKES SHAPE,shared_sources/source_gap_hunt/Memorandum From the Interagency Committee on Police Assistance Programs to President Kenne.extracted.txt,CURRENT_PART,YES,Synthetic language mapped to underlying claims.
CLM-USAIDCIA-P01-015,AST-WRR-USAIDCIA-P01-FB-LONG-001-02,WRR-USAIDCIA-P01-FB-LONG-001,The committee recommended that AID coordinate and lead all police-assistance programs under State policy guidance.,Yet the committee recommended that AID coordinate and lead all police-assistance programs under State policy guidance.,DOCUMENTED_FACT,SUPPORTED,DIRECT,4,published Foreign Relations memorandum,"subject to the general policy guidance of the Department of State in internal defense matters, the Administrator of AID be charged, in his capacity as coordinator of U.S. aid programs, with responsibility for coordination and vigorous leadership of all police assistance programs",https://history.state.gov/historicaldocuments/frus1961-63v08/d99,"The secretary of State would provide general policy guidance on internal-defense matters. AID's administrator, already the coordinator of American aid programs, would provide vigorous leadership across police-assistance programs. The Defense Department would retain programs selected for military handling. An interagency police group would help coordinate the system.",THE ARCHITECTURE TAKES SHAPE,shared_sources/source_gap_hunt/Memorandum From the Interagency Committee on Police Assistance Programs to President Kenne.extracted.txt,CURRENT_PART,NO,Sentence-level deterministic evidence mapping.
CLM-USAIDCIA-P01-017,AST-WRR-USAIDCIA-P01-FB-LONG-001-02,WRR-USAIDCIA-P01-FB-LONG-001,The committee recommended a dedicated AID police office.,Yet the committee recommended that AID coordinate and lead all police-assistance programs under State policy guidance.,DOCUMENTED_FACT,SUPPORTED,DIRECT,4,published Foreign Relations memorandum,"That to carry out its responsibilities, AID establish an office specifically charged with police matters, staffed with sufficient qualified personnel to: (a) provide centralized professional and technical planning guidance to the country teams, police missions and State and AID regional bureaus; (b) provide professional and technical guidance and professional and technical supervision in implementing programs; (c) establish and supervise training requirements for U.S. police technicians, and standards of evaluating professional competence; (d) to conduct surveys and program evaluations; (e) to provide an essential repository of technical knowledge based on research in the latest techniques of controlling subversion and mass violence; that AID appoint a senior professional to head this office, responsible to the Special Assistant-Internal Defense with direct access to the Deputy Administrator; that while line responsibility for AID police programs remains with each regional AID bureau, sufficient professional personnel should be assigned to the new Office to provide the centralized staff support outlined above",https://history.state.gov/historicaldocuments/frus1961-63v08/d99,The institutional design is easiest to see in paragraph five. AID was ordered to establish an office specifically charged with police matters.,WHAT THE NEW OFFICE WAS BUILT TO DO,shared_sources/source_gap_hunt/Memorandum From the Interagency Committee on Police Assistance Programs to President Kenne.extracted.txt,CURRENT_PART,NO,Sentence-level deterministic evidence mapping.
CLM-USAIDCIA-P01-016,AST-WRR-USAIDCIA-P01-FB-LONG-001-02,WRR-USAIDCIA-P01-FB-LONG-001,The committee assigned AID operating and funding responsibility except for covert aspects and selected Defense programs.,Yet the committee recommended that AID coordinate and lead all police-assistance programs under State policy guidance.,DOCUMENTED_FACT,SUPPORTED,DIRECT,4,published Foreign Relations memorandum,"That AID be charged with operating and funding responsibility for all such programs, except for their covert aspects and for those programs which the Administrator of AID decides should be carried out by the Department of Defense",https://history.state.gov/historicaldocuments/frus1961-63v08/d99,"The third paragraph charged AID's administrator with coordination and vigorous leadership. The fourth went further: AID received operating and funding responsibility for the programs, apart from those assigned to Defense—and apart from their covert aspects.",THE ORDER WITH THE EXCEPTION,shared_sources/source_gap_hunt/Memorandum From the Interagency Committee on Police Assistance Programs to President Kenne.extracted.txt,CURRENT_PART,NO,Sentence-level deterministic evidence mapping.
CLM-USAIDCIA-P01-016,AST-WRR-USAIDCIA-P01-FB-LONG-001-03,WRR-USAIDCIA-P01-FB-LONG-001,The committee assigned AID operating and funding responsibility except for covert aspects and selected Defense programs.,The committee assigned AID operating and funding responsibility except for covert aspects and selected Defense programs.,DOCUMENTED_FACT,SUPPORTED,DIRECT,4,published Foreign Relations memorandum,"That AID be charged with operating and funding responsibility for all such programs, except for their covert aspects and for those programs which the Administrator of AID decides should be carried out by the Department of Defense",https://history.state.gov/historicaldocuments/frus1961-63v08/d99,"The third paragraph charged AID's administrator with coordination and vigorous leadership. The fourth went further: AID received operating and funding responsibility for the programs, apart from those assigned to Defense—and apart from their covert aspects.",THE ORDER WITH THE EXCEPTION,shared_sources/source_gap_hunt/Memorandum From the Interagency Committee on Police Assistance Programs to President Kenne.extracted.txt,CURRENT_PART,NO,Sentence-level deterministic evidence mapping.
CLM-USAIDCIA-P01-017,AST-WRR-USAIDCIA-P01-FB-LONG-001-04,WRR-USAIDCIA-P01-FB-LONG-001,The committee recommended a dedicated AID police office.,The committee recommended a dedicated AID police office.,DOCUMENTED_FACT,SUPPORTED,DIRECT,4,published Foreign Relations memorandum,"That to carry out its responsibilities, AID establish an office specifically charged with police matters, staffed with sufficient qualified personnel to: (a) provide centralized professional and technical planning guidance to the country teams, police missions and State and AID regional bureaus; (b) provide professional and technical guidance and professional and technical supervision in implementing programs; (c) establish and supervise training requirements for U.S. police technicians, and standards of evaluating professional competence; (d) to conduct surveys and program evaluations; (e) to provide an essential repository of technical knowledge based on research in the latest techniques of controlling subversion and mass violence; that AID appoint a senior professional to head this office, responsible to the Special Assistant-Internal Defense with direct access to the Deputy Administrator; that while line responsibility for AID police programs remains with each regional AID bureau, sufficient professional personnel should be assigned to the new Office to provide the centralized staff support outlined above",https://history.state.gov/historicaldocuments/frus1961-63v08/d99,The institutional design is easiest to see in paragraph five. AID was ordered to establish an office specifically charged with police matters.,WHAT THE NEW OFFICE WAS BUILT TO DO,shared_sources/source_gap_hunt/Memorandum From the Interagency Committee on Police Assistance Programs to President Kenne.extracted.txt,CURRENT_PART,NO,Sentence-level deterministic evidence mapping.
CLM-USAIDCIA-P01-024,AST-WRR-USAIDCIA-P01-FB-LONG-001-05,WRR-USAIDCIA-P01-FB-LONG-001,"The July committee included representatives from AID, Defense, CIA, Justice, the White House and State.","The July committee included representatives from AID, Defense, CIA, Justice, the White House and State.",DOCUMENTED_FACT,SUPPORTED,DIRECT,4,published Foreign Relations memorandum,"FC4 AID Member Henry Rowen DOD Member [name not declassified] CIA Member Robert Amory, Jr. BOB Member Courtney Evans Justice Member RW Komer WH Staff Member U. Alexis Johnson Chairman and State Member",https://history.state.gov/historicaldocuments/frus1961-63v08/d99,"The secretary of State would provide general policy guidance on internal-defense matters. AID's administrator, already the coordinator of American aid programs, would provide vigorous leadership across police-assistance programs. The Defense Department would retain programs selected for military handling. An interagency police group would help coordinate the system.",THE ARCHITECTURE TAKES SHAPE,shared_sources/source_gap_hunt/Memorandum From the Interagency Committee on Police Assistance Programs to President Kenne.extracted.txt,CURRENT_PART,NO,Sentence-level deterministic evidence mapping.
CLM-USAIDCIA-P01-015,AST-WRR-USAIDCIA-P01-FB-LONG-001-06,WRR-USAIDCIA-P01-FB-LONG-001,The committee recommended that AID coordinate and lead all police-assistance programs under State policy guidance.,"Taken together, those assignments describe a division of labor: civilian administration in AID, policy guidance in State and selected responsibilities outside AID.",STRONG_INFERENCE,INFERENCE_SUPPORTED,INFERENTIAL,4,published Foreign Relations memorandum,"subject to the general policy guidance of the Department of State in internal defense matters, the Administrator of AID be charged, in his capacity as coordinator of U.S. aid programs, with responsibility for coordination and vigorous leadership of all police assistance programs",https://history.state.gov/historicaldocuments/frus1961-63v08/d99,"The secretary of State would provide general policy guidance on internal-defense matters. AID's administrator, already the coordinator of American aid programs, would provide vigorous leadership across police-assistance programs. The Defense Department would retain programs selected for military handling. An interagency police group would help coordinate the system.",THE ARCHITECTURE TAKES SHAPE,shared_sources/source_gap_hunt/Memorandum From the Interagency Committee on Police Assistance Programs to President Kenne.extracted.txt,CURRENT_PART,YES,Synthetic language mapped to underlying claims.
CLM-USAIDCIA-P01-016,AST-WRR-USAIDCIA-P01-FB-LONG-001-06,WRR-USAIDCIA-P01-FB-LONG-001,The committee assigned AID operating and funding responsibility except for covert aspects and selected Defense programs.,"Taken together, those assignments describe a division of labor: civilian administration in AID, policy guidance in State and selected responsibilities outside AID.",STRONG_INFERENCE,INFERENCE_SUPPORTED,INFERENTIAL,4,published Foreign Relations memorandum,"That AID be charged with operating and funding responsibility for all such programs, except for their covert aspects and for those programs which the Administrator of AID decides should be carried out by the Department of Defense",https://history.state.gov/historicaldocuments/frus1961-63v08/d99,"The third paragraph charged AID's administrator with coordination and vigorous leadership. The fourth went further: AID received operating and funding responsibility for the programs, apart from those assigned to Defense—and apart from their covert aspects.",THE ORDER WITH THE EXCEPTION,shared_sources/source_gap_hunt/Memorandum From the Interagency Committee on Police Assistance Programs to President Kenne.extracted.txt,CURRENT_PART,YES,Synthetic language mapped to underlying claims.
CLM-USAIDCIA-P01-017,AST-WRR-USAIDCIA-P01-FB-LONG-001-06,WRR-USAIDCIA-P01-FB-LONG-001,The committee recommended a dedicated AID police office.,"Taken together, those assignments describe a division of labor: civilian administration in AID, policy guidance in State and selected responsibilities outside AID.",STRONG_INFERENCE,INFERENCE_SUPPORTED,INFERENTIAL,4,published Foreign Relations memorandum,"That to carry out its responsibilities, AID establish an office specifically charged with police matters, staffed with sufficient qualified personnel to: (a) provide centralized professional and technical planning guidance to the country teams, police missions and State and AID regional bureaus; (b) provide professional and technical guidance and professional and technical supervision in implementing programs; (c) establish and supervise training requirements for U.S. police technicians, and standards of evaluating professional competence; (d) to conduct surveys and program evaluations; (e) to provide an essential repository of technical knowledge based on research in the latest techniques of controlling subversion and mass violence; that AID appoint a senior professional to head this office, responsible to the Special Assistant-Internal Defense with direct access to the Deputy Administrator; that while line responsibility for AID police programs remains with each regional AID bureau, sufficient professional personnel should be assigned to the new Office to provide the centralized staff support outlined above",https://history.state.gov/historicaldocuments/frus1961-63v08/d99,The institutional design is easiest to see in paragraph five. AID was ordered to establish an office specifically charged with police matters.,WHAT THE NEW OFFICE WAS BUILT TO DO,shared_sources/source_gap_hunt/Memorandum From the Interagency Committee on Police Assistance Programs to President Kenne.extracted.txt,CURRENT_PART,YES,Synthetic language mapped to underlying claims.
CLM-USAIDCIA-P01-024,AST-WRR-USAIDCIA-P01-FB-LONG-001-06,WRR-USAIDCIA-P01-FB-LONG-001,"The July committee included representatives from AID, Defense, CIA, Justice, the White House and State.","Taken together, those assignments describe a division of labor: civilian administration in AID, policy guidance in State and selected responsibilities outside AID.",STRONG_INFERENCE,INFERENCE_SUPPORTED,INFERENTIAL,4,published Foreign Relations memorandum,"FC4 AID Member Henry Rowen DOD Member [name not declassified] CIA Member Robert Amory, Jr. BOB Member Courtney Evans Justice Member RW Komer WH Staff Member U. Alexis Johnson Chairman and State Member",https://history.state.gov/historicaldocuments/frus1961-63v08/d99,"The secretary of State would provide general policy guidance on internal-defense matters. AID's administrator, already the coordinator of American aid programs, would provide vigorous leadership across police-assistance programs. The Defense Department would retain programs selected for military handling. An interagency police group would help coordinate the system.",THE ARCHITECTURE TAKES SHAPE,shared_sources/source_gap_hunt/Memorandum From the Interagency Committee on Police Assistance Programs to President Kenne.extracted.txt,CURRENT_PART,YES,Synthetic language mapped to underlying claims.
CLM-USAIDCIA-P01-015,AST-WRR-USAIDCIA-P01-FB-LONG-001-07,WRR-USAIDCIA-P01-FB-LONG-001,The committee recommended that AID coordinate and lead all police-assistance programs under State policy guidance.,"The covert carve-out limits what the overt assignment proves,",STRONG_INFERENCE,INFERENCE_SUPPORTED,INFERENTIAL,4,published Foreign Relations memorandum,"subject to the general policy guidance of the Department of State in internal defense matters, the Administrator of AID be charged, in his capacity as coordinator of U.S. aid programs, with responsibility for coordination and vigorous leadership of all police assistance programs",https://history.state.gov/historicaldocuments/frus1961-63v08/d99,"The secretary of State would provide general policy guidance on internal-defense matters. AID's administrator, already the coordinator of American aid programs, would provide vigorous leadership across police-assistance programs. The Defense Department would retain programs selected for military handling. An interagency police group would help coordinate the system.",THE ARCHITECTURE TAKES SHAPE,shared_sources/source_gap_hunt/Memorandum From the Interagency Committee on Police Assistance Programs to President Kenne.extracted.txt,CURRENT_PART,YES,Synthetic language mapped to underlying claims.
CLM-USAIDCIA-P01-016,AST-WRR-USAIDCIA-P01-FB-LONG-001-07,WRR-USAIDCIA-P01-FB-LONG-001,The committee assigned AID operating and funding responsibility except for covert aspects and selected Defense programs.,"The covert carve-out limits what the overt assignment proves,",STRONG_INFERENCE,INFERENCE_SUPPORTED,INFERENTIAL,4,published Foreign Relations memorandum,"That AID be charged with operating and funding responsibility for all such programs, except for their covert aspects and for those programs which the Administrator of AID decides should be carried out by the Department of Defense",https://history.state.gov/historicaldocuments/frus1961-63v08/d99,"The third paragraph charged AID's administrator with coordination and vigorous leadership. The fourth went further: AID received operating and funding responsibility for the programs, apart from those assigned to Defense—and apart from their covert aspects.",THE ORDER WITH THE EXCEPTION,shared_sources/source_gap_hunt/Memorandum From the Interagency Committee on Police Assistance Programs to President Kenne.extracted.txt,CURRENT_PART,YES,Synthetic language mapped to underlying claims.
CLM-USAIDCIA-P01-017,AST-WRR-USAIDCIA-P01-FB-LONG-001-07,WRR-USAIDCIA-P01-FB-LONG-001,The committee recommended a dedicated AID police office.,"The covert carve-out limits what the overt assignment proves,",STRONG_INFERENCE,INFERENCE_SUPPORTED,INFERENTIAL,4,published Foreign Relations memorandum,"That to carry out its responsibilities, AID establish an office specifically charged with police matters, staffed with sufficient qualified personnel to: (a) provide centralized professional and technical planning guidance to the country teams, police missions and State and AID regional bureaus; (b) provide professional and technical guidance and professional and technical supervision in implementing programs; (c) establish and supervise training requirements for U.S. police technicians, and standards of evaluating professional competence; (d) to conduct surveys and program evaluations; (e) to provide an essential repository of technical knowledge based on research in the latest techniques of controlling subversion and mass violence; that AID appoint a senior professional to head this office, responsible to the Special Assistant-Internal Defense with direct access to the Deputy Administrator; that while line responsibility for AID police programs remains with each regional AID bureau, sufficient professional personnel should be assigned to the new Office to provide the centralized staff support outlined above",https://history.state.gov/historicaldocuments/frus1961-63v08/d99,The institutional design is easiest to see in paragraph five. AID was ordered to establish an office specifically charged with police matters.,WHAT THE NEW OFFICE WAS BUILT TO DO,shared_sources/source_gap_hunt/Memorandum From the Interagency Committee on Police Assistance Programs to President Kenne.extracted.txt,CURRENT_PART,YES,Synthetic language mapped to underlying claims.
CLM-USAIDCIA-P01-024,AST-WRR-USAIDCIA-P01-FB-LONG-001-07,WRR-USAIDCIA-P01-FB-LONG-001,"The July committee included representatives from AID, Defense, CIA, Justice, the White House and State.","The covert carve-out limits what the overt assignment proves,",STRONG_INFERENCE,INFERENCE_SUPPORTED,INFERENTIAL,4,published Foreign Relations memorandum,"FC4 AID Member Henry Rowen DOD Member [name not declassified] CIA Member Robert Amory, Jr. BOB Member Courtney Evans Justice Member RW Komer WH Staff Member U. Alexis Johnson Chairman and State Member",https://history.state.gov/historicaldocuments/frus1961-63v08/d99,"The secretary of State would provide general policy guidance on internal-defense matters. AID's administrator, already the coordinator of American aid programs, would provide vigorous leadership across police-assistance programs. The Defense Department would retain programs selected for military handling. An interagency police group would help coordinate the system.",THE ARCHITECTURE TAKES SHAPE,shared_sources/source_gap_hunt/Memorandum From the Interagency Committee on Police Assistance Programs to President Kenne.extracted.txt,CURRENT_PART,YES,Synthetic language mapped to underlying claims.
CLM-USAIDCIA-P01-015,AST-WRR-USAIDCIA-P01-FB-LONG-001-08,WRR-USAIDCIA-P01-FB-LONG-001,The committee recommended that AID coordinate and lead all police-assistance programs under State policy guidance.,it also makes the boundary part of the official design.,STRONG_INFERENCE,INFERENCE_SUPPORTED,INFERENTIAL,4,published Foreign Relations memorandum,"subject to the general policy guidance of the Department of State in internal defense matters, the Administrator of AID be charged, in his capacity as coordinator of U.S. aid programs, with responsibility for coordination and vigorous leadership of all police assistance programs",https://history.state.gov/historicaldocuments/frus1961-63v08/d99,"The secretary of State would provide general policy guidance on internal-defense matters. AID's administrator, already the coordinator of American aid programs, would provide vigorous leadership across police-assistance programs. The Defense Department would retain programs selected for military handling. An interagency police group would help coordinate the system.",THE ARCHITECTURE TAKES SHAPE,shared_sources/source_gap_hunt/Memorandum From the Interagency Committee on Police Assistance Programs to President Kenne.extracted.txt,CURRENT_PART,YES,Synthetic language mapped to underlying claims.
CLM-USAIDCIA-P01-016,AST-WRR-USAIDCIA-P01-FB-LONG-001-08,WRR-USAIDCIA-P01-FB-LONG-001,The committee assigned AID operating and funding responsibility except for covert aspects and selected Defense programs.,it also makes the boundary part of the official design.,STRONG_INFERENCE,INFERENCE_SUPPORTED,INFERENTIAL,4,published Foreign Relations memorandum,"That AID be charged with operating and funding responsibility for all such programs, except for their covert aspects and for those programs which the Administrator of AID decides should be carried out by the Department of Defense",https://history.state.gov/historicaldocuments/frus1961-63v08/d99,"The third paragraph charged AID's administrator with coordination and vigorous leadership. The fourth went further: AID received operating and funding responsibility for the programs, apart from those assigned to Defense—and apart from their covert aspects.",THE ORDER WITH THE EXCEPTION,shared_sources/source_gap_hunt/Memorandum From the Interagency Committee on Police Assistance Programs to President Kenne.extracted.txt,CURRENT_PART,YES,Synthetic language mapped to underlying claims.
CLM-USAIDCIA-P01-017,AST-WRR-USAIDCIA-P01-FB-LONG-001-08,WRR-USAIDCIA-P01-FB-LONG-001,The committee recommended a dedicated AID police office.,it also makes the boundary part of the official design.,STRONG_INFERENCE,INFERENCE_SUPPORTED,INFERENTIAL,4,published Foreign Relations memorandum,"That to carry out its responsibilities, AID establish an office specifically charged with police matters, staffed with sufficient qualified personnel to: (a) provide centralized professional and technical planning guidance to the country teams, police missions and State and AID regional bureaus; (b) provide professional and technical guidance and professional and technical supervision in implementing programs; (c) establish and supervise training requirements for U.S. police technicians, and standards of evaluating professional competence; (d) to conduct surveys and program evaluations; (e) to provide an essential repository of technical knowledge based on research in the latest techniques of controlling subversion and mass violence; that AID appoint a senior professional to head this office, responsible to the Special Assistant-Internal Defense with direct access to the Deputy Administrator; that while line responsibility for AID police programs remains with each regional AID bureau, sufficient professional personnel should be assigned to the new Office to provide the centralized staff support outlined above",https://history.state.gov/historicaldocuments/frus1961-63v08/d99,The institutional design is easiest to see in paragraph five. AID was ordered to establish an office specifically charged with police matters.,WHAT THE NEW OFFICE WAS BUILT TO DO,shared_sources/source_gap_hunt/Memorandum From the Interagency Committee on Police Assistance Programs to President Kenne.extracted.txt,CURRENT_PART,YES,Synthetic language mapped to underlying claims.
CLM-USAIDCIA-P01-024,AST-WRR-USAIDCIA-P01-FB-LONG-001-08,WRR-USAIDCIA-P01-FB-LONG-001,"The July committee included representatives from AID, Defense, CIA, Justice, the White House and State.",it also makes the boundary part of the official design.,STRONG_INFERENCE,INFERENCE_SUPPORTED,INFERENTIAL,4,published Foreign Relations memorandum,"FC4 AID Member Henry Rowen DOD Member [name not declassified] CIA Member Robert Amory, Jr. BOB Member Courtney Evans Justice Member RW Komer WH Staff Member U. Alexis Johnson Chairman and State Member",https://history.state.gov/historicaldocuments/frus1961-63v08/d99,"The secretary of State would provide general policy guidance on internal-defense matters. AID's administrator, already the coordinator of American aid programs, would provide vigorous leadership across police-assistance programs. The Defense Department would retain programs selected for military handling. An interagency police group would help coordinate the system.",THE ARCHITECTURE TAKES SHAPE,shared_sources/source_gap_hunt/Memorandum From the Interagency Committee on Police Assistance Programs to President Kenne.extracted.txt,CURRENT_PART,YES,Synthetic language mapped to underlying claims.
CLM-USAIDCIA-P01-015,AST-WRR-USAIDCIA-P01-FB-LONG-001-09,WRR-USAIDCIA-P01-FB-LONG-001,The committee recommended that AID coordinate and lead all police-assistance programs under State policy guidance.,That distinction is the payoff.,STRONG_INFERENCE,INFERENCE_SUPPORTED,INFERENTIAL,4,published Foreign Relations memorandum,"subject to the general policy guidance of the Department of State in internal defense matters, the Administrator of AID be charged, in his capacity as coordinator of U.S. aid programs, with responsibility for coordination and vigorous leadership of all police assistance programs",https://history.state.gov/historicaldocuments/frus1961-63v08/d99,"The secretary of State would provide general policy guidance on internal-defense matters. AID's administrator, already the coordinator of American aid programs, would provide vigorous leadership across police-assistance programs. The Defense Department would retain programs selected for military handling. An interagency police group would help coordinate the system.",THE ARCHITECTURE TAKES SHAPE,shared_sources/source_gap_hunt/Memorandum From the Interagency Committee on Police Assistance Programs to President Kenne.extracted.txt,CURRENT_PART,YES,Synthetic language mapped to underlying claims.
CLM-USAIDCIA-P01-016,AST-WRR-USAIDCIA-P01-FB-LONG-001-09,WRR-USAIDCIA-P01-FB-LONG-001,The committee assigned AID operating and funding responsibility except for covert aspects and selected Defense programs.,That distinction is the payoff.,STRONG_INFERENCE,INFERENCE_SUPPORTED,INFERENTIAL,4,published Foreign Relations memorandum,"That AID be charged with operating and funding responsibility for all such programs, except for their covert aspects and for those programs which the Administrator of AID decides should be carried out by the Department of Defense",https://history.state.gov/historicaldocuments/frus1961-63v08/d99,"The third paragraph charged AID's administrator with coordination and vigorous leadership. The fourth went further: AID received operating and funding responsibility for the programs, apart from those assigned to Defense—and apart from their covert aspects.",THE ORDER WITH THE EXCEPTION,shared_sources/source_gap_hunt/Memorandum From the Interagency Committee on Police Assistance Programs to President Kenne.extracted.txt,CURRENT_PART,YES,Synthetic language mapped to underlying claims.
CLM-USAIDCIA-P01-017,AST-WRR-USAIDCIA-P01-FB-LONG-001-09,WRR-USAIDCIA-P01-FB-LONG-001,The committee recommended a dedicated AID police office.,That distinction is the payoff.,STRONG_INFERENCE,INFERENCE_SUPPORTED,INFERENTIAL,4,published Foreign Relations memorandum,"That to carry out its responsibilities, AID establish an office specifically charged with police matters, staffed with sufficient qualified personnel to: (a) provide centralized professional and technical planning guidance to the country teams, police missions and State and AID regional bureaus; (b) provide professional and technical guidance and professional and technical supervision in implementing programs; (c) establish and supervise training requirements for U.S. police technicians, and standards of evaluating professional competence; (d) to conduct surveys and program evaluations; (e) to provide an essential repository of technical knowledge based on research in the latest techniques of controlling subversion and mass violence; that AID appoint a senior professional to head this office, responsible to the Special Assistant-Internal Defense with direct access to the Deputy Administrator; that while line responsibility for AID police programs remains with each regional AID bureau, sufficient professional personnel should be assigned to the new Office to provide the centralized staff support outlined above",https://history.state.gov/historicaldocuments/frus1961-63v08/d99,The institutional design is easiest to see in paragraph five. AID was ordered to establish an office specifically charged with police matters.,WHAT THE NEW OFFICE WAS BUILT TO DO,shared_sources/source_gap_hunt/Memorandum From the Interagency Committee on Police Assistance Programs to President Kenne.extracted.txt,CURRENT_PART,YES,Synthetic language mapped to underlying claims.
CLM-USAIDCIA-P01-024,AST-WRR-USAIDCIA-P01-FB-LONG-001-09,WRR-USAIDCIA-P01-FB-LONG-001,"The July committee included representatives from AID, Defense, CIA, Justice, the White House and State.",That distinction is the payoff.,STRONG_INFERENCE,INFERENCE_SUPPORTED,INFERENTIAL,4,published Foreign Relations memorandum,"FC4 AID Member Henry Rowen DOD Member [name not declassified] CIA Member Robert Amory, Jr. BOB Member Courtney Evans Justice Member RW Komer WH Staff Member U. Alexis Johnson Chairman and State Member",https://history.state.gov/historicaldocuments/frus1961-63v08/d99,"The secretary of State would provide general policy guidance on internal-defense matters. AID's administrator, already the coordinator of American aid programs, would provide vigorous leadership across police-assistance programs. The Defense Department would retain programs selected for military handling. An interagency police group would help coordinate the system.",THE ARCHITECTURE TAKES SHAPE,shared_sources/source_gap_hunt/Memorandum From the Interagency Committee on Police Assistance Programs to President Kenne.extracted.txt,CURRENT_PART,YES,Synthetic language mapped to underlying claims.
CLM-USAIDCIA-P01-015,AST-WRR-USAIDCIA-P01-FB-LONG-001-10,WRR-USAIDCIA-P01-FB-LONG-001,The committee recommended that AID coordinate and lead all police-assistance programs under State policy guidance.,The records establish an interagency internal-defense structure without establishing that every participating agency was the same institution.,STRONG_INFERENCE,INFERENCE_SUPPORTED,INFERENTIAL,4,published Foreign Relations memorandum,"subject to the general policy guidance of the Department of State in internal defense matters, the Administrator of AID be charged, in his capacity as coordinator of U.S. aid programs, with responsibility for coordination and vigorous leadership of all police assistance programs",https://history.state.gov/historicaldocuments/frus1961-63v08/d99,"The secretary of State would provide general policy guidance on internal-defense matters. AID's administrator, already the coordinator of American aid programs, would provide vigorous leadership across police-assistance programs. The Defense Department would retain programs selected for military handling. An interagency police group would help coordinate the system.",THE ARCHITECTURE TAKES SHAPE,shared_sources/source_gap_hunt/Memorandum From the Interagency Committee on Police Assistance Programs to President Kenne.extracted.txt,CURRENT_PART,YES,Synthetic language mapped to underlying claims.
CLM-USAIDCIA-P01-016,AST-WRR-USAIDCIA-P01-FB-LONG-001-10,WRR-USAIDCIA-P01-FB-LONG-001,The committee assigned AID operating and funding responsibility except for covert aspects and selected Defense programs.,The records establish an interagency internal-defense structure without establishing that every participating agency was the same institution.,STRONG_INFERENCE,INFERENCE_SUPPORTED,INFERENTIAL,4,published Foreign Relations memorandum,"That AID be charged with operating and funding responsibility for all such programs, except for their covert aspects and for those programs which the Administrator of AID decides should be carried out by the Department of Defense",https://history.state.gov/historicaldocuments/frus1961-63v08/d99,"The third paragraph charged AID's administrator with coordination and vigorous leadership. The fourth went further: AID received operating and funding responsibility for the programs, apart from those assigned to Defense—and apart from their covert aspects.",THE ORDER WITH THE EXCEPTION,shared_sources/source_gap_hunt/Memorandum From the Interagency Committee on Police Assistance Programs to President Kenne.extracted.txt,CURRENT_PART,YES,Synthetic language mapped to underlying claims.
CLM-USAIDCIA-P01-017,AST-WRR-USAIDCIA-P01-FB-LONG-001-10,WRR-USAIDCIA-P01-FB-LONG-001,The committee recommended a dedicated AID police office.,The records establish an interagency internal-defense structure without establishing that every participating agency was the same institution.,STRONG_INFERENCE,INFERENCE_SUPPORTED,INFERENTIAL,4,published Foreign Relations memorandum,"That to carry out its responsibilities, AID establish an office specifically charged with police matters, staffed with sufficient qualified personnel to: (a) provide centralized professional and technical planning guidance to the country teams, police missions and State and AID regional bureaus; (b) provide professional and technical guidance and professional and technical supervision in implementing programs; (c) establish and supervise training requirements for U.S. police technicians, and standards of evaluating professional competence; (d) to conduct surveys and program evaluations; (e) to provide an essential repository of technical knowledge based on research in the latest techniques of controlling subversion and mass violence; that AID appoint a senior professional to head this office, responsible to the Special Assistant-Internal Defense with direct access to the Deputy Administrator; that while line responsibility for AID police programs remains with each regional AID bureau, sufficient professional personnel should be assigned to the new Office to provide the centralized staff support outlined above",https://history.state.gov/historicaldocuments/frus1961-63v08/d99,The institutional design is easiest to see in paragraph five. AID was ordered to establish an office specifically charged with police matters.,WHAT THE NEW OFFICE WAS BUILT TO DO,shared_sources/source_gap_hunt/Memorandum From the Interagency Committee on Police Assistance Programs to President Kenne.extracted.txt,CURRENT_PART,YES,Synthetic language mapped to underlying claims.
CLM-USAIDCIA-P01-024,AST-WRR-USAIDCIA-P01-FB-LONG-001-10,WRR-USAIDCIA-P01-FB-LONG-001,"The July committee included representatives from AID, Defense, CIA, Justice, the White House and State.",The records establish an interagency internal-defense structure without establishing that every participating agency was the same institution.,STRONG_INFERENCE,INFERENCE_SUPPORTED,INFERENTIAL,4,published Foreign Relations memorandum,"FC4 AID Member Henry Rowen DOD Member [name not declassified] CIA Member Robert Amory, Jr. BOB Member Courtney Evans Justice Member RW Komer WH Staff Member U. Alexis Johnson Chairman and State Member",https://history.state.gov/historicaldocuments/frus1961-63v08/d99,"The secretary of State would provide general policy guidance on internal-defense matters. AID's administrator, already the coordinator of American aid programs, would provide vigorous leadership across police-assistance programs. The Defense Department would retain programs selected for military handling. An interagency police group would help coordinate the system.",THE ARCHITECTURE TAKES SHAPE,shared_sources/source_gap_hunt/Memorandum From the Interagency Committee on Police Assistance Programs to President Kenne.extracted.txt,CURRENT_PART,YES,Synthetic language mapped to underlying claims.
CLM-USAIDCIA-P01-015,AST-WRR-USAIDCIA-P01-FB-LONG-001-11,WRR-USAIDCIA-P01-FB-LONG-001,The committee recommended that AID coordinate and lead all police-assistance programs under State policy guidance.,Reading the documents in sequence changes the question.,STRONG_INFERENCE,INFERENCE_SUPPORTED,INFERENTIAL,4,published Foreign Relations memorandum,"subject to the general policy guidance of the Department of State in internal defense matters, the Administrator of AID be charged, in his capacity as coordinator of U.S. aid programs, with responsibility for coordination and vigorous leadership of all police assistance programs",https://history.state.gov/historicaldocuments/frus1961-63v08/d99,"The secretary of State would provide general policy guidance on internal-defense matters. AID's administrator, already the coordinator of American aid programs, would provide vigorous leadership across police-assistance programs. The Defense Department would retain programs selected for military handling. An interagency police group would help coordinate the system.",THE ARCHITECTURE TAKES SHAPE,shared_sources/source_gap_hunt/Memorandum From the Interagency Committee on Police Assistance Programs to President Kenne.extracted.txt,CURRENT_PART,YES,Synthetic language mapped to underlying claims.
CLM-USAIDCIA-P01-016,AST-WRR-USAIDCIA-P01-FB-LONG-001-11,WRR-USAIDCIA-P01-FB-LONG-001,The committee assigned AID operating and funding responsibility except for covert aspects and selected Defense programs.,Reading the documents in sequence changes the question.,STRONG_INFERENCE,INFERENCE_SUPPORTED,INFERENTIAL,4,published Foreign Relations memorandum,"That AID be charged with operating and funding responsibility for all such programs, except for their covert aspects and for those programs which the Administrator of AID decides should be carried out by the Department of Defense",https://history.state.gov/historicaldocuments/frus1961-63v08/d99,"The third paragraph charged AID's administrator with coordination and vigorous leadership. The fourth went further: AID received operating and funding responsibility for the programs, apart from those assigned to Defense—and apart from their covert aspects.",THE ORDER WITH THE EXCEPTION,shared_sources/source_gap_hunt/Memorandum From the Interagency Committee on Police Assistance Programs to President Kenne.extracted.txt,CURRENT_PART,YES,Synthetic language mapped to underlying claims.
CLM-USAIDCIA-P01-017,AST-WRR-USAIDCIA-P01-FB-LONG-001-11,WRR-USAIDCIA-P01-FB-LONG-001,The committee recommended a dedicated AID police office.,Reading the documents in sequence changes the question.,STRONG_INFERENCE,INFERENCE_SUPPORTED,INFERENTIAL,4,published Foreign Relations memorandum,"That to carry out its responsibilities, AID establish an office specifically charged with police matters, staffed with sufficient qualified personnel to: (a) provide centralized professional and technical planning guidance to the country teams, police missions and State and AID regional bureaus; (b) provide professional and technical guidance and professional and technical supervision in implementing programs; (c) establish and supervise training requirements for U.S. police technicians, and standards of evaluating professional competence; (d) to conduct surveys and program evaluations; (e) to provide an essential repository of technical knowledge based on research in the latest techniques of controlling subversion and mass violence; that AID appoint a senior professional to head this office, responsible to the Special Assistant-Internal Defense with direct access to the Deputy Administrator; that while line responsibility for AID police programs remains with each regional AID bureau, sufficient professional personnel should be assigned to the new Office to provide the centralized staff support outlined above",https://history.state.gov/historicaldocuments/frus1961-63v08/d99,The institutional design is easiest to see in paragraph five. AID was ordered to establish an office specifically charged with police matters.,WHAT THE NEW OFFICE WAS BUILT TO DO,shared_sources/source_gap_hunt/Memorandum From the Interagency Committee on Police Assistance Programs to President Kenne.extracted.txt,CURRENT_PART,YES,Synthetic language mapped to underlying claims.
CLM-USAIDCIA-P01-024,AST-WRR-USAIDCIA-P01-FB-LONG-001-11,WRR-USAIDCIA-P01-FB-LONG-001,"The July committee included representatives from AID, Defense, CIA, Justice, the White House and State.",Reading the documents in sequence changes the question.,STRONG_INFERENCE,INFERENCE_SUPPORTED,INFERENTIAL,4,published Foreign Relations memorandum,"FC4 AID Member Henry Rowen DOD Member [name not declassified] CIA Member Robert Amory, Jr. BOB Member Courtney Evans Justice Member RW Komer WH Staff Member U. Alexis Johnson Chairman and State Member",https://history.state.gov/historicaldocuments/frus1961-63v08/d99,"The secretary of State would provide general policy guidance on internal-defense matters. AID's administrator, already the coordinator of American aid programs, would provide vigorous leadership across police-assistance programs. The Defense Department would retain programs selected for military handling. An interagency police group would help coordinate the system.",THE ARCHITECTURE TAKES SHAPE,shared_sources/source_gap_hunt/Memorandum From the Interagency Committee on Police Assistance Programs to President Kenne.extracted.txt,CURRENT_PART,YES,Synthetic language mapped to underlying claims.
CLM-USAIDCIA-P01-015,AST-WRR-USAIDCIA-P01-FB-LONG-001-12,WRR-USAIDCIA-P01-FB-LONG-001,The committee recommended that AID coordinate and lead all police-assistance programs under State policy guidance.,The issue is no longer a vague claim that foreign aid and national security sometimes overlapped.,STRONG_INFERENCE,INFERENCE_SUPPORTED,INFERENTIAL,4,published Foreign Relations memorandum,"subject to the general policy guidance of the Department of State in internal defense matters, the Administrator of AID be charged, in his capacity as coordinator of U.S. aid programs, with responsibility for coordination and vigorous leadership of all police assistance programs",https://history.state.gov/historicaldocuments/frus1961-63v08/d99,"The secretary of State would provide general policy guidance on internal-defense matters. AID's administrator, already the coordinator of American aid programs, would provide vigorous leadership across police-assistance programs. The Defense Department would retain programs selected for military handling. An interagency police group would help coordinate the system.",THE ARCHITECTURE TAKES SHAPE,shared_sources/source_gap_hunt/Memorandum From the Interagency Committee on Police Assistance Programs to President Kenne.extracted.txt,CURRENT_PART,YES,Synthetic language mapped to underlying claims.
CLM-USAIDCIA-P01-016,AST-WRR-USAIDCIA-P01-FB-LONG-001-12,WRR-USAIDCIA-P01-FB-LONG-001,The committee assigned AID operating and funding responsibility except for covert aspects and selected Defense programs.,The issue is no longer a vague claim that foreign aid and national security sometimes overlapped.,STRONG_INFERENCE,INFERENCE_SUPPORTED,INFERENTIAL,4,published Foreign Relations memorandum,"That AID be charged with operating and funding responsibility for all such programs, except for their covert aspects and for those programs which the Administrator of AID decides should be carried out by the Department of Defense",https://history.state.gov/historicaldocuments/frus1961-63v08/d99,"The third paragraph charged AID's administrator with coordination and vigorous leadership. The fourth went further: AID received operating and funding responsibility for the programs, apart from those assigned to Defense—and apart from their covert aspects.",THE ORDER WITH THE EXCEPTION,shared_sources/source_gap_hunt/Memorandum From the Interagency Committee on Police Assistance Programs to President Kenne.extracted.txt,CURRENT_PART,YES,Synthetic language mapped to underlying claims.
CLM-USAIDCIA-P01-017,AST-WRR-USAIDCIA-P01-FB-LONG-001-12,WRR-USAIDCIA-P01-FB-LONG-001,The committee recommended a dedicated AID police office.,The issue is no longer a vague claim that foreign aid and national security sometimes overlapped.,STRONG_INFERENCE,INFERENCE_SUPPORTED,INFERENTIAL,4,published Foreign Relations memorandum,"That to carry out its responsibilities, AID establish an office specifically charged with police matters, staffed with sufficient qualified personnel to: (a) provide centralized professional and technical planning guidance to the country teams, police missions and State and AID regional bureaus; (b) provide professional and technical guidance and professional and technical supervision in implementing programs; (c) establish and supervise training requirements for U.S. police technicians, and standards of evaluating professional competence; (d) to conduct surveys and program evaluations; (e) to provide an essential repository of technical knowledge based on research in the latest techniques of controlling subversion and mass violence; that AID appoint a senior professional to head this office, responsible to the Special Assistant-Internal Defense with direct access to the Deputy Administrator; that while line responsibility for AID police programs remains with each regional AID bureau, sufficient professional personnel should be assigned to the new Office to provide the centralized staff support outlined above",https://history.state.gov/historicaldocuments/frus1961-63v08/d99,The institutional design is easiest to see in paragraph five. AID was ordered to establish an office specifically charged with police matters.,WHAT THE NEW OFFICE WAS BUILT TO DO,shared_sources/source_gap_hunt/Memorandum From the Interagency Committee on Police Assistance Programs to President Kenne.extracted.txt,CURRENT_PART,YES,Synthetic language mapped to underlying claims.
CLM-USAIDCIA-P01-024,AST-WRR-USAIDCIA-P01-FB-LONG-001-12,WRR-USAIDCIA-P01-FB-LONG-001,"The July committee included representatives from AID, Defense, CIA, Justice, the White House and State.",The issue is no longer a vague claim that foreign aid and national security sometimes overlapped.,STRONG_INFERENCE,INFERENCE_SUPPORTED,INFERENTIAL,4,published Foreign Relations memorandum,"FC4 AID Member Henry Rowen DOD Member [name not declassified] CIA Member Robert Amory, Jr. BOB Member Courtney Evans Justice Member RW Komer WH Staff Member U. Alexis Johnson Chairman and State Member",https://history.state.gov/historicaldocuments/frus1961-63v08/d99,"The secretary of State would provide general policy guidance on internal-defense matters. AID's administrator, already the coordinator of American aid programs, would provide vigorous leadership across police-assistance programs. The Defense Department would retain programs selected for military handling. An interagency police group would help coordinate the system.",THE ARCHITECTURE TAKES SHAPE,shared_sources/source_gap_hunt/Memorandum From the Interagency Committee on Police Assistance Programs to President Kenne.extracted.txt,CURRENT_PART,YES,Synthetic language mapped to underlying claims.
CLM-USAIDCIA-P01-015,AST-WRR-USAIDCIA-P01-FB-LONG-001-13,WRR-USAIDCIA-P01-FB-LONG-001,The committee recommended that AID coordinate and lead all police-assistance programs under State policy guidance.,"The narrower issue is how policymakers assigned coordination, funding, training and covert responsibility—and what each assignment can support.",STRONG_INFERENCE,INFERENCE_SUPPORTED,INFERENTIAL,4,published Foreign Relations memorandum,"subject to the general policy guidance of the Department of State in internal defense matters, the Administrator of AID be charged, in his capacity as coordinator of U.S. aid programs, with responsibility for coordination and vigorous leadership of all police assistance programs",https://history.state.gov/historicaldocuments/frus1961-63v08/d99,"The secretary of State would provide general policy guidance on internal-defense matters. AID's administrator, already the coordinator of American aid programs, would provide vigorous leadership across police-assistance programs. The Defense Department would retain programs selected for military handling. An interagency police group would help coordinate the system.",THE ARCHITECTURE TAKES SHAPE,shared_sources/source_gap_hunt/Memorandum From the Interagency Committee on Police Assistance Programs to President Kenne.extracted.txt,CURRENT_PART,YES,Synthetic language mapped to underlying claims.
CLM-USAIDCIA-P01-016,AST-WRR-USAIDCIA-P01-FB-LONG-001-13,WRR-USAIDCIA-P01-FB-LONG-001,The committee assigned AID operating and funding responsibility except for covert aspects and selected Defense programs.,"The narrower issue is how policymakers assigned coordination, funding, training and covert responsibility—and what each assignment can support.",STRONG_INFERENCE,INFERENCE_SUPPORTED,INFERENTIAL,4,published Foreign Relations memorandum,"That AID be charged with operating and funding responsibility for all such programs, except for their covert aspects and for those programs which the Administrator of AID decides should be carried out by the Department of Defense",https://history.state.gov/historicaldocuments/frus1961-63v08/d99,"The third paragraph charged AID's administrator with coordination and vigorous leadership. The fourth went further: AID received operating and funding responsibility for the programs, apart from those assigned to Defense—and apart from their covert aspects.",THE ORDER WITH THE EXCEPTION,shared_sources/source_gap_hunt/Memorandum From the Interagency Committee on Police Assistance Programs to President Kenne.extracted.txt,CURRENT_PART,YES,Synthetic language mapped to underlying claims.
CLM-USAIDCIA-P01-017,AST-WRR-USAIDCIA-P01-FB-LONG-001-13,WRR-USAIDCIA-P01-FB-LONG-001,The committee recommended a dedicated AID police office.,"The narrower issue is how policymakers assigned coordination, funding, training and covert responsibility—and what each assignment can support.",STRONG_INFERENCE,INFERENCE_SUPPORTED,INFERENTIAL,4,published Foreign Relations memorandum,"That to carry out its responsibilities, AID establish an office specifically charged with police matters, staffed with sufficient qualified personnel to: (a) provide centralized professional and technical planning guidance to the country teams, police missions and State and AID regional bureaus; (b) provide professional and technical guidance and professional and technical supervision in implementing programs; (c) establish and supervise training requirements for U.S. police technicians, and standards of evaluating professional competence; (d) to conduct surveys and program evaluations; (e) to provide an essential repository of technical knowledge based on research in the latest techniques of controlling subversion and mass violence; that AID appoint a senior professional to head this office, responsible to the Special Assistant-Internal Defense with direct access to the Deputy Administrator; that while line responsibility for AID police programs remains with each regional AID bureau, sufficient professional personnel should be assigned to the new Office to provide the centralized staff support outlined above",https://history.state.gov/historicaldocuments/frus1961-63v08/d99,The institutional design is easiest to see in paragraph five. AID was ordered to establish an office specifically charged with police matters.,WHAT THE NEW OFFICE WAS BUILT TO DO,shared_sources/source_gap_hunt/Memorandum From the Interagency Committee on Police Assistance Programs to President Kenne.extracted.txt,CURRENT_PART,YES,Synthetic language mapped to underlying claims.
CLM-USAIDCIA-P01-024,AST-WRR-USAIDCIA-P01-FB-LONG-001-13,WRR-USAIDCIA-P01-FB-LONG-001,"The July committee included representatives from AID, Defense, CIA, Justice, the White House and State.","The narrower issue is how policymakers assigned coordination, funding, training and covert responsibility—and what each assignment can support.",STRONG_INFERENCE,INFERENCE_SUPPORTED,INFERENTIAL,4,published Foreign Relations memorandum,"FC4 AID Member Henry Rowen DOD Member [name not declassified] CIA Member Robert Amory, Jr. BOB Member Courtney Evans Justice Member RW Komer WH Staff Member U. Alexis Johnson Chairman and State Member",https://history.state.gov/historicaldocuments/frus1961-63v08/d99,"The secretary of State would provide general policy guidance on internal-defense matters. AID's administrator, already the coordinator of American aid programs, would provide vigorous leadership across police-assistance programs. The Defense Department would retain programs selected for military handling. An interagency police group would help coordinate the system.",THE ARCHITECTURE TAKES SHAPE,shared_sources/source_gap_hunt/Memorandum From the Interagency Committee on Police Assistance Programs to President Kenne.extracted.txt,CURRENT_PART,YES,Synthetic language mapped to underlying claims.
CLM-USAIDCIA-P01-001,AST-WRR-USAIDCIA-P01-IG-REEL-001-01,WRR-USAIDCIA-P01-IG-REEL-001,"NSAM 132 was dated February 19, 1962.",John F. Kennedy did not describe police assistance as an ordinary development program.,STRONG_INFERENCE,INFERENCE_SUPPORTED,INFERENTIAL,2,"NSAM 132, signed February 19, 1962","Washington, February 19, 1962. TO The Honorable Fowler Hamilton The Administrator Agency for International Development SUBJECT",https://history.state.gov/historicaldocuments/frus1961-63v08/d72,"President John F. Kennedy addressed that tension directly in NSAM 132, signed February 19, 1962. His memorandum went to Fowler Hamilton, the administrator of AID. Kennedy said police assistance was a crucial element of the response to Communist “indirect aggression,” even though it could look marginal under criteria focused on sustained economic growth.",THE PROGRAM THAT DID NOT FIT DEVELOPMENT,shared_sources/source_gap_hunt/National Security Action Memorandum No. 132.extracted.txt,CURRENT_PART,YES,Synthetic language mapped to underlying claims.
CLM-USAIDCIA-P01-002,AST-WRR-USAIDCIA-P01-IG-REEL-001-01,WRR-USAIDCIA-P01-IG-REEL-001,Kennedy described police assistance as crucial to countering Communist indirect aggression.,John F. Kennedy did not describe police assistance as an ordinary development program.,STRONG_INFERENCE,INFERENCE_SUPPORTED,INFERENTIAL,2,"NSAM 132, signed February 19, 1962","Police assistance programs, including those under the aegis of your agency, are also a crucial element in our response to this challenge",https://history.state.gov/historicaldocuments/frus1961-63v08/d72,"President John F. Kennedy addressed that tension directly in NSAM 132, signed February 19, 1962. His memorandum went to Fowler Hamilton, the administrator of AID. Kennedy said police assistance was a crucial element of the response to Communist “indirect aggression,” even though it could look marginal under criteria focused on sustained economic growth.",THE PROGRAM THAT DID NOT FIT DEVELOPMENT,shared_sources/source_gap_hunt/National Security Action Memorandum No. 132.extracted.txt,CURRENT_PART,YES,Synthetic language mapped to underlying claims.
CLM-USAIDCIA-P01-003,AST-WRR-USAIDCIA-P01-IG-REEL-001-01,WRR-USAIDCIA-P01-IG-REEL-001,Kennedy said police programs could appear marginal under economic-development criteria.,John F. Kennedy did not describe police assistance as an ordinary development program.,STRONG_INFERENCE,INFERENCE_SUPPORTED,INFERENTIAL,2,"NSAM 132, signed February 19, 1962","I recognize that such programs may seem marginal in terms of focusing our energies on those key sectors which will contribute most to sustained economic growth. But I regard them as justified on a different though related basis, i.e., that of contributing to internal security and resisting Communist-supported insurgency",https://history.state.gov/historicaldocuments/frus1961-63v08/d72,"President John F. Kennedy addressed that tension directly in NSAM 132, signed February 19, 1962. His memorandum went to Fowler Hamilton, the administrator of AID. Kennedy said police assistance was a crucial element of the response to Communist “indirect aggression,” even though it could look marginal under criteria focused on sustained economic growth.",THE PROGRAM THAT DID NOT FIT DEVELOPMENT,shared_sources/source_gap_hunt/National Security Action Memorandum No. 132.extracted.txt,CURRENT_PART,YES,Synthetic language mapped to underlying claims.
CLM-USAIDCIA-P01-001,AST-WRR-USAIDCIA-P01-IG-REEL-001-02,WRR-USAIDCIA-P01-IG-REEL-001,"NSAM 132 was dated February 19, 1962.","NSAM 132 was dated February 19, 1962.",DOCUMENTED_FACT,SUPPORTED,DIRECT,2,"NSAM 132, signed February 19, 1962","Washington, February 19, 1962. TO The Honorable Fowler Hamilton The Administrator Agency for International Development SUBJECT",https://history.state.gov/historicaldocuments/frus1961-63v08/d72,"President John F. Kennedy addressed that tension directly in NSAM 132, signed February 19, 1962. His memorandum went to Fowler Hamilton, the administrator of AID. Kennedy said police assistance was a crucial element of the response to Communist “indirect aggression,” even though it could look marginal under criteria focused on sustained economic growth.",THE PROGRAM THAT DID NOT FIT DEVELOPMENT,shared_sources/source_gap_hunt/National Security Action Memorandum No. 132.extracted.txt,CURRENT_PART,NO,Sentence-level deterministic evidence mapping.
CLM-USAIDCIA-P01-002,AST-WRR-USAIDCIA-P01-IG-REEL-001-03,WRR-USAIDCIA-P01-IG-REEL-001,Kennedy described police assistance as crucial to countering Communist indirect aggression.,Kennedy described police assistance as crucial to countering Communist indirect aggression.,DOCUMENTED_FACT,SUPPORTED,DIRECT,2,"NSAM 132, signed February 19, 1962","Police assistance programs, including those under the aegis of your agency, are also a crucial element in our response to this challenge",https://history.state.gov/historicaldocuments/frus1961-63v08/d72,"President John F. Kennedy addressed that tension directly in NSAM 132, signed February 19, 1962. His memorandum went to Fowler Hamilton, the administrator of AID. Kennedy said police assistance was a crucial element of the response to Communist “indirect aggression,” even though it could look marginal under criteria focused on sustained economic growth.",THE PROGRAM THAT DID NOT FIT DEVELOPMENT,shared_sources/source_gap_hunt/National Security Action Memorandum No. 132.extracted.txt,CURRENT_PART,NO,Sentence-level deterministic evidence mapping.
CLM-USAIDCIA-P01-003,AST-WRR-USAIDCIA-P01-IG-REEL-001-04,WRR-USAIDCIA-P01-IG-REEL-001,Kennedy said police programs could appear marginal under economic-development criteria.,Kennedy said police programs could appear marginal under economic-development criteria.,DOCUMENTED_FACT,SUPPORTED,DIRECT,2,"NSAM 132, signed February 19, 1962","I recognize that such programs may seem marginal in terms of focusing our energies on those key sectors which will contribute most to sustained economic growth. But I regard them as justified on a different though related basis, i.e., that of contributing to internal security and resisting Communist-supported insurgency",https://history.state.gov/historicaldocuments/frus1961-63v08/d72,"President John F. Kennedy addressed that tension directly in NSAM 132, signed February 19, 1962. His memorandum went to Fowler Hamilton, the administrator of AID. Kennedy said police assistance was a crucial element of the response to Communist “indirect aggression,” even though it could look marginal under criteria focused on sustained economic growth.",THE PROGRAM THAT DID NOT FIT DEVELOPMENT,shared_sources/source_gap_hunt/National Security Action Memorandum No. 132.extracted.txt,CURRENT_PART,NO,Sentence-level deterministic evidence mapping.
CLM-USAIDCIA-P01-001,AST-WRR-USAIDCIA-P01-IG-REEL-002-01,WRR-USAIDCIA-P01-IG-REEL-002,"NSAM 132 was dated February 19, 1962.","Follow four decisions across 1962, and a police system takes shape in plain sight.",DOCUMENTED_FACT,PARTIALLY_SUPPORTED,DIRECT,2,"NSAM 132, signed February 19, 1962","Washington, February 19, 1962. TO The Honorable Fowler Hamilton The Administrator Agency for International Development SUBJECT",https://history.state.gov/historicaldocuments/frus1961-63v08/d72,"President John F. Kennedy addressed that tension directly in NSAM 132, signed February 19, 1962. His memorandum went to Fowler Hamilton, the administrator of AID. Kennedy said police assistance was a crucial element of the response to Communist “indirect aggression,” even though it could look marginal under criteria focused on sustained economic growth.",THE PROGRAM THAT DID NOT FIT DEVELOPMENT,shared_sources/source_gap_hunt/National Security Action Memorandum No. 132.extracted.txt,CURRENT_PART,YES,Sentence-level deterministic evidence mapping.
CLM-USAIDCIA-P01-006,AST-WRR-USAIDCIA-P01-IG-REEL-002-01,WRR-USAIDCIA-P01-IG-REEL-002,"NSAM 162 was dated June 19, 1962.","Follow four decisions across 1962, and a police system takes shape in plain sight.",DOCUMENTED_FACT,PARTIALLY_SUPPORTED,DIRECT,3,NSAM 162,"Washington, June 19, 1962. TO",https://history.state.gov/historicaldocuments/frus1961-63v08/d91,"Four months later, NSAM 162 widened the frame. Its subject was the development of American and indigenous police, paramilitary and military resources. Police capacity was being discussed as one component of a larger overseas internal-defense system.",THE ARCHITECTURE TAKES SHAPE,shared_sources/source_gap_hunt/National Security Action Memorandum No. 162.extracted.txt,CURRENT_PART,YES,Sentence-level deterministic evidence mapping.
CLM-USAIDCIA-P01-010,AST-WRR-USAIDCIA-P01-IG-REEL-002-01,WRR-USAIDCIA-P01-IG-REEL-002,"The July 20, 1962 committee called police programs a neglected part of countering subversion and insurgency.","Follow four decisions across 1962, and a police system takes shape in plain sight.",DOCUMENTED_FACT,PARTIALLY_SUPPORTED,DIRECT,4,published Foreign Relations memorandum,the U.S. police assistance programs form a very important but neglected part of our intensified effort to help emerging nations counter subversion and insurgency,https://history.state.gov/historicaldocuments/frus1961-63v08/d99,"Then, on July 20, 1962, an interagency committee chaired through the State Department delivered its recommendations. The published Foreign Relations memorandum is short, but the Kennedy Library folder preserves the fuller report and the implementation papers that followed.",THE ARCHITECTURE TAKES SHAPE,shared_sources/source_gap_hunt/Memorandum From the Interagency Committee on Police Assistance Programs to President Kenne.extracted.txt,CURRENT_PART,YES,Sentence-level deterministic evidence mapping.
CLM-USAIDCIA-P01-001,AST-WRR-USAIDCIA-P01-IG-REEL-002-02,WRR-USAIDCIA-P01-IG-REEL-002,"NSAM 132 was dated February 19, 1962.","NSAM 132 was dated February 19, 1962.",DOCUMENTED_FACT,SUPPORTED,DIRECT,2,"NSAM 132, signed February 19, 1962","Washington, February 19, 1962. TO The Honorable Fowler Hamilton The Administrator Agency for International Development SUBJECT",https://history.state.gov/historicaldocuments/frus1961-63v08/d72,"President John F. Kennedy addressed that tension directly in NSAM 132, signed February 19, 1962. His memorandum went to Fowler Hamilton, the administrator of AID. Kennedy said police assistance was a crucial element of the response to Communist “indirect aggression,” even though it could look marginal under criteria focused on sustained economic growth.",THE PROGRAM THAT DID NOT FIT DEVELOPMENT,shared_sources/source_gap_hunt/National Security Action Memorandum No. 132.extracted.txt,CURRENT_PART,NO,Sentence-level deterministic evidence mapping.
CLM-USAIDCIA-P01-006,AST-WRR-USAIDCIA-P01-IG-REEL-002-03,WRR-USAIDCIA-P01-IG-REEL-002,"NSAM 162 was dated June 19, 1962.","NSAM 162 was dated June 19, 1962.",DOCUMENTED_FACT,SUPPORTED,DIRECT,3,NSAM 162,"Washington, June 19, 1962. TO",https://history.state.gov/historicaldocuments/frus1961-63v08/d91,"Four months later, NSAM 162 widened the frame. Its subject was the development of American and indigenous police, paramilitary and military resources. Police capacity was being discussed as one component of a larger overseas internal-defense system.",THE ARCHITECTURE TAKES SHAPE,shared_sources/source_gap_hunt/National Security Action Memorandum No. 162.extracted.txt,CURRENT_PART,NO,Sentence-level deterministic evidence mapping.
CLM-USAIDCIA-P01-010,AST-WRR-USAIDCIA-P01-IG-REEL-002-04,WRR-USAIDCIA-P01-IG-REEL-002,"The July 20, 1962 committee called police programs a neglected part of countering subversion and insurgency.","The July 20, 1962 committee called police programs a neglected part of countering subversion and insurgency.",DOCUMENTED_FACT,SUPPORTED,DIRECT,4,published Foreign Relations memorandum,the U.S. police assistance programs form a very important but neglected part of our intensified effort to help emerging nations counter subversion and insurgency,https://history.state.gov/historicaldocuments/frus1961-63v08/d99,"Then, on July 20, 1962, an interagency committee chaired through the State Department delivered its recommendations. The published Foreign Relations memorandum is short, but the Kennedy Library folder preserves the fuller report and the implementation papers that followed.",THE ARCHITECTURE TAKES SHAPE,shared_sources/source_gap_hunt/Memorandum From the Interagency Committee on Police Assistance Programs to President Kenne.extracted.txt,CURRENT_PART,NO,Sentence-level deterministic evidence mapping.
CLM-USAIDCIA-P01-002,AST-WRR-USAIDCIA-P01-IG-REEL-003-01,WRR-USAIDCIA-P01-IG-REEL-003,Kennedy described police assistance as crucial to countering Communist indirect aggression.,Why was a civilian aid agency being assigned a central role in overseas police assistance?,STRONG_INFERENCE,INFERENCE_SUPPORTED,INFERENTIAL,2,"NSAM 132, signed February 19, 1962","Police assistance programs, including those under the aegis of your agency, are also a crucial element in our response to this challenge",https://history.state.gov/historicaldocuments/frus1961-63v08/d72,"President John F. Kennedy addressed that tension directly in NSAM 132, signed February 19, 1962. His memorandum went to Fowler Hamilton, the administrator of AID. Kennedy said police assistance was a crucial element of the response to Communist “indirect aggression,” even though it could look marginal under criteria focused on sustained economic growth.",THE PROGRAM THAT DID NOT FIT DEVELOPMENT,shared_sources/source_gap_hunt/National Security Action Memorandum No. 132.extracted.txt,CURRENT_PART,YES,Synthetic language mapped to underlying claims.
CLM-USAIDCIA-P01-005,AST-WRR-USAIDCIA-P01-IG-REEL-003-01,WRR-USAIDCIA-P01-IG-REEL-003,Kennedy asked AID to review support for local police forces used for internal security and counterinsurgency.,Why was a civilian aid agency being assigned a central role in overseas police assistance?,STRONG_INFERENCE,INFERENCE_SUPPORTED,INFERENTIAL,2,"NSAM 132, signed February 19, 1962","In sum, I should like AID to review carefully its role in the support of local police forces for internal security and counter- insurgency purposes, and to recommend to me through the Special Group (Counter-Insurgency) what new or renewed emphases are desirable",https://history.state.gov/historicaldocuments/frus1961-63v08/d72,,THE PROGRAM THAT DID NOT FIT DEVELOPMENT,shared_sources/source_gap_hunt/National Security Action Memorandum No. 132.extracted.txt,CURRENT_PART,YES,Synthetic language mapped to underlying claims.
CLM-USAIDCIA-P01-007,AST-WRR-USAIDCIA-P01-IG-REEL-003-01,WRR-USAIDCIA-P01-IG-REEL-003,"NSAM 162 called for country plans combining military, police, intelligence and psychological measures.",Why was a civilian aid agency being assigned a central role in overseas police assistance?,STRONG_INFERENCE,INFERENCE_SUPPORTED,INFERENTIAL,3,NSAM 162,"These plans will include the military, police, intelligence and psychological measures comprising a well rounded internal defense plan and will be consistent with the military, economic, political and social measures constituting the overall country plan",https://history.state.gov/historicaldocuments/frus1961-63v08/d91,"Four months later, NSAM 162 widened the frame. Its subject was the development of American and indigenous police, paramilitary and military resources. Police capacity was being discussed as one component of a larger overseas internal-defense system.",THE ARCHITECTURE TAKES SHAPE,shared_sources/source_gap_hunt/National Security Action Memorandum No. 162.extracted.txt,CURRENT_PART,YES,Synthetic language mapped to underlying claims.
CLM-USAIDCIA-P01-002,AST-WRR-USAIDCIA-P01-IG-REEL-003-02,WRR-USAIDCIA-P01-IG-REEL-003,Kennedy described police assistance as crucial to countering Communist indirect aggression.,Kennedy described police assistance as crucial to countering Communist indirect aggression.,DOCUMENTED_FACT,SUPPORTED,DIRECT,2,"NSAM 132, signed February 19, 1962","Police assistance programs, including those under the aegis of your agency, are also a crucial element in our response to this challenge",https://history.state.gov/historicaldocuments/frus1961-63v08/d72,"President John F. Kennedy addressed that tension directly in NSAM 132, signed February 19, 1962. His memorandum went to Fowler Hamilton, the administrator of AID. Kennedy said police assistance was a crucial element of the response to Communist “indirect aggression,” even though it could look marginal under criteria focused on sustained economic growth.",THE PROGRAM THAT DID NOT FIT DEVELOPMENT,shared_sources/source_gap_hunt/National Security Action Memorandum No. 132.extracted.txt,CURRENT_PART,NO,Sentence-level deterministic evidence mapping.
CLM-USAIDCIA-P01-005,AST-WRR-USAIDCIA-P01-IG-REEL-003-03,WRR-USAIDCIA-P01-IG-REEL-003,Kennedy asked AID to review support for local police forces used for internal security and counterinsurgency.,Kennedy asked AID to review support for local police forces used for internal security and counterinsurgency.,DOCUMENTED_FACT,SUPPORTED,DIRECT,2,"NSAM 132, signed February 19, 1962","In sum, I should like AID to review carefully its role in the support of local police forces for internal security and counter- insurgency purposes, and to recommend to me through the Special Group (Counter-Insurgency) what new or renewed emphases are desirable",https://history.state.gov/historicaldocuments/frus1961-63v08/d72,,THE PROGRAM THAT DID NOT FIT DEVELOPMENT,shared_sources/source_gap_hunt/National Security Action Memorandum No. 132.extracted.txt,CURRENT_PART,NO,Sentence-level deterministic evidence mapping.
CLM-USAIDCIA-P01-007,AST-WRR-USAIDCIA-P01-IG-REEL-003-04,WRR-USAIDCIA-P01-IG-REEL-003,"NSAM 162 called for country plans combining military, police, intelligence and psychological measures.","NSAM 162 called for country plans combining military, police, intelligence and psychological measures.",DOCUMENTED_FACT,SUPPORTED,DIRECT,3,NSAM 162,"These plans will include the military, police, intelligence and psychological measures comprising a well rounded internal defense plan and will be consistent with the military, economic, political and social measures constituting the overall country plan",https://history.state.gov/historicaldocuments/frus1961-63v08/d91,"Four months later, NSAM 162 widened the frame. Its subject was the development of American and indigenous police, paramilitary and military resources. Police capacity was being discussed as one component of a larger overseas internal-defense system.",THE ARCHITECTURE TAKES SHAPE,shared_sources/source_gap_hunt/National Security Action Memorandum No. 162.extracted.txt,CURRENT_PART,NO,Sentence-level deterministic evidence mapping.
CLM-USAIDCIA-P01-012,AST-WRR-USAIDCIA-P01-IG-CAROUSEL-001-09,WRR-USAIDCIA-P01-IG-CAROUSEL-001,The committee reported that FY1958 AID police programs in 21 countries cost about $14 million.,The aid memo with a national-security problem,STRONG_INFERENCE,INFERENCE_SUPPORTED,INFERENTIAL,4,published Foreign Relations memorandum,"in the peak year of FY 1958 the cost of AID programs in 21 countries, involving 690,000 police, totaled only about $14,000,000",https://history.state.gov/historicaldocuments/frus1961-63v08/d99,"AID would also create professional capacity that the scattered programs lacked. The committee called for better recruitment and training of American police advisers, more systematic evaluations, faster delivery of equipment and a government-managed international police academy.",THE ARCHITECTURE TAKES SHAPE,shared_sources/source_gap_hunt/Memorandum From the Interagency Committee on Police Assistance Programs to President Kenne.extracted.txt,CURRENT_PART,YES,Synthetic language mapped to underlying claims.
CLM-USAIDCIA-P01-013,AST-WRR-USAIDCIA-P01-IG-CAROUSEL-001-09,WRR-USAIDCIA-P01-IG-CAROUSEL-001,The committee reported that FY1958 Defense police programs cost $5.8 million in five countries.,The aid memo with a national-security problem,STRONG_INFERENCE,INFERENCE_SUPPORTED,INFERENTIAL,4,published Foreign Relations memorandum,"In that year, DOD programs ran $5,800,000 in 5 countries",https://history.state.gov/historicaldocuments/frus1961-63v08/d99,"The secretary of State would provide general policy guidance on internal-defense matters. AID's administrator, already the coordinator of American aid programs, would provide vigorous leadership across police-assistance programs. The Defense Department would retain programs selected for military handling. An interagency police group would help coordinate the system.",THE ARCHITECTURE TAKES SHAPE,shared_sources/source_gap_hunt/Memorandum From the Interagency Committee on Police Assistance Programs to President Kenne.extracted.txt,CURRENT_PART,YES,Synthetic language mapped to underlying claims.
CLM-USAIDCIA-P01-014,AST-WRR-USAIDCIA-P01-IG-CAROUSEL-001-09,WRR-USAIDCIA-P01-IG-CAROUSEL-001,The committee recommended substantially increasing the global police-assistance program.,The aid memo with a national-security problem,STRONG_INFERENCE,INFERENCE_SUPPORTED,INFERENTIAL,4,published Foreign Relations memorandum,"AID should envisage very substantial increases in the global level of the FY 1963 program, with further increases in subsequent years where there is a demonstrated need",https://history.state.gov/historicaldocuments/frus1961-63v08/d99,"This was administrative reform, certainly. It was also strategy. The proposed academy was supposed to coordinate training with U.S. internal-defense objectives, while the police programs were to receive protection from competition with ordinary economic projects.",THE ARCHITECTURE TAKES SHAPE,shared_sources/source_gap_hunt/Memorandum From the Interagency Committee on Police Assistance Programs to President Kenne.extracted.txt,CURRENT_PART,YES,Synthetic language mapped to underlying claims.
CLM-USAIDCIA-P01-021,AST-WRR-USAIDCIA-P01-IG-CAROUSEL-001-09,WRR-USAIDCIA-P01-IG-CAROUSEL-001,The committee proposed protecting police funds from competition with economic-development projects.,The aid memo with a national-security problem,STRONG_INFERENCE,INFERENCE_SUPPORTED,INFERENTIAL,4,published Foreign Relations memorandum,"That, to protect police programs, with their primarily internal defense rationale, from suffering as marginal competitors with primarily economic development projects, AID and the Bureau of the Budget should develop some means of providing the necessary degree of funding autonomy, such as creating a new AID line item for “internal defense” in the FY 1964 budget or funding through the Military Assistance Program though keeping the program in AID",https://history.state.gov/historicaldocuments/frus1961-63v08/d99,"The memorandum also ordered AID to study an international police academy under government management. The academy would tighten U.S. control over training and connect it more closely to internal-defense objectives. AID was told to protect police funding, possibly through an “internal defense” budget line or military-assistance funding while leaving the program inside AID.",WHAT THE NEW OFFICE WAS BUILT TO DO,shared_sources/source_gap_hunt/Memorandum From the Interagency Committee on Police Assistance Programs to President Kenne.extracted.txt,CURRENT_PART,YES,Synthetic language mapped to underlying claims.
CLM-USAIDCIA-P01-012,AST-WRR-USAIDCIA-P01-IG-CAROUSEL-001-10,WRR-USAIDCIA-P01-IG-CAROUSEL-001,The committee reported that FY1958 AID police programs in 21 countries cost about $14 million.,The committee reported that FY1958 AID police programs in 21 countries cost about $14 million.,DOCUMENTED_FACT,SUPPORTED,DIRECT,4,published Foreign Relations memorandum,"in the peak year of FY 1958 the cost of AID programs in 21 countries, involving 690,000 police, totaled only about $14,000,000",https://history.state.gov/historicaldocuments/frus1961-63v08/d99,"AID would also create professional capacity that the scattered programs lacked. The committee called for better recruitment and training of American police advisers, more systematic evaluations, faster delivery of equipment and a government-managed international police academy.",THE ARCHITECTURE TAKES SHAPE,shared_sources/source_gap_hunt/Memorandum From the Interagency Committee on Police Assistance Programs to President Kenne.extracted.txt,CURRENT_PART,NO,Sentence-level deterministic evidence mapping.
CLM-USAIDCIA-P01-013,AST-WRR-USAIDCIA-P01-IG-CAROUSEL-001-02,WRR-USAIDCIA-P01-IG-CAROUSEL-001,The committee reported that FY1958 Defense police programs cost $5.8 million in five countries.,The committee reported that FY1958 Defense police programs cost $5.8 million in five countries.,DOCUMENTED_FACT,SUPPORTED,DIRECT,4,published Foreign Relations memorandum,"In that year, DOD programs ran $5,800,000 in 5 countries",https://history.state.gov/historicaldocuments/frus1961-63v08/d99,"The secretary of State would provide general policy guidance on internal-defense matters. AID's administrator, already the coordinator of American aid programs, would provide vigorous leadership across police-assistance programs. The Defense Department would retain programs selected for military handling. An interagency police group would help coordinate the system.",THE ARCHITECTURE TAKES SHAPE,shared_sources/source_gap_hunt/Memorandum From the Interagency Committee on Police Assistance Programs to President Kenne.extracted.txt,CURRENT_PART,NO,Sentence-level deterministic evidence mapping.
CLM-USAIDCIA-P01-014,AST-WRR-USAIDCIA-P01-IG-CAROUSEL-001-03,WRR-USAIDCIA-P01-IG-CAROUSEL-001,The committee recommended substantially increasing the global police-assistance program.,The committee recommended substantially increasing the global police-assistance program.,DOCUMENTED_FACT,SUPPORTED,DIRECT,4,published Foreign Relations memorandum,"AID should envisage very substantial increases in the global level of the FY 1963 program, with further increases in subsequent years where there is a demonstrated need",https://history.state.gov/historicaldocuments/frus1961-63v08/d99,"This was administrative reform, certainly. It was also strategy. The proposed academy was supposed to coordinate training with U.S. internal-defense objectives, while the police programs were to receive protection from competition with ordinary economic projects.",THE ARCHITECTURE TAKES SHAPE,shared_sources/source_gap_hunt/Memorandum From the Interagency Committee on Police Assistance Programs to President Kenne.extracted.txt,CURRENT_PART,NO,Sentence-level deterministic evidence mapping.
CLM-USAIDCIA-P01-021,AST-WRR-USAIDCIA-P01-IG-CAROUSEL-001-04,WRR-USAIDCIA-P01-IG-CAROUSEL-001,The committee proposed protecting police funds from competition with economic-development projects.,The committee proposed protecting police funds from competition with economic-development projects.,DOCUMENTED_FACT,SUPPORTED,DIRECT,4,published Foreign Relations memorandum,"That, to protect police programs, with their primarily internal defense rationale, from suffering as marginal competitors with primarily economic development projects, AID and the Bureau of the Budget should develop some means of providing the necessary degree of funding autonomy, such as creating a new AID line item for “internal defense” in the FY 1964 budget or funding through the Military Assistance Program though keeping the program in AID",https://history.state.gov/historicaldocuments/frus1961-63v08/d99,"The memorandum also ordered AID to study an international police academy under government management. The academy would tighten U.S. control over training and connect it more closely to internal-defense objectives. AID was told to protect police funding, possibly through an “internal defense” budget line or military-assistance funding while leaving the program inside AID.",WHAT THE NEW OFFICE WAS BUILT TO DO,shared_sources/source_gap_hunt/Memorandum From the Interagency Committee on Police Assistance Programs to President Kenne.extracted.txt,CURRENT_PART,NO,Sentence-level deterministic evidence mapping.
CLM-USAIDCIA-P01-022,AST-WRR-USAIDCIA-P01-IG-CAROUSEL-001-05,WRR-USAIDCIA-P01-IG-CAROUSEL-001,One proposed funding option was an AID internal-defense budget line for FY1964.,One proposed funding option was an AID internal-defense budget line for FY1964.,DOCUMENTED_FACT,SUPPORTED,DIRECT,4,published Foreign Relations memorandum,creating a new AID line item for “internal defense” in the FY 1964 budget or funding through the Military Assistance Program though keeping the program in AID,https://history.state.gov/historicaldocuments/frus1961-63v08/d99,,WHAT THE NEW OFFICE WAS BUILT TO DO,shared_sources/source_gap_hunt/Memorandum From the Interagency Committee on Police Assistance Programs to President Kenne.extracted.txt,CURRENT_PART,NO,Sentence-level deterministic evidence mapping.
CLM-USAIDCIA-P01-007,AST-WRR-USAIDCIA-P01-IG-IMAGE-001-01,WRR-USAIDCIA-P01-IG-IMAGE-001,"NSAM 162 called for country plans combining military, police, intelligence and psychological measures.","The important connection was administrative, explicit and interagency.",STRONG_INFERENCE,INFERENCE_SUPPORTED,INFERENTIAL,3,NSAM 162,"These plans will include the military, police, intelligence and psychological measures comprising a well rounded internal defense plan and will be consistent with the military, economic, political and social measures constituting the overall country plan",https://history.state.gov/historicaldocuments/frus1961-63v08/d91,"Four months later, NSAM 162 widened the frame. Its subject was the development of American and indigenous police, paramilitary and military resources. Police capacity was being discussed as one component of a larger overseas internal-defense system.",THE ARCHITECTURE TAKES SHAPE,shared_sources/source_gap_hunt/National Security Action Memorandum No. 162.extracted.txt,CURRENT_PART,YES,Synthetic language mapped to underlying claims.
CLM-USAIDCIA-P01-008,AST-WRR-USAIDCIA-P01-IG-IMAGE-001-01,WRR-USAIDCIA-P01-IG-IMAGE-001,NSAM 162 directed CIA and AID to maintain personnel with paramilitary skills for crisis areas.,"The important connection was administrative, explicit and interagency.",STRONG_INFERENCE,INFERENCE_SUPPORTED,INFERENTIAL,3,NSAM 162,CIA and AID will take action to insure that adequate qualified personnel with paramilitary skills are available. Periodic reports of progress to achieve this objective will be submitted to the Special Group (Counterinsurgency) by CIA and AID,https://history.state.gov/historicaldocuments/frus1961-63v08/d91,"CIA was not absent from the architecture. The director of Central Intelligence received NSAM 177 alongside State, Defense, Justice and AID. Yet receiving the memorandum is not the same as owning every program it created. To understand CIA's operational role, we need the records that describe actual liaison, training and recruitment—not a slogan imposed on a document.",THE ORDER WITH THE EXCEPTION,shared_sources/source_gap_hunt/National Security Action Memorandum No. 162.extracted.txt,CURRENT_PART,YES,Synthetic language mapped to underlying claims.
CLM-USAIDCIA-P01-009,AST-WRR-USAIDCIA-P01-IG-IMAGE-001-01,WRR-USAIDCIA-P01-IG-IMAGE-001,NSAM 162 directed CIA to expand training and support for indigenous intelligence organizations.,"The important connection was administrative, explicit and interagency.",STRONG_INFERENCE,INFERENCE_SUPPORTED,INFERENTIAL,3,NSAM 162,"Therefore, the CIA will expand its present training and support efforts to achieve needed improvements in indigenous intelligence organizations and that other U.S. agencies contribute to this CIA coordinated program",https://history.state.gov/historicaldocuments/frus1961-63v08/d91,"CIA was not absent from the architecture. The director of Central Intelligence received NSAM 177 alongside State, Defense, Justice and AID. Yet receiving the memorandum is not the same as owning every program it created. To understand CIA's operational role, we need the records that describe actual liaison, training and recruitment—not a slogan imposed on a document.",THE ORDER WITH THE EXCEPTION,shared_sources/source_gap_hunt/National Security Action Memorandum No. 162.extracted.txt,CURRENT_PART,YES,Synthetic language mapped to underlying claims.
CLM-USAIDCIA-P01-007,AST-WRR-USAIDCIA-P01-IG-IMAGE-001-02,WRR-USAIDCIA-P01-IG-IMAGE-001,"NSAM 162 called for country plans combining military, police, intelligence and psychological measures.","NSAM 162 called for country plans combining military, police, intelligence and psychological measures.",DOCUMENTED_FACT,SUPPORTED,DIRECT,3,NSAM 162,"These plans will include the military, police, intelligence and psychological measures comprising a well rounded internal defense plan and will be consistent with the military, economic, political and social measures constituting the overall country plan",https://history.state.gov/historicaldocuments/frus1961-63v08/d91,"Four months later, NSAM 162 widened the frame. Its subject was the development of American and indigenous police, paramilitary and military resources. Police capacity was being discussed as one component of a larger overseas internal-defense system.",THE ARCHITECTURE TAKES SHAPE,shared_sources/source_gap_hunt/National Security Action Memorandum No. 162.extracted.txt,CURRENT_PART,NO,Sentence-level deterministic evidence mapping.
CLM-USAIDCIA-P01-008,AST-WRR-USAIDCIA-P01-IG-IMAGE-001-03,WRR-USAIDCIA-P01-IG-IMAGE-001,NSAM 162 directed CIA and AID to maintain personnel with paramilitary skills for crisis areas.,NSAM 162 directed CIA and AID to maintain personnel with paramilitary skills for crisis areas.,DOCUMENTED_FACT,SUPPORTED,DIRECT,3,NSAM 162,CIA and AID will take action to insure that adequate qualified personnel with paramilitary skills are available. Periodic reports of progress to achieve this objective will be submitted to the Special Group (Counterinsurgency) by CIA and AID,https://history.state.gov/historicaldocuments/frus1961-63v08/d91,"CIA was not absent from the architecture. The director of Central Intelligence received NSAM 177 alongside State, Defense, Justice and AID. Yet receiving the memorandum is not the same as owning every program it created. To understand CIA's operational role, we need the records that describe actual liaison, training and recruitment—not a slogan imposed on a document.",THE ORDER WITH THE EXCEPTION,shared_sources/source_gap_hunt/National Security Action Memorandum No. 162.extracted.txt,CURRENT_PART,NO,Sentence-level deterministic evidence mapping.
CLM-USAIDCIA-P01-009,AST-WRR-USAIDCIA-P01-IG-IMAGE-001-04,WRR-USAIDCIA-P01-IG-IMAGE-001,NSAM 162 directed CIA to expand training and support for indigenous intelligence organizations.,NSAM 162 directed CIA to expand training and support for indigenous intelligence organizations.,DOCUMENTED_FACT,SUPPORTED,DIRECT,3,NSAM 162,"Therefore, the CIA will expand its present training and support efforts to achieve needed improvements in indigenous intelligence organizations and that other U.S. agencies contribute to this CIA coordinated program",https://history.state.gov/historicaldocuments/frus1961-63v08/d91,"CIA was not absent from the architecture. The director of Central Intelligence received NSAM 177 alongside State, Defense, Justice and AID. Yet receiving the memorandum is not the same as owning every program it created. To understand CIA's operational role, we need the records that describe actual liaison, training and recruitment—not a slogan imposed on a document.",THE ORDER WITH THE EXCEPTION,shared_sources/source_gap_hunt/National Security Action Memorandum No. 162.extracted.txt,CURRENT_PART,NO,Sentence-level deterministic evidence mapping.
CLM-USAIDCIA-P01-003,AST-WRR-USAIDCIA-P01-X-POST-001-01,WRR-USAIDCIA-P01-X-POST-001,Kennedy said police programs could appear marginal under economic-development criteria.,The ordinary explanation is reasonable: stable civilian policing could support development.,STRONG_INFERENCE,INFERENCE_SUPPORTED,INFERENTIAL,2,"NSAM 132, signed February 19, 1962","I recognize that such programs may seem marginal in terms of focusing our energies on those key sectors which will contribute most to sustained economic growth. But I regard them as justified on a different though related basis, i.e., that of contributing to internal security and resisting Communist-supported insurgency",https://history.state.gov/historicaldocuments/frus1961-63v08/d72,"President John F. Kennedy addressed that tension directly in NSAM 132, signed February 19, 1962. His memorandum went to Fowler Hamilton, the administrator of AID. Kennedy said police assistance was a crucial element of the response to Communist “indirect aggression,” even though it could look marginal under criteria focused on sustained economic growth.",THE PROGRAM THAT DID NOT FIT DEVELOPMENT,shared_sources/source_gap_hunt/National Security Action Memorandum No. 132.extracted.txt,CURRENT_PART,YES,Synthetic language mapped to underlying claims.
CLM-USAIDCIA-P01-004,AST-WRR-USAIDCIA-P01-X-POST-001-01,WRR-USAIDCIA-P01-X-POST-001,Kennedy warned that police programs could be neglected because they were a small part of AID.,The ordinary explanation is reasonable: stable civilian policing could support development.,STRONG_INFERENCE,INFERENCE_SUPPORTED,INFERENTIAL,2,"NSAM 132, signed February 19, 1962","I am further aware that police programs, as a relatively minor facet of the functions of the aid agency, may have tended to receive little emphasis as a result. Therefore, I would like you to consider various ways and means of giving the police program greater autonomy within AID, if this seems necessary in order to protect it from neglect",https://history.state.gov/historicaldocuments/frus1961-63v08/d72,"He also acknowledged a bureaucratic danger. Police programs were a relatively small part of the aid agency, he wrote, and could be neglected. He asked Hamilton to consider giving them greater autonomy and ordered AID to recommend new emphases through the Special Group (Counter-Insurgency).",THE PROGRAM THAT DID NOT FIT DEVELOPMENT,shared_sources/source_gap_hunt/National Security Action Memorandum No. 132.extracted.txt,CURRENT_PART,YES,Synthetic language mapped to underlying claims.
CLM-USAIDCIA-P01-010,AST-WRR-USAIDCIA-P01-X-POST-001-01,WRR-USAIDCIA-P01-X-POST-001,"The July 20, 1962 committee called police programs a neglected part of countering subversion and insurgency.",The ordinary explanation is reasonable: stable civilian policing could support development.,STRONG_INFERENCE,INFERENCE_SUPPORTED,INFERENTIAL,4,published Foreign Relations memorandum,the U.S. police assistance programs form a very important but neglected part of our intensified effort to help emerging nations counter subversion and insurgency,https://history.state.gov/historicaldocuments/frus1961-63v08/d99,"Then, on July 20, 1962, an interagency committee chaired through the State Department delivered its recommendations. The published Foreign Relations memorandum is short, but the Kennedy Library folder preserves the fuller report and the implementation papers that followed.",THE ARCHITECTURE TAKES SHAPE,shared_sources/source_gap_hunt/Memorandum From the Interagency Committee on Police Assistance Programs to President Kenne.extracted.txt,CURRENT_PART,YES,Synthetic language mapped to underlying claims.
CLM-USAIDCIA-P01-011,AST-WRR-USAIDCIA-P01-X-POST-001-01,WRR-USAIDCIA-P01-X-POST-001,The committee described police assistance as preventive medicine before dissidence reached major proportions.,The ordinary explanation is reasonable: stable civilian policing could support development.,STRONG_INFERENCE,INFERENCE_SUPPORTED,INFERENTIAL,4,published Foreign Relations memorandum,"Such programs are particularly helpful as “preventive medicine”, since the police are normally responsible for coping with urban and rural dissidence before it reaches major proportions",https://history.state.gov/historicaldocuments/frus1961-63v08/d99,"This was administrative reform, certainly. It was also strategy. The proposed academy was supposed to coordinate training with U.S. internal-defense objectives, while the police programs were to receive protection from competition with ordinary economic projects.",THE ARCHITECTURE TAKES SHAPE,shared_sources/source_gap_hunt/Memorandum From the Interagency Committee on Police Assistance Programs to President Kenne.extracted.txt,CURRENT_PART,YES,Synthetic language mapped to underlying claims.
CLM-USAIDCIA-P01-003,AST-WRR-USAIDCIA-P01-X-POST-001-02,WRR-USAIDCIA-P01-X-POST-001,Kennedy said police programs could appear marginal under economic-development criteria.,The record adds another purpose.,STRONG_INFERENCE,INFERENCE_SUPPORTED,INFERENTIAL,2,"NSAM 132, signed February 19, 1962","I recognize that such programs may seem marginal in terms of focusing our energies on those key sectors which will contribute most to sustained economic growth. But I regard them as justified on a different though related basis, i.e., that of contributing to internal security and resisting Communist-supported insurgency",https://history.state.gov/historicaldocuments/frus1961-63v08/d72,"President John F. Kennedy addressed that tension directly in NSAM 132, signed February 19, 1962. His memorandum went to Fowler Hamilton, the administrator of AID. Kennedy said police assistance was a crucial element of the response to Communist “indirect aggression,” even though it could look marginal under criteria focused on sustained economic growth.",THE PROGRAM THAT DID NOT FIT DEVELOPMENT,shared_sources/source_gap_hunt/National Security Action Memorandum No. 132.extracted.txt,CURRENT_PART,YES,Synthetic language mapped to underlying claims.
CLM-USAIDCIA-P01-004,AST-WRR-USAIDCIA-P01-X-POST-001-02,WRR-USAIDCIA-P01-X-POST-001,Kennedy warned that police programs could be neglected because they were a small part of AID.,The record adds another purpose.,STRONG_INFERENCE,INFERENCE_SUPPORTED,INFERENTIAL,2,"NSAM 132, signed February 19, 1962","I am further aware that police programs, as a relatively minor facet of the functions of the aid agency, may have tended to receive little emphasis as a result. Therefore, I would like you to consider various ways and means of giving the police program greater autonomy within AID, if this seems necessary in order to protect it from neglect",https://history.state.gov/historicaldocuments/frus1961-63v08/d72,"He also acknowledged a bureaucratic danger. Police programs were a relatively small part of the aid agency, he wrote, and could be neglected. He asked Hamilton to consider giving them greater autonomy and ordered AID to recommend new emphases through the Special Group (Counter-Insurgency).",THE PROGRAM THAT DID NOT FIT DEVELOPMENT,shared_sources/source_gap_hunt/National Security Action Memorandum No. 132.extracted.txt,CURRENT_PART,YES,Synthetic language mapped to underlying claims.
CLM-USAIDCIA-P01-010,AST-WRR-USAIDCIA-P01-X-POST-001-02,WRR-USAIDCIA-P01-X-POST-001,"The July 20, 1962 committee called police programs a neglected part of countering subversion and insurgency.",The record adds another purpose.,STRONG_INFERENCE,INFERENCE_SUPPORTED,INFERENTIAL,4,published Foreign Relations memorandum,the U.S. police assistance programs form a very important but neglected part of our intensified effort to help emerging nations counter subversion and insurgency,https://history.state.gov/historicaldocuments/frus1961-63v08/d99,"Then, on July 20, 1962, an interagency committee chaired through the State Department delivered its recommendations. The published Foreign Relations memorandum is short, but the Kennedy Library folder preserves the fuller report and the implementation papers that followed.",THE ARCHITECTURE TAKES SHAPE,shared_sources/source_gap_hunt/Memorandum From the Interagency Committee on Police Assistance Programs to President Kenne.extracted.txt,CURRENT_PART,YES,Synthetic language mapped to underlying claims.
CLM-USAIDCIA-P01-011,AST-WRR-USAIDCIA-P01-X-POST-001-02,WRR-USAIDCIA-P01-X-POST-001,The committee described police assistance as preventive medicine before dissidence reached major proportions.,The record adds another purpose.,STRONG_INFERENCE,INFERENCE_SUPPORTED,INFERENTIAL,4,published Foreign Relations memorandum,"Such programs are particularly helpful as “preventive medicine”, since the police are normally responsible for coping with urban and rural dissidence before it reaches major proportions",https://history.state.gov/historicaldocuments/frus1961-63v08/d99,"This was administrative reform, certainly. It was also strategy. The proposed academy was supposed to coordinate training with U.S. internal-defense objectives, while the police programs were to receive protection from competition with ordinary economic projects.",THE ARCHITECTURE TAKES SHAPE,shared_sources/source_gap_hunt/Memorandum From the Interagency Committee on Police Assistance Programs to President Kenne.extracted.txt,CURRENT_PART,YES,Synthetic language mapped to underlying claims.
CLM-USAIDCIA-P01-003,AST-WRR-USAIDCIA-P01-X-POST-001-03,WRR-USAIDCIA-P01-X-POST-001,Kennedy said police programs could appear marginal under economic-development criteria.,Kennedy said police programs could appear marginal under economic-development criteria.,DOCUMENTED_FACT,SUPPORTED,DIRECT,2,"NSAM 132, signed February 19, 1962","I recognize that such programs may seem marginal in terms of focusing our energies on those key sectors which will contribute most to sustained economic growth. But I regard them as justified on a different though related basis, i.e., that of contributing to internal security and resisting Communist-supported insurgency",https://history.state.gov/historicaldocuments/frus1961-63v08/d72,"President John F. Kennedy addressed that tension directly in NSAM 132, signed February 19, 1962. His memorandum went to Fowler Hamilton, the administrator of AID. Kennedy said police assistance was a crucial element of the response to Communist “indirect aggression,” even though it could look marginal under criteria focused on sustained economic growth.",THE PROGRAM THAT DID NOT FIT DEVELOPMENT,shared_sources/source_gap_hunt/National Security Action Memorandum No. 132.extracted.txt,CURRENT_PART,NO,Sentence-level deterministic evidence mapping.
CLM-USAIDCIA-P01-003,AST-WRR-USAIDCIA-P01-X-POST-001-05,WRR-USAIDCIA-P01-X-POST-001,Kennedy said police programs could appear marginal under economic-development criteria.,The documents are linked in Part 1.,STRONG_INFERENCE,INFERENCE_SUPPORTED,INFERENTIAL,2,"NSAM 132, signed February 19, 1962","I recognize that such programs may seem marginal in terms of focusing our energies on those key sectors which will contribute most to sustained economic growth. But I regard them as justified on a different though related basis, i.e., that of contributing to internal security and resisting Communist-supported insurgency",https://history.state.gov/historicaldocuments/frus1961-63v08/d72,"President John F. Kennedy addressed that tension directly in NSAM 132, signed February 19, 1962. His memorandum went to Fowler Hamilton, the administrator of AID. Kennedy said police assistance was a crucial element of the response to Communist “indirect aggression,” even though it could look marginal under criteria focused on sustained economic growth.",THE PROGRAM THAT DID NOT FIT DEVELOPMENT,shared_sources/source_gap_hunt/National Security Action Memorandum No. 132.extracted.txt,CURRENT_PART,YES,Synthetic language mapped to underlying claims.
CLM-USAIDCIA-P01-004,AST-WRR-USAIDCIA-P01-X-POST-001-05,WRR-USAIDCIA-P01-X-POST-001,Kennedy warned that police programs could be neglected because they were a small part of AID.,The documents are linked in Part 1.,STRONG_INFERENCE,INFERENCE_SUPPORTED,INFERENTIAL,2,"NSAM 132, signed February 19, 1962","I am further aware that police programs, as a relatively minor facet of the functions of the aid agency, may have tended to receive little emphasis as a result. Therefore, I would like you to consider various ways and means of giving the police program greater autonomy within AID, if this seems necessary in order to protect it from neglect",https://history.state.gov/historicaldocuments/frus1961-63v08/d72,"He also acknowledged a bureaucratic danger. Police programs were a relatively small part of the aid agency, he wrote, and could be neglected. He asked Hamilton to consider giving them greater autonomy and ordered AID to recommend new emphases through the Special Group (Counter-Insurgency).",THE PROGRAM THAT DID NOT FIT DEVELOPMENT,shared_sources/source_gap_hunt/National Security Action Memorandum No. 132.extracted.txt,CURRENT_PART,YES,Synthetic language mapped to underlying claims.
CLM-USAIDCIA-P01-010,AST-WRR-USAIDCIA-P01-X-POST-001-05,WRR-USAIDCIA-P01-X-POST-001,"The July 20, 1962 committee called police programs a neglected part of countering subversion and insurgency.",The documents are linked in Part 1.,STRONG_INFERENCE,INFERENCE_SUPPORTED,INFERENTIAL,4,published Foreign Relations memorandum,the U.S. police assistance programs form a very important but neglected part of our intensified effort to help emerging nations counter subversion and insurgency,https://history.state.gov/historicaldocuments/frus1961-63v08/d99,"Then, on July 20, 1962, an interagency committee chaired through the State Department delivered its recommendations. The published Foreign Relations memorandum is short, but the Kennedy Library folder preserves the fuller report and the implementation papers that followed.",THE ARCHITECTURE TAKES SHAPE,shared_sources/source_gap_hunt/Memorandum From the Interagency Committee on Police Assistance Programs to President Kenne.extracted.txt,CURRENT_PART,YES,Synthetic language mapped to underlying claims.
CLM-USAIDCIA-P01-011,AST-WRR-USAIDCIA-P01-X-POST-001-05,WRR-USAIDCIA-P01-X-POST-001,The committee described police assistance as preventive medicine before dissidence reached major proportions.,The documents are linked in Part 1.,STRONG_INFERENCE,INFERENCE_SUPPORTED,INFERENTIAL,4,published Foreign Relations memorandum,"Such programs are particularly helpful as “preventive medicine”, since the police are normally responsible for coping with urban and rural dissidence before it reaches major proportions",https://history.state.gov/historicaldocuments/frus1961-63v08/d99,"This was administrative reform, certainly. It was also strategy. The proposed academy was supposed to coordinate training with U.S. internal-defense objectives, while the police programs were to receive protection from competition with ordinary economic projects.",THE ARCHITECTURE TAKES SHAPE,shared_sources/source_gap_hunt/Memorandum From the Interagency Committee on Police Assistance Programs to President Kenne.extracted.txt,CURRENT_PART,YES,Synthetic language mapped to underlying claims.
CLM-USAIDCIA-P01-008,AST-WRR-USAIDCIA-P01-X-POST-002-01,WRR-USAIDCIA-P01-X-POST-002,NSAM 162 directed CIA and AID to maintain personnel with paramilitary skills for crisis areas.,The founding directive acknowledged “covert aspects” without mapping them.,STRONG_INFERENCE,INFERENCE_SUPPORTED,INFERENTIAL,3,NSAM 162,CIA and AID will take action to insure that adequate qualified personnel with paramilitary skills are available. Periodic reports of progress to achieve this objective will be submitted to the Special Group (Counterinsurgency) by CIA and AID,https://history.state.gov/historicaldocuments/frus1961-63v08/d91,"CIA was not absent from the architecture. The director of Central Intelligence received NSAM 177 alongside State, Defense, Justice and AID. Yet receiving the memorandum is not the same as owning every program it created. To understand CIA's operational role, we need the records that describe actual liaison, training and recruitment—not a slogan imposed on a document.",THE ORDER WITH THE EXCEPTION,shared_sources/source_gap_hunt/National Security Action Memorandum No. 162.extracted.txt,CURRENT_PART,YES,Synthetic language mapped to underlying claims.
CLM-USAIDCIA-P01-016,AST-WRR-USAIDCIA-P01-X-POST-002-01,WRR-USAIDCIA-P01-X-POST-002,The committee assigned AID operating and funding responsibility except for covert aspects and selected Defense programs.,The founding directive acknowledged “covert aspects” without mapping them.,STRONG_INFERENCE,INFERENCE_SUPPORTED,INFERENTIAL,4,published Foreign Relations memorandum,"That AID be charged with operating and funding responsibility for all such programs, except for their covert aspects and for those programs which the Administrator of AID decides should be carried out by the Department of Defense",https://history.state.gov/historicaldocuments/frus1961-63v08/d99,"The third paragraph charged AID's administrator with coordination and vigorous leadership. The fourth went further: AID received operating and funding responsibility for the programs, apart from those assigned to Defense—and apart from their covert aspects.",THE ORDER WITH THE EXCEPTION,shared_sources/source_gap_hunt/Memorandum From the Interagency Committee on Police Assistance Programs to President Kenne.extracted.txt,CURRENT_PART,YES,Synthetic language mapped to underlying claims.
CLM-USAIDCIA-P01-017,AST-WRR-USAIDCIA-P01-X-POST-002-01,WRR-USAIDCIA-P01-X-POST-002,The committee recommended a dedicated AID police office.,The founding directive acknowledged “covert aspects” without mapping them.,STRONG_INFERENCE,INFERENCE_SUPPORTED,INFERENTIAL,4,published Foreign Relations memorandum,"That to carry out its responsibilities, AID establish an office specifically charged with police matters, staffed with sufficient qualified personnel to: (a) provide centralized professional and technical planning guidance to the country teams, police missions and State and AID regional bureaus; (b) provide professional and technical guidance and professional and technical supervision in implementing programs; (c) establish and supervise training requirements for U.S. police technicians, and standards of evaluating professional competence; (d) to conduct surveys and program evaluations; (e) to provide an essential repository of technical knowledge based on research in the latest techniques of controlling subversion and mass violence; that AID appoint a senior professional to head this office, responsible to the Special Assistant-Internal Defense with direct access to the Deputy Administrator; that while line responsibility for AID police programs remains with each regional AID bureau, sufficient professional personnel should be assigned to the new Office to provide the centralized staff support outlined above",https://history.state.gov/historicaldocuments/frus1961-63v08/d99,The institutional design is easiest to see in paragraph five. AID was ordered to establish an office specifically charged with police matters.,WHAT THE NEW OFFICE WAS BUILT TO DO,shared_sources/source_gap_hunt/Memorandum From the Interagency Committee on Police Assistance Programs to President Kenne.extracted.txt,CURRENT_PART,YES,Synthetic language mapped to underlying claims.
CLM-USAIDCIA-P01-008,AST-WRR-USAIDCIA-P01-X-POST-002-03,WRR-USAIDCIA-P01-X-POST-002,NSAM 162 directed CIA and AID to maintain personnel with paramilitary skills for crisis areas.,NSAM 162 directed CIA and AID to maintain personnel with paramilitary skills for crisis areas.,DOCUMENTED_FACT,SUPPORTED,DIRECT,3,NSAM 162,CIA and AID will take action to insure that adequate qualified personnel with paramilitary skills are available. Periodic reports of progress to achieve this objective will be submitted to the Special Group (Counterinsurgency) by CIA and AID,https://history.state.gov/historicaldocuments/frus1961-63v08/d91,"CIA was not absent from the architecture. The director of Central Intelligence received NSAM 177 alongside State, Defense, Justice and AID. Yet receiving the memorandum is not the same as owning every program it created. To understand CIA's operational role, we need the records that describe actual liaison, training and recruitment—not a slogan imposed on a document.",THE ORDER WITH THE EXCEPTION,shared_sources/source_gap_hunt/National Security Action Memorandum No. 162.extracted.txt,CURRENT_PART,NO,Sentence-level deterministic evidence mapping.
CLM-USAIDCIA-P01-004,AST-WRR-USAIDCIA-P01-X-POST-003-01,WRR-USAIDCIA-P01-X-POST-003,Kennedy warned that police programs could be neglected because they were a small part of AID.,"Before the Office of Public Safety had a name, a committee had already designed its job.",STRONG_INFERENCE,INFERENCE_SUPPORTED,INFERENTIAL,2,"NSAM 132, signed February 19, 1962","I am further aware that police programs, as a relatively minor facet of the functions of the aid agency, may have tended to receive little emphasis as a result. Therefore, I would like you to consider various ways and means of giving the police program greater autonomy within AID, if this seems necessary in order to protect it from neglect",https://history.state.gov/historicaldocuments/frus1961-63v08/d72,"He also acknowledged a bureaucratic danger. Police programs were a relatively small part of the aid agency, he wrote, and could be neglected. He asked Hamilton to consider giving them greater autonomy and ordered AID to recommend new emphases through the Special Group (Counter-Insurgency).",THE PROGRAM THAT DID NOT FIT DEVELOPMENT,shared_sources/source_gap_hunt/National Security Action Memorandum No. 132.extracted.txt,CURRENT_PART,YES,Synthetic language mapped to underlying claims.
CLM-USAIDCIA-P01-015,AST-WRR-USAIDCIA-P01-X-POST-003-01,WRR-USAIDCIA-P01-X-POST-003,The committee recommended that AID coordinate and lead all police-assistance programs under State policy guidance.,"Before the Office of Public Safety had a name, a committee had already designed its job.",STRONG_INFERENCE,INFERENCE_SUPPORTED,INFERENTIAL,4,published Foreign Relations memorandum,"subject to the general policy guidance of the Department of State in internal defense matters, the Administrator of AID be charged, in his capacity as coordinator of U.S. aid programs, with responsibility for coordination and vigorous leadership of all police assistance programs",https://history.state.gov/historicaldocuments/frus1961-63v08/d99,"The secretary of State would provide general policy guidance on internal-defense matters. AID's administrator, already the coordinator of American aid programs, would provide vigorous leadership across police-assistance programs. The Defense Department would retain programs selected for military handling. An interagency police group would help coordinate the system.",THE ARCHITECTURE TAKES SHAPE,shared_sources/source_gap_hunt/Memorandum From the Interagency Committee on Police Assistance Programs to President Kenne.extracted.txt,CURRENT_PART,YES,Synthetic language mapped to underlying claims.
CLM-USAIDCIA-P01-017,AST-WRR-USAIDCIA-P01-X-POST-003-01,WRR-USAIDCIA-P01-X-POST-003,The committee recommended a dedicated AID police office.,"Before the Office of Public Safety had a name, a committee had already designed its job.",STRONG_INFERENCE,INFERENCE_SUPPORTED,INFERENTIAL,4,published Foreign Relations memorandum,"That to carry out its responsibilities, AID establish an office specifically charged with police matters, staffed with sufficient qualified personnel to: (a) provide centralized professional and technical planning guidance to the country teams, police missions and State and AID regional bureaus; (b) provide professional and technical guidance and professional and technical supervision in implementing programs; (c) establish and supervise training requirements for U.S. police technicians, and standards of evaluating professional competence; (d) to conduct surveys and program evaluations; (e) to provide an essential repository of technical knowledge based on research in the latest techniques of controlling subversion and mass violence; that AID appoint a senior professional to head this office, responsible to the Special Assistant-Internal Defense with direct access to the Deputy Administrator; that while line responsibility for AID police programs remains with each regional AID bureau, sufficient professional personnel should be assigned to the new Office to provide the centralized staff support outlined above",https://history.state.gov/historicaldocuments/frus1961-63v08/d99,The institutional design is easiest to see in paragraph five. AID was ordered to establish an office specifically charged with police matters.,WHAT THE NEW OFFICE WAS BUILT TO DO,shared_sources/source_gap_hunt/Memorandum From the Interagency Committee on Police Assistance Programs to President Kenne.extracted.txt,CURRENT_PART,YES,Synthetic language mapped to underlying claims.
CLM-USAIDCIA-P01-021,AST-WRR-USAIDCIA-P01-X-POST-003-01,WRR-USAIDCIA-P01-X-POST-003,The committee proposed protecting police funds from competition with economic-development projects.,"Before the Office of Public Safety had a name, a committee had already designed its job.",STRONG_INFERENCE,INFERENCE_SUPPORTED,INFERENTIAL,4,published Foreign Relations memorandum,"That, to protect police programs, with their primarily internal defense rationale, from suffering as marginal competitors with primarily economic development projects, AID and the Bureau of the Budget should develop some means of providing the necessary degree of funding autonomy, such as creating a new AID line item for “internal defense” in the FY 1964 budget or funding through the Military Assistance Program though keeping the program in AID",https://history.state.gov/historicaldocuments/frus1961-63v08/d99,"The memorandum also ordered AID to study an international police academy under government management. The academy would tighten U.S. control over training and connect it more closely to internal-defense objectives. AID was told to protect police funding, possibly through an “internal defense” budget line or military-assistance funding while leaving the program inside AID.",WHAT THE NEW OFFICE WAS BUILT TO DO,shared_sources/source_gap_hunt/Memorandum From the Interagency Committee on Police Assistance Programs to President Kenne.extracted.txt,CURRENT_PART,YES,Synthetic language mapped to underlying claims.
CLM-USAIDCIA-P01-004,AST-WRR-USAIDCIA-P01-X-POST-003-02,WRR-USAIDCIA-P01-X-POST-003,Kennedy warned that police programs could be neglected because they were a small part of AID.,Kennedy warned that police programs could be neglected because they were a small part of AID.,DOCUMENTED_FACT,SUPPORTED,DIRECT,2,"NSAM 132, signed February 19, 1962","I am further aware that police programs, as a relatively minor facet of the functions of the aid agency, may have tended to receive little emphasis as a result. Therefore, I would like you to consider various ways and means of giving the police program greater autonomy within AID, if this seems necessary in order to protect it from neglect",https://history.state.gov/historicaldocuments/frus1961-63v08/d72,"He also acknowledged a bureaucratic danger. Police programs were a relatively small part of the aid agency, he wrote, and could be neglected. He asked Hamilton to consider giving them greater autonomy and ordered AID to recommend new emphases through the Special Group (Counter-Insurgency).",THE PROGRAM THAT DID NOT FIT DEVELOPMENT,shared_sources/source_gap_hunt/National Security Action Memorandum No. 132.extracted.txt,CURRENT_PART,NO,Sentence-level deterministic evidence mapping.
CLM-USAIDCIA-P01-017,AST-WRR-USAIDCIA-P01-X-POST-004-01,WRR-USAIDCIA-P01-X-POST-004,The committee recommended a dedicated AID police office.,Open the July 1962 police-assistance memorandum and one bureaucratic sentence changes the story: The committee recommended a dedicated AID police office.,STRONG_INFERENCE,INFERENCE_SUPPORTED,INFERENTIAL,4,published Foreign Relations memorandum,"That to carry out its responsibilities, AID establish an office specifically charged with police matters, staffed with sufficient qualified personnel to: (a) provide centralized professional and technical planning guidance to the country teams, police missions and State and AID regional bureaus; (b) provide professional and technical guidance and professional and technical supervision in implementing programs; (c) establish and supervise training requirements for U.S. police technicians, and standards of evaluating professional competence; (d) to conduct surveys and program evaluations; (e) to provide an essential repository of technical knowledge based on research in the latest techniques of controlling subversion and mass violence; that AID appoint a senior professional to head this office, responsible to the Special Assistant-Internal Defense with direct access to the Deputy Administrator; that while line responsibility for AID police programs remains with each regional AID bureau, sufficient professional personnel should be assigned to the new Office to provide the centralized staff support outlined above",https://history.state.gov/historicaldocuments/frus1961-63v08/d99,The institutional design is easiest to see in paragraph five. AID was ordered to establish an office specifically charged with police matters.,WHAT THE NEW OFFICE WAS BUILT TO DO,shared_sources/source_gap_hunt/Memorandum From the Interagency Committee on Police Assistance Programs to President Kenne.extracted.txt,CURRENT_PART,YES,Synthetic language mapped to underlying claims.
CLM-USAIDCIA-P01-018,AST-WRR-USAIDCIA-P01-X-POST-004-01,WRR-USAIDCIA-P01-X-POST-004,The proposed police office would research techniques for controlling subversion and mass violence.,Open the July 1962 police-assistance memorandum and one bureaucratic sentence changes the story: The committee recommended a dedicated AID police office.,STRONG_INFERENCE,INFERENCE_SUPPORTED,INFERENTIAL,4,published Foreign Relations memorandum,provide an essential repository of technical knowledge based on research in the latest techniques of controlling subversion and mass violence,https://history.state.gov/historicaldocuments/frus1961-63v08/d99,One duty stands out. The office was to become an essential repository of technical knowledge based on research into the latest techniques for controlling subversion and mass violence.,WHAT THE NEW OFFICE WAS BUILT TO DO,shared_sources/source_gap_hunt/Memorandum From the Interagency Committee on Police Assistance Programs to President Kenne.extracted.txt,CURRENT_PART,YES,Synthetic language mapped to underlying claims.
CLM-USAIDCIA-P01-019,AST-WRR-USAIDCIA-P01-X-POST-004-01,WRR-USAIDCIA-P01-X-POST-004,The committee recommended an international police academy under government management.,Open the July 1962 police-assistance memorandum and one bureaucratic sentence changes the story: The committee recommended a dedicated AID police office.,STRONG_INFERENCE,INFERENCE_SUPPORTED,INFERENTIAL,4,published Foreign Relations memorandum,early establishment of an international police academy under Government management to coordinate training more closely with U.S. internal defense objectives and tighten U.S. Government control over all training to improve its quality and insure its responsiveness to need,https://history.state.gov/historicaldocuments/frus1961-63v08/d99,"The memorandum also ordered AID to study an international police academy under government management. The academy would tighten U.S. control over training and connect it more closely to internal-defense objectives. AID was told to protect police funding, possibly through an “internal defense” budget line or military-assistance funding while leaving the program inside AID.",WHAT THE NEW OFFICE WAS BUILT TO DO,shared_sources/source_gap_hunt/Memorandum From the Interagency Committee on Police Assistance Programs to President Kenne.extracted.txt,CURRENT_PART,YES,Synthetic language mapped to underlying claims.
CLM-USAIDCIA-P01-020,AST-WRR-USAIDCIA-P01-X-POST-004-01,WRR-USAIDCIA-P01-X-POST-004,The proposed academy was meant to align training more closely with U.S. internal-defense objectives.,Open the July 1962 police-assistance memorandum and one bureaucratic sentence changes the story: The committee recommended a dedicated AID police office.,STRONG_INFERENCE,INFERENCE_SUPPORTED,INFERENTIAL,4,published Foreign Relations memorandum,coordinate training more closely with U.S. internal defense objectives and tighten U.S. Government control over all training to improve its quality and insure its responsiveness to need,https://history.state.gov/historicaldocuments/frus1961-63v08/d99,"The memorandum also ordered AID to study an international police academy under government management. The academy would tighten U.S. control over training and connect it more closely to internal-defense objectives. AID was told to protect police funding, possibly through an “internal defense” budget line or military-assistance funding while leaving the program inside AID.",WHAT THE NEW OFFICE WAS BUILT TO DO,shared_sources/source_gap_hunt/Memorandum From the Interagency Committee on Police Assistance Programs to President Kenne.extracted.txt,CURRENT_PART,YES,Synthetic language mapped to underlying claims.
CLM-USAIDCIA-P01-017,AST-WRR-USAIDCIA-P01-X-POST-004-04,WRR-USAIDCIA-P01-X-POST-004,The committee recommended a dedicated AID police office.,The documents are linked in Part 1.,STRONG_INFERENCE,INFERENCE_SUPPORTED,INFERENTIAL,4,published Foreign Relations memorandum,"That to carry out its responsibilities, AID establish an office specifically charged with police matters, staffed with sufficient qualified personnel to: (a) provide centralized professional and technical planning guidance to the country teams, police missions and State and AID regional bureaus; (b) provide professional and technical guidance and professional and technical supervision in implementing programs; (c) establish and supervise training requirements for U.S. police technicians, and standards of evaluating professional competence; (d) to conduct surveys and program evaluations; (e) to provide an essential repository of technical knowledge based on research in the latest techniques of controlling subversion and mass violence; that AID appoint a senior professional to head this office, responsible to the Special Assistant-Internal Defense with direct access to the Deputy Administrator; that while line responsibility for AID police programs remains with each regional AID bureau, sufficient professional personnel should be assigned to the new Office to provide the centralized staff support outlined above",https://history.state.gov/historicaldocuments/frus1961-63v08/d99,The institutional design is easiest to see in paragraph five. AID was ordered to establish an office specifically charged with police matters.,WHAT THE NEW OFFICE WAS BUILT TO DO,shared_sources/source_gap_hunt/Memorandum From the Interagency Committee on Police Assistance Programs to President Kenne.extracted.txt,CURRENT_PART,YES,Synthetic language mapped to underlying claims.
CLM-USAIDCIA-P01-018,AST-WRR-USAIDCIA-P01-X-POST-004-04,WRR-USAIDCIA-P01-X-POST-004,The proposed police office would research techniques for controlling subversion and mass violence.,The documents are linked in Part 1.,STRONG_INFERENCE,INFERENCE_SUPPORTED,INFERENTIAL,4,published Foreign Relations memorandum,provide an essential repository of technical knowledge based on research in the latest techniques of controlling subversion and mass violence,https://history.state.gov/historicaldocuments/frus1961-63v08/d99,One duty stands out. The office was to become an essential repository of technical knowledge based on research into the latest techniques for controlling subversion and mass violence.,WHAT THE NEW OFFICE WAS BUILT TO DO,shared_sources/source_gap_hunt/Memorandum From the Interagency Committee on Police Assistance Programs to President Kenne.extracted.txt,CURRENT_PART,YES,Synthetic language mapped to underlying claims.
CLM-USAIDCIA-P01-019,AST-WRR-USAIDCIA-P01-X-POST-004-04,WRR-USAIDCIA-P01-X-POST-004,The committee recommended an international police academy under government management.,The documents are linked in Part 1.,STRONG_INFERENCE,INFERENCE_SUPPORTED,INFERENTIAL,4,published Foreign Relations memorandum,early establishment of an international police academy under Government management to coordinate training more closely with U.S. internal defense objectives and tighten U.S. Government control over all training to improve its quality and insure its responsiveness to need,https://history.state.gov/historicaldocuments/frus1961-63v08/d99,"The memorandum also ordered AID to study an international police academy under government management. The academy would tighten U.S. control over training and connect it more closely to internal-defense objectives. AID was told to protect police funding, possibly through an “internal defense” budget line or military-assistance funding while leaving the program inside AID.",WHAT THE NEW OFFICE WAS BUILT TO DO,shared_sources/source_gap_hunt/Memorandum From the Interagency Committee on Police Assistance Programs to President Kenne.extracted.txt,CURRENT_PART,YES,Synthetic language mapped to underlying claims.
CLM-USAIDCIA-P01-020,AST-WRR-USAIDCIA-P01-X-POST-004-04,WRR-USAIDCIA-P01-X-POST-004,The proposed academy was meant to align training more closely with U.S. internal-defense objectives.,The documents are linked in Part 1.,STRONG_INFERENCE,INFERENCE_SUPPORTED,INFERENTIAL,4,published Foreign Relations memorandum,coordinate training more closely with U.S. internal defense objectives and tighten U.S. Government control over all training to improve its quality and insure its responsiveness to need,https://history.state.gov/historicaldocuments/frus1961-63v08/d99,"The memorandum also ordered AID to study an international police academy under government management. The academy would tighten U.S. control over training and connect it more closely to internal-defense objectives. AID was told to protect police funding, possibly through an “internal defense” budget line or military-assistance funding while leaving the program inside AID.",WHAT THE NEW OFFICE WAS BUILT TO DO,shared_sources/source_gap_hunt/Memorandum From the Interagency Committee on Police Assistance Programs to President Kenne.extracted.txt,CURRENT_PART,YES,Synthetic language mapped to underlying claims.
CLM-USAIDCIA-P01-015,AST-WRR-USAIDCIA-P01-X-POST-005-01,WRR-USAIDCIA-P01-X-POST-005,The committee recommended that AID coordinate and lead all police-assistance programs under State policy guidance.,AID administered development assistance.,STRONG_INFERENCE,INFERENCE_SUPPORTED,INFERENTIAL,4,published Foreign Relations memorandum,"subject to the general policy guidance of the Department of State in internal defense matters, the Administrator of AID be charged, in his capacity as coordinator of U.S. aid programs, with responsibility for coordination and vigorous leadership of all police assistance programs",https://history.state.gov/historicaldocuments/frus1961-63v08/d99,"The secretary of State would provide general policy guidance on internal-defense matters. AID's administrator, already the coordinator of American aid programs, would provide vigorous leadership across police-assistance programs. The Defense Department would retain programs selected for military handling. An interagency police group would help coordinate the system.",THE ARCHITECTURE TAKES SHAPE,shared_sources/source_gap_hunt/Memorandum From the Interagency Committee on Police Assistance Programs to President Kenne.extracted.txt,CURRENT_PART,YES,Synthetic language mapped to underlying claims.
CLM-USAIDCIA-P01-016,AST-WRR-USAIDCIA-P01-X-POST-005-01,WRR-USAIDCIA-P01-X-POST-005,The committee assigned AID operating and funding responsibility except for covert aspects and selected Defense programs.,AID administered development assistance.,STRONG_INFERENCE,INFERENCE_SUPPORTED,INFERENTIAL,4,published Foreign Relations memorandum,"That AID be charged with operating and funding responsibility for all such programs, except for their covert aspects and for those programs which the Administrator of AID decides should be carried out by the Department of Defense",https://history.state.gov/historicaldocuments/frus1961-63v08/d99,"The third paragraph charged AID's administrator with coordination and vigorous leadership. The fourth went further: AID received operating and funding responsibility for the programs, apart from those assigned to Defense—and apart from their covert aspects.",THE ORDER WITH THE EXCEPTION,shared_sources/source_gap_hunt/Memorandum From the Interagency Committee on Police Assistance Programs to President Kenne.extracted.txt,CURRENT_PART,YES,Synthetic language mapped to underlying claims.
CLM-USAIDCIA-P01-017,AST-WRR-USAIDCIA-P01-X-POST-005-01,WRR-USAIDCIA-P01-X-POST-005,The committee recommended a dedicated AID police office.,AID administered development assistance.,STRONG_INFERENCE,INFERENCE_SUPPORTED,INFERENTIAL,4,published Foreign Relations memorandum,"That to carry out its responsibilities, AID establish an office specifically charged with police matters, staffed with sufficient qualified personnel to: (a) provide centralized professional and technical planning guidance to the country teams, police missions and State and AID regional bureaus; (b) provide professional and technical guidance and professional and technical supervision in implementing programs; (c) establish and supervise training requirements for U.S. police technicians, and standards of evaluating professional competence; (d) to conduct surveys and program evaluations; (e) to provide an essential repository of technical knowledge based on research in the latest techniques of controlling subversion and mass violence; that AID appoint a senior professional to head this office, responsible to the Special Assistant-Internal Defense with direct access to the Deputy Administrator; that while line responsibility for AID police programs remains with each regional AID bureau, sufficient professional personnel should be assigned to the new Office to provide the centralized staff support outlined above",https://history.state.gov/historicaldocuments/frus1961-63v08/d99,The institutional design is easiest to see in paragraph five. AID was ordered to establish an office specifically charged with police matters.,WHAT THE NEW OFFICE WAS BUILT TO DO,shared_sources/source_gap_hunt/Memorandum From the Interagency Committee on Police Assistance Programs to President Kenne.extracted.txt,CURRENT_PART,YES,Synthetic language mapped to underlying claims.
CLM-USAIDCIA-P01-024,AST-WRR-USAIDCIA-P01-X-POST-005-01,WRR-USAIDCIA-P01-X-POST-005,"The July committee included representatives from AID, Defense, CIA, Justice, the White House and State.",AID administered development assistance.,STRONG_INFERENCE,INFERENCE_SUPPORTED,INFERENTIAL,4,published Foreign Relations memorandum,"FC4 AID Member Henry Rowen DOD Member [name not declassified] CIA Member Robert Amory, Jr. BOB Member Courtney Evans Justice Member RW Komer WH Staff Member U. Alexis Johnson Chairman and State Member",https://history.state.gov/historicaldocuments/frus1961-63v08/d99,"The secretary of State would provide general policy guidance on internal-defense matters. AID's administrator, already the coordinator of American aid programs, would provide vigorous leadership across police-assistance programs. The Defense Department would retain programs selected for military handling. An interagency police group would help coordinate the system.",THE ARCHITECTURE TAKES SHAPE,shared_sources/source_gap_hunt/Memorandum From the Interagency Committee on Police Assistance Programs to President Kenne.extracted.txt,CURRENT_PART,YES,Synthetic language mapped to underlying claims.
CLM-USAIDCIA-P01-015,AST-WRR-USAIDCIA-P01-X-POST-005-02,WRR-USAIDCIA-P01-X-POST-005,The committee recommended that AID coordinate and lead all police-assistance programs under State policy guidance.,Yet the committee recommended that AID coordinate and lead all police-assistance programs under State policy guidance.,DOCUMENTED_FACT,SUPPORTED,DIRECT,4,published Foreign Relations memorandum,"subject to the general policy guidance of the Department of State in internal defense matters, the Administrator of AID be charged, in his capacity as coordinator of U.S. aid programs, with responsibility for coordination and vigorous leadership of all police assistance programs",https://history.state.gov/historicaldocuments/frus1961-63v08/d99,"The secretary of State would provide general policy guidance on internal-defense matters. AID's administrator, already the coordinator of American aid programs, would provide vigorous leadership across police-assistance programs. The Defense Department would retain programs selected for military handling. An interagency police group would help coordinate the system.",THE ARCHITECTURE TAKES SHAPE,shared_sources/source_gap_hunt/Memorandum From the Interagency Committee on Police Assistance Programs to President Kenne.extracted.txt,CURRENT_PART,NO,Sentence-level deterministic evidence mapping.
CLM-USAIDCIA-P01-017,AST-WRR-USAIDCIA-P01-X-POST-005-02,WRR-USAIDCIA-P01-X-POST-005,The committee recommended a dedicated AID police office.,Yet the committee recommended that AID coordinate and lead all police-assistance programs under State policy guidance.,DOCUMENTED_FACT,SUPPORTED,DIRECT,4,published Foreign Relations memorandum,"That to carry out its responsibilities, AID establish an office specifically charged with police matters, staffed with sufficient qualified personnel to: (a) provide centralized professional and technical planning guidance to the country teams, police missions and State and AID regional bureaus; (b) provide professional and technical guidance and professional and technical supervision in implementing programs; (c) establish and supervise training requirements for U.S. police technicians, and standards of evaluating professional competence; (d) to conduct surveys and program evaluations; (e) to provide an essential repository of technical knowledge based on research in the latest techniques of controlling subversion and mass violence; that AID appoint a senior professional to head this office, responsible to the Special Assistant-Internal Defense with direct access to the Deputy Administrator; that while line responsibility for AID police programs remains with each regional AID bureau, sufficient professional personnel should be assigned to the new Office to provide the centralized staff support outlined above",https://history.state.gov/historicaldocuments/frus1961-63v08/d99,The institutional design is easiest to see in paragraph five. AID was ordered to establish an office specifically charged with police matters.,WHAT THE NEW OFFICE WAS BUILT TO DO,shared_sources/source_gap_hunt/Memorandum From the Interagency Committee on Police Assistance Programs to President Kenne.extracted.txt,CURRENT_PART,NO,Sentence-level deterministic evidence mapping.
CLM-USAIDCIA-P01-016,AST-WRR-USAIDCIA-P01-X-POST-005-02,WRR-USAIDCIA-P01-X-POST-005,The committee assigned AID operating and funding responsibility except for covert aspects and selected Defense programs.,Yet the committee recommended that AID coordinate and lead all police-assistance programs under State policy guidance.,DOCUMENTED_FACT,SUPPORTED,DIRECT,4,published Foreign Relations memorandum,"That AID be charged with operating and funding responsibility for all such programs, except for their covert aspects and for those programs which the Administrator of AID decides should be carried out by the Department of Defense",https://history.state.gov/historicaldocuments/frus1961-63v08/d99,"The third paragraph charged AID's administrator with coordination and vigorous leadership. The fourth went further: AID received operating and funding responsibility for the programs, apart from those assigned to Defense—and apart from their covert aspects.",THE ORDER WITH THE EXCEPTION,shared_sources/source_gap_hunt/Memorandum From the Interagency Committee on Police Assistance Programs to President Kenne.extracted.txt,CURRENT_PART,NO,Sentence-level deterministic evidence mapping.
CLM-USAIDCIA-P01-001,AST-WRR-USAIDCIA-P01-X-THREAD-001-01,WRR-USAIDCIA-P01-X-THREAD-001,"NSAM 132 was dated February 19, 1962.",John F. Kennedy did not describe police assistance as an ordinary development program.,STRONG_INFERENCE,INFERENCE_SUPPORTED,INFERENTIAL,2,"NSAM 132, signed February 19, 1962","Washington, February 19, 1962. TO The Honorable Fowler Hamilton The Administrator Agency for International Development SUBJECT",https://history.state.gov/historicaldocuments/frus1961-63v08/d72,"President John F. Kennedy addressed that tension directly in NSAM 132, signed February 19, 1962. His memorandum went to Fowler Hamilton, the administrator of AID. Kennedy said police assistance was a crucial element of the response to Communist “indirect aggression,” even though it could look marginal under criteria focused on sustained economic growth.",THE PROGRAM THAT DID NOT FIT DEVELOPMENT,shared_sources/source_gap_hunt/National Security Action Memorandum No. 132.extracted.txt,CURRENT_PART,YES,Synthetic language mapped to underlying claims.
CLM-USAIDCIA-P01-002,AST-WRR-USAIDCIA-P01-X-THREAD-001-01,WRR-USAIDCIA-P01-X-THREAD-001,Kennedy described police assistance as crucial to countering Communist indirect aggression.,John F. Kennedy did not describe police assistance as an ordinary development program.,STRONG_INFERENCE,INFERENCE_SUPPORTED,INFERENTIAL,2,"NSAM 132, signed February 19, 1962","Police assistance programs, including those under the aegis of your agency, are also a crucial element in our response to this challenge",https://history.state.gov/historicaldocuments/frus1961-63v08/d72,"President John F. Kennedy addressed that tension directly in NSAM 132, signed February 19, 1962. His memorandum went to Fowler Hamilton, the administrator of AID. Kennedy said police assistance was a crucial element of the response to Communist “indirect aggression,” even though it could look marginal under criteria focused on sustained economic growth.",THE PROGRAM THAT DID NOT FIT DEVELOPMENT,shared_sources/source_gap_hunt/National Security Action Memorandum No. 132.extracted.txt,CURRENT_PART,YES,Synthetic language mapped to underlying claims.
CLM-USAIDCIA-P01-003,AST-WRR-USAIDCIA-P01-X-THREAD-001-01,WRR-USAIDCIA-P01-X-THREAD-001,Kennedy said police programs could appear marginal under economic-development criteria.,John F. Kennedy did not describe police assistance as an ordinary development program.,STRONG_INFERENCE,INFERENCE_SUPPORTED,INFERENTIAL,2,"NSAM 132, signed February 19, 1962","I recognize that such programs may seem marginal in terms of focusing our energies on those key sectors which will contribute most to sustained economic growth. But I regard them as justified on a different though related basis, i.e., that of contributing to internal security and resisting Communist-supported insurgency",https://history.state.gov/historicaldocuments/frus1961-63v08/d72,"President John F. Kennedy addressed that tension directly in NSAM 132, signed February 19, 1962. His memorandum went to Fowler Hamilton, the administrator of AID. Kennedy said police assistance was a crucial element of the response to Communist “indirect aggression,” even though it could look marginal under criteria focused on sustained economic growth.",THE PROGRAM THAT DID NOT FIT DEVELOPMENT,shared_sources/source_gap_hunt/National Security Action Memorandum No. 132.extracted.txt,CURRENT_PART,YES,Synthetic language mapped to underlying claims.
CLM-USAIDCIA-P01-004,AST-WRR-USAIDCIA-P01-X-THREAD-001-01,WRR-USAIDCIA-P01-X-THREAD-001,Kennedy warned that police programs could be neglected because they were a small part of AID.,John F. Kennedy did not describe police assistance as an ordinary development program.,STRONG_INFERENCE,INFERENCE_SUPPORTED,INFERENTIAL,2,"NSAM 132, signed February 19, 1962","I am further aware that police programs, as a relatively minor facet of the functions of the aid agency, may have tended to receive little emphasis as a result. Therefore, I would like you to consider various ways and means of giving the police program greater autonomy within AID, if this seems necessary in order to protect it from neglect",https://history.state.gov/historicaldocuments/frus1961-63v08/d72,"He also acknowledged a bureaucratic danger. Police programs were a relatively small part of the aid agency, he wrote, and could be neglected. He asked Hamilton to consider giving them greater autonomy and ordered AID to recommend new emphases through the Special Group (Counter-Insurgency).",THE PROGRAM THAT DID NOT FIT DEVELOPMENT,shared_sources/source_gap_hunt/National Security Action Memorandum No. 132.extracted.txt,CURRENT_PART,YES,Synthetic language mapped to underlying claims.
CLM-USAIDCIA-P01-001,AST-WRR-USAIDCIA-P01-X-THREAD-001-02,WRR-USAIDCIA-P01-X-THREAD-001,"NSAM 132 was dated February 19, 1962.","NSAM 132 was dated February 19, 1962.",DOCUMENTED_FACT,SUPPORTED,DIRECT,2,"NSAM 132, signed February 19, 1962","Washington, February 19, 1962. TO The Honorable Fowler Hamilton The Administrator Agency for International Development SUBJECT",https://history.state.gov/historicaldocuments/frus1961-63v08/d72,"President John F. Kennedy addressed that tension directly in NSAM 132, signed February 19, 1962. His memorandum went to Fowler Hamilton, the administrator of AID. Kennedy said police assistance was a crucial element of the response to Communist “indirect aggression,” even though it could look marginal under criteria focused on sustained economic growth.",THE PROGRAM THAT DID NOT FIT DEVELOPMENT,shared_sources/source_gap_hunt/National Security Action Memorandum No. 132.extracted.txt,CURRENT_PART,NO,Sentence-level deterministic evidence mapping.
CLM-USAIDCIA-P01-002,AST-WRR-USAIDCIA-P01-X-THREAD-001-03,WRR-USAIDCIA-P01-X-THREAD-001,Kennedy described police assistance as crucial to countering Communist indirect aggression.,Kennedy described police assistance as crucial to countering Communist indirect aggression.,DOCUMENTED_FACT,SUPPORTED,DIRECT,2,"NSAM 132, signed February 19, 1962","Police assistance programs, including those under the aegis of your agency, are also a crucial element in our response to this challenge",https://history.state.gov/historicaldocuments/frus1961-63v08/d72,"President John F. Kennedy addressed that tension directly in NSAM 132, signed February 19, 1962. His memorandum went to Fowler Hamilton, the administrator of AID. Kennedy said police assistance was a crucial element of the response to Communist “indirect aggression,” even though it could look marginal under criteria focused on sustained economic growth.",THE PROGRAM THAT DID NOT FIT DEVELOPMENT,shared_sources/source_gap_hunt/National Security Action Memorandum No. 132.extracted.txt,CURRENT_PART,NO,Sentence-level deterministic evidence mapping.
CLM-USAIDCIA-P01-003,AST-WRR-USAIDCIA-P01-X-THREAD-001-04,WRR-USAIDCIA-P01-X-THREAD-001,Kennedy said police programs could appear marginal under economic-development criteria.,Kennedy said police programs could appear marginal under economic-development criteria.,DOCUMENTED_FACT,SUPPORTED,DIRECT,2,"NSAM 132, signed February 19, 1962","I recognize that such programs may seem marginal in terms of focusing our energies on those key sectors which will contribute most to sustained economic growth. But I regard them as justified on a different though related basis, i.e., that of contributing to internal security and resisting Communist-supported insurgency",https://history.state.gov/historicaldocuments/frus1961-63v08/d72,"President John F. Kennedy addressed that tension directly in NSAM 132, signed February 19, 1962. His memorandum went to Fowler Hamilton, the administrator of AID. Kennedy said police assistance was a crucial element of the response to Communist “indirect aggression,” even though it could look marginal under criteria focused on sustained economic growth.",THE PROGRAM THAT DID NOT FIT DEVELOPMENT,shared_sources/source_gap_hunt/National Security Action Memorandum No. 132.extracted.txt,CURRENT_PART,NO,Sentence-level deterministic evidence mapping.
CLM-USAIDCIA-P01-004,AST-WRR-USAIDCIA-P01-X-THREAD-001-05,WRR-USAIDCIA-P01-X-THREAD-001,Kennedy warned that police programs could be neglected because they were a small part of AID.,Kennedy warned that police programs could be neglected because they were a small part of AID.,DOCUMENTED_FACT,SUPPORTED,DIRECT,2,"NSAM 132, signed February 19, 1962","I am further aware that police programs, as a relatively minor facet of the functions of the aid agency, may have tended to receive little emphasis as a result. Therefore, I would like you to consider various ways and means of giving the police program greater autonomy within AID, if this seems necessary in order to protect it from neglect",https://history.state.gov/historicaldocuments/frus1961-63v08/d72,"He also acknowledged a bureaucratic danger. Police programs were a relatively small part of the aid agency, he wrote, and could be neglected. He asked Hamilton to consider giving them greater autonomy and ordered AID to recommend new emphases through the Special Group (Counter-Insurgency).",THE PROGRAM THAT DID NOT FIT DEVELOPMENT,shared_sources/source_gap_hunt/National Security Action Memorandum No. 132.extracted.txt,CURRENT_PART,NO,Sentence-level deterministic evidence mapping.
CLM-USAIDCIA-P01-005,AST-WRR-USAIDCIA-P01-X-THREAD-001-06,WRR-USAIDCIA-P01-X-THREAD-001,Kennedy asked AID to review support for local police forces used for internal security and counterinsurgency.,Kennedy asked AID to review support for local police forces used for internal security and counterinsurgency.,DOCUMENTED_FACT,SUPPORTED,DIRECT,2,"NSAM 132, signed February 19, 1962","In sum, I should like AID to review carefully its role in the support of local police forces for internal security and counter- insurgency purposes, and to recommend to me through the Special Group (Counter-Insurgency) what new or renewed emphases are desirable",https://history.state.gov/historicaldocuments/frus1961-63v08/d72,,THE PROGRAM THAT DID NOT FIT DEVELOPMENT,shared_sources/source_gap_hunt/National Security Action Memorandum No. 132.extracted.txt,CURRENT_PART,NO,Sentence-level deterministic evidence mapping.
CLM-USAIDCIA-P01-001,AST-WRR-USAIDCIA-P01-X-THREAD-001-07,WRR-USAIDCIA-P01-X-THREAD-001,"NSAM 132 was dated February 19, 1962.",The careful conclusion: an overt AID center inside an interagency internal-security project—not proof that AID and CIA were identical.,STRONG_INFERENCE,INFERENCE_SUPPORTED,INFERENTIAL,2,"NSAM 132, signed February 19, 1962","Washington, February 19, 1962. TO The Honorable Fowler Hamilton The Administrator Agency for International Development SUBJECT",https://history.state.gov/historicaldocuments/frus1961-63v08/d72,"President John F. Kennedy addressed that tension directly in NSAM 132, signed February 19, 1962. His memorandum went to Fowler Hamilton, the administrator of AID. Kennedy said police assistance was a crucial element of the response to Communist “indirect aggression,” even though it could look marginal under criteria focused on sustained economic growth.",THE PROGRAM THAT DID NOT FIT DEVELOPMENT,shared_sources/source_gap_hunt/National Security Action Memorandum No. 132.extracted.txt,CURRENT_PART,YES,Synthetic language mapped to underlying claims.
CLM-USAIDCIA-P01-002,AST-WRR-USAIDCIA-P01-X-THREAD-001-07,WRR-USAIDCIA-P01-X-THREAD-001,Kennedy described police assistance as crucial to countering Communist indirect aggression.,The careful conclusion: an overt AID center inside an interagency internal-security project—not proof that AID and CIA were identical.,STRONG_INFERENCE,INFERENCE_SUPPORTED,INFERENTIAL,2,"NSAM 132, signed February 19, 1962","Police assistance programs, including those under the aegis of your agency, are also a crucial element in our response to this challenge",https://history.state.gov/historicaldocuments/frus1961-63v08/d72,"President John F. Kennedy addressed that tension directly in NSAM 132, signed February 19, 1962. His memorandum went to Fowler Hamilton, the administrator of AID. Kennedy said police assistance was a crucial element of the response to Communist “indirect aggression,” even though it could look marginal under criteria focused on sustained economic growth.",THE PROGRAM THAT DID NOT FIT DEVELOPMENT,shared_sources/source_gap_hunt/National Security Action Memorandum No. 132.extracted.txt,CURRENT_PART,YES,Synthetic language mapped to underlying claims.
CLM-USAIDCIA-P01-003,AST-WRR-USAIDCIA-P01-X-THREAD-001-07,WRR-USAIDCIA-P01-X-THREAD-001,Kennedy said police programs could appear marginal under economic-development criteria.,The careful conclusion: an overt AID center inside an interagency internal-security project—not proof that AID and CIA were identical.,STRONG_INFERENCE,INFERENCE_SUPPORTED,INFERENTIAL,2,"NSAM 132, signed February 19, 1962","I recognize that such programs may seem marginal in terms of focusing our energies on those key sectors which will contribute most to sustained economic growth. But I regard them as justified on a different though related basis, i.e., that of contributing to internal security and resisting Communist-supported insurgency",https://history.state.gov/historicaldocuments/frus1961-63v08/d72,"President John F. Kennedy addressed that tension directly in NSAM 132, signed February 19, 1962. His memorandum went to Fowler Hamilton, the administrator of AID. Kennedy said police assistance was a crucial element of the response to Communist “indirect aggression,” even though it could look marginal under criteria focused on sustained economic growth.",THE PROGRAM THAT DID NOT FIT DEVELOPMENT,shared_sources/source_gap_hunt/National Security Action Memorandum No. 132.extracted.txt,CURRENT_PART,YES,Synthetic language mapped to underlying claims.
CLM-USAIDCIA-P01-004,AST-WRR-USAIDCIA-P01-X-THREAD-001-07,WRR-USAIDCIA-P01-X-THREAD-001,Kennedy warned that police programs could be neglected because they were a small part of AID.,The careful conclusion: an overt AID center inside an interagency internal-security project—not proof that AID and CIA were identical.,STRONG_INFERENCE,INFERENCE_SUPPORTED,INFERENTIAL,2,"NSAM 132, signed February 19, 1962","I am further aware that police programs, as a relatively minor facet of the functions of the aid agency, may have tended to receive little emphasis as a result. Therefore, I would like you to consider various ways and means of giving the police program greater autonomy within AID, if this seems necessary in order to protect it from neglect",https://history.state.gov/historicaldocuments/frus1961-63v08/d72,"He also acknowledged a bureaucratic danger. Police programs were a relatively small part of the aid agency, he wrote, and could be neglected. He asked Hamilton to consider giving them greater autonomy and ordered AID to recommend new emphases through the Special Group (Counter-Insurgency).",THE PROGRAM THAT DID NOT FIT DEVELOPMENT,shared_sources/source_gap_hunt/National Security Action Memorandum No. 132.extracted.txt,CURRENT_PART,YES,Synthetic language mapped to underlying claims.
CLM-USAIDCIA-P01-001,AST-WRR-USAIDCIA-P01-X-THREAD-001-08,WRR-USAIDCIA-P01-X-THREAD-001,"NSAM 132 was dated February 19, 1962.",The documents are linked in Part 1.,STRONG_INFERENCE,INFERENCE_SUPPORTED,INFERENTIAL,2,"NSAM 132, signed February 19, 1962","Washington, February 19, 1962. TO The Honorable Fowler Hamilton The Administrator Agency for International Development SUBJECT",https://history.state.gov/historicaldocuments/frus1961-63v08/d72,"President John F. Kennedy addressed that tension directly in NSAM 132, signed February 19, 1962. His memorandum went to Fowler Hamilton, the administrator of AID. Kennedy said police assistance was a crucial element of the response to Communist “indirect aggression,” even though it could look marginal under criteria focused on sustained economic growth.",THE PROGRAM THAT DID NOT FIT DEVELOPMENT,shared_sources/source_gap_hunt/National Security Action Memorandum No. 132.extracted.txt,CURRENT_PART,YES,Synthetic language mapped to underlying claims.
CLM-USAIDCIA-P01-002,AST-WRR-USAIDCIA-P01-X-THREAD-001-08,WRR-USAIDCIA-P01-X-THREAD-001,Kennedy described police assistance as crucial to countering Communist indirect aggression.,The documents are linked in Part 1.,STRONG_INFERENCE,INFERENCE_SUPPORTED,INFERENTIAL,2,"NSAM 132, signed February 19, 1962","Police assistance programs, including those under the aegis of your agency, are also a crucial element in our response to this challenge",https://history.state.gov/historicaldocuments/frus1961-63v08/d72,"President John F. Kennedy addressed that tension directly in NSAM 132, signed February 19, 1962. His memorandum went to Fowler Hamilton, the administrator of AID. Kennedy said police assistance was a crucial element of the response to Communist “indirect aggression,” even though it could look marginal under criteria focused on sustained economic growth.",THE PROGRAM THAT DID NOT FIT DEVELOPMENT,shared_sources/source_gap_hunt/National Security Action Memorandum No. 132.extracted.txt,CURRENT_PART,YES,Synthetic language mapped to underlying claims.
CLM-USAIDCIA-P01-003,AST-WRR-USAIDCIA-P01-X-THREAD-001-08,WRR-USAIDCIA-P01-X-THREAD-001,Kennedy said police programs could appear marginal under economic-development criteria.,The documents are linked in Part 1.,STRONG_INFERENCE,INFERENCE_SUPPORTED,INFERENTIAL,2,"NSAM 132, signed February 19, 1962","I recognize that such programs may seem marginal in terms of focusing our energies on those key sectors which will contribute most to sustained economic growth. But I regard them as justified on a different though related basis, i.e., that of contributing to internal security and resisting Communist-supported insurgency",https://history.state.gov/historicaldocuments/frus1961-63v08/d72,"President John F. Kennedy addressed that tension directly in NSAM 132, signed February 19, 1962. His memorandum went to Fowler Hamilton, the administrator of AID. Kennedy said police assistance was a crucial element of the response to Communist “indirect aggression,” even though it could look marginal under criteria focused on sustained economic growth.",THE PROGRAM THAT DID NOT FIT DEVELOPMENT,shared_sources/source_gap_hunt/National Security Action Memorandum No. 132.extracted.txt,CURRENT_PART,YES,Synthetic language mapped to underlying claims.
CLM-USAIDCIA-P01-004,AST-WRR-USAIDCIA-P01-X-THREAD-001-08,WRR-USAIDCIA-P01-X-THREAD-001,Kennedy warned that police programs could be neglected because they were a small part of AID.,The documents are linked in Part 1.,STRONG_INFERENCE,INFERENCE_SUPPORTED,INFERENTIAL,2,"NSAM 132, signed February 19, 1962","I am further aware that police programs, as a relatively minor facet of the functions of the aid agency, may have tended to receive little emphasis as a result. Therefore, I would like you to consider various ways and means of giving the police program greater autonomy within AID, if this seems necessary in order to protect it from neglect",https://history.state.gov/historicaldocuments/frus1961-63v08/d72,"He also acknowledged a bureaucratic danger. Police programs were a relatively small part of the aid agency, he wrote, and could be neglected. He asked Hamilton to consider giving them greater autonomy and ordered AID to recommend new emphases through the Special Group (Counter-Insurgency).",THE PROGRAM THAT DID NOT FIT DEVELOPMENT,shared_sources/source_gap_hunt/National Security Action Memorandum No. 132.extracted.txt,CURRENT_PART,YES,Synthetic language mapped to underlying claims.
CLM-USAIDCIA-P01-001,AST-WRR-USAIDCIA-P01-X-IMAGE-001-01,WRR-USAIDCIA-P01-X-IMAGE-001,"NSAM 132 was dated February 19, 1962.","Follow four decisions across 1962, and a police system takes shape in plain sight.",DOCUMENTED_FACT,PARTIALLY_SUPPORTED,DIRECT,2,"NSAM 132, signed February 19, 1962","Washington, February 19, 1962. TO The Honorable Fowler Hamilton The Administrator Agency for International Development SUBJECT",https://history.state.gov/historicaldocuments/frus1961-63v08/d72,"President John F. Kennedy addressed that tension directly in NSAM 132, signed February 19, 1962. His memorandum went to Fowler Hamilton, the administrator of AID. Kennedy said police assistance was a crucial element of the response to Communist “indirect aggression,” even though it could look marginal under criteria focused on sustained economic growth.",THE PROGRAM THAT DID NOT FIT DEVELOPMENT,shared_sources/source_gap_hunt/National Security Action Memorandum No. 132.extracted.txt,CURRENT_PART,YES,Sentence-level deterministic evidence mapping.
CLM-USAIDCIA-P01-006,AST-WRR-USAIDCIA-P01-X-IMAGE-001-01,WRR-USAIDCIA-P01-X-IMAGE-001,"NSAM 162 was dated June 19, 1962.","Follow four decisions across 1962, and a police system takes shape in plain sight.",DOCUMENTED_FACT,PARTIALLY_SUPPORTED,DIRECT,3,NSAM 162,"Washington, June 19, 1962. TO",https://history.state.gov/historicaldocuments/frus1961-63v08/d91,"Four months later, NSAM 162 widened the frame. Its subject was the development of American and indigenous police, paramilitary and military resources. Police capacity was being discussed as one component of a larger overseas internal-defense system.",THE ARCHITECTURE TAKES SHAPE,shared_sources/source_gap_hunt/National Security Action Memorandum No. 162.extracted.txt,CURRENT_PART,YES,Sentence-level deterministic evidence mapping.
CLM-USAIDCIA-P01-010,AST-WRR-USAIDCIA-P01-X-IMAGE-001-01,WRR-USAIDCIA-P01-X-IMAGE-001,"The July 20, 1962 committee called police programs a neglected part of countering subversion and insurgency.","Follow four decisions across 1962, and a police system takes shape in plain sight.",DOCUMENTED_FACT,PARTIALLY_SUPPORTED,DIRECT,4,published Foreign Relations memorandum,the U.S. police assistance programs form a very important but neglected part of our intensified effort to help emerging nations counter subversion and insurgency,https://history.state.gov/historicaldocuments/frus1961-63v08/d99,"Then, on July 20, 1962, an interagency committee chaired through the State Department delivered its recommendations. The published Foreign Relations memorandum is short, but the Kennedy Library folder preserves the fuller report and the implementation papers that followed.",THE ARCHITECTURE TAKES SHAPE,shared_sources/source_gap_hunt/Memorandum From the Interagency Committee on Police Assistance Programs to President Kenne.extracted.txt,CURRENT_PART,YES,Sentence-level deterministic evidence mapping.
CLM-USAIDCIA-P01-001,AST-WRR-USAIDCIA-P01-X-IMAGE-001-02,WRR-USAIDCIA-P01-X-IMAGE-001,"NSAM 132 was dated February 19, 1962.","NSAM 132 was dated February 19, 1962.",DOCUMENTED_FACT,SUPPORTED,DIRECT,2,"NSAM 132, signed February 19, 1962","Washington, February 19, 1962. TO The Honorable Fowler Hamilton The Administrator Agency for International Development SUBJECT",https://history.state.gov/historicaldocuments/frus1961-63v08/d72,"President John F. Kennedy addressed that tension directly in NSAM 132, signed February 19, 1962. His memorandum went to Fowler Hamilton, the administrator of AID. Kennedy said police assistance was a crucial element of the response to Communist “indirect aggression,” even though it could look marginal under criteria focused on sustained economic growth.",THE PROGRAM THAT DID NOT FIT DEVELOPMENT,shared_sources/source_gap_hunt/National Security Action Memorandum No. 132.extracted.txt,CURRENT_PART,NO,Sentence-level deterministic evidence mapping.
CLM-USAIDCIA-P01-006,AST-WRR-USAIDCIA-P01-X-IMAGE-001-03,WRR-USAIDCIA-P01-X-IMAGE-001,"NSAM 162 was dated June 19, 1962.","NSAM 162 was dated June 19, 1962.",DOCUMENTED_FACT,SUPPORTED,DIRECT,3,NSAM 162,"Washington, June 19, 1962. TO",https://history.state.gov/historicaldocuments/frus1961-63v08/d91,"Four months later, NSAM 162 widened the frame. Its subject was the development of American and indigenous police, paramilitary and military resources. Police capacity was being discussed as one component of a larger overseas internal-defense system.",THE ARCHITECTURE TAKES SHAPE,shared_sources/source_gap_hunt/National Security Action Memorandum No. 162.extracted.txt,CURRENT_PART,NO,Sentence-level deterministic evidence mapping.
CLM-USAIDCIA-P01-001,AST-WRR-USAIDCIA-P01-X-IMAGE-001-04,WRR-USAIDCIA-P01-X-IMAGE-001,"NSAM 132 was dated February 19, 1962.",The documents are linked in Part 1.,STRONG_INFERENCE,INFERENCE_SUPPORTED,INFERENTIAL,2,"NSAM 132, signed February 19, 1962","Washington, February 19, 1962. TO The Honorable Fowler Hamilton The Administrator Agency for International Development SUBJECT",https://history.state.gov/historicaldocuments/frus1961-63v08/d72,"President John F. Kennedy addressed that tension directly in NSAM 132, signed February 19, 1962. His memorandum went to Fowler Hamilton, the administrator of AID. Kennedy said police assistance was a crucial element of the response to Communist “indirect aggression,” even though it could look marginal under criteria focused on sustained economic growth.",THE PROGRAM THAT DID NOT FIT DEVELOPMENT,shared_sources/source_gap_hunt/National Security Action Memorandum No. 132.extracted.txt,CURRENT_PART,YES,Synthetic language mapped to underlying claims.
CLM-USAIDCIA-P01-006,AST-WRR-USAIDCIA-P01-X-IMAGE-001-04,WRR-USAIDCIA-P01-X-IMAGE-001,"NSAM 162 was dated June 19, 1962.",The documents are linked in Part 1.,STRONG_INFERENCE,INFERENCE_SUPPORTED,INFERENTIAL,3,NSAM 162,"Washington, June 19, 1962. TO",https://history.state.gov/historicaldocuments/frus1961-63v08/d91,"Four months later, NSAM 162 widened the frame. Its subject was the development of American and indigenous police, paramilitary and military resources. Police capacity was being discussed as one component of a larger overseas internal-defense system.",THE ARCHITECTURE TAKES SHAPE,shared_sources/source_gap_hunt/National Security Action Memorandum No. 162.extracted.txt,CURRENT_PART,YES,Synthetic language mapped to underlying claims.
CLM-USAIDCIA-P01-010,AST-WRR-USAIDCIA-P01-X-IMAGE-001-04,WRR-USAIDCIA-P01-X-IMAGE-001,"The July 20, 1962 committee called police programs a neglected part of countering subversion and insurgency.",The documents are linked in Part 1.,STRONG_INFERENCE,INFERENCE_SUPPORTED,INFERENTIAL,4,published Foreign Relations memorandum,the U.S. police assistance programs form a very important but neglected part of our intensified effort to help emerging nations counter subversion and insurgency,https://history.state.gov/historicaldocuments/frus1961-63v08/d99,"Then, on July 20, 1962, an interagency committee chaired through the State Department delivered its recommendations. The published Foreign Relations memorandum is short, but the Kennedy Library folder preserves the fuller report and the implementation papers that followed.",THE ARCHITECTURE TAKES SHAPE,shared_sources/source_gap_hunt/Memorandum From the Interagency Committee on Police Assistance Programs to President Kenne.extracted.txt,CURRENT_PART,YES,Synthetic language mapped to underlying claims.
CLM-USAIDCIA-P01-002,AST-WRR-USAIDCIA-P01-X-IMAGE-002-01,WRR-USAIDCIA-P01-X-IMAGE-002,Kennedy described police assistance as crucial to countering Communist indirect aggression.,Why was a civilian aid agency being assigned a central role in overseas police assistance?,STRONG_INFERENCE,INFERENCE_SUPPORTED,INFERENTIAL,2,"NSAM 132, signed February 19, 1962","Police assistance programs, including those under the aegis of your agency, are also a crucial element in our response to this challenge",https://history.state.gov/historicaldocuments/frus1961-63v08/d72,"President John F. Kennedy addressed that tension directly in NSAM 132, signed February 19, 1962. His memorandum went to Fowler Hamilton, the administrator of AID. Kennedy said police assistance was a crucial element of the response to Communist “indirect aggression,” even though it could look marginal under criteria focused on sustained economic growth.",THE PROGRAM THAT DID NOT FIT DEVELOPMENT,shared_sources/source_gap_hunt/National Security Action Memorandum No. 132.extracted.txt,CURRENT_PART,YES,Synthetic language mapped to underlying claims.
CLM-USAIDCIA-P01-005,AST-WRR-USAIDCIA-P01-X-IMAGE-002-01,WRR-USAIDCIA-P01-X-IMAGE-002,Kennedy asked AID to review support for local police forces used for internal security and counterinsurgency.,Why was a civilian aid agency being assigned a central role in overseas police assistance?,STRONG_INFERENCE,INFERENCE_SUPPORTED,INFERENTIAL,2,"NSAM 132, signed February 19, 1962","In sum, I should like AID to review carefully its role in the support of local police forces for internal security and counter- insurgency purposes, and to recommend to me through the Special Group (Counter-Insurgency) what new or renewed emphases are desirable",https://history.state.gov/historicaldocuments/frus1961-63v08/d72,,THE PROGRAM THAT DID NOT FIT DEVELOPMENT,shared_sources/source_gap_hunt/National Security Action Memorandum No. 132.extracted.txt,CURRENT_PART,YES,Synthetic language mapped to underlying claims.
CLM-USAIDCIA-P01-007,AST-WRR-USAIDCIA-P01-X-IMAGE-002-01,WRR-USAIDCIA-P01-X-IMAGE-002,"NSAM 162 called for country plans combining military, police, intelligence and psychological measures.",Why was a civilian aid agency being assigned a central role in overseas police assistance?,STRONG_INFERENCE,INFERENCE_SUPPORTED,INFERENTIAL,3,NSAM 162,"These plans will include the military, police, intelligence and psychological measures comprising a well rounded internal defense plan and will be consistent with the military, economic, political and social measures constituting the overall country plan",https://history.state.gov/historicaldocuments/frus1961-63v08/d91,"Four months later, NSAM 162 widened the frame. Its subject was the development of American and indigenous police, paramilitary and military resources. Police capacity was being discussed as one component of a larger overseas internal-defense system.",THE ARCHITECTURE TAKES SHAPE,shared_sources/source_gap_hunt/National Security Action Memorandum No. 162.extracted.txt,CURRENT_PART,YES,Synthetic language mapped to underlying claims.
CLM-USAIDCIA-P01-002,AST-WRR-USAIDCIA-P01-X-IMAGE-002-02,WRR-USAIDCIA-P01-X-IMAGE-002,Kennedy described police assistance as crucial to countering Communist indirect aggression.,Kennedy described police assistance as crucial to countering Communist indirect aggression.,DOCUMENTED_FACT,SUPPORTED,DIRECT,2,"NSAM 132, signed February 19, 1962","Police assistance programs, including those under the aegis of your agency, are also a crucial element in our response to this challenge",https://history.state.gov/historicaldocuments/frus1961-63v08/d72,"President John F. Kennedy addressed that tension directly in NSAM 132, signed February 19, 1962. His memorandum went to Fowler Hamilton, the administrator of AID. Kennedy said police assistance was a crucial element of the response to Communist “indirect aggression,” even though it could look marginal under criteria focused on sustained economic growth.",THE PROGRAM THAT DID NOT FIT DEVELOPMENT,shared_sources/source_gap_hunt/National Security Action Memorandum No. 132.extracted.txt,CURRENT_PART,NO,Sentence-level deterministic evidence mapping.
CLM-USAIDCIA-P01-012,AST-WRR-USAIDCIA-P01-X-IMAGE-003-01,WRR-USAIDCIA-P01-X-IMAGE-003,The committee reported that FY1958 AID police programs in 21 countries cost about $14 million.,The committee reported that FY1958 AID police programs in 21 countries cost about $14 million.,DOCUMENTED_FACT,SUPPORTED,DIRECT,4,published Foreign Relations memorandum,"in the peak year of FY 1958 the cost of AID programs in 21 countries, involving 690,000 police, totaled only about $14,000,000",https://history.state.gov/historicaldocuments/frus1961-63v08/d99,"AID would also create professional capacity that the scattered programs lacked. The committee called for better recruitment and training of American police advisers, more systematic evaluations, faster delivery of equipment and a government-managed international police academy.",THE ARCHITECTURE TAKES SHAPE,shared_sources/source_gap_hunt/Memorandum From the Interagency Committee on Police Assistance Programs to President Kenne.extracted.txt,CURRENT_PART,NO,Sentence-level deterministic evidence mapping.
CLM-USAIDCIA-P01-013,AST-WRR-USAIDCIA-P01-X-IMAGE-003-02,WRR-USAIDCIA-P01-X-IMAGE-003,The committee reported that FY1958 Defense police programs cost $5.8 million in five countries.,The committee reported that FY1958 Defense police programs cost $5.8 million in five countries.,DOCUMENTED_FACT,SUPPORTED,DIRECT,4,published Foreign Relations memorandum,"In that year, DOD programs ran $5,800,000 in 5 countries",https://history.state.gov/historicaldocuments/frus1961-63v08/d99,"The secretary of State would provide general policy guidance on internal-defense matters. AID's administrator, already the coordinator of American aid programs, would provide vigorous leadership across police-assistance programs. The Defense Department would retain programs selected for military handling. An interagency police group would help coordinate the system.",THE ARCHITECTURE TAKES SHAPE,shared_sources/source_gap_hunt/Memorandum From the Interagency Committee on Police Assistance Programs to President Kenne.extracted.txt,CURRENT_PART,NO,Sentence-level deterministic evidence mapping.
CLM-USAIDCIA-P01-007,AST-WRR-USAIDCIA-P01-SUB-NOTE-001-01,WRR-USAIDCIA-P01-SUB-NOTE-001,"NSAM 162 called for country plans combining military, police, intelligence and psychological measures.","The important connection was administrative, explicit and interagency.",STRONG_INFERENCE,INFERENCE_SUPPORTED,INFERENTIAL,3,NSAM 162,"These plans will include the military, police, intelligence and psychological measures comprising a well rounded internal defense plan and will be consistent with the military, economic, political and social measures constituting the overall country plan",https://history.state.gov/historicaldocuments/frus1961-63v08/d91,"Four months later, NSAM 162 widened the frame. Its subject was the development of American and indigenous police, paramilitary and military resources. Police capacity was being discussed as one component of a larger overseas internal-defense system.",THE ARCHITECTURE TAKES SHAPE,shared_sources/source_gap_hunt/National Security Action Memorandum No. 162.extracted.txt,CURRENT_PART,YES,Synthetic language mapped to underlying claims.
CLM-USAIDCIA-P01-008,AST-WRR-USAIDCIA-P01-SUB-NOTE-001-01,WRR-USAIDCIA-P01-SUB-NOTE-001,NSAM 162 directed CIA and AID to maintain personnel with paramilitary skills for crisis areas.,"The important connection was administrative, explicit and interagency.",STRONG_INFERENCE,INFERENCE_SUPPORTED,INFERENTIAL,3,NSAM 162,CIA and AID will take action to insure that adequate qualified personnel with paramilitary skills are available. Periodic reports of progress to achieve this objective will be submitted to the Special Group (Counterinsurgency) by CIA and AID,https://history.state.gov/historicaldocuments/frus1961-63v08/d91,"CIA was not absent from the architecture. The director of Central Intelligence received NSAM 177 alongside State, Defense, Justice and AID. Yet receiving the memorandum is not the same as owning every program it created. To understand CIA's operational role, we need the records that describe actual liaison, training and recruitment—not a slogan imposed on a document.",THE ORDER WITH THE EXCEPTION,shared_sources/source_gap_hunt/National Security Action Memorandum No. 162.extracted.txt,CURRENT_PART,YES,Synthetic language mapped to underlying claims.
CLM-USAIDCIA-P01-009,AST-WRR-USAIDCIA-P01-SUB-NOTE-001-01,WRR-USAIDCIA-P01-SUB-NOTE-001,NSAM 162 directed CIA to expand training and support for indigenous intelligence organizations.,"The important connection was administrative, explicit and interagency.",STRONG_INFERENCE,INFERENCE_SUPPORTED,INFERENTIAL,3,NSAM 162,"Therefore, the CIA will expand its present training and support efforts to achieve needed improvements in indigenous intelligence organizations and that other U.S. agencies contribute to this CIA coordinated program",https://history.state.gov/historicaldocuments/frus1961-63v08/d91,"CIA was not absent from the architecture. The director of Central Intelligence received NSAM 177 alongside State, Defense, Justice and AID. Yet receiving the memorandum is not the same as owning every program it created. To understand CIA's operational role, we need the records that describe actual liaison, training and recruitment—not a slogan imposed on a document.",THE ORDER WITH THE EXCEPTION,shared_sources/source_gap_hunt/National Security Action Memorandum No. 162.extracted.txt,CURRENT_PART,YES,Synthetic language mapped to underlying claims.
CLM-USAIDCIA-P01-007,AST-WRR-USAIDCIA-P01-SUB-NOTE-001-02,WRR-USAIDCIA-P01-SUB-NOTE-001,"NSAM 162 called for country plans combining military, police, intelligence and psychological measures.","NSAM 162 called for country plans combining military, police, intelligence and psychological measures.",DOCUMENTED_FACT,SUPPORTED,DIRECT,3,NSAM 162,"These plans will include the military, police, intelligence and psychological measures comprising a well rounded internal defense plan and will be consistent with the military, economic, political and social measures constituting the overall country plan",https://history.state.gov/historicaldocuments/frus1961-63v08/d91,"Four months later, NSAM 162 widened the frame. Its subject was the development of American and indigenous police, paramilitary and military resources. Police capacity was being discussed as one component of a larger overseas internal-defense system.",THE ARCHITECTURE TAKES SHAPE,shared_sources/source_gap_hunt/National Security Action Memorandum No. 162.extracted.txt,CURRENT_PART,NO,Sentence-level deterministic evidence mapping.
CLM-USAIDCIA-P01-008,AST-WRR-USAIDCIA-P01-SUB-NOTE-001-03,WRR-USAIDCIA-P01-SUB-NOTE-001,NSAM 162 directed CIA and AID to maintain personnel with paramilitary skills for crisis areas.,NSAM 162 directed CIA and AID to maintain personnel with paramilitary skills for crisis areas.,DOCUMENTED_FACT,SUPPORTED,DIRECT,3,NSAM 162,CIA and AID will take action to insure that adequate qualified personnel with paramilitary skills are available. Periodic reports of progress to achieve this objective will be submitted to the Special Group (Counterinsurgency) by CIA and AID,https://history.state.gov/historicaldocuments/frus1961-63v08/d91,"CIA was not absent from the architecture. The director of Central Intelligence received NSAM 177 alongside State, Defense, Justice and AID. Yet receiving the memorandum is not the same as owning every program it created. To understand CIA's operational role, we need the records that describe actual liaison, training and recruitment—not a slogan imposed on a document.",THE ORDER WITH THE EXCEPTION,shared_sources/source_gap_hunt/National Security Action Memorandum No. 162.extracted.txt,CURRENT_PART,NO,Sentence-level deterministic evidence mapping.
CLM-USAIDCIA-P01-009,AST-WRR-USAIDCIA-P01-SUB-NOTE-001-04,WRR-USAIDCIA-P01-SUB-NOTE-001,NSAM 162 directed CIA to expand training and support for indigenous intelligence organizations.,NSAM 162 directed CIA to expand training and support for indigenous intelligence organizations.,DOCUMENTED_FACT,SUPPORTED,DIRECT,3,NSAM 162,"Therefore, the CIA will expand its present training and support efforts to achieve needed improvements in indigenous intelligence organizations and that other U.S. agencies contribute to this CIA coordinated program",https://history.state.gov/historicaldocuments/frus1961-63v08/d91,"CIA was not absent from the architecture. The director of Central Intelligence received NSAM 177 alongside State, Defense, Justice and AID. Yet receiving the memorandum is not the same as owning every program it created. To understand CIA's operational role, we need the records that describe actual liaison, training and recruitment—not a slogan imposed on a document.",THE ORDER WITH THE EXCEPTION,shared_sources/source_gap_hunt/National Security Action Memorandum No. 162.extracted.txt,CURRENT_PART,NO,Sentence-level deterministic evidence mapping.
CLM-USAIDCIA-P01-007,AST-WRR-USAIDCIA-P01-SUB-NOTE-001-05,WRR-USAIDCIA-P01-SUB-NOTE-001,"NSAM 162 called for country plans combining military, police, intelligence and psychological measures.",The interesting question is not whether the memo exists.,STRONG_INFERENCE,INFERENCE_SUPPORTED,INFERENTIAL,3,NSAM 162,"These plans will include the military, police, intelligence and psychological measures comprising a well rounded internal defense plan and will be consistent with the military, economic, political and social measures constituting the overall country plan",https://history.state.gov/historicaldocuments/frus1961-63v08/d91,"Four months later, NSAM 162 widened the frame. Its subject was the development of American and indigenous police, paramilitary and military resources. Police capacity was being discussed as one component of a larger overseas internal-defense system.",THE ARCHITECTURE TAKES SHAPE,shared_sources/source_gap_hunt/National Security Action Memorandum No. 162.extracted.txt,CURRENT_PART,YES,Synthetic language mapped to underlying claims.
CLM-USAIDCIA-P01-008,AST-WRR-USAIDCIA-P01-SUB-NOTE-001-05,WRR-USAIDCIA-P01-SUB-NOTE-001,NSAM 162 directed CIA and AID to maintain personnel with paramilitary skills for crisis areas.,The interesting question is not whether the memo exists.,STRONG_INFERENCE,INFERENCE_SUPPORTED,INFERENTIAL,3,NSAM 162,CIA and AID will take action to insure that adequate qualified personnel with paramilitary skills are available. Periodic reports of progress to achieve this objective will be submitted to the Special Group (Counterinsurgency) by CIA and AID,https://history.state.gov/historicaldocuments/frus1961-63v08/d91,"CIA was not absent from the architecture. The director of Central Intelligence received NSAM 177 alongside State, Defense, Justice and AID. Yet receiving the memorandum is not the same as owning every program it created. To understand CIA's operational role, we need the records that describe actual liaison, training and recruitment—not a slogan imposed on a document.",THE ORDER WITH THE EXCEPTION,shared_sources/source_gap_hunt/National Security Action Memorandum No. 162.extracted.txt,CURRENT_PART,YES,Synthetic language mapped to underlying claims.
CLM-USAIDCIA-P01-009,AST-WRR-USAIDCIA-P01-SUB-NOTE-001-05,WRR-USAIDCIA-P01-SUB-NOTE-001,NSAM 162 directed CIA to expand training and support for indigenous intelligence organizations.,The interesting question is not whether the memo exists.,STRONG_INFERENCE,INFERENCE_SUPPORTED,INFERENTIAL,3,NSAM 162,"Therefore, the CIA will expand its present training and support efforts to achieve needed improvements in indigenous intelligence organizations and that other U.S. agencies contribute to this CIA coordinated program",https://history.state.gov/historicaldocuments/frus1961-63v08/d91,"CIA was not absent from the architecture. The director of Central Intelligence received NSAM 177 alongside State, Defense, Justice and AID. Yet receiving the memorandum is not the same as owning every program it created. To understand CIA's operational role, we need the records that describe actual liaison, training and recruitment—not a slogan imposed on a document.",THE ORDER WITH THE EXCEPTION,shared_sources/source_gap_hunt/National Security Action Memorandum No. 162.extracted.txt,CURRENT_PART,YES,Synthetic language mapped to underlying claims.
CLM-USAIDCIA-P01-007,AST-WRR-USAIDCIA-P01-SUB-NOTE-001-06,WRR-USAIDCIA-P01-SUB-NOTE-001,"NSAM 162 called for country plans combining military, police, intelligence and psychological measures.",It is why this mission was placed inside the aid system—and where policymakers drew the covert boundary.,STRONG_INFERENCE,INFERENCE_SUPPORTED,INFERENTIAL,3,NSAM 162,"These plans will include the military, police, intelligence and psychological measures comprising a well rounded internal defense plan and will be consistent with the military, economic, political and social measures constituting the overall country plan",https://history.state.gov/historicaldocuments/frus1961-63v08/d91,"Four months later, NSAM 162 widened the frame. Its subject was the development of American and indigenous police, paramilitary and military resources. Police capacity was being discussed as one component of a larger overseas internal-defense system.",THE ARCHITECTURE TAKES SHAPE,shared_sources/source_gap_hunt/National Security Action Memorandum No. 162.extracted.txt,CURRENT_PART,YES,Synthetic language mapped to underlying claims.
CLM-USAIDCIA-P01-008,AST-WRR-USAIDCIA-P01-SUB-NOTE-001-06,WRR-USAIDCIA-P01-SUB-NOTE-001,NSAM 162 directed CIA and AID to maintain personnel with paramilitary skills for crisis areas.,It is why this mission was placed inside the aid system—and where policymakers drew the covert boundary.,STRONG_INFERENCE,INFERENCE_SUPPORTED,INFERENTIAL,3,NSAM 162,CIA and AID will take action to insure that adequate qualified personnel with paramilitary skills are available. Periodic reports of progress to achieve this objective will be submitted to the Special Group (Counterinsurgency) by CIA and AID,https://history.state.gov/historicaldocuments/frus1961-63v08/d91,"CIA was not absent from the architecture. The director of Central Intelligence received NSAM 177 alongside State, Defense, Justice and AID. Yet receiving the memorandum is not the same as owning every program it created. To understand CIA's operational role, we need the records that describe actual liaison, training and recruitment—not a slogan imposed on a document.",THE ORDER WITH THE EXCEPTION,shared_sources/source_gap_hunt/National Security Action Memorandum No. 162.extracted.txt,CURRENT_PART,YES,Synthetic language mapped to underlying claims.
CLM-USAIDCIA-P01-009,AST-WRR-USAIDCIA-P01-SUB-NOTE-001-06,WRR-USAIDCIA-P01-SUB-NOTE-001,NSAM 162 directed CIA to expand training and support for indigenous intelligence organizations.,It is why this mission was placed inside the aid system—and where policymakers drew the covert boundary.,STRONG_INFERENCE,INFERENCE_SUPPORTED,INFERENTIAL,3,NSAM 162,"Therefore, the CIA will expand its present training and support efforts to achieve needed improvements in indigenous intelligence organizations and that other U.S. agencies contribute to this CIA coordinated program",https://history.state.gov/historicaldocuments/frus1961-63v08/d91,"CIA was not absent from the architecture. The director of Central Intelligence received NSAM 177 alongside State, Defense, Justice and AID. Yet receiving the memorandum is not the same as owning every program it created. To understand CIA's operational role, we need the records that describe actual liaison, training and recruitment—not a slogan imposed on a document.",THE ORDER WITH THE EXCEPTION,shared_sources/source_gap_hunt/National Security Action Memorandum No. 162.extracted.txt,CURRENT_PART,YES,Synthetic language mapped to underlying claims.
CLM-USAIDCIA-P01-003,AST-WRR-USAIDCIA-P01-SUB-NOTE-002-01,WRR-USAIDCIA-P01-SUB-NOTE-002,Kennedy said police programs could appear marginal under economic-development criteria.,The ordinary explanation is reasonable: stable civilian policing could support development.,STRONG_INFERENCE,INFERENCE_SUPPORTED,INFERENTIAL,2,"NSAM 132, signed February 19, 1962","I recognize that such programs may seem marginal in terms of focusing our energies on those key sectors which will contribute most to sustained economic growth. But I regard them as justified on a different though related basis, i.e., that of contributing to internal security and resisting Communist-supported insurgency",https://history.state.gov/historicaldocuments/frus1961-63v08/d72,"President John F. Kennedy addressed that tension directly in NSAM 132, signed February 19, 1962. His memorandum went to Fowler Hamilton, the administrator of AID. Kennedy said police assistance was a crucial element of the response to Communist “indirect aggression,” even though it could look marginal under criteria focused on sustained economic growth.",THE PROGRAM THAT DID NOT FIT DEVELOPMENT,shared_sources/source_gap_hunt/National Security Action Memorandum No. 132.extracted.txt,CURRENT_PART,YES,Synthetic language mapped to underlying claims.
CLM-USAIDCIA-P01-004,AST-WRR-USAIDCIA-P01-SUB-NOTE-002-01,WRR-USAIDCIA-P01-SUB-NOTE-002,Kennedy warned that police programs could be neglected because they were a small part of AID.,The ordinary explanation is reasonable: stable civilian policing could support development.,STRONG_INFERENCE,INFERENCE_SUPPORTED,INFERENTIAL,2,"NSAM 132, signed February 19, 1962","I am further aware that police programs, as a relatively minor facet of the functions of the aid agency, may have tended to receive little emphasis as a result. Therefore, I would like you to consider various ways and means of giving the police program greater autonomy within AID, if this seems necessary in order to protect it from neglect",https://history.state.gov/historicaldocuments/frus1961-63v08/d72,"He also acknowledged a bureaucratic danger. Police programs were a relatively small part of the aid agency, he wrote, and could be neglected. He asked Hamilton to consider giving them greater autonomy and ordered AID to recommend new emphases through the Special Group (Counter-Insurgency).",THE PROGRAM THAT DID NOT FIT DEVELOPMENT,shared_sources/source_gap_hunt/National Security Action Memorandum No. 132.extracted.txt,CURRENT_PART,YES,Synthetic language mapped to underlying claims.
CLM-USAIDCIA-P01-010,AST-WRR-USAIDCIA-P01-SUB-NOTE-002-01,WRR-USAIDCIA-P01-SUB-NOTE-002,"The July 20, 1962 committee called police programs a neglected part of countering subversion and insurgency.",The ordinary explanation is reasonable: stable civilian policing could support development.,STRONG_INFERENCE,INFERENCE_SUPPORTED,INFERENTIAL,4,published Foreign Relations memorandum,the U.S. police assistance programs form a very important but neglected part of our intensified effort to help emerging nations counter subversion and insurgency,https://history.state.gov/historicaldocuments/frus1961-63v08/d99,"Then, on July 20, 1962, an interagency committee chaired through the State Department delivered its recommendations. The published Foreign Relations memorandum is short, but the Kennedy Library folder preserves the fuller report and the implementation papers that followed.",THE ARCHITECTURE TAKES SHAPE,shared_sources/source_gap_hunt/Memorandum From the Interagency Committee on Police Assistance Programs to President Kenne.extracted.txt,CURRENT_PART,YES,Synthetic language mapped to underlying claims.
CLM-USAIDCIA-P01-003,AST-WRR-USAIDCIA-P01-SUB-NOTE-002-02,WRR-USAIDCIA-P01-SUB-NOTE-002,Kennedy said police programs could appear marginal under economic-development criteria.,The record adds another purpose.,STRONG_INFERENCE,INFERENCE_SUPPORTED,INFERENTIAL,2,"NSAM 132, signed February 19, 1962","I recognize that such programs may seem marginal in terms of focusing our energies on those key sectors which will contribute most to sustained economic growth. But I regard them as justified on a different though related basis, i.e., that of contributing to internal security and resisting Communist-supported insurgency",https://history.state.gov/historicaldocuments/frus1961-63v08/d72,"President John F. Kennedy addressed that tension directly in NSAM 132, signed February 19, 1962. His memorandum went to Fowler Hamilton, the administrator of AID. Kennedy said police assistance was a crucial element of the response to Communist “indirect aggression,” even though it could look marginal under criteria focused on sustained economic growth.",THE PROGRAM THAT DID NOT FIT DEVELOPMENT,shared_sources/source_gap_hunt/National Security Action Memorandum No. 132.extracted.txt,CURRENT_PART,YES,Synthetic language mapped to underlying claims.
CLM-USAIDCIA-P01-004,AST-WRR-USAIDCIA-P01-SUB-NOTE-002-02,WRR-USAIDCIA-P01-SUB-NOTE-002,Kennedy warned that police programs could be neglected because they were a small part of AID.,The record adds another purpose.,STRONG_INFERENCE,INFERENCE_SUPPORTED,INFERENTIAL,2,"NSAM 132, signed February 19, 1962","I am further aware that police programs, as a relatively minor facet of the functions of the aid agency, may have tended to receive little emphasis as a result. Therefore, I would like you to consider various ways and means of giving the police program greater autonomy within AID, if this seems necessary in order to protect it from neglect",https://history.state.gov/historicaldocuments/frus1961-63v08/d72,"He also acknowledged a bureaucratic danger. Police programs were a relatively small part of the aid agency, he wrote, and could be neglected. He asked Hamilton to consider giving them greater autonomy and ordered AID to recommend new emphases through the Special Group (Counter-Insurgency).",THE PROGRAM THAT DID NOT FIT DEVELOPMENT,shared_sources/source_gap_hunt/National Security Action Memorandum No. 132.extracted.txt,CURRENT_PART,YES,Synthetic language mapped to underlying claims.
CLM-USAIDCIA-P01-010,AST-WRR-USAIDCIA-P01-SUB-NOTE-002-02,WRR-USAIDCIA-P01-SUB-NOTE-002,"The July 20, 1962 committee called police programs a neglected part of countering subversion and insurgency.",The record adds another purpose.,STRONG_INFERENCE,INFERENCE_SUPPORTED,INFERENTIAL,4,published Foreign Relations memorandum,the U.S. police assistance programs form a very important but neglected part of our intensified effort to help emerging nations counter subversion and insurgency,https://history.state.gov/historicaldocuments/frus1961-63v08/d99,"Then, on July 20, 1962, an interagency committee chaired through the State Department delivered its recommendations. The published Foreign Relations memorandum is short, but the Kennedy Library folder preserves the fuller report and the implementation papers that followed.",THE ARCHITECTURE TAKES SHAPE,shared_sources/source_gap_hunt/Memorandum From the Interagency Committee on Police Assistance Programs to President Kenne.extracted.txt,CURRENT_PART,YES,Synthetic language mapped to underlying claims.
CLM-USAIDCIA-P01-003,AST-WRR-USAIDCIA-P01-SUB-NOTE-002-03,WRR-USAIDCIA-P01-SUB-NOTE-002,Kennedy said police programs could appear marginal under economic-development criteria.,Kennedy said police programs could appear marginal under economic-development criteria.,DOCUMENTED_FACT,SUPPORTED,DIRECT,2,"NSAM 132, signed February 19, 1962","I recognize that such programs may seem marginal in terms of focusing our energies on those key sectors which will contribute most to sustained economic growth. But I regard them as justified on a different though related basis, i.e., that of contributing to internal security and resisting Communist-supported insurgency",https://history.state.gov/historicaldocuments/frus1961-63v08/d72,"President John F. Kennedy addressed that tension directly in NSAM 132, signed February 19, 1962. His memorandum went to Fowler Hamilton, the administrator of AID. Kennedy said police assistance was a crucial element of the response to Communist “indirect aggression,” even though it could look marginal under criteria focused on sustained economic growth.",THE PROGRAM THAT DID NOT FIT DEVELOPMENT,shared_sources/source_gap_hunt/National Security Action Memorandum No. 132.extracted.txt,CURRENT_PART,NO,Sentence-level deterministic evidence mapping.
CLM-USAIDCIA-P01-004,AST-WRR-USAIDCIA-P01-SUB-NOTE-002-04,WRR-USAIDCIA-P01-SUB-NOTE-002,Kennedy warned that police programs could be neglected because they were a small part of AID.,Kennedy warned that police programs could be neglected because they were a small part of AID.,DOCUMENTED_FACT,SUPPORTED,DIRECT,2,"NSAM 132, signed February 19, 1962","I am further aware that police programs, as a relatively minor facet of the functions of the aid agency, may have tended to receive little emphasis as a result. Therefore, I would like you to consider various ways and means of giving the police program greater autonomy within AID, if this seems necessary in order to protect it from neglect",https://history.state.gov/historicaldocuments/frus1961-63v08/d72,"He also acknowledged a bureaucratic danger. Police programs were a relatively small part of the aid agency, he wrote, and could be neglected. He asked Hamilton to consider giving them greater autonomy and ordered AID to recommend new emphases through the Special Group (Counter-Insurgency).",THE PROGRAM THAT DID NOT FIT DEVELOPMENT,shared_sources/source_gap_hunt/National Security Action Memorandum No. 132.extracted.txt,CURRENT_PART,NO,Sentence-level deterministic evidence mapping.
CLM-USAIDCIA-P01-010,AST-WRR-USAIDCIA-P01-SUB-NOTE-002-05,WRR-USAIDCIA-P01-SUB-NOTE-002,"The July 20, 1962 committee called police programs a neglected part of countering subversion and insurgency.","The July 20, 1962 committee called police programs a neglected part of countering subversion and insurgency.",DOCUMENTED_FACT,SUPPORTED,DIRECT,4,published Foreign Relations memorandum,the U.S. police assistance programs form a very important but neglected part of our intensified effort to help emerging nations counter subversion and insurgency,https://history.state.gov/historicaldocuments/frus1961-63v08/d99,"Then, on July 20, 1962, an interagency committee chaired through the State Department delivered its recommendations. The published Foreign Relations memorandum is short, but the Kennedy Library folder preserves the fuller report and the implementation papers that followed.",THE ARCHITECTURE TAKES SHAPE,shared_sources/source_gap_hunt/Memorandum From the Interagency Committee on Police Assistance Programs to President Kenne.extracted.txt,CURRENT_PART,NO,Sentence-level deterministic evidence mapping.
CLM-USAIDCIA-P01-003,AST-WRR-USAIDCIA-P01-SUB-NOTE-002-06,WRR-USAIDCIA-P01-SUB-NOTE-002,Kennedy said police programs could appear marginal under economic-development criteria.,The interesting question is not whether the memo exists.,STRONG_INFERENCE,INFERENCE_SUPPORTED,INFERENTIAL,2,"NSAM 132, signed February 19, 1962","I recognize that such programs may seem marginal in terms of focusing our energies on those key sectors which will contribute most to sustained economic growth. But I regard them as justified on a different though related basis, i.e., that of contributing to internal security and resisting Communist-supported insurgency",https://history.state.gov/historicaldocuments/frus1961-63v08/d72,"President John F. Kennedy addressed that tension directly in NSAM 132, signed February 19, 1962. His memorandum went to Fowler Hamilton, the administrator of AID. Kennedy said police assistance was a crucial element of the response to Communist “indirect aggression,” even though it could look marginal under criteria focused on sustained economic growth.",THE PROGRAM THAT DID NOT FIT DEVELOPMENT,shared_sources/source_gap_hunt/National Security Action Memorandum No. 132.extracted.txt,CURRENT_PART,YES,Synthetic language mapped to underlying claims.
CLM-USAIDCIA-P01-004,AST-WRR-USAIDCIA-P01-SUB-NOTE-002-06,WRR-USAIDCIA-P01-SUB-NOTE-002,Kennedy warned that police programs could be neglected because they were a small part of AID.,The interesting question is not whether the memo exists.,STRONG_INFERENCE,INFERENCE_SUPPORTED,INFERENTIAL,2,"NSAM 132, signed February 19, 1962","I am further aware that police programs, as a relatively minor facet of the functions of the aid agency, may have tended to receive little emphasis as a result. Therefore, I would like you to consider various ways and means of giving the police program greater autonomy within AID, if this seems necessary in order to protect it from neglect",https://history.state.gov/historicaldocuments/frus1961-63v08/d72,"He also acknowledged a bureaucratic danger. Police programs were a relatively small part of the aid agency, he wrote, and could be neglected. He asked Hamilton to consider giving them greater autonomy and ordered AID to recommend new emphases through the Special Group (Counter-Insurgency).",THE PROGRAM THAT DID NOT FIT DEVELOPMENT,shared_sources/source_gap_hunt/National Security Action Memorandum No. 132.extracted.txt,CURRENT_PART,YES,Synthetic language mapped to underlying claims.
CLM-USAIDCIA-P01-010,AST-WRR-USAIDCIA-P01-SUB-NOTE-002-06,WRR-USAIDCIA-P01-SUB-NOTE-002,"The July 20, 1962 committee called police programs a neglected part of countering subversion and insurgency.",The interesting question is not whether the memo exists.,STRONG_INFERENCE,INFERENCE_SUPPORTED,INFERENTIAL,4,published Foreign Relations memorandum,the U.S. police assistance programs form a very important but neglected part of our intensified effort to help emerging nations counter subversion and insurgency,https://history.state.gov/historicaldocuments/frus1961-63v08/d99,"Then, on July 20, 1962, an interagency committee chaired through the State Department delivered its recommendations. The published Foreign Relations memorandum is short, but the Kennedy Library folder preserves the fuller report and the implementation papers that followed.",THE ARCHITECTURE TAKES SHAPE,shared_sources/source_gap_hunt/Memorandum From the Interagency Committee on Police Assistance Programs to President Kenne.extracted.txt,CURRENT_PART,YES,Synthetic language mapped to underlying claims.
CLM-USAIDCIA-P01-003,AST-WRR-USAIDCIA-P01-SUB-NOTE-002-07,WRR-USAIDCIA-P01-SUB-NOTE-002,Kennedy said police programs could appear marginal under economic-development criteria.,It is why this mission was placed inside the aid system—and where policymakers drew the covert boundary.,STRONG_INFERENCE,INFERENCE_SUPPORTED,INFERENTIAL,2,"NSAM 132, signed February 19, 1962","I recognize that such programs may seem marginal in terms of focusing our energies on those key sectors which will contribute most to sustained economic growth. But I regard them as justified on a different though related basis, i.e., that of contributing to internal security and resisting Communist-supported insurgency",https://history.state.gov/historicaldocuments/frus1961-63v08/d72,"President John F. Kennedy addressed that tension directly in NSAM 132, signed February 19, 1962. His memorandum went to Fowler Hamilton, the administrator of AID. Kennedy said police assistance was a crucial element of the response to Communist “indirect aggression,” even though it could look marginal under criteria focused on sustained economic growth.",THE PROGRAM THAT DID NOT FIT DEVELOPMENT,shared_sources/source_gap_hunt/National Security Action Memorandum No. 132.extracted.txt,CURRENT_PART,YES,Synthetic language mapped to underlying claims.
CLM-USAIDCIA-P01-004,AST-WRR-USAIDCIA-P01-SUB-NOTE-002-07,WRR-USAIDCIA-P01-SUB-NOTE-002,Kennedy warned that police programs could be neglected because they were a small part of AID.,It is why this mission was placed inside the aid system—and where policymakers drew the covert boundary.,STRONG_INFERENCE,INFERENCE_SUPPORTED,INFERENTIAL,2,"NSAM 132, signed February 19, 1962","I am further aware that police programs, as a relatively minor facet of the functions of the aid agency, may have tended to receive little emphasis as a result. Therefore, I would like you to consider various ways and means of giving the police program greater autonomy within AID, if this seems necessary in order to protect it from neglect",https://history.state.gov/historicaldocuments/frus1961-63v08/d72,"He also acknowledged a bureaucratic danger. Police programs were a relatively small part of the aid agency, he wrote, and could be neglected. He asked Hamilton to consider giving them greater autonomy and ordered AID to recommend new emphases through the Special Group (Counter-Insurgency).",THE PROGRAM THAT DID NOT FIT DEVELOPMENT,shared_sources/source_gap_hunt/National Security Action Memorandum No. 132.extracted.txt,CURRENT_PART,YES,Synthetic language mapped to underlying claims.
CLM-USAIDCIA-P01-010,AST-WRR-USAIDCIA-P01-SUB-NOTE-002-07,WRR-USAIDCIA-P01-SUB-NOTE-002,"The July 20, 1962 committee called police programs a neglected part of countering subversion and insurgency.",It is why this mission was placed inside the aid system—and where policymakers drew the covert boundary.,STRONG_INFERENCE,INFERENCE_SUPPORTED,INFERENTIAL,4,published Foreign Relations memorandum,the U.S. police assistance programs form a very important but neglected part of our intensified effort to help emerging nations counter subversion and insurgency,https://history.state.gov/historicaldocuments/frus1961-63v08/d99,"Then, on July 20, 1962, an interagency committee chaired through the State Department delivered its recommendations. The published Foreign Relations memorandum is short, but the Kennedy Library folder preserves the fuller report and the implementation papers that followed.",THE ARCHITECTURE TAKES SHAPE,shared_sources/source_gap_hunt/Memorandum From the Interagency Committee on Police Assistance Programs to President Kenne.extracted.txt,CURRENT_PART,YES,Synthetic language mapped to underlying claims.
CLM-USAIDCIA-P01-008,AST-WRR-USAIDCIA-P01-SUB-NOTE-003-01,WRR-USAIDCIA-P01-SUB-NOTE-003,NSAM 162 directed CIA and AID to maintain personnel with paramilitary skills for crisis areas.,The founding directive acknowledged “covert aspects” without mapping them.,STRONG_INFERENCE,INFERENCE_SUPPORTED,INFERENTIAL,3,NSAM 162,CIA and AID will take action to insure that adequate qualified personnel with paramilitary skills are available. Periodic reports of progress to achieve this objective will be submitted to the Special Group (Counterinsurgency) by CIA and AID,https://history.state.gov/historicaldocuments/frus1961-63v08/d91,"CIA was not absent from the architecture. The director of Central Intelligence received NSAM 177 alongside State, Defense, Justice and AID. Yet receiving the memorandum is not the same as owning every program it created. To understand CIA's operational role, we need the records that describe actual liaison, training and recruitment—not a slogan imposed on a document.",THE ORDER WITH THE EXCEPTION,shared_sources/source_gap_hunt/National Security Action Memorandum No. 162.extracted.txt,CURRENT_PART,YES,Synthetic language mapped to underlying claims.
CLM-USAIDCIA-P01-016,AST-WRR-USAIDCIA-P01-SUB-NOTE-003-01,WRR-USAIDCIA-P01-SUB-NOTE-003,The committee assigned AID operating and funding responsibility except for covert aspects and selected Defense programs.,The founding directive acknowledged “covert aspects” without mapping them.,STRONG_INFERENCE,INFERENCE_SUPPORTED,INFERENTIAL,4,published Foreign Relations memorandum,"That AID be charged with operating and funding responsibility for all such programs, except for their covert aspects and for those programs which the Administrator of AID decides should be carried out by the Department of Defense",https://history.state.gov/historicaldocuments/frus1961-63v08/d99,"The third paragraph charged AID's administrator with coordination and vigorous leadership. The fourth went further: AID received operating and funding responsibility for the programs, apart from those assigned to Defense—and apart from their covert aspects.",THE ORDER WITH THE EXCEPTION,shared_sources/source_gap_hunt/Memorandum From the Interagency Committee on Police Assistance Programs to President Kenne.extracted.txt,CURRENT_PART,YES,Synthetic language mapped to underlying claims.
CLM-USAIDCIA-P01-017,AST-WRR-USAIDCIA-P01-SUB-NOTE-003-01,WRR-USAIDCIA-P01-SUB-NOTE-003,The committee recommended a dedicated AID police office.,The founding directive acknowledged “covert aspects” without mapping them.,STRONG_INFERENCE,INFERENCE_SUPPORTED,INFERENTIAL,4,published Foreign Relations memorandum,"That to carry out its responsibilities, AID establish an office specifically charged with police matters, staffed with sufficient qualified personnel to: (a) provide centralized professional and technical planning guidance to the country teams, police missions and State and AID regional bureaus; (b) provide professional and technical guidance and professional and technical supervision in implementing programs; (c) establish and supervise training requirements for U.S. police technicians, and standards of evaluating professional competence; (d) to conduct surveys and program evaluations; (e) to provide an essential repository of technical knowledge based on research in the latest techniques of controlling subversion and mass violence; that AID appoint a senior professional to head this office, responsible to the Special Assistant-Internal Defense with direct access to the Deputy Administrator; that while line responsibility for AID police programs remains with each regional AID bureau, sufficient professional personnel should be assigned to the new Office to provide the centralized staff support outlined above",https://history.state.gov/historicaldocuments/frus1961-63v08/d99,The institutional design is easiest to see in paragraph five. AID was ordered to establish an office specifically charged with police matters.,WHAT THE NEW OFFICE WAS BUILT TO DO,shared_sources/source_gap_hunt/Memorandum From the Interagency Committee on Police Assistance Programs to President Kenne.extracted.txt,CURRENT_PART,YES,Synthetic language mapped to underlying claims.
CLM-USAIDCIA-P01-008,AST-WRR-USAIDCIA-P01-SUB-NOTE-003-03,WRR-USAIDCIA-P01-SUB-NOTE-003,NSAM 162 directed CIA and AID to maintain personnel with paramilitary skills for crisis areas.,NSAM 162 directed CIA and AID to maintain personnel with paramilitary skills for crisis areas.,DOCUMENTED_FACT,SUPPORTED,DIRECT,3,NSAM 162,CIA and AID will take action to insure that adequate qualified personnel with paramilitary skills are available. Periodic reports of progress to achieve this objective will be submitted to the Special Group (Counterinsurgency) by CIA and AID,https://history.state.gov/historicaldocuments/frus1961-63v08/d91,"CIA was not absent from the architecture. The director of Central Intelligence received NSAM 177 alongside State, Defense, Justice and AID. Yet receiving the memorandum is not the same as owning every program it created. To understand CIA's operational role, we need the records that describe actual liaison, training and recruitment—not a slogan imposed on a document.",THE ORDER WITH THE EXCEPTION,shared_sources/source_gap_hunt/National Security Action Memorandum No. 162.extracted.txt,CURRENT_PART,NO,Sentence-level deterministic evidence mapping.
CLM-USAIDCIA-P01-016,AST-WRR-USAIDCIA-P01-SUB-NOTE-003-04,WRR-USAIDCIA-P01-SUB-NOTE-003,The committee assigned AID operating and funding responsibility except for covert aspects and selected Defense programs.,The committee assigned AID operating and funding responsibility except for covert aspects and selected Defense programs.,DOCUMENTED_FACT,SUPPORTED,DIRECT,4,published Foreign Relations memorandum,"That AID be charged with operating and funding responsibility for all such programs, except for their covert aspects and for those programs which the Administrator of AID decides should be carried out by the Department of Defense",https://history.state.gov/historicaldocuments/frus1961-63v08/d99,"The third paragraph charged AID's administrator with coordination and vigorous leadership. The fourth went further: AID received operating and funding responsibility for the programs, apart from those assigned to Defense—and apart from their covert aspects.",THE ORDER WITH THE EXCEPTION,shared_sources/source_gap_hunt/Memorandum From the Interagency Committee on Police Assistance Programs to President Kenne.extracted.txt,CURRENT_PART,NO,Sentence-level deterministic evidence mapping.
CLM-USAIDCIA-P01-017,AST-WRR-USAIDCIA-P01-SUB-NOTE-003-05,WRR-USAIDCIA-P01-SUB-NOTE-003,The committee recommended a dedicated AID police office.,The committee recommended a dedicated AID police office.,DOCUMENTED_FACT,SUPPORTED,DIRECT,4,published Foreign Relations memorandum,"That to carry out its responsibilities, AID establish an office specifically charged with police matters, staffed with sufficient qualified personnel to: (a) provide centralized professional and technical planning guidance to the country teams, police missions and State and AID regional bureaus; (b) provide professional and technical guidance and professional and technical supervision in implementing programs; (c) establish and supervise training requirements for U.S. police technicians, and standards of evaluating professional competence; (d) to conduct surveys and program evaluations; (e) to provide an essential repository of technical knowledge based on research in the latest techniques of controlling subversion and mass violence; that AID appoint a senior professional to head this office, responsible to the Special Assistant-Internal Defense with direct access to the Deputy Administrator; that while line responsibility for AID police programs remains with each regional AID bureau, sufficient professional personnel should be assigned to the new Office to provide the centralized staff support outlined above",https://history.state.gov/historicaldocuments/frus1961-63v08/d99,The institutional design is easiest to see in paragraph five. AID was ordered to establish an office specifically charged with police matters.,WHAT THE NEW OFFICE WAS BUILT TO DO,shared_sources/source_gap_hunt/Memorandum From the Interagency Committee on Police Assistance Programs to President Kenne.extracted.txt,CURRENT_PART,NO,Sentence-level deterministic evidence mapping.
CLM-USAIDCIA-P01-008,AST-WRR-USAIDCIA-P01-SUB-NOTE-003-06,WRR-USAIDCIA-P01-SUB-NOTE-003,NSAM 162 directed CIA and AID to maintain personnel with paramilitary skills for crisis areas.,The interesting question is not whether the memo exists.,STRONG_INFERENCE,INFERENCE_SUPPORTED,INFERENTIAL,3,NSAM 162,CIA and AID will take action to insure that adequate qualified personnel with paramilitary skills are available. Periodic reports of progress to achieve this objective will be submitted to the Special Group (Counterinsurgency) by CIA and AID,https://history.state.gov/historicaldocuments/frus1961-63v08/d91,"CIA was not absent from the architecture. The director of Central Intelligence received NSAM 177 alongside State, Defense, Justice and AID. Yet receiving the memorandum is not the same as owning every program it created. To understand CIA's operational role, we need the records that describe actual liaison, training and recruitment—not a slogan imposed on a document.",THE ORDER WITH THE EXCEPTION,shared_sources/source_gap_hunt/National Security Action Memorandum No. 162.extracted.txt,CURRENT_PART,YES,Synthetic language mapped to underlying claims.
CLM-USAIDCIA-P01-016,AST-WRR-USAIDCIA-P01-SUB-NOTE-003-06,WRR-USAIDCIA-P01-SUB-NOTE-003,The committee assigned AID operating and funding responsibility except for covert aspects and selected Defense programs.,The interesting question is not whether the memo exists.,STRONG_INFERENCE,INFERENCE_SUPPORTED,INFERENTIAL,4,published Foreign Relations memorandum,"That AID be charged with operating and funding responsibility for all such programs, except for their covert aspects and for those programs which the Administrator of AID decides should be carried out by the Department of Defense",https://history.state.gov/historicaldocuments/frus1961-63v08/d99,"The third paragraph charged AID's administrator with coordination and vigorous leadership. The fourth went further: AID received operating and funding responsibility for the programs, apart from those assigned to Defense—and apart from their covert aspects.",THE ORDER WITH THE EXCEPTION,shared_sources/source_gap_hunt/Memorandum From the Interagency Committee on Police Assistance Programs to President Kenne.extracted.txt,CURRENT_PART,YES,Synthetic language mapped to underlying claims.
CLM-USAIDCIA-P01-017,AST-WRR-USAIDCIA-P01-SUB-NOTE-003-06,WRR-USAIDCIA-P01-SUB-NOTE-003,The committee recommended a dedicated AID police office.,The interesting question is not whether the memo exists.,STRONG_INFERENCE,INFERENCE_SUPPORTED,INFERENTIAL,4,published Foreign Relations memorandum,"That to carry out its responsibilities, AID establish an office specifically charged with police matters, staffed with sufficient qualified personnel to: (a) provide centralized professional and technical planning guidance to the country teams, police missions and State and AID regional bureaus; (b) provide professional and technical guidance and professional and technical supervision in implementing programs; (c) establish and supervise training requirements for U.S. police technicians, and standards of evaluating professional competence; (d) to conduct surveys and program evaluations; (e) to provide an essential repository of technical knowledge based on research in the latest techniques of controlling subversion and mass violence; that AID appoint a senior professional to head this office, responsible to the Special Assistant-Internal Defense with direct access to the Deputy Administrator; that while line responsibility for AID police programs remains with each regional AID bureau, sufficient professional personnel should be assigned to the new Office to provide the centralized staff support outlined above",https://history.state.gov/historicaldocuments/frus1961-63v08/d99,The institutional design is easiest to see in paragraph five. AID was ordered to establish an office specifically charged with police matters.,WHAT THE NEW OFFICE WAS BUILT TO DO,shared_sources/source_gap_hunt/Memorandum From the Interagency Committee on Police Assistance Programs to President Kenne.extracted.txt,CURRENT_PART,YES,Synthetic language mapped to underlying claims.
CLM-USAIDCIA-P01-008,AST-WRR-USAIDCIA-P01-SUB-NOTE-003-07,WRR-USAIDCIA-P01-SUB-NOTE-003,NSAM 162 directed CIA and AID to maintain personnel with paramilitary skills for crisis areas.,It is why this mission was placed inside the aid system—and where policymakers drew the covert boundary.,STRONG_INFERENCE,INFERENCE_SUPPORTED,INFERENTIAL,3,NSAM 162,CIA and AID will take action to insure that adequate qualified personnel with paramilitary skills are available. Periodic reports of progress to achieve this objective will be submitted to the Special Group (Counterinsurgency) by CIA and AID,https://history.state.gov/historicaldocuments/frus1961-63v08/d91,"CIA was not absent from the architecture. The director of Central Intelligence received NSAM 177 alongside State, Defense, Justice and AID. Yet receiving the memorandum is not the same as owning every program it created. To understand CIA's operational role, we need the records that describe actual liaison, training and recruitment—not a slogan imposed on a document.",THE ORDER WITH THE EXCEPTION,shared_sources/source_gap_hunt/National Security Action Memorandum No. 162.extracted.txt,CURRENT_PART,YES,Synthetic language mapped to underlying claims.
CLM-USAIDCIA-P01-016,AST-WRR-USAIDCIA-P01-SUB-NOTE-003-07,WRR-USAIDCIA-P01-SUB-NOTE-003,The committee assigned AID operating and funding responsibility except for covert aspects and selected Defense programs.,It is why this mission was placed inside the aid system—and where policymakers drew the covert boundary.,STRONG_INFERENCE,INFERENCE_SUPPORTED,INFERENTIAL,4,published Foreign Relations memorandum,"That AID be charged with operating and funding responsibility for all such programs, except for their covert aspects and for those programs which the Administrator of AID decides should be carried out by the Department of Defense",https://history.state.gov/historicaldocuments/frus1961-63v08/d99,"The third paragraph charged AID's administrator with coordination and vigorous leadership. The fourth went further: AID received operating and funding responsibility for the programs, apart from those assigned to Defense—and apart from their covert aspects.",THE ORDER WITH THE EXCEPTION,shared_sources/source_gap_hunt/Memorandum From the Interagency Committee on Police Assistance Programs to President Kenne.extracted.txt,CURRENT_PART,YES,Synthetic language mapped to underlying claims.
CLM-USAIDCIA-P01-017,AST-WRR-USAIDCIA-P01-SUB-NOTE-003-07,WRR-USAIDCIA-P01-SUB-NOTE-003,The committee recommended a dedicated AID police office.,It is why this mission was placed inside the aid system—and where policymakers drew the covert boundary.,STRONG_INFERENCE,INFERENCE_SUPPORTED,INFERENTIAL,4,published Foreign Relations memorandum,"That to carry out its responsibilities, AID establish an office specifically charged with police matters, staffed with sufficient qualified personnel to: (a) provide centralized professional and technical planning guidance to the country teams, police missions and State and AID regional bureaus; (b) provide professional and technical guidance and professional and technical supervision in implementing programs; (c) establish and supervise training requirements for U.S. police technicians, and standards of evaluating professional competence; (d) to conduct surveys and program evaluations; (e) to provide an essential repository of technical knowledge based on research in the latest techniques of controlling subversion and mass violence; that AID appoint a senior professional to head this office, responsible to the Special Assistant-Internal Defense with direct access to the Deputy Administrator; that while line responsibility for AID police programs remains with each regional AID bureau, sufficient professional personnel should be assigned to the new Office to provide the centralized staff support outlined above",https://history.state.gov/historicaldocuments/frus1961-63v08/d99,The institutional design is easiest to see in paragraph five. AID was ordered to establish an office specifically charged with police matters.,WHAT THE NEW OFFICE WAS BUILT TO DO,shared_sources/source_gap_hunt/Memorandum From the Interagency Committee on Police Assistance Programs to President Kenne.extracted.txt,CURRENT_PART,YES,Synthetic language mapped to underlying claims.
CLM-USAIDCIA-P01-008,AST-WRR-USAIDCIA-P01-SUB-NOTE-003-08,WRR-USAIDCIA-P01-SUB-NOTE-003,NSAM 162 directed CIA and AID to maintain personnel with paramilitary skills for crisis areas.,The next installment tests the carve-out against operational files.,STRONG_INFERENCE,INFERENCE_SUPPORTED,INFERENTIAL,3,NSAM 162,CIA and AID will take action to insure that adequate qualified personnel with paramilitary skills are available. Periodic reports of progress to achieve this objective will be submitted to the Special Group (Counterinsurgency) by CIA and AID,https://history.state.gov/historicaldocuments/frus1961-63v08/d91,"CIA was not absent from the architecture. The director of Central Intelligence received NSAM 177 alongside State, Defense, Justice and AID. Yet receiving the memorandum is not the same as owning every program it created. To understand CIA's operational role, we need the records that describe actual liaison, training and recruitment—not a slogan imposed on a document.",THE ORDER WITH THE EXCEPTION,shared_sources/source_gap_hunt/National Security Action Memorandum No. 162.extracted.txt,CURRENT_PART,YES,Synthetic language mapped to underlying claims.
CLM-USAIDCIA-P01-016,AST-WRR-USAIDCIA-P01-SUB-NOTE-003-08,WRR-USAIDCIA-P01-SUB-NOTE-003,The committee assigned AID operating and funding responsibility except for covert aspects and selected Defense programs.,The next installment tests the carve-out against operational files.,STRONG_INFERENCE,INFERENCE_SUPPORTED,INFERENTIAL,4,published Foreign Relations memorandum,"That AID be charged with operating and funding responsibility for all such programs, except for their covert aspects and for those programs which the Administrator of AID decides should be carried out by the Department of Defense",https://history.state.gov/historicaldocuments/frus1961-63v08/d99,"The third paragraph charged AID's administrator with coordination and vigorous leadership. The fourth went further: AID received operating and funding responsibility for the programs, apart from those assigned to Defense—and apart from their covert aspects.",THE ORDER WITH THE EXCEPTION,shared_sources/source_gap_hunt/Memorandum From the Interagency Committee on Police Assistance Programs to President Kenne.extracted.txt,CURRENT_PART,YES,Synthetic language mapped to underlying claims.
CLM-USAIDCIA-P01-017,AST-WRR-USAIDCIA-P01-SUB-NOTE-003-08,WRR-USAIDCIA-P01-SUB-NOTE-003,The committee recommended a dedicated AID police office.,The next installment tests the carve-out against operational files.,STRONG_INFERENCE,INFERENCE_SUPPORTED,INFERENTIAL,4,published Foreign Relations memorandum,"That to carry out its responsibilities, AID establish an office specifically charged with police matters, staffed with sufficient qualified personnel to: (a) provide centralized professional and technical planning guidance to the country teams, police missions and State and AID regional bureaus; (b) provide professional and technical guidance and professional and technical supervision in implementing programs; (c) establish and supervise training requirements for U.S. police technicians, and standards of evaluating professional competence; (d) to conduct surveys and program evaluations; (e) to provide an essential repository of technical knowledge based on research in the latest techniques of controlling subversion and mass violence; that AID appoint a senior professional to head this office, responsible to the Special Assistant-Internal Defense with direct access to the Deputy Administrator; that while line responsibility for AID police programs remains with each regional AID bureau, sufficient professional personnel should be assigned to the new Office to provide the centralized staff support outlined above",https://history.state.gov/historicaldocuments/frus1961-63v08/d99,The institutional design is easiest to see in paragraph five. AID was ordered to establish an office specifically charged with police matters.,WHAT THE NEW OFFICE WAS BUILT TO DO,shared_sources/source_gap_hunt/Memorandum From the Interagency Committee on Police Assistance Programs to President Kenne.extracted.txt,CURRENT_PART,YES,Synthetic language mapped to underlying claims.
CLM-USAIDCIA-P01-004,AST-WRR-USAIDCIA-P01-SUB-NOTE-004-01,WRR-USAIDCIA-P01-SUB-NOTE-004,Kennedy warned that police programs could be neglected because they were a small part of AID.,"Before the Office of Public Safety had a name, a committee had already designed its job.",STRONG_INFERENCE,INFERENCE_SUPPORTED,INFERENTIAL,2,"NSAM 132, signed February 19, 1962","I am further aware that police programs, as a relatively minor facet of the functions of the aid agency, may have tended to receive little emphasis as a result. Therefore, I would like you to consider various ways and means of giving the police program greater autonomy within AID, if this seems necessary in order to protect it from neglect",https://history.state.gov/historicaldocuments/frus1961-63v08/d72,"He also acknowledged a bureaucratic danger. Police programs were a relatively small part of the aid agency, he wrote, and could be neglected. He asked Hamilton to consider giving them greater autonomy and ordered AID to recommend new emphases through the Special Group (Counter-Insurgency).",THE PROGRAM THAT DID NOT FIT DEVELOPMENT,shared_sources/source_gap_hunt/National Security Action Memorandum No. 132.extracted.txt,CURRENT_PART,YES,Synthetic language mapped to underlying claims.
CLM-USAIDCIA-P01-015,AST-WRR-USAIDCIA-P01-SUB-NOTE-004-01,WRR-USAIDCIA-P01-SUB-NOTE-004,The committee recommended that AID coordinate and lead all police-assistance programs under State policy guidance.,"Before the Office of Public Safety had a name, a committee had already designed its job.",STRONG_INFERENCE,INFERENCE_SUPPORTED,INFERENTIAL,4,published Foreign Relations memorandum,"subject to the general policy guidance of the Department of State in internal defense matters, the Administrator of AID be charged, in his capacity as coordinator of U.S. aid programs, with responsibility for coordination and vigorous leadership of all police assistance programs",https://history.state.gov/historicaldocuments/frus1961-63v08/d99,"The secretary of State would provide general policy guidance on internal-defense matters. AID's administrator, already the coordinator of American aid programs, would provide vigorous leadership across police-assistance programs. The Defense Department would retain programs selected for military handling. An interagency police group would help coordinate the system.",THE ARCHITECTURE TAKES SHAPE,shared_sources/source_gap_hunt/Memorandum From the Interagency Committee on Police Assistance Programs to President Kenne.extracted.txt,CURRENT_PART,YES,Synthetic language mapped to underlying claims.
CLM-USAIDCIA-P01-017,AST-WRR-USAIDCIA-P01-SUB-NOTE-004-01,WRR-USAIDCIA-P01-SUB-NOTE-004,The committee recommended a dedicated AID police office.,"Before the Office of Public Safety had a name, a committee had already designed its job.",STRONG_INFERENCE,INFERENCE_SUPPORTED,INFERENTIAL,4,published Foreign Relations memorandum,"That to carry out its responsibilities, AID establish an office specifically charged with police matters, staffed with sufficient qualified personnel to: (a) provide centralized professional and technical planning guidance to the country teams, police missions and State and AID regional bureaus; (b) provide professional and technical guidance and professional and technical supervision in implementing programs; (c) establish and supervise training requirements for U.S. police technicians, and standards of evaluating professional competence; (d) to conduct surveys and program evaluations; (e) to provide an essential repository of technical knowledge based on research in the latest techniques of controlling subversion and mass violence; that AID appoint a senior professional to head this office, responsible to the Special Assistant-Internal Defense with direct access to the Deputy Administrator; that while line responsibility for AID police programs remains with each regional AID bureau, sufficient professional personnel should be assigned to the new Office to provide the centralized staff support outlined above",https://history.state.gov/historicaldocuments/frus1961-63v08/d99,The institutional design is easiest to see in paragraph five. AID was ordered to establish an office specifically charged with police matters.,WHAT THE NEW OFFICE WAS BUILT TO DO,shared_sources/source_gap_hunt/Memorandum From the Interagency Committee on Police Assistance Programs to President Kenne.extracted.txt,CURRENT_PART,YES,Synthetic language mapped to underlying claims.
CLM-USAIDCIA-P01-004,AST-WRR-USAIDCIA-P01-SUB-NOTE-004-02,WRR-USAIDCIA-P01-SUB-NOTE-004,Kennedy warned that police programs could be neglected because they were a small part of AID.,Kennedy warned that police programs could be neglected because they were a small part of AID.,DOCUMENTED_FACT,SUPPORTED,DIRECT,2,"NSAM 132, signed February 19, 1962","I am further aware that police programs, as a relatively minor facet of the functions of the aid agency, may have tended to receive little emphasis as a result. Therefore, I would like you to consider various ways and means of giving the police program greater autonomy within AID, if this seems necessary in order to protect it from neglect",https://history.state.gov/historicaldocuments/frus1961-63v08/d72,"He also acknowledged a bureaucratic danger. Police programs were a relatively small part of the aid agency, he wrote, and could be neglected. He asked Hamilton to consider giving them greater autonomy and ordered AID to recommend new emphases through the Special Group (Counter-Insurgency).",THE PROGRAM THAT DID NOT FIT DEVELOPMENT,shared_sources/source_gap_hunt/National Security Action Memorandum No. 132.extracted.txt,CURRENT_PART,NO,Sentence-level deterministic evidence mapping.
CLM-USAIDCIA-P01-015,AST-WRR-USAIDCIA-P01-SUB-NOTE-004-03,WRR-USAIDCIA-P01-SUB-NOTE-004,The committee recommended that AID coordinate and lead all police-assistance programs under State policy guidance.,The committee recommended that AID coordinate and lead all police-assistance programs under State policy guidance.,DOCUMENTED_FACT,SUPPORTED,DIRECT,4,published Foreign Relations memorandum,"subject to the general policy guidance of the Department of State in internal defense matters, the Administrator of AID be charged, in his capacity as coordinator of U.S. aid programs, with responsibility for coordination and vigorous leadership of all police assistance programs",https://history.state.gov/historicaldocuments/frus1961-63v08/d99,"The secretary of State would provide general policy guidance on internal-defense matters. AID's administrator, already the coordinator of American aid programs, would provide vigorous leadership across police-assistance programs. The Defense Department would retain programs selected for military handling. An interagency police group would help coordinate the system.",THE ARCHITECTURE TAKES SHAPE,shared_sources/source_gap_hunt/Memorandum From the Interagency Committee on Police Assistance Programs to President Kenne.extracted.txt,CURRENT_PART,NO,Sentence-level deterministic evidence mapping.
CLM-USAIDCIA-P01-017,AST-WRR-USAIDCIA-P01-SUB-NOTE-004-04,WRR-USAIDCIA-P01-SUB-NOTE-004,The committee recommended a dedicated AID police office.,The committee recommended a dedicated AID police office.,DOCUMENTED_FACT,SUPPORTED,DIRECT,4,published Foreign Relations memorandum,"That to carry out its responsibilities, AID establish an office specifically charged with police matters, staffed with sufficient qualified personnel to: (a) provide centralized professional and technical planning guidance to the country teams, police missions and State and AID regional bureaus; (b) provide professional and technical guidance and professional and technical supervision in implementing programs; (c) establish and supervise training requirements for U.S. police technicians, and standards of evaluating professional competence; (d) to conduct surveys and program evaluations; (e) to provide an essential repository of technical knowledge based on research in the latest techniques of controlling subversion and mass violence; that AID appoint a senior professional to head this office, responsible to the Special Assistant-Internal Defense with direct access to the Deputy Administrator; that while line responsibility for AID police programs remains with each regional AID bureau, sufficient professional personnel should be assigned to the new Office to provide the centralized staff support outlined above",https://history.state.gov/historicaldocuments/frus1961-63v08/d99,The institutional design is easiest to see in paragraph five. AID was ordered to establish an office specifically charged with police matters.,WHAT THE NEW OFFICE WAS BUILT TO DO,shared_sources/source_gap_hunt/Memorandum From the Interagency Committee on Police Assistance Programs to President Kenne.extracted.txt,CURRENT_PART,NO,Sentence-level deterministic evidence mapping.
CLM-USAIDCIA-P01-004,AST-WRR-USAIDCIA-P01-SUB-NOTE-004-05,WRR-USAIDCIA-P01-SUB-NOTE-004,Kennedy warned that police programs could be neglected because they were a small part of AID.,The interesting question is not whether the memo exists.,STRONG_INFERENCE,INFERENCE_SUPPORTED,INFERENTIAL,2,"NSAM 132, signed February 19, 1962","I am further aware that police programs, as a relatively minor facet of the functions of the aid agency, may have tended to receive little emphasis as a result. Therefore, I would like you to consider various ways and means of giving the police program greater autonomy within AID, if this seems necessary in order to protect it from neglect",https://history.state.gov/historicaldocuments/frus1961-63v08/d72,"He also acknowledged a bureaucratic danger. Police programs were a relatively small part of the aid agency, he wrote, and could be neglected. He asked Hamilton to consider giving them greater autonomy and ordered AID to recommend new emphases through the Special Group (Counter-Insurgency).",THE PROGRAM THAT DID NOT FIT DEVELOPMENT,shared_sources/source_gap_hunt/National Security Action Memorandum No. 132.extracted.txt,CURRENT_PART,YES,Synthetic language mapped to underlying claims.
CLM-USAIDCIA-P01-015,AST-WRR-USAIDCIA-P01-SUB-NOTE-004-05,WRR-USAIDCIA-P01-SUB-NOTE-004,The committee recommended that AID coordinate and lead all police-assistance programs under State policy guidance.,The interesting question is not whether the memo exists.,STRONG_INFERENCE,INFERENCE_SUPPORTED,INFERENTIAL,4,published Foreign Relations memorandum,"subject to the general policy guidance of the Department of State in internal defense matters, the Administrator of AID be charged, in his capacity as coordinator of U.S. aid programs, with responsibility for coordination and vigorous leadership of all police assistance programs",https://history.state.gov/historicaldocuments/frus1961-63v08/d99,"The secretary of State would provide general policy guidance on internal-defense matters. AID's administrator, already the coordinator of American aid programs, would provide vigorous leadership across police-assistance programs. The Defense Department would retain programs selected for military handling. An interagency police group would help coordinate the system.",THE ARCHITECTURE TAKES SHAPE,shared_sources/source_gap_hunt/Memorandum From the Interagency Committee on Police Assistance Programs to President Kenne.extracted.txt,CURRENT_PART,YES,Synthetic language mapped to underlying claims.
CLM-USAIDCIA-P01-017,AST-WRR-USAIDCIA-P01-SUB-NOTE-004-05,WRR-USAIDCIA-P01-SUB-NOTE-004,The committee recommended a dedicated AID police office.,The interesting question is not whether the memo exists.,STRONG_INFERENCE,INFERENCE_SUPPORTED,INFERENTIAL,4,published Foreign Relations memorandum,"That to carry out its responsibilities, AID establish an office specifically charged with police matters, staffed with sufficient qualified personnel to: (a) provide centralized professional and technical planning guidance to the country teams, police missions and State and AID regional bureaus; (b) provide professional and technical guidance and professional and technical supervision in implementing programs; (c) establish and supervise training requirements for U.S. police technicians, and standards of evaluating professional competence; (d) to conduct surveys and program evaluations; (e) to provide an essential repository of technical knowledge based on research in the latest techniques of controlling subversion and mass violence; that AID appoint a senior professional to head this office, responsible to the Special Assistant-Internal Defense with direct access to the Deputy Administrator; that while line responsibility for AID police programs remains with each regional AID bureau, sufficient professional personnel should be assigned to the new Office to provide the centralized staff support outlined above",https://history.state.gov/historicaldocuments/frus1961-63v08/d99,The institutional design is easiest to see in paragraph five. AID was ordered to establish an office specifically charged with police matters.,WHAT THE NEW OFFICE WAS BUILT TO DO,shared_sources/source_gap_hunt/Memorandum From the Interagency Committee on Police Assistance Programs to President Kenne.extracted.txt,CURRENT_PART,YES,Synthetic language mapped to underlying claims.
CLM-USAIDCIA-P01-004,AST-WRR-USAIDCIA-P01-SUB-NOTE-004-06,WRR-USAIDCIA-P01-SUB-NOTE-004,Kennedy warned that police programs could be neglected because they were a small part of AID.,It is why this mission was placed inside the aid system—and where policymakers drew the covert boundary.,STRONG_INFERENCE,INFERENCE_SUPPORTED,INFERENTIAL,2,"NSAM 132, signed February 19, 1962","I am further aware that police programs, as a relatively minor facet of the functions of the aid agency, may have tended to receive little emphasis as a result. Therefore, I would like you to consider various ways and means of giving the police program greater autonomy within AID, if this seems necessary in order to protect it from neglect",https://history.state.gov/historicaldocuments/frus1961-63v08/d72,"He also acknowledged a bureaucratic danger. Police programs were a relatively small part of the aid agency, he wrote, and could be neglected. He asked Hamilton to consider giving them greater autonomy and ordered AID to recommend new emphases through the Special Group (Counter-Insurgency).",THE PROGRAM THAT DID NOT FIT DEVELOPMENT,shared_sources/source_gap_hunt/National Security Action Memorandum No. 132.extracted.txt,CURRENT_PART,YES,Synthetic language mapped to underlying claims.
CLM-USAIDCIA-P01-015,AST-WRR-USAIDCIA-P01-SUB-NOTE-004-06,WRR-USAIDCIA-P01-SUB-NOTE-004,The committee recommended that AID coordinate and lead all police-assistance programs under State policy guidance.,It is why this mission was placed inside the aid system—and where policymakers drew the covert boundary.,STRONG_INFERENCE,INFERENCE_SUPPORTED,INFERENTIAL,4,published Foreign Relations memorandum,"subject to the general policy guidance of the Department of State in internal defense matters, the Administrator of AID be charged, in his capacity as coordinator of U.S. aid programs, with responsibility for coordination and vigorous leadership of all police assistance programs",https://history.state.gov/historicaldocuments/frus1961-63v08/d99,"The secretary of State would provide general policy guidance on internal-defense matters. AID's administrator, already the coordinator of American aid programs, would provide vigorous leadership across police-assistance programs. The Defense Department would retain programs selected for military handling. An interagency police group would help coordinate the system.",THE ARCHITECTURE TAKES SHAPE,shared_sources/source_gap_hunt/Memorandum From the Interagency Committee on Police Assistance Programs to President Kenne.extracted.txt,CURRENT_PART,YES,Synthetic language mapped to underlying claims.
CLM-USAIDCIA-P01-017,AST-WRR-USAIDCIA-P01-SUB-NOTE-004-06,WRR-USAIDCIA-P01-SUB-NOTE-004,The committee recommended a dedicated AID police office.,It is why this mission was placed inside the aid system—and where policymakers drew the covert boundary.,STRONG_INFERENCE,INFERENCE_SUPPORTED,INFERENTIAL,4,published Foreign Relations memorandum,"That to carry out its responsibilities, AID establish an office specifically charged with police matters, staffed with sufficient qualified personnel to: (a) provide centralized professional and technical planning guidance to the country teams, police missions and State and AID regional bureaus; (b) provide professional and technical guidance and professional and technical supervision in implementing programs; (c) establish and supervise training requirements for U.S. police technicians, and standards of evaluating professional competence; (d) to conduct surveys and program evaluations; (e) to provide an essential repository of technical knowledge based on research in the latest techniques of controlling subversion and mass violence; that AID appoint a senior professional to head this office, responsible to the Special Assistant-Internal Defense with direct access to the Deputy Administrator; that while line responsibility for AID police programs remains with each regional AID bureau, sufficient professional personnel should be assigned to the new Office to provide the centralized staff support outlined above",https://history.state.gov/historicaldocuments/frus1961-63v08/d99,The institutional design is easiest to see in paragraph five. AID was ordered to establish an office specifically charged with police matters.,WHAT THE NEW OFFICE WAS BUILT TO DO,shared_sources/source_gap_hunt/Memorandum From the Interagency Committee on Police Assistance Programs to President Kenne.extracted.txt,CURRENT_PART,YES,Synthetic language mapped to underlying claims.
CLM-USAIDCIA-P01-017,AST-WRR-USAIDCIA-P01-YT-SHORT-001-01,WRR-USAIDCIA-P01-YT-SHORT-001,The committee recommended a dedicated AID police office.,Open the July 1962 police-assistance memorandum and one bureaucratic sentence changes the story: The committee recommended a dedicated AID police office.,STRONG_INFERENCE,INFERENCE_SUPPORTED,INFERENTIAL,4,published Foreign Relations memorandum,"That to carry out its responsibilities, AID establish an office specifically charged with police matters, staffed with sufficient qualified personnel to: (a) provide centralized professional and technical planning guidance to the country teams, police missions and State and AID regional bureaus; (b) provide professional and technical guidance and professional and technical supervision in implementing programs; (c) establish and supervise training requirements for U.S. police technicians, and standards of evaluating professional competence; (d) to conduct surveys and program evaluations; (e) to provide an essential repository of technical knowledge based on research in the latest techniques of controlling subversion and mass violence; that AID appoint a senior professional to head this office, responsible to the Special Assistant-Internal Defense with direct access to the Deputy Administrator; that while line responsibility for AID police programs remains with each regional AID bureau, sufficient professional personnel should be assigned to the new Office to provide the centralized staff support outlined above",https://history.state.gov/historicaldocuments/frus1961-63v08/d99,The institutional design is easiest to see in paragraph five. AID was ordered to establish an office specifically charged with police matters.,WHAT THE NEW OFFICE WAS BUILT TO DO,shared_sources/source_gap_hunt/Memorandum From the Interagency Committee on Police Assistance Programs to President Kenne.extracted.txt,CURRENT_PART,YES,Synthetic language mapped to underlying claims.
CLM-USAIDCIA-P01-018,AST-WRR-USAIDCIA-P01-YT-SHORT-001-01,WRR-USAIDCIA-P01-YT-SHORT-001,The proposed police office would research techniques for controlling subversion and mass violence.,Open the July 1962 police-assistance memorandum and one bureaucratic sentence changes the story: The committee recommended a dedicated AID police office.,STRONG_INFERENCE,INFERENCE_SUPPORTED,INFERENTIAL,4,published Foreign Relations memorandum,provide an essential repository of technical knowledge based on research in the latest techniques of controlling subversion and mass violence,https://history.state.gov/historicaldocuments/frus1961-63v08/d99,One duty stands out. The office was to become an essential repository of technical knowledge based on research into the latest techniques for controlling subversion and mass violence.,WHAT THE NEW OFFICE WAS BUILT TO DO,shared_sources/source_gap_hunt/Memorandum From the Interagency Committee on Police Assistance Programs to President Kenne.extracted.txt,CURRENT_PART,YES,Synthetic language mapped to underlying claims.
CLM-USAIDCIA-P01-018,AST-WRR-USAIDCIA-P01-YT-SHORT-001-02,WRR-USAIDCIA-P01-YT-SHORT-001,The proposed police office would research techniques for controlling subversion and mass violence.,The proposed police office would research techniques for controlling subversion and mass violence.,DOCUMENTED_FACT,SUPPORTED,DIRECT,4,published Foreign Relations memorandum,provide an essential repository of technical knowledge based on research in the latest techniques of controlling subversion and mass violence,https://history.state.gov/historicaldocuments/frus1961-63v08/d99,One duty stands out. The office was to become an essential repository of technical knowledge based on research into the latest techniques for controlling subversion and mass violence.,WHAT THE NEW OFFICE WAS BUILT TO DO,shared_sources/source_gap_hunt/Memorandum From the Interagency Committee on Police Assistance Programs to President Kenne.extracted.txt,CURRENT_PART,NO,Sentence-level deterministic evidence mapping.
CLM-USAIDCIA-P01-017,AST-WRR-USAIDCIA-P01-YT-SHORT-001-04,WRR-USAIDCIA-P01-YT-SHORT-001,The committee recommended a dedicated AID police office.,The full source trail is in Part 1.,STRONG_INFERENCE,INFERENCE_SUPPORTED,INFERENTIAL,4,published Foreign Relations memorandum,"That to carry out its responsibilities, AID establish an office specifically charged with police matters, staffed with sufficient qualified personnel to: (a) provide centralized professional and technical planning guidance to the country teams, police missions and State and AID regional bureaus; (b) provide professional and technical guidance and professional and technical supervision in implementing programs; (c) establish and supervise training requirements for U.S. police technicians, and standards of evaluating professional competence; (d) to conduct surveys and program evaluations; (e) to provide an essential repository of technical knowledge based on research in the latest techniques of controlling subversion and mass violence; that AID appoint a senior professional to head this office, responsible to the Special Assistant-Internal Defense with direct access to the Deputy Administrator; that while line responsibility for AID police programs remains with each regional AID bureau, sufficient professional personnel should be assigned to the new Office to provide the centralized staff support outlined above",https://history.state.gov/historicaldocuments/frus1961-63v08/d99,The institutional design is easiest to see in paragraph five. AID was ordered to establish an office specifically charged with police matters.,WHAT THE NEW OFFICE WAS BUILT TO DO,shared_sources/source_gap_hunt/Memorandum From the Interagency Committee on Police Assistance Programs to President Kenne.extracted.txt,CURRENT_PART,YES,Synthetic language mapped to underlying claims.
CLM-USAIDCIA-P01-018,AST-WRR-USAIDCIA-P01-YT-SHORT-001-04,WRR-USAIDCIA-P01-YT-SHORT-001,The proposed police office would research techniques for controlling subversion and mass violence.,The full source trail is in Part 1.,STRONG_INFERENCE,INFERENCE_SUPPORTED,INFERENTIAL,4,published Foreign Relations memorandum,provide an essential repository of technical knowledge based on research in the latest techniques of controlling subversion and mass violence,https://history.state.gov/historicaldocuments/frus1961-63v08/d99,One duty stands out. The office was to become an essential repository of technical knowledge based on research into the latest techniques for controlling subversion and mass violence.,WHAT THE NEW OFFICE WAS BUILT TO DO,shared_sources/source_gap_hunt/Memorandum From the Interagency Committee on Police Assistance Programs to President Kenne.extracted.txt,CURRENT_PART,YES,Synthetic language mapped to underlying claims.
CLM-USAIDCIA-P01-015,AST-WRR-USAIDCIA-P01-YT-SHORT-002-01,WRR-USAIDCIA-P01-YT-SHORT-002,The committee recommended that AID coordinate and lead all police-assistance programs under State policy guidance.,AID administered development assistance.,STRONG_INFERENCE,INFERENCE_SUPPORTED,INFERENTIAL,4,published Foreign Relations memorandum,"subject to the general policy guidance of the Department of State in internal defense matters, the Administrator of AID be charged, in his capacity as coordinator of U.S. aid programs, with responsibility for coordination and vigorous leadership of all police assistance programs",https://history.state.gov/historicaldocuments/frus1961-63v08/d99,"The secretary of State would provide general policy guidance on internal-defense matters. AID's administrator, already the coordinator of American aid programs, would provide vigorous leadership across police-assistance programs. The Defense Department would retain programs selected for military handling. An interagency police group would help coordinate the system.",THE ARCHITECTURE TAKES SHAPE,shared_sources/source_gap_hunt/Memorandum From the Interagency Committee on Police Assistance Programs to President Kenne.extracted.txt,CURRENT_PART,YES,Synthetic language mapped to underlying claims.
CLM-USAIDCIA-P01-016,AST-WRR-USAIDCIA-P01-YT-SHORT-002-01,WRR-USAIDCIA-P01-YT-SHORT-002,The committee assigned AID operating and funding responsibility except for covert aspects and selected Defense programs.,AID administered development assistance.,STRONG_INFERENCE,INFERENCE_SUPPORTED,INFERENTIAL,4,published Foreign Relations memorandum,"That AID be charged with operating and funding responsibility for all such programs, except for their covert aspects and for those programs which the Administrator of AID decides should be carried out by the Department of Defense",https://history.state.gov/historicaldocuments/frus1961-63v08/d99,"The third paragraph charged AID's administrator with coordination and vigorous leadership. The fourth went further: AID received operating and funding responsibility for the programs, apart from those assigned to Defense—and apart from their covert aspects.",THE ORDER WITH THE EXCEPTION,shared_sources/source_gap_hunt/Memorandum From the Interagency Committee on Police Assistance Programs to President Kenne.extracted.txt,CURRENT_PART,YES,Synthetic language mapped to underlying claims.
CLM-USAIDCIA-P01-015,AST-WRR-USAIDCIA-P01-YT-SHORT-002-02,WRR-USAIDCIA-P01-YT-SHORT-002,The committee recommended that AID coordinate and lead all police-assistance programs under State policy guidance.,Yet the committee recommended that AID coordinate and lead all police-assistance programs under State policy guidance.,DOCUMENTED_FACT,SUPPORTED,DIRECT,4,published Foreign Relations memorandum,"subject to the general policy guidance of the Department of State in internal defense matters, the Administrator of AID be charged, in his capacity as coordinator of U.S. aid programs, with responsibility for coordination and vigorous leadership of all police assistance programs",https://history.state.gov/historicaldocuments/frus1961-63v08/d99,"The secretary of State would provide general policy guidance on internal-defense matters. AID's administrator, already the coordinator of American aid programs, would provide vigorous leadership across police-assistance programs. The Defense Department would retain programs selected for military handling. An interagency police group would help coordinate the system.",THE ARCHITECTURE TAKES SHAPE,shared_sources/source_gap_hunt/Memorandum From the Interagency Committee on Police Assistance Programs to President Kenne.extracted.txt,CURRENT_PART,NO,Sentence-level deterministic evidence mapping.
CLM-USAIDCIA-P01-016,AST-WRR-USAIDCIA-P01-YT-SHORT-002-02,WRR-USAIDCIA-P01-YT-SHORT-002,The committee assigned AID operating and funding responsibility except for covert aspects and selected Defense programs.,Yet the committee recommended that AID coordinate and lead all police-assistance programs under State policy guidance.,DOCUMENTED_FACT,SUPPORTED,DIRECT,4,published Foreign Relations memorandum,"That AID be charged with operating and funding responsibility for all such programs, except for their covert aspects and for those programs which the Administrator of AID decides should be carried out by the Department of Defense",https://history.state.gov/historicaldocuments/frus1961-63v08/d99,"The third paragraph charged AID's administrator with coordination and vigorous leadership. The fourth went further: AID received operating and funding responsibility for the programs, apart from those assigned to Defense—and apart from their covert aspects.",THE ORDER WITH THE EXCEPTION,shared_sources/source_gap_hunt/Memorandum From the Interagency Committee on Police Assistance Programs to President Kenne.extracted.txt,CURRENT_PART,NO,Sentence-level deterministic evidence mapping.
CLM-USAIDCIA-P01-016,AST-WRR-USAIDCIA-P01-YT-SHORT-002-03,WRR-USAIDCIA-P01-YT-SHORT-002,The committee assigned AID operating and funding responsibility except for covert aspects and selected Defense programs.,The committee assigned AID operating and funding responsibility except for covert aspects and selected Defense programs.,DOCUMENTED_FACT,SUPPORTED,DIRECT,4,published Foreign Relations memorandum,"That AID be charged with operating and funding responsibility for all such programs, except for their covert aspects and for those programs which the Administrator of AID decides should be carried out by the Department of Defense",https://history.state.gov/historicaldocuments/frus1961-63v08/d99,"The third paragraph charged AID's administrator with coordination and vigorous leadership. The fourth went further: AID received operating and funding responsibility for the programs, apart from those assigned to Defense—and apart from their covert aspects.",THE ORDER WITH THE EXCEPTION,shared_sources/source_gap_hunt/Memorandum From the Interagency Committee on Police Assistance Programs to President Kenne.extracted.txt,CURRENT_PART,NO,Sentence-level deterministic evidence mapping.
CLM-USAIDCIA-P01-001,AST-WRR-USAIDCIA-P01-YT-SHORT-003-01,WRR-USAIDCIA-P01-YT-SHORT-003,"NSAM 132 was dated February 19, 1962.",John F. Kennedy did not describe police assistance as an ordinary development program.,STRONG_INFERENCE,INFERENCE_SUPPORTED,INFERENTIAL,2,"NSAM 132, signed February 19, 1962","Washington, February 19, 1962. TO The Honorable Fowler Hamilton The Administrator Agency for International Development SUBJECT",https://history.state.gov/historicaldocuments/frus1961-63v08/d72,"President John F. Kennedy addressed that tension directly in NSAM 132, signed February 19, 1962. His memorandum went to Fowler Hamilton, the administrator of AID. Kennedy said police assistance was a crucial element of the response to Communist “indirect aggression,” even though it could look marginal under criteria focused on sustained economic growth.",THE PROGRAM THAT DID NOT FIT DEVELOPMENT,shared_sources/source_gap_hunt/National Security Action Memorandum No. 132.extracted.txt,CURRENT_PART,YES,Synthetic language mapped to underlying claims.
CLM-USAIDCIA-P01-002,AST-WRR-USAIDCIA-P01-YT-SHORT-003-01,WRR-USAIDCIA-P01-YT-SHORT-003,Kennedy described police assistance as crucial to countering Communist indirect aggression.,John F. Kennedy did not describe police assistance as an ordinary development program.,STRONG_INFERENCE,INFERENCE_SUPPORTED,INFERENTIAL,2,"NSAM 132, signed February 19, 1962","Police assistance programs, including those under the aegis of your agency, are also a crucial element in our response to this challenge",https://history.state.gov/historicaldocuments/frus1961-63v08/d72,"President John F. Kennedy addressed that tension directly in NSAM 132, signed February 19, 1962. His memorandum went to Fowler Hamilton, the administrator of AID. Kennedy said police assistance was a crucial element of the response to Communist “indirect aggression,” even though it could look marginal under criteria focused on sustained economic growth.",THE PROGRAM THAT DID NOT FIT DEVELOPMENT,shared_sources/source_gap_hunt/National Security Action Memorandum No. 132.extracted.txt,CURRENT_PART,YES,Synthetic language mapped to underlying claims.
CLM-USAIDCIA-P01-001,AST-WRR-USAIDCIA-P01-YT-SHORT-003-02,WRR-USAIDCIA-P01-YT-SHORT-003,"NSAM 132 was dated February 19, 1962.","NSAM 132 was dated February 19, 1962.",DOCUMENTED_FACT,SUPPORTED,DIRECT,2,"NSAM 132, signed February 19, 1962","Washington, February 19, 1962. TO The Honorable Fowler Hamilton The Administrator Agency for International Development SUBJECT",https://history.state.gov/historicaldocuments/frus1961-63v08/d72,"President John F. Kennedy addressed that tension directly in NSAM 132, signed February 19, 1962. His memorandum went to Fowler Hamilton, the administrator of AID. Kennedy said police assistance was a crucial element of the response to Communist “indirect aggression,” even though it could look marginal under criteria focused on sustained economic growth.",THE PROGRAM THAT DID NOT FIT DEVELOPMENT,shared_sources/source_gap_hunt/National Security Action Memorandum No. 132.extracted.txt,CURRENT_PART,NO,Sentence-level deterministic evidence mapping.
CLM-USAIDCIA-P01-002,AST-WRR-USAIDCIA-P01-YT-SHORT-003-03,WRR-USAIDCIA-P01-YT-SHORT-003,Kennedy described police assistance as crucial to countering Communist indirect aggression.,Kennedy described police assistance as crucial to countering Communist indirect aggression.,DOCUMENTED_FACT,SUPPORTED,DIRECT,2,"NSAM 132, signed February 19, 1962","Police assistance programs, including those under the aegis of your agency, are also a crucial element in our response to this challenge",https://history.state.gov/historicaldocuments/frus1961-63v08/d72,"President John F. Kennedy addressed that tension directly in NSAM 132, signed February 19, 1962. His memorandum went to Fowler Hamilton, the administrator of AID. Kennedy said police assistance was a crucial element of the response to Communist “indirect aggression,” even though it could look marginal under criteria focused on sustained economic growth.",THE PROGRAM THAT DID NOT FIT DEVELOPMENT,shared_sources/source_gap_hunt/National Security Action Memorandum No. 132.extracted.txt,CURRENT_PART,NO,Sentence-level deterministic evidence mapping.
CLM-USAIDCIA-P01-001,AST-WRR-USAIDCIA-P01-RD-POST-001-13,WRR-USAIDCIA-P01-RD-POST-001,"NSAM 132 was dated February 19, 1962.",I went back to the 1962 records behind the early U.S. foreign-police program.,STRONG_INFERENCE,INFERENCE_SUPPORTED,INFERENTIAL,2,"NSAM 132, signed February 19, 1962","Washington, February 19, 1962. TO The Honorable Fowler Hamilton The Administrator Agency for International Development SUBJECT",https://history.state.gov/historicaldocuments/frus1961-63v08/d72,"President John F. Kennedy addressed that tension directly in NSAM 132, signed February 19, 1962. His memorandum went to Fowler Hamilton, the administrator of AID. Kennedy said police assistance was a crucial element of the response to Communist “indirect aggression,” even though it could look marginal under criteria focused on sustained economic growth.",THE PROGRAM THAT DID NOT FIT DEVELOPMENT,shared_sources/source_gap_hunt/National Security Action Memorandum No. 132.extracted.txt,CURRENT_PART,YES,Synthetic language mapped to underlying claims.
CLM-USAIDCIA-P01-006,AST-WRR-USAIDCIA-P01-RD-POST-001-13,WRR-USAIDCIA-P01-RD-POST-001,"NSAM 162 was dated June 19, 1962.",I went back to the 1962 records behind the early U.S. foreign-police program.,STRONG_INFERENCE,INFERENCE_SUPPORTED,INFERENTIAL,3,NSAM 162,"Washington, June 19, 1962. TO",https://history.state.gov/historicaldocuments/frus1961-63v08/d91,"Four months later, NSAM 162 widened the frame. Its subject was the development of American and indigenous police, paramilitary and military resources. Police capacity was being discussed as one component of a larger overseas internal-defense system.",THE ARCHITECTURE TAKES SHAPE,shared_sources/source_gap_hunt/National Security Action Memorandum No. 162.extracted.txt,CURRENT_PART,YES,Synthetic language mapped to underlying claims.
CLM-USAIDCIA-P01-010,AST-WRR-USAIDCIA-P01-RD-POST-001-13,WRR-USAIDCIA-P01-RD-POST-001,"The July 20, 1962 committee called police programs a neglected part of countering subversion and insurgency.",I went back to the 1962 records behind the early U.S. foreign-police program.,STRONG_INFERENCE,INFERENCE_SUPPORTED,INFERENTIAL,4,published Foreign Relations memorandum,the U.S. police assistance programs form a very important but neglected part of our intensified effort to help emerging nations counter subversion and insurgency,https://history.state.gov/historicaldocuments/frus1961-63v08/d99,"Then, on July 20, 1962, an interagency committee chaired through the State Department delivered its recommendations. The published Foreign Relations memorandum is short, but the Kennedy Library folder preserves the fuller report and the implementation papers that followed.",THE ARCHITECTURE TAKES SHAPE,shared_sources/source_gap_hunt/Memorandum From the Interagency Committee on Police Assistance Programs to President Kenne.extracted.txt,CURRENT_PART,YES,Synthetic language mapped to underlying claims.
CLM-USAIDCIA-P01-016,AST-WRR-USAIDCIA-P01-RD-POST-001-13,WRR-USAIDCIA-P01-RD-POST-001,The committee assigned AID operating and funding responsibility except for covert aspects and selected Defense programs.,I went back to the 1962 records behind the early U.S. foreign-police program.,STRONG_INFERENCE,INFERENCE_SUPPORTED,INFERENTIAL,4,published Foreign Relations memorandum,"That AID be charged with operating and funding responsibility for all such programs, except for their covert aspects and for those programs which the Administrator of AID decides should be carried out by the Department of Defense",https://history.state.gov/historicaldocuments/frus1961-63v08/d99,"The third paragraph charged AID's administrator with coordination and vigorous leadership. The fourth went further: AID received operating and funding responsibility for the programs, apart from those assigned to Defense—and apart from their covert aspects.",THE ORDER WITH THE EXCEPTION,shared_sources/source_gap_hunt/Memorandum From the Interagency Committee on Police Assistance Programs to President Kenne.extracted.txt,CURRENT_PART,YES,Synthetic language mapped to underlying claims.
CLM-USAIDCIA-P01-001,AST-WRR-USAIDCIA-P01-RD-POST-001-03,WRR-USAIDCIA-P01-RD-POST-001,"NSAM 132 was dated February 19, 1962.","Follow four decisions across 1962, and a police system takes shape in plain sight.",STRONG_INFERENCE,INFERENCE_SUPPORTED,INFERENTIAL,2,"NSAM 132, signed February 19, 1962","Washington, February 19, 1962. TO The Honorable Fowler Hamilton The Administrator Agency for International Development SUBJECT",https://history.state.gov/historicaldocuments/frus1961-63v08/d72,"President John F. Kennedy addressed that tension directly in NSAM 132, signed February 19, 1962. His memorandum went to Fowler Hamilton, the administrator of AID. Kennedy said police assistance was a crucial element of the response to Communist “indirect aggression,” even though it could look marginal under criteria focused on sustained economic growth.",THE PROGRAM THAT DID NOT FIT DEVELOPMENT,shared_sources/source_gap_hunt/National Security Action Memorandum No. 132.extracted.txt,CURRENT_PART,YES,Synthetic language mapped to underlying claims.
CLM-USAIDCIA-P01-006,AST-WRR-USAIDCIA-P01-RD-POST-001-03,WRR-USAIDCIA-P01-RD-POST-001,"NSAM 162 was dated June 19, 1962.","Follow four decisions across 1962, and a police system takes shape in plain sight.",STRONG_INFERENCE,INFERENCE_SUPPORTED,INFERENTIAL,3,NSAM 162,"Washington, June 19, 1962. TO",https://history.state.gov/historicaldocuments/frus1961-63v08/d91,"Four months later, NSAM 162 widened the frame. Its subject was the development of American and indigenous police, paramilitary and military resources. Police capacity was being discussed as one component of a larger overseas internal-defense system.",THE ARCHITECTURE TAKES SHAPE,shared_sources/source_gap_hunt/National Security Action Memorandum No. 162.extracted.txt,CURRENT_PART,YES,Synthetic language mapped to underlying claims.
CLM-USAIDCIA-P01-010,AST-WRR-USAIDCIA-P01-RD-POST-001-03,WRR-USAIDCIA-P01-RD-POST-001,"The July 20, 1962 committee called police programs a neglected part of countering subversion and insurgency.","Follow four decisions across 1962, and a police system takes shape in plain sight.",STRONG_INFERENCE,INFERENCE_SUPPORTED,INFERENTIAL,4,published Foreign Relations memorandum,the U.S. police assistance programs form a very important but neglected part of our intensified effort to help emerging nations counter subversion and insurgency,https://history.state.gov/historicaldocuments/frus1961-63v08/d99,"Then, on July 20, 1962, an interagency committee chaired through the State Department delivered its recommendations. The published Foreign Relations memorandum is short, but the Kennedy Library folder preserves the fuller report and the implementation papers that followed.",THE ARCHITECTURE TAKES SHAPE,shared_sources/source_gap_hunt/Memorandum From the Interagency Committee on Police Assistance Programs to President Kenne.extracted.txt,CURRENT_PART,YES,Synthetic language mapped to underlying claims.
CLM-USAIDCIA-P01-016,AST-WRR-USAIDCIA-P01-RD-POST-001-03,WRR-USAIDCIA-P01-RD-POST-001,The committee assigned AID operating and funding responsibility except for covert aspects and selected Defense programs.,"Follow four decisions across 1962, and a police system takes shape in plain sight.",STRONG_INFERENCE,INFERENCE_SUPPORTED,INFERENTIAL,4,published Foreign Relations memorandum,"That AID be charged with operating and funding responsibility for all such programs, except for their covert aspects and for those programs which the Administrator of AID decides should be carried out by the Department of Defense",https://history.state.gov/historicaldocuments/frus1961-63v08/d99,"The third paragraph charged AID's administrator with coordination and vigorous leadership. The fourth went further: AID received operating and funding responsibility for the programs, apart from those assigned to Defense—and apart from their covert aspects.",THE ORDER WITH THE EXCEPTION,shared_sources/source_gap_hunt/Memorandum From the Interagency Committee on Police Assistance Programs to President Kenne.extracted.txt,CURRENT_PART,YES,Synthetic language mapped to underlying claims.
CLM-USAIDCIA-P01-001,AST-WRR-USAIDCIA-P01-RD-POST-001-04,WRR-USAIDCIA-P01-RD-POST-001,"NSAM 132 was dated February 19, 1962.","NSAM 132 was dated February 19, 1962.",DOCUMENTED_FACT,SUPPORTED,DIRECT,2,"NSAM 132, signed February 19, 1962","Washington, February 19, 1962. TO The Honorable Fowler Hamilton The Administrator Agency for International Development SUBJECT",https://history.state.gov/historicaldocuments/frus1961-63v08/d72,"President John F. Kennedy addressed that tension directly in NSAM 132, signed February 19, 1962. His memorandum went to Fowler Hamilton, the administrator of AID. Kennedy said police assistance was a crucial element of the response to Communist “indirect aggression,” even though it could look marginal under criteria focused on sustained economic growth.",THE PROGRAM THAT DID NOT FIT DEVELOPMENT,shared_sources/source_gap_hunt/National Security Action Memorandum No. 132.extracted.txt,CURRENT_PART,NO,Sentence-level deterministic evidence mapping.
CLM-USAIDCIA-P01-006,AST-WRR-USAIDCIA-P01-RD-POST-001-05,WRR-USAIDCIA-P01-RD-POST-001,"NSAM 162 was dated June 19, 1962.","NSAM 162 was dated June 19, 1962.",DOCUMENTED_FACT,SUPPORTED,DIRECT,3,NSAM 162,"Washington, June 19, 1962. TO",https://history.state.gov/historicaldocuments/frus1961-63v08/d91,"Four months later, NSAM 162 widened the frame. Its subject was the development of American and indigenous police, paramilitary and military resources. Police capacity was being discussed as one component of a larger overseas internal-defense system.",THE ARCHITECTURE TAKES SHAPE,shared_sources/source_gap_hunt/National Security Action Memorandum No. 162.extracted.txt,CURRENT_PART,NO,Sentence-level deterministic evidence mapping.
CLM-USAIDCIA-P01-010,AST-WRR-USAIDCIA-P01-RD-POST-001-06,WRR-USAIDCIA-P01-RD-POST-001,"The July 20, 1962 committee called police programs a neglected part of countering subversion and insurgency.","The July 20, 1962 committee called police programs a neglected part of countering subversion and insurgency.",DOCUMENTED_FACT,SUPPORTED,DIRECT,4,published Foreign Relations memorandum,the U.S. police assistance programs form a very important but neglected part of our intensified effort to help emerging nations counter subversion and insurgency,https://history.state.gov/historicaldocuments/frus1961-63v08/d99,"Then, on July 20, 1962, an interagency committee chaired through the State Department delivered its recommendations. The published Foreign Relations memorandum is short, but the Kennedy Library folder preserves the fuller report and the implementation papers that followed.",THE ARCHITECTURE TAKES SHAPE,shared_sources/source_gap_hunt/Memorandum From the Interagency Committee on Police Assistance Programs to President Kenne.extracted.txt,CURRENT_PART,NO,Sentence-level deterministic evidence mapping.
CLM-USAIDCIA-P01-016,AST-WRR-USAIDCIA-P01-RD-POST-001-07,WRR-USAIDCIA-P01-RD-POST-001,The committee assigned AID operating and funding responsibility except for covert aspects and selected Defense programs.,The committee assigned AID operating and funding responsibility except for covert aspects and selected Defense programs.,DOCUMENTED_FACT,SUPPORTED,DIRECT,4,published Foreign Relations memorandum,"That AID be charged with operating and funding responsibility for all such programs, except for their covert aspects and for those programs which the Administrator of AID decides should be carried out by the Department of Defense",https://history.state.gov/historicaldocuments/frus1961-63v08/d99,"The third paragraph charged AID's administrator with coordination and vigorous leadership. The fourth went further: AID received operating and funding responsibility for the programs, apart from those assigned to Defense—and apart from their covert aspects.",THE ORDER WITH THE EXCEPTION,shared_sources/source_gap_hunt/Memorandum From the Interagency Committee on Police Assistance Programs to President Kenne.extracted.txt,CURRENT_PART,NO,Sentence-level deterministic evidence mapping.
CLM-USAIDCIA-P01-023,AST-WRR-USAIDCIA-P01-RD-POST-001-08,WRR-USAIDCIA-P01-RD-POST-001,"The committee required AID to report implementation progress by December 1, 1962.","The committee required AID to report implementation progress by December 1, 1962.",DOCUMENTED_FACT,SUPPORTED,DIRECT,4,published Foreign Relations memorandum,report to you no later than 1 December 1962 on progress made; that this report include his revised FY 1963 and proposed FY 1964 program level,https://history.state.gov/historicaldocuments/frus1961-63v08/d99,"A progress report dated December 1, 1962 recorded that U.S. missions had been told to reassess police requirements under the new criteria. It then reported that, through an internal budget review, AID had virtually doubled the funds reserved for police assistance programs.",FROM PAPER TO OFFICE IN TWELVE WEEKS,shared_sources/source_gap_hunt/Memorandum From the Interagency Committee on Police Assistance Programs to President Kenne.extracted.txt,CURRENT_PART,NO,Sentence-level deterministic evidence mapping.
CLM-USAIDCIA-P01-001,AST-WRR-USAIDCIA-P01-RD-POST-001-14,WRR-USAIDCIA-P01-RD-POST-001,"NSAM 132 was dated February 19, 1962.",My takeaway is narrower than ‘USAID was the CIA.’,STRONG_INFERENCE,INFERENCE_SUPPORTED,INFERENTIAL,2,"NSAM 132, signed February 19, 1962","Washington, February 19, 1962. TO The Honorable Fowler Hamilton The Administrator Agency for International Development SUBJECT",https://history.state.gov/historicaldocuments/frus1961-63v08/d72,"President John F. Kennedy addressed that tension directly in NSAM 132, signed February 19, 1962. His memorandum went to Fowler Hamilton, the administrator of AID. Kennedy said police assistance was a crucial element of the response to Communist “indirect aggression,” even though it could look marginal under criteria focused on sustained economic growth.",THE PROGRAM THAT DID NOT FIT DEVELOPMENT,shared_sources/source_gap_hunt/National Security Action Memorandum No. 132.extracted.txt,CURRENT_PART,YES,Synthetic language mapped to underlying claims.
CLM-USAIDCIA-P01-006,AST-WRR-USAIDCIA-P01-RD-POST-001-14,WRR-USAIDCIA-P01-RD-POST-001,"NSAM 162 was dated June 19, 1962.",My takeaway is narrower than ‘USAID was the CIA.’,STRONG_INFERENCE,INFERENCE_SUPPORTED,INFERENTIAL,3,NSAM 162,"Washington, June 19, 1962. TO",https://history.state.gov/historicaldocuments/frus1961-63v08/d91,"Four months later, NSAM 162 widened the frame. Its subject was the development of American and indigenous police, paramilitary and military resources. Police capacity was being discussed as one component of a larger overseas internal-defense system.",THE ARCHITECTURE TAKES SHAPE,shared_sources/source_gap_hunt/National Security Action Memorandum No. 162.extracted.txt,CURRENT_PART,YES,Synthetic language mapped to underlying claims.
CLM-USAIDCIA-P01-010,AST-WRR-USAIDCIA-P01-RD-POST-001-14,WRR-USAIDCIA-P01-RD-POST-001,"The July 20, 1962 committee called police programs a neglected part of countering subversion and insurgency.",My takeaway is narrower than ‘USAID was the CIA.’,STRONG_INFERENCE,INFERENCE_SUPPORTED,INFERENTIAL,4,published Foreign Relations memorandum,the U.S. police assistance programs form a very important but neglected part of our intensified effort to help emerging nations counter subversion and insurgency,https://history.state.gov/historicaldocuments/frus1961-63v08/d99,"Then, on July 20, 1962, an interagency committee chaired through the State Department delivered its recommendations. The published Foreign Relations memorandum is short, but the Kennedy Library folder preserves the fuller report and the implementation papers that followed.",THE ARCHITECTURE TAKES SHAPE,shared_sources/source_gap_hunt/Memorandum From the Interagency Committee on Police Assistance Programs to President Kenne.extracted.txt,CURRENT_PART,YES,Synthetic language mapped to underlying claims.
CLM-USAIDCIA-P01-016,AST-WRR-USAIDCIA-P01-RD-POST-001-14,WRR-USAIDCIA-P01-RD-POST-001,The committee assigned AID operating and funding responsibility except for covert aspects and selected Defense programs.,My takeaway is narrower than ‘USAID was the CIA.’,STRONG_INFERENCE,INFERENCE_SUPPORTED,INFERENTIAL,4,published Foreign Relations memorandum,"That AID be charged with operating and funding responsibility for all such programs, except for their covert aspects and for those programs which the Administrator of AID decides should be carried out by the Department of Defense",https://history.state.gov/historicaldocuments/frus1961-63v08/d99,"The third paragraph charged AID's administrator with coordination and vigorous leadership. The fourth went further: AID received operating and funding responsibility for the programs, apart from those assigned to Defense—and apart from their covert aspects.",THE ORDER WITH THE EXCEPTION,shared_sources/source_gap_hunt/Memorandum From the Interagency Committee on Police Assistance Programs to President Kenne.extracted.txt,CURRENT_PART,YES,Synthetic language mapped to underlying claims.
CLM-USAIDCIA-P01-001,AST-WRR-USAIDCIA-P01-RD-POST-001-10,WRR-USAIDCIA-P01-RD-POST-001,"NSAM 132 was dated February 19, 1962.","The documents show an AID-led overt program inside a wider internal-defense structure, with covert aspects explicitly carved out.",STRONG_INFERENCE,INFERENCE_SUPPORTED,INFERENTIAL,2,"NSAM 132, signed February 19, 1962","Washington, February 19, 1962. TO The Honorable Fowler Hamilton The Administrator Agency for International Development SUBJECT",https://history.state.gov/historicaldocuments/frus1961-63v08/d72,"President John F. Kennedy addressed that tension directly in NSAM 132, signed February 19, 1962. His memorandum went to Fowler Hamilton, the administrator of AID. Kennedy said police assistance was a crucial element of the response to Communist “indirect aggression,” even though it could look marginal under criteria focused on sustained economic growth.",THE PROGRAM THAT DID NOT FIT DEVELOPMENT,shared_sources/source_gap_hunt/National Security Action Memorandum No. 132.extracted.txt,CURRENT_PART,YES,Synthetic language mapped to underlying claims.
CLM-USAIDCIA-P01-006,AST-WRR-USAIDCIA-P01-RD-POST-001-10,WRR-USAIDCIA-P01-RD-POST-001,"NSAM 162 was dated June 19, 1962.","The documents show an AID-led overt program inside a wider internal-defense structure, with covert aspects explicitly carved out.",STRONG_INFERENCE,INFERENCE_SUPPORTED,INFERENTIAL,3,NSAM 162,"Washington, June 19, 1962. TO",https://history.state.gov/historicaldocuments/frus1961-63v08/d91,"Four months later, NSAM 162 widened the frame. Its subject was the development of American and indigenous police, paramilitary and military resources. Police capacity was being discussed as one component of a larger overseas internal-defense system.",THE ARCHITECTURE TAKES SHAPE,shared_sources/source_gap_hunt/National Security Action Memorandum No. 162.extracted.txt,CURRENT_PART,YES,Synthetic language mapped to underlying claims.
CLM-USAIDCIA-P01-010,AST-WRR-USAIDCIA-P01-RD-POST-001-10,WRR-USAIDCIA-P01-RD-POST-001,"The July 20, 1962 committee called police programs a neglected part of countering subversion and insurgency.","The documents show an AID-led overt program inside a wider internal-defense structure, with covert aspects explicitly carved out.",STRONG_INFERENCE,INFERENCE_SUPPORTED,INFERENTIAL,4,published Foreign Relations memorandum,the U.S. police assistance programs form a very important but neglected part of our intensified effort to help emerging nations counter subversion and insurgency,https://history.state.gov/historicaldocuments/frus1961-63v08/d99,"Then, on July 20, 1962, an interagency committee chaired through the State Department delivered its recommendations. The published Foreign Relations memorandum is short, but the Kennedy Library folder preserves the fuller report and the implementation papers that followed.",THE ARCHITECTURE TAKES SHAPE,shared_sources/source_gap_hunt/Memorandum From the Interagency Committee on Police Assistance Programs to President Kenne.extracted.txt,CURRENT_PART,YES,Synthetic language mapped to underlying claims.
CLM-USAIDCIA-P01-016,AST-WRR-USAIDCIA-P01-RD-POST-001-10,WRR-USAIDCIA-P01-RD-POST-001,The committee assigned AID operating and funding responsibility except for covert aspects and selected Defense programs.,"The documents show an AID-led overt program inside a wider internal-defense structure, with covert aspects explicitly carved out.",STRONG_INFERENCE,INFERENCE_SUPPORTED,INFERENTIAL,4,published Foreign Relations memorandum,"That AID be charged with operating and funding responsibility for all such programs, except for their covert aspects and for those programs which the Administrator of AID decides should be carried out by the Department of Defense",https://history.state.gov/historicaldocuments/frus1961-63v08/d99,"The third paragraph charged AID's administrator with coordination and vigorous leadership. The fourth went further: AID received operating and funding responsibility for the programs, apart from those assigned to Defense—and apart from their covert aspects.",THE ORDER WITH THE EXCEPTION,shared_sources/source_gap_hunt/Memorandum From the Interagency Committee on Police Assistance Programs to President Kenne.extracted.txt,CURRENT_PART,YES,Synthetic language mapped to underlying claims.
CLM-USAIDCIA-P01-001,AST-WRR-USAIDCIA-P01-RD-POST-001-11,WRR-USAIDCIA-P01-RD-POST-001,"NSAM 132 was dated February 19, 1962.",I would be interested in primary records that sharpen or challenge that boundary.,STRONG_INFERENCE,INFERENCE_SUPPORTED,INFERENTIAL,2,"NSAM 132, signed February 19, 1962","Washington, February 19, 1962. TO The Honorable Fowler Hamilton The Administrator Agency for International Development SUBJECT",https://history.state.gov/historicaldocuments/frus1961-63v08/d72,"President John F. Kennedy addressed that tension directly in NSAM 132, signed February 19, 1962. His memorandum went to Fowler Hamilton, the administrator of AID. Kennedy said police assistance was a crucial element of the response to Communist “indirect aggression,” even though it could look marginal under criteria focused on sustained economic growth.",THE PROGRAM THAT DID NOT FIT DEVELOPMENT,shared_sources/source_gap_hunt/National Security Action Memorandum No. 132.extracted.txt,CURRENT_PART,YES,Synthetic language mapped to underlying claims.
CLM-USAIDCIA-P01-006,AST-WRR-USAIDCIA-P01-RD-POST-001-11,WRR-USAIDCIA-P01-RD-POST-001,"NSAM 162 was dated June 19, 1962.",I would be interested in primary records that sharpen or challenge that boundary.,STRONG_INFERENCE,INFERENCE_SUPPORTED,INFERENTIAL,3,NSAM 162,"Washington, June 19, 1962. TO",https://history.state.gov/historicaldocuments/frus1961-63v08/d91,"Four months later, NSAM 162 widened the frame. Its subject was the development of American and indigenous police, paramilitary and military resources. Police capacity was being discussed as one component of a larger overseas internal-defense system.",THE ARCHITECTURE TAKES SHAPE,shared_sources/source_gap_hunt/National Security Action Memorandum No. 162.extracted.txt,CURRENT_PART,YES,Synthetic language mapped to underlying claims.
CLM-USAIDCIA-P01-010,AST-WRR-USAIDCIA-P01-RD-POST-001-11,WRR-USAIDCIA-P01-RD-POST-001,"The July 20, 1962 committee called police programs a neglected part of countering subversion and insurgency.",I would be interested in primary records that sharpen or challenge that boundary.,STRONG_INFERENCE,INFERENCE_SUPPORTED,INFERENTIAL,4,published Foreign Relations memorandum,the U.S. police assistance programs form a very important but neglected part of our intensified effort to help emerging nations counter subversion and insurgency,https://history.state.gov/historicaldocuments/frus1961-63v08/d99,"Then, on July 20, 1962, an interagency committee chaired through the State Department delivered its recommendations. The published Foreign Relations memorandum is short, but the Kennedy Library folder preserves the fuller report and the implementation papers that followed.",THE ARCHITECTURE TAKES SHAPE,shared_sources/source_gap_hunt/Memorandum From the Interagency Committee on Police Assistance Programs to President Kenne.extracted.txt,CURRENT_PART,YES,Synthetic language mapped to underlying claims.
CLM-USAIDCIA-P01-016,AST-WRR-USAIDCIA-P01-RD-POST-001-11,WRR-USAIDCIA-P01-RD-POST-001,The committee assigned AID operating and funding responsibility except for covert aspects and selected Defense programs.,I would be interested in primary records that sharpen or challenge that boundary.,STRONG_INFERENCE,INFERENCE_SUPPORTED,INFERENTIAL,4,published Foreign Relations memorandum,"That AID be charged with operating and funding responsibility for all such programs, except for their covert aspects and for those programs which the Administrator of AID decides should be carried out by the Department of Defense",https://history.state.gov/historicaldocuments/frus1961-63v08/d99,"The third paragraph charged AID's administrator with coordination and vigorous leadership. The fourth went further: AID received operating and funding responsibility for the programs, apart from those assigned to Defense—and apart from their covert aspects.",THE ORDER WITH THE EXCEPTION,shared_sources/source_gap_hunt/Memorandum From the Interagency Committee on Police Assistance Programs to President Kenne.extracted.txt,CURRENT_PART,YES,Synthetic language mapped to underlying claims.
CLM-USAIDCIA-P01-001,AST-WRR-USAIDCIA-P01-RD-POST-001-12,WRR-USAIDCIA-P01-RD-POST-001,"NSAM 132 was dated February 19, 1962.",Primary records that sharpen or challenge this reading are welcome.,STRONG_INFERENCE,INFERENCE_SUPPORTED,INFERENTIAL,2,"NSAM 132, signed February 19, 1962","Washington, February 19, 1962. TO The Honorable Fowler Hamilton The Administrator Agency for International Development SUBJECT",https://history.state.gov/historicaldocuments/frus1961-63v08/d72,"President John F. Kennedy addressed that tension directly in NSAM 132, signed February 19, 1962. His memorandum went to Fowler Hamilton, the administrator of AID. Kennedy said police assistance was a crucial element of the response to Communist “indirect aggression,” even though it could look marginal under criteria focused on sustained economic growth.",THE PROGRAM THAT DID NOT FIT DEVELOPMENT,shared_sources/source_gap_hunt/National Security Action Memorandum No. 132.extracted.txt,CURRENT_PART,YES,Synthetic language mapped to underlying claims.
CLM-USAIDCIA-P01-006,AST-WRR-USAIDCIA-P01-RD-POST-001-12,WRR-USAIDCIA-P01-RD-POST-001,"NSAM 162 was dated June 19, 1962.",Primary records that sharpen or challenge this reading are welcome.,STRONG_INFERENCE,INFERENCE_SUPPORTED,INFERENTIAL,3,NSAM 162,"Washington, June 19, 1962. TO",https://history.state.gov/historicaldocuments/frus1961-63v08/d91,"Four months later, NSAM 162 widened the frame. Its subject was the development of American and indigenous police, paramilitary and military resources. Police capacity was being discussed as one component of a larger overseas internal-defense system.",THE ARCHITECTURE TAKES SHAPE,shared_sources/source_gap_hunt/National Security Action Memorandum No. 162.extracted.txt,CURRENT_PART,YES,Synthetic language mapped to underlying claims.
CLM-USAIDCIA-P01-010,AST-WRR-USAIDCIA-P01-RD-POST-001-12,WRR-USAIDCIA-P01-RD-POST-001,"The July 20, 1962 committee called police programs a neglected part of countering subversion and insurgency.",Primary records that sharpen or challenge this reading are welcome.,STRONG_INFERENCE,INFERENCE_SUPPORTED,INFERENTIAL,4,published Foreign Relations memorandum,the U.S. police assistance programs form a very important but neglected part of our intensified effort to help emerging nations counter subversion and insurgency,https://history.state.gov/historicaldocuments/frus1961-63v08/d99,"Then, on July 20, 1962, an interagency committee chaired through the State Department delivered its recommendations. The published Foreign Relations memorandum is short, but the Kennedy Library folder preserves the fuller report and the implementation papers that followed.",THE ARCHITECTURE TAKES SHAPE,shared_sources/source_gap_hunt/Memorandum From the Interagency Committee on Police Assistance Programs to President Kenne.extracted.txt,CURRENT_PART,YES,Synthetic language mapped to underlying claims.
CLM-USAIDCIA-P01-016,AST-WRR-USAIDCIA-P01-RD-POST-001-12,WRR-USAIDCIA-P01-RD-POST-001,The committee assigned AID operating and funding responsibility except for covert aspects and selected Defense programs.,Primary records that sharpen or challenge this reading are welcome.,STRONG_INFERENCE,INFERENCE_SUPPORTED,INFERENTIAL,4,published Foreign Relations memorandum,"That AID be charged with operating and funding responsibility for all such programs, except for their covert aspects and for those programs which the Administrator of AID decides should be carried out by the Department of Defense",https://history.state.gov/historicaldocuments/frus1961-63v08/d99,"The third paragraph charged AID's administrator with coordination and vigorous leadership. The fourth went further: AID received operating and funding responsibility for the programs, apart from those assigned to Defense—and apart from their covert aspects.",THE ORDER WITH THE EXCEPTION,shared_sources/source_gap_hunt/Memorandum From the Interagency Committee on Police Assistance Programs to President Kenne.extracted.txt,CURRENT_PART,YES,Synthetic language mapped to underlying claims.
